session_id,page_views,time_on_site_seconds,cart_additions,device_type,marketing_channel,total_spent,converted
SES_00000001,28,980,10,DESKTOP,PAID_SEARCH,2802.82,1
SES_00000002,41,1435,6,TABLET,DIRECT,2206.35,0
SES_00000003,42,1428,4,MOBILE,AFFILIATE,947.01,0
SES_00000004,31,992,10,DESKTOP,AFFILIATE,2371.57,1
SES_00000005,6,180,0,DESKTOP,AFFILIATE,0.0,0
SES_00000006,16,528,1,MOBILE,PAID_SEARCH,226.0,1
SES_00000007,9,144,4,TABLET,ORGANIC,101.25,1
SES_00000008,13,702,8,DESKTOP,SOCIAL_MEDIA,1694.66,0
SES_00000009,27,810,6,DESKTOP,AFFILIATE,2503.14,1
SES_00000010,13,728,10,MOBILE,PAID_SEARCH,2442.16,1
SES_00000011,11,374,8,TABLET,EMAIL,3507.41,1
SES_00000012,20,640,9,MOBILE,EMAIL,3736.42,1
SES_00000013,36,1800,10,MOBILE,AFFILIATE,681.35,1
SES_00000014,7,273,1,MOBILE,DIRECT,240.29,1
SES_00000015,34,952,1,MOBILE,EMAIL,447.38,1
SES_00000016,38,1216,9,TABLET,SOCIAL_MEDIA,407.22,1
SES_00000017,17,255,5,TABLET,AFFILIATE,944.62,1
SES_00000018,25,400,1,MOBILE,SOCIAL_MEDIA,317.45,1
SES_00000019,43,1677,0,DESKTOP,EMAIL,0.0,0
SES_00000020,41,1722,5,DESKTOP,EMAIL,1234.41,0
SES_00000021,22,1298,8,DESKTOP,SOCIAL_MEDIA,2727.97,1
SES_00000022,37,1739,7,MOBILE,SOCIAL_MEDIA,1134.78,1
SES_00000023,32,576,0,TABLET,DIRECT,0.0,0
SES_00000024,27,1512,7,MOBILE,ORGANIC,1793.05,1
SES_00000025,44,2068,1,DESKTOP,SOCIAL_MEDIA,51.17,1
SES_00000026,10,430,3,TABLET,DIRECT,691.26,0
SES_00000027,1,15,1,DESKTOP,ORGANIC,229.65,1
SES_00000028,38,684,3,TABLET,AFFILIATE,628.39,1
SES_00000029,42,1470,6,DESKTOP,SOCIAL_MEDIA,2499.21,0
SES_00000030,19,817,0,MOBILE,EMAIL,0.0,0
SES_00000031,23,437,2,MOBILE,SOCIAL_MEDIA,735.18,1
SES_00000032,11,550,4,TABLET,AFFILIATE,717.65,1
SES_00000033,5,80,5,MOBILE,SOCIAL_MEDIA,139.15,1
SES_00000034,17,612,1,MOBILE,EMAIL,41.76,1
SES_00000035,43,1247,3,MOBILE,PAID_SEARCH,558.12,1
SES_00000036,34,1292,7,DESKTOP,ORGANIC,2311.2,1
SES_00000037,41,1640,6,TABLET,SOCIAL_MEDIA,1468.1,1
SES_00000038,14,364,7,MOBILE,AFFILIATE,1270.82,1
SES_00000039,23,874,10,MOBILE,SOCIAL_MEDIA,3665.36,1
SES_00000040,19,969,9,DESKTOP,PAID_SEARCH,1515.01,1
SES_00000041,1,35,1,TABLET,DIRECT,442.44,1
SES_00000042,20,820,10,DESKTOP,AFFILIATE,3851.89,1
SES_00000043,6,306,2,DESKTOP,EMAIL,552.54,1
SES_00000044,44,1320,2,DESKTOP,DIRECT,126.37,1
SES_00000045,27,972,5,MOBILE,EMAIL,1178.85,1
SES_00000046,36,1764,3,DESKTOP,SOCIAL_MEDIA,759.18,0
SES_00000047,2,50,0,TABLET,DIRECT,0.0,0
SES_00000048,12,456,2,MOBILE,PAID_SEARCH,259.54,1
SES_00000049,1,23,0,TABLET,EMAIL,0.0,0
SES_00000050,33,1419,3,MOBILE,ORGANIC,161.61,1
SES_00000051,26,1534,6,MOBILE,EMAIL,891.41,0
SES_00000052,23,1173,0,TABLET,AFFILIATE,0.0,0
SES_00000053,34,1156,7,TABLET,EMAIL,2534.2,1
SES_00000054,45,2565,4,TABLET,AFFILIATE,1361.62,1
SES_00000055,20,380,5,MOBILE,AFFILIATE,1493.35,1
SES_00000056,24,1008,1,MOBILE,SOCIAL_MEDIA,224.6,1
SES_00000057,22,1188,0,TABLET,ORGANIC,0.0,0
SES_00000058,40,640,1,TABLET,EMAIL,64.31,1
SES_00000059,45,1350,4,MOBILE,DIRECT,1537.51,1
SES_00000060,42,1302,6,MOBILE,SOCIAL_MEDIA,2400.14,1
SES_00000061,44,792,0,TABLET,DIRECT,0.0,0
SES_00000062,9,261,1,DESKTOP,ORGANIC,130.45,1
SES_00000063,37,1924,3,TABLET,PAID_SEARCH,950.26,1
SES_00000064,2,104,0,MOBILE,SOCIAL_MEDIA,0.0,0
SES_00000065,1,30,0,MOBILE,ORGANIC,0.0,0
SES_00000066,14,210,2,MOBILE,ORGANIC,609.24,0
SES_00000067,27,1593,7,MOBILE,PAID_SEARCH,1653.14,0
SES_00000068,13,429,9,MOBILE,DIRECT,3183.96,1
SES_00000069,30,450,10,DESKTOP,SOCIAL_MEDIA,2317.68,1
SES_00000070,19,551,1,TABLET,SOCIAL_MEDIA,277.81,1
SES_00000071,22,374,1,DESKTOP,PAID_SEARCH,250.87,1
SES_00000072,4,180,2,MOBILE,PAID_SEARCH,451.7,1
SES_00000073,28,1344,0,DESKTOP,SOCIAL_MEDIA,0.0,0
SES_00000074,45,1305,4,DESKTOP,AFFILIATE,1669.9,1
SES_00000075,21,588,3,DESKTOP,DIRECT,645.13,1
SES_00000076,44,2464,3,MOBILE,EMAIL,1330.96,1
SES_00000077,44,2640,6,TABLET,ORGANIC,803.01,1
SES_00000078,3,63,3,MOBILE,ORGANIC,865.82,1
SES_00000079,45,2655,0,TABLET,AFFILIATE,0.0,0
SES_00000080,24,408,1,MOBILE,AFFILIATE,401.57,1
SES_00000081,20,340,7,TABLET,ORGANIC,2762.96,1
SES_00000082,4,240,1,TABLET,ORGANIC,341.97,0
SES_00000083,20,1180,4,DESKTOP,EMAIL,1134.17,1
SES_00000084,26,1456,2,MOBILE,EMAIL,246.07,1
SES_00000085,40,1040,7,DESKTOP,EMAIL,345.25,1
SES_00000086,26,936,2,MOBILE,DIRECT,327.42,1
SES_00000087,34,1122,1,MOBILE,EMAIL,79.89,1
SES_00000088,28,756,5,DESKTOP,AFFILIATE,360.86,1
SES_00000089,24,912,10,TABLET,AFFILIATE,4032.65,1
SES_00000090,30,660,3,TABLET,AFFILIATE,721.62,1
SES_00000091,21,798,3,MOBILE,PAID_SEARCH,1267.06,1
SES_00000092,4,216,4,DESKTOP,AFFILIATE,1726.77,1
SES_00000093,23,1104,0,TABLET,SOCIAL_MEDIA,0.0,0
SES_00000094,12,660,10,DESKTOP,SOCIAL_MEDIA,3690.76,1
SES_00000095,18,918,8,DESKTOP,PAID_SEARCH,2582.64,1
SES_00000096,16,528,0,TABLET,ORGANIC,0.0,0
SES_00000097,35,1610,4,TABLET,DIRECT,318.34,1
SES_00000098,29,1305,0,MOBILE,ORGANIC,0.0,0
SES_00000099,5,175,1,TABLET,AFFILIATE,249.41,0
SES_00000100,14,742,8,MOBILE,EMAIL,1296.08,1
SES_00000101,27,1269,2,DESKTOP,PAID_SEARCH,624.76,1
SES_00000102,22,990,3,DESKTOP,SOCIAL_MEDIA,408.64,0
SES_00000103,11,407,10,TABLET,PAID_SEARCH,2745.07,1
SES_00000104,44,1584,8,TABLET,AFFILIATE,3393.11,1
SES_00000105,31,1364,5,TABLET,ORGANIC,948.36,1
SES_00000106,39,1287,4,MOBILE,ORGANIC,1482.81,1
SES_00000107,3,75,1,DESKTOP,AFFILIATE,410.91,1
SES_00000108,5,215,0,TABLET,PAID_SEARCH,0.0,0
SES_00000109,32,544,2,DESKTOP,ORGANIC,432.43,1
SES_00000110,9,225,6,MOBILE,AFFILIATE,678.51,0
SES_00000111,1,40,0,MOBILE,PAID_SEARCH,0.0,0
SES_00000112,8,448,8,TABLET,DIRECT,3581.45,1
SES_00000113,17,850,0,TABLET,PAID_SEARCH,0.0,0
SES_00000114,32,928,10,MOBILE,ORGANIC,1159.91,1
SES_00000115,43,1634,5,TABLET,ORGANIC,1870.23,1
SES_00000116,12,648,3,DESKTOP,SOCIAL_MEDIA,1043.91,1
SES_00000117,22,352,1,MOBILE,EMAIL,410.29,0
SES_00000118,29,1740,10,MOBILE,ORGANIC,2140.53,1
SES_00000119,27,594,1,MOBILE,SOCIAL_MEDIA,341.8,1
SES_00000120,40,1080,10,TABLET,PAID_SEARCH,1769.87,1
SES_00000121,39,897,6,DESKTOP,SOCIAL_MEDIA,1728.81,1
SES_00000122,27,1269,0,DESKTOP,DIRECT,0.0,0
SES_00000123,13,598,10,DESKTOP,DIRECT,1565.6,1
SES_00000124,25,475,0,TABLET,DIRECT,0.0,0
SES_00000125,13,507,10,DESKTOP,ORGANIC,3766.19,0
SES_00000126,21,441,10,DESKTOP,ORGANIC,4284.4,0
SES_00000127,3,114,2,DESKTOP,AFFILIATE,493.22,0
SES_00000128,39,1443,2,DESKTOP,ORGANIC,290.12,1
SES_00000129,45,2205,2,DESKTOP,PAID_SEARCH,580.27,1
SES_00000130,2,110,2,MOBILE,PAID_SEARCH,656.77,1
SES_00000131,12,276,5,DESKTOP,PAID_SEARCH,568.62,1
SES_00000132,26,390,5,DESKTOP,SOCIAL_MEDIA,1829.06,1
SES_00000133,13,260,5,TABLET,SOCIAL_MEDIA,1223.62,1
SES_00000134,12,720,1,TABLET,EMAIL,248.93,1
SES_00000135,25,1450,8,TABLET,ORGANIC,3303.53,1
SES_00000136,31,899,9,MOBILE,AFFILIATE,3417.5,1
SES_00000137,22,352,8,MOBILE,DIRECT,1343.45,1
SES_00000138,35,1085,1,DESKTOP,PAID_SEARCH,116.72,0
SES_00000139,37,1517,2,MOBILE,ORGANIC,893.55,0
SES_00000140,2,90,2,MOBILE,PAID_SEARCH,240.75,1
SES_00000141,37,814,6,DESKTOP,AFFILIATE,828.84,0
SES_00000142,2,70,2,TABLET,PAID_SEARCH,796.75,1
SES_00000143,3,78,1,MOBILE,ORGANIC,192.27,1
SES_00000144,30,1260,4,TABLET,AFFILIATE,583.2,0
SES_00000145,38,1140,6,DESKTOP,EMAIL,1740.56,1
SES_00000146,25,1000,7,MOBILE,DIRECT,197.76,1
SES_00000147,9,297,0,TABLET,PAID_SEARCH,0.0,0
SES_00000148,39,741,7,MOBILE,SOCIAL_MEDIA,1741.45,1
SES_00000149,10,420,4,TABLET,DIRECT,1362.26,1
SES_00000150,42,2142,7,TABLET,ORGANIC,2465.59,1
SES_00000151,43,688,8,DESKTOP,PAID_SEARCH,810.47,0
SES_00000152,17,476,5,TABLET,ORGANIC,1218.18,0
SES_00000153,36,720,2,MOBILE,PAID_SEARCH,892.59,0
SES_00000154,32,576,7,TABLET,EMAIL,2304.86,0
SES_00000155,10,270,7,MOBILE,SOCIAL_MEDIA,1074.05,0
SES_00000156,19,551,9,DESKTOP,DIRECT,1204.45,1
SES_00000157,7,420,4,MOBILE,DIRECT,1066.61,0
SES_00000158,20,720,5,TABLET,EMAIL,1478.4,1
SES_00000159,42,2268,2,DESKTOP,ORGANIC,860.96,1
SES_00000160,35,1470,0,MOBILE,DIRECT,0.0,0
SES_00000161,18,522,7,MOBILE,DIRECT,283.17,1
SES_00000162,1,25,0,TABLET,ORGANIC,0.0,0
SES_00000163,32,1504,6,DESKTOP,ORGANIC,2254.47,0
SES_00000164,38,912,3,MOBILE,AFFILIATE,1123.42,1
SES_00000165,29,754,4,MOBILE,AFFILIATE,1562.07,0
SES_00000166,45,2205,4,MOBILE,PAID_SEARCH,1376.87,1
SES_00000167,38,1444,4,DESKTOP,PAID_SEARCH,1621.87,1
SES_00000168,24,1440,4,MOBILE,PAID_SEARCH,223.21,0
SES_00000169,34,1020,9,DESKTOP,DIRECT,3760.19,0
SES_00000170,17,306,10,TABLET,EMAIL,2706.97,1
SES_00000171,25,425,0,DESKTOP,ORGANIC,0.0,0
SES_00000172,4,176,4,TABLET,AFFILIATE,1693.83,1
SES_00000173,37,1110,7,MOBILE,SOCIAL_MEDIA,2694.9,1
SES_00000174,24,984,9,TABLET,PAID_SEARCH,1600.18,1
SES_00000175,39,1911,10,MOBILE,AFFILIATE,3199.79,1
SES_00000176,40,1720,0,MOBILE,EMAIL,0.0,0
SES_00000177,1,58,0,TABLET,AFFILIATE,0.0,0
SES_00000178,37,1073,1,MOBILE,PAID_SEARCH,122.02,1
SES_00000179,5,105,2,DESKTOP,DIRECT,721.42,1
SES_00000180,8,424,5,TABLET,ORGANIC,304.99,1
SES_00000181,39,1755,9,TABLET,SOCIAL_MEDIA,1673.35,1
SES_00000182,41,779,9,TABLET,ORGANIC,3350.25,1
SES_00000183,29,783,5,DESKTOP,DIRECT,1040.4,0
SES_00000184,38,1064,2,TABLET,EMAIL,866.13,1
SES_00000185,27,459,5,MOBILE,EMAIL,937.03,0
SES_00000186,31,1581,4,DESKTOP,ORGANIC,1517.9,0
SES_00000187,14,406,4,DESKTOP,PAID_SEARCH,1070.12,1
SES_00000188,45,810,7,DESKTOP,EMAIL,2183.63,0
SES_00000189,2,64,1,TABLET,AFFILIATE,104.37,1
SES_00000190,6,162,0,MOBILE,EMAIL,0.0,0
SES_00000191,14,280,5,DESKTOP,PAID_SEARCH,935.47,1
SES_00000192,14,308,6,DESKTOP,DIRECT,213.53,1
SES_00000193,30,750,0,DESKTOP,EMAIL,0.0,0
SES_00000194,38,1178,2,TABLET,EMAIL,697.45,1
SES_00000195,40,2080,4,DESKTOP,DIRECT,401.55,1
SES_00000196,1,50,0,DESKTOP,EMAIL,0.0,0
SES_00000197,42,2016,1,TABLET,DIRECT,289.57,0
SES_00000198,35,700,4,MOBILE,SOCIAL_MEDIA,1032.15,0
SES_00000199,7,259,2,DESKTOP,ORGANIC,295.6,1
SES_00000200,44,1496,1,DESKTOP,DIRECT,233.42,1
SES_00000201,9,270,6,DESKTOP,ORGANIC,1102.15,1
SES_00000202,18,378,8,MOBILE,SOCIAL_MEDIA,1038.02,0
SES_00000203,29,1247,9,DESKTOP,AFFILIATE,3623.34,1
SES_00000204,6,120,0,DESKTOP,DIRECT,0.0,0
SES_00000205,44,1364,0,DESKTOP,PAID_SEARCH,0.0,0
SES_00000206,36,972,5,DESKTOP,PAID_SEARCH,590.24,1
SES_00000207,2,70,0,TABLET,PAID_SEARCH,0.0,0
SES_00000208,24,696,6,MOBILE,ORGANIC,1868.78,1
SES_00000209,9,540,3,MOBILE,DIRECT,1160.39,0
SES_00000210,42,1050,8,TABLET,AFFILIATE,2247.49,1
SES_00000211,36,1980,9,DESKTOP,EMAIL,746.03,1
SES_00000212,13,481,5,DESKTOP,ORGANIC,319.67,1
SES_00000213,24,360,9,TABLET,DIRECT,547.36,1
SES_00000214,40,2120,1,MOBILE,PAID_SEARCH,148.32,1
SES_00000215,29,957,4,TABLET,EMAIL,389.16,1
SES_00000216,11,220,4,MOBILE,EMAIL,1183.75,1
SES_00000217,42,2142,3,TABLET,PAID_SEARCH,1026.07,1
SES_00000218,2,116,0,MOBILE,SOCIAL_MEDIA,0.0,0
SES_00000219,44,2596,10,TABLET,ORGANIC,1899.36,1
SES_00000220,9,198,2,TABLET,SOCIAL_MEDIA,302.97,1
SES_00000221,13,702,0,TABLET,ORGANIC,0.0,0
SES_00000222,29,1276,0,DESKTOP,DIRECT,0.0,0
SES_00000223,9,522,6,MOBILE,PAID_SEARCH,1581.81,1
SES_00000224,6,318,3,MOBILE,AFFILIATE,387.54,1
SES_00000225,2,40,1,TABLET,ORGANIC,147.27,1
SES_00000226,15,750,0,TABLET,PAID_SEARCH,0.0,0
SES_00000227,3,96,3,DESKTOP,SOCIAL_MEDIA,810.49,0
SES_00000228,21,1155,1,DESKTOP,ORGANIC,242.45,1
SES_00000229,32,1472,2,TABLET,ORGANIC,395.27,1
SES_00000230,11,341,8,MOBILE,EMAIL,1582.84,1
SES_00000231,9,180,8,MOBILE,SOCIAL_MEDIA,874.04,0
SES_00000232,23,621,4,TABLET,DIRECT,370.38,1
SES_00000233,42,1554,10,DESKTOP,DIRECT,4037.3,1
SES_00000234,22,1210,8,DESKTOP,SOCIAL_MEDIA,2307.4,1
SES_00000235,31,620,5,DESKTOP,DIRECT,2120.36,1
SES_00000236,42,1050,10,MOBILE,SOCIAL_MEDIA,1334.71,1
SES_00000237,19,418,1,TABLET,ORGANIC,36.97,1
SES_00000238,39,2106,10,TABLET,EMAIL,3852.77,0
SES_00000239,26,858,1,DESKTOP,EMAIL,107.64,1
SES_00000240,13,416,2,MOBILE,PAID_SEARCH,615.66,1
SES_00000241,27,702,4,TABLET,EMAIL,1216.62,1
SES_00000242,17,544,9,TABLET,DIRECT,3720.44,1
SES_00000243,8,400,3,DESKTOP,SOCIAL_MEDIA,833.9,0
SES_00000244,30,1110,7,TABLET,DIRECT,862.17,1
SES_00000245,3,54,0,MOBILE,AFFILIATE,0.0,0
SES_00000246,25,900,5,MOBILE,AFFILIATE,442.38,1
SES_00000247,5,265,3,MOBILE,AFFILIATE,1214.67,1
SES_00000248,15,480,8,MOBILE,EMAIL,3464.34,0
SES_00000249,16,928,2,DESKTOP,DIRECT,438.03,1
SES_00000250,39,1989,7,TABLET,ORGANIC,2208.62,1
SES_00000251,11,264,1,TABLET,DIRECT,363.07,0
SES_00000252,42,882,4,DESKTOP,DIRECT,135.23,1
SES_00000253,8,232,0,MOBILE,DIRECT,0.0,0
SES_00000254,34,952,9,DESKTOP,ORGANIC,1286.39,0
SES_00000255,17,901,8,TABLET,SOCIAL_MEDIA,2708.51,0
SES_00000256,16,336,10,DESKTOP,DIRECT,481.46,1
SES_00000257,3,159,0,TABLET,AFFILIATE,0.0,0
SES_00000258,19,665,0,DESKTOP,ORGANIC,0.0,0
SES_00000259,8,264,0,MOBILE,AFFILIATE,0.0,0
SES_00000260,21,819,3,MOBILE,DIRECT,1291.58,1
SES_00000261,10,190,9,DESKTOP,EMAIL,2588.38,0
SES_00000262,31,1798,4,TABLET,ORGANIC,1615.79,1
SES_00000263,2,114,2,DESKTOP,AFFILIATE,79.47,1
SES_00000264,2,92,2,TABLET,SOCIAL_MEDIA,834.02,1
SES_00000265,31,1302,6,MOBILE,PAID_SEARCH,506.39,1
SES_00000266,7,378,6,MOBILE,EMAIL,828.52,1
SES_00000267,16,960,1,TABLET,DIRECT,378.04,1
SES_00000268,20,620,5,DESKTOP,PAID_SEARCH,923.25,1
SES_00000269,23,1265,1,DESKTOP,SOCIAL_MEDIA,173.21,1
SES_00000270,36,1836,5,TABLET,EMAIL,1366.44,0
SES_00000271,16,704,4,DESKTOP,AFFILIATE,1643.51,1
SES_00000272,5,170,0,MOBILE,SOCIAL_MEDIA,0.0,0
SES_00000273,39,975,3,TABLET,AFFILIATE,1167.16,1
SES_00000274,9,261,9,MOBILE,AFFILIATE,3101.95,1
SES_00000275,6,234,1,TABLET,EMAIL,158.29,0
SES_00000276,11,638,4,DESKTOP,EMAIL,567.31,0
SES_00000277,3,144,2,DESKTOP,AFFILIATE,811.17,1
SES_00000278,2,96,2,MOBILE,DIRECT,543.58,1
SES_00000279,1,19,1,MOBILE,ORGANIC,329.27,1
SES_00000280,37,555,2,MOBILE,SOCIAL_MEDIA,785.03,0
SES_00000281,35,1540,2,DESKTOP,PAID_SEARCH,613.0,0
SES_00000282,44,1892,7,DESKTOP,EMAIL,925.01,1
SES_00000283,43,1290,7,TABLET,AFFILIATE,2982.1,1
SES_00000284,29,638,7,MOBILE,SOCIAL_MEDIA,3022.1,1
SES_00000285,24,1416,0,TABLET,ORGANIC,0.0,0
SES_00000286,11,418,6,TABLET,AFFILIATE,1109.83,1
SES_00000287,2,48,2,MOBILE,DIRECT,441.16,1
SES_00000288,2,78,0,TABLET,ORGANIC,0.0,0
SES_00000289,1,28,1,TABLET,PAID_SEARCH,266.76,0
SES_00000290,40,2040,10,DESKTOP,AFFILIATE,2250.1,0
SES_00000291,9,198,4,DESKTOP,AFFILIATE,579.4,1
SES_00000292,12,420,6,MOBILE,DIRECT,2016.49,1
SES_00000293,33,1551,3,MOBILE,DIRECT,203.55,0
SES_00000294,43,2494,10,TABLET,AFFILIATE,1075.6,1
SES_00000295,12,660,4,TABLET,EMAIL,1202.01,1
SES_00000296,38,2242,1,MOBILE,SOCIAL_MEDIA,125.75,1
SES_00000297,42,1050,8,DESKTOP,ORGANIC,2039.57,0
SES_00000298,39,1170,6,TABLET,ORGANIC,1717.76,0
SES_00000299,42,840,1,DESKTOP,DIRECT,148.98,1
SES_00000300,34,1122,6,DESKTOP,PAID_SEARCH,2600.86,1
SES_00000301,21,483,4,TABLET,AFFILIATE,824.57,1
SES_00000302,16,688,7,DESKTOP,DIRECT,2241.69,1
SES_00000303,12,228,10,MOBILE,AFFILIATE,2562.9,1
SES_00000304,8,448,6,MOBILE,PAID_SEARCH,1252.47,0
SES_00000305,9,513,8,TABLET,PAID_SEARCH,1030.51,1
SES_00000306,44,1188,9,DESKTOP,PAID_SEARCH,1533.11,1
SES_00000307,16,464,2,MOBILE,DIRECT,586.74,1
SES_00000308,8,472,1,MOBILE,SOCIAL_MEDIA,274.9,1
SES_00000309,27,621,3,DESKTOP,EMAIL,559.09,1
SES_00000310,43,1849,5,TABLET,DIRECT,766.63,1
SES_00000311,37,1628,6,MOBILE,AFFILIATE,857.51,1
SES_00000312,10,490,6,MOBILE,DIRECT,1835.2,0
SES_00000313,42,756,1,MOBILE,EMAIL,396.72,1
SES_00000314,19,399,7,DESKTOP,DIRECT,567.79,0
SES_00000315,21,1155,2,DESKTOP,DIRECT,394.44,1
SES_00000316,15,735,1,MOBILE,ORGANIC,227.0,1
SES_00000317,19,931,10,TABLET,ORGANIC,2560.42,1
SES_00000318,4,232,2,MOBILE,DIRECT,776.88,1
SES_00000319,20,520,9,TABLET,DIRECT,2855.24,1
SES_00000320,44,1980,1,DESKTOP,AFFILIATE,220.05,1
SES_00000321,31,620,2,TABLET,PAID_SEARCH,247.73,1
SES_00000322,22,1298,3,DESKTOP,ORGANIC,1080.2,1
SES_00000323,31,1643,8,DESKTOP,ORGANIC,2853.99,1
SES_00000324,24,984,7,DESKTOP,DIRECT,1695.82,0
SES_00000325,34,2040,9,MOBILE,PAID_SEARCH,2043.58,0
SES_00000326,42,1470,2,TABLET,AFFILIATE,878.88,0
SES_00000327,40,2200,8,TABLET,ORGANIC,854.61,1
SES_00000328,10,590,3,DESKTOP,ORGANIC,84.68,1
SES_00000329,41,1476,2,TABLET,ORGANIC,277.5,0
SES_00000330,4,152,0,MOBILE,PAID_SEARCH,0.0,0
SES_00000331,19,1121,2,TABLET,ORGANIC,505.52,1
SES_00000332,14,588,6,MOBILE,DIRECT,1712.28,1
SES_00000333,33,495,6,MOBILE,SOCIAL_MEDIA,2681.28,0
SES_00000334,23,1265,10,MOBILE,DIRECT,1827.94,1
SES_00000335,44,2464,1,DESKTOP,PAID_SEARCH,155.77,0
SES_00000336,6,306,6,TABLET,AFFILIATE,1100.76,1
SES_00000337,21,357,6,MOBILE,DIRECT,869.91,1
SES_00000338,35,2065,0,DESKTOP,ORGANIC,0.0,0
SES_00000339,44,1496,1,DESKTOP,SOCIAL_MEDIA,102.91,1
SES_00000340,10,250,8,MOBILE,SOCIAL_MEDIA,503.85,0
SES_00000341,24,1320,8,DESKTOP,SOCIAL_MEDIA,3300.17,1
SES_00000342,43,2494,6,MOBILE,ORGANIC,2319.96,0
SES_00000343,40,1480,8,TABLET,EMAIL,308.45,1
SES_00000344,39,1794,7,DESKTOP,ORGANIC,1670.21,0
SES_00000345,14,714,7,TABLET,EMAIL,1297.69,1
SES_00000346,15,225,9,TABLET,DIRECT,465.61,1
SES_00000347,20,460,8,TABLET,DIRECT,1536.08,1
SES_00000348,23,598,10,TABLET,ORGANIC,1814.75,1
SES_00000349,11,517,3,MOBILE,SOCIAL_MEDIA,141.47,1
SES_00000350,6,306,4,TABLET,EMAIL,805.46,1
SES_00000351,35,1995,0,TABLET,DIRECT,0.0,0
SES_00000352,8,160,3,DESKTOP,PAID_SEARCH,390.54,1
SES_00000353,19,874,1,TABLET,ORGANIC,392.39,1
SES_00000354,21,420,3,MOBILE,SOCIAL_MEDIA,709.73,1
SES_00000355,33,1848,8,DESKTOP,SOCIAL_MEDIA,2042.31,1
SES_00000356,13,650,2,TABLET,ORGANIC,382.64,1
SES_00000357,4,76,4,DESKTOP,SOCIAL_MEDIA,164.77,0
SES_00000358,4,196,2,DESKTOP,PAID_SEARCH,451.81,0
SES_00000359,24,1344,6,TABLET,ORGANIC,500.91,1
SES_00000360,41,1845,6,DESKTOP,DIRECT,1930.41,0
SES_00000361,14,532,0,MOBILE,PAID_SEARCH,0.0,0
SES_00000362,7,392,1,TABLET,SOCIAL_MEDIA,190.97,1
SES_00000363,25,625,0,MOBILE,AFFILIATE,0.0,0
SES_00000364,44,1320,6,TABLET,PAID_SEARCH,1303.12,1
SES_00000365,17,357,9,DESKTOP,AFFILIATE,3862.51,1
SES_00000366,24,672,9,TABLET,SOCIAL_MEDIA,3716.18,0
SES_00000367,44,968,1,TABLET,SOCIAL_MEDIA,296.19,1
SES_00000368,36,1692,0,DESKTOP,DIRECT,0.0,0
SES_00000369,27,675,6,TABLET,SOCIAL_MEDIA,1461.85,1
SES_00000370,21,420,7,DESKTOP,DIRECT,344.58,0
SES_00000371,12,396,7,TABLET,DIRECT,375.66,1
SES_00000372,13,780,10,MOBILE,PAID_SEARCH,2457.25,0
SES_00000373,34,1156,1,MOBILE,ORGANIC,188.6,1
SES_00000374,4,80,4,MOBILE,SOCIAL_MEDIA,1216.5,1
SES_00000375,24,480,2,DESKTOP,EMAIL,432.12,0
SES_00000376,29,1682,3,TABLET,EMAIL,842.84,1
SES_00000377,14,406,0,TABLET,EMAIL,0.0,0
SES_00000378,14,700,0,DESKTOP,PAID_SEARCH,0.0,0
SES_00000379,42,1218,9,TABLET,AFFILIATE,1757.2,1
SES_00000380,29,1566,7,TABLET,EMAIL,2477.74,1
SES_00000381,32,608,2,MOBILE,AFFILIATE,200.86,0
SES_00000382,19,513,0,DESKTOP,EMAIL,0.0,0
SES_00000383,18,990,4,DESKTOP,DIRECT,1478.36,0
SES_00000384,2,58,0,TABLET,AFFILIATE,0.0,0
SES_00000385,32,1440,4,DESKTOP,DIRECT,1591.03,1
SES_00000386,42,1386,0,DESKTOP,AFFILIATE,0.0,0
SES_00000387,31,1767,4,MOBILE,AFFILIATE,1389.61,1
SES_00000388,38,1102,3,TABLET,ORGANIC,870.49,0
SES_00000389,1,17,0,TABLET,SOCIAL_MEDIA,0.0,0
SES_00000390,16,656,6,DESKTOP,SOCIAL_MEDIA,2396.06,1
SES_00000391,1,50,0,MOBILE,EMAIL,0.0,0
SES_00000392,22,1320,4,TABLET,PAID_SEARCH,1356.33,1
SES_00000393,41,2173,4,TABLET,SOCIAL_MEDIA,1630.9,1
SES_00000394,22,1100,1,MOBILE,SOCIAL_MEDIA,85.8,0
SES_00000395,41,2296,3,DESKTOP,DIRECT,1226.41,1
SES_00000396,12,240,8,TABLET,EMAIL,604.45,1
SES_00000397,21,777,5,DESKTOP,EMAIL,1556.99,1
SES_00000398,33,1617,6,TABLET,SOCIAL_MEDIA,1330.98,1
SES_00000399,5,140,1,DESKTOP,EMAIL,410.92,1
SES_00000400,41,697,7,MOBILE,DIRECT,1236.1,1
SES_00000401,9,522,1,MOBILE,SOCIAL_MEDIA,127.31,1
SES_00000402,5,240,0,DESKTOP,ORGANIC,0.0,0
SES_00000403,36,1152,2,MOBILE,ORGANIC,719.7,0
SES_00000404,6,180,6,TABLET,AFFILIATE,1898.68,1
SES_00000405,17,374,8,DESKTOP,EMAIL,2338.55,1
SES_00000406,32,1344,7,TABLET,EMAIL,1906.31,0
SES_00000407,39,1131,1,TABLET,EMAIL,32.46,1
SES_00000408,30,1200,3,MOBILE,ORGANIC,1312.04,1
SES_00000409,33,1353,5,MOBILE,SOCIAL_MEDIA,907.65,1
SES_00000410,13,247,6,DESKTOP,AFFILIATE,543.4,0
SES_00000411,20,1180,1,TABLET,ORGANIC,25.56,1
SES_00000412,45,2475,3,DESKTOP,PAID_SEARCH,241.01,1
SES_00000413,25,1275,3,DESKTOP,PAID_SEARCH,404.69,0
SES_00000414,28,1680,1,TABLET,PAID_SEARCH,129.14,1
SES_00000415,18,288,7,MOBILE,PAID_SEARCH,436.82,1
SES_00000416,42,1638,9,DESKTOP,AFFILIATE,2056.64,0
SES_00000417,37,1073,4,MOBILE,DIRECT,945.42,1
SES_00000418,22,572,2,DESKTOP,EMAIL,402.3,1
SES_00000419,25,700,5,DESKTOP,EMAIL,1903.76,1
SES_00000420,36,1620,8,DESKTOP,DIRECT,2452.61,0
SES_00000421,43,2537,8,MOBILE,DIRECT,2377.58,1
SES_00000422,14,364,0,TABLET,ORGANIC,0.0,0
SES_00000423,29,1740,2,DESKTOP,DIRECT,480.01,0
SES_00000424,28,1288,10,TABLET,AFFILIATE,2097.1,1
SES_00000425,32,608,1,MOBILE,ORGANIC,383.87,1
SES_00000426,13,780,1,MOBILE,ORGANIC,396.49,1
SES_00000427,35,525,6,MOBILE,EMAIL,189.62,0
SES_00000428,7,329,5,TABLET,ORGANIC,569.67,0
SES_00000429,38,684,6,MOBILE,EMAIL,1558.36,1
SES_00000430,37,1369,6,DESKTOP,SOCIAL_MEDIA,2015.5,1
SES_00000431,41,1435,5,TABLET,ORGANIC,896.15,0
SES_00000432,28,952,8,DESKTOP,DIRECT,2387.0,1
SES_00000433,40,1320,10,MOBILE,SOCIAL_MEDIA,683.8,0
SES_00000434,32,1888,3,MOBILE,DIRECT,313.13,0
SES_00000435,35,1715,9,MOBILE,SOCIAL_MEDIA,1853.19,1
SES_00000436,44,2332,8,TABLET,AFFILIATE,1489.67,1
SES_00000437,43,989,3,DESKTOP,ORGANIC,1163.87,0
SES_00000438,20,780,10,DESKTOP,SOCIAL_MEDIA,2451.79,1
SES_00000439,25,1425,3,TABLET,SOCIAL_MEDIA,1231.25,1
SES_00000440,21,1218,5,MOBILE,EMAIL,1072.29,0
SES_00000441,4,112,1,MOBILE,SOCIAL_MEDIA,386.74,0
SES_00000442,35,595,6,TABLET,AFFILIATE,643.66,1
SES_00000443,45,1485,4,MOBILE,DIRECT,1097.71,1
SES_00000444,30,1350,10,TABLET,PAID_SEARCH,383.92,1
SES_00000445,31,558,5,TABLET,ORGANIC,2114.17,1
SES_00000446,8,216,5,TABLET,ORGANIC,337.04,1
SES_00000447,5,155,1,MOBILE,DIRECT,53.26,1
SES_00000448,29,1073,10,DESKTOP,DIRECT,2886.71,0
SES_00000449,9,315,6,DESKTOP,SOCIAL_MEDIA,2425.59,1
SES_00000450,39,2106,6,MOBILE,EMAIL,1240.55,0
SES_00000451,16,432,0,TABLET,ORGANIC,0.0,0
SES_00000452,10,220,1,TABLET,PAID_SEARCH,146.84,1
SES_00000453,40,2320,0,DESKTOP,EMAIL,0.0,0
SES_00000454,14,322,2,DESKTOP,EMAIL,203.38,1
SES_00000455,27,864,0,MOBILE,AFFILIATE,0.0,0
SES_00000456,13,351,6,MOBILE,ORGANIC,2594.46,1
SES_00000457,16,928,6,DESKTOP,EMAIL,1690.9,0
SES_00000458,22,1298,4,MOBILE,DIRECT,214.31,1
SES_00000459,22,704,2,TABLET,DIRECT,352.33,0
SES_00000460,38,874,1,MOBILE,AFFILIATE,25.67,0
SES_00000461,42,1680,5,MOBILE,ORGANIC,1596.25,1
SES_00000462,38,1330,2,TABLET,SOCIAL_MEDIA,309.6,0
SES_00000463,4,112,3,MOBILE,EMAIL,164.89,1
SES_00000464,23,1012,10,MOBILE,PAID_SEARCH,1523.62,1
SES_00000465,9,324,0,MOBILE,DIRECT,0.0,0
SES_00000466,19,1083,4,TABLET,DIRECT,1383.59,1
SES_00000467,17,612,10,MOBILE,DIRECT,3956.35,1
SES_00000468,10,150,3,MOBILE,EMAIL,782.57,1
SES_00000469,30,990,6,DESKTOP,DIRECT,2060.09,1
SES_00000470,4,92,0,MOBILE,PAID_SEARCH,0.0,0
SES_00000471,37,1480,10,DESKTOP,EMAIL,2228.54,0
SES_00000472,19,608,0,MOBILE,EMAIL,0.0,0
SES_00000473,11,528,6,MOBILE,AFFILIATE,1513.57,1
SES_00000474,45,1620,6,MOBILE,DIRECT,1741.06,0
SES_00000475,27,810,9,DESKTOP,AFFILIATE,2229.79,1
SES_00000476,21,1260,10,MOBILE,EMAIL,1400.12,0
SES_00000477,39,2184,2,DESKTOP,ORGANIC,528.93,1
SES_00000478,8,304,5,DESKTOP,SOCIAL_MEDIA,1663.43,1
SES_00000479,1,49,0,DESKTOP,PAID_SEARCH,0.0,0
SES_00000480,44,1408,0,DESKTOP,PAID_SEARCH,0.0,0
SES_00000481,4,76,1,TABLET,EMAIL,196.02,0
SES_00000482,1,35,1,TABLET,ORGANIC,310.67,1
SES_00000483,3,147,3,DESKTOP,SOCIAL_MEDIA,1301.38,1
SES_00000484,30,1680,5,MOBILE,AFFILIATE,739.03,1
SES_00000485,25,775,8,TABLET,SOCIAL_MEDIA,514.05,1
SES_00000486,31,1798,3,TABLET,PAID_SEARCH,331.09,1
SES_00000487,29,1044,3,TABLET,ORGANIC,102.43,1
SES_00000488,17,493,10,MOBILE,ORGANIC,2966.29,0
SES_00000489,14,294,7,DESKTOP,SOCIAL_MEDIA,910.96,1
SES_00000490,17,646,1,TABLET,PAID_SEARCH,73.62,1
SES_00000491,32,1568,0,MOBILE,ORGANIC,0.0,0
SES_00000492,21,462,6,MOBILE,SOCIAL_MEDIA,1177.98,1
SES_00000493,9,252,8,DESKTOP,DIRECT,1003.83,1
SES_00000494,17,765,8,MOBILE,ORGANIC,3523.65,0
SES_00000495,22,1166,5,MOBILE,SOCIAL_MEDIA,685.72,0
SES_00000496,34,510,6,MOBILE,EMAIL,1143.17,0
SES_00000497,16,464,5,MOBILE,DIRECT,2097.66,0
SES_00000498,34,1156,8,DESKTOP,PAID_SEARCH,2265.09,0
SES_00000499,43,774,8,TABLET,DIRECT,765.41,0
SES_00000500,45,1935,6,TABLET,AFFILIATE,723.86,1
SES_00000501,17,884,0,MOBILE,ORGANIC,0.0,0
SES_00000502,28,756,1,MOBILE,EMAIL,79.36,0
SES_00000503,16,512,10,DESKTOP,ORGANIC,865.45,1
SES_00000504,44,2288,1,MOBILE,DIRECT,344.19,0
SES_00000505,34,1428,10,DESKTOP,DIRECT,1935.78,1
SES_00000506,20,840,8,DESKTOP,DIRECT,1153.65,1
SES_00000507,25,375,4,DESKTOP,SOCIAL_MEDIA,1304.47,1
SES_00000508,23,1012,1,TABLET,ORGANIC,169.12,0
SES_00000509,42,840,8,TABLET,PAID_SEARCH,2485.79,1
SES_00000510,19,1026,6,TABLET,DIRECT,1085.39,1
SES_00000511,2,106,0,MOBILE,AFFILIATE,0.0,0
SES_00000512,14,336,3,DESKTOP,AFFILIATE,938.77,0
SES_00000513,17,850,9,MOBILE,AFFILIATE,3022.66,0
SES_00000514,32,1184,1,TABLET,PAID_SEARCH,297.8,1
SES_00000515,25,800,10,TABLET,PAID_SEARCH,2039.17,1
SES_00000516,43,1032,0,DESKTOP,SOCIAL_MEDIA,0.0,0
SES_00000517,45,1710,4,MOBILE,PAID_SEARCH,512.5,1
SES_00000518,20,740,6,TABLET,AFFILIATE,673.67,1
SES_00000519,26,520,7,DESKTOP,SOCIAL_MEDIA,2373.34,0
SES_00000520,37,1036,4,DESKTOP,DIRECT,977.27,1
SES_00000521,15,615,8,DESKTOP,EMAIL,2655.85,1
SES_00000522,23,437,6,TABLET,SOCIAL_MEDIA,2216.11,1
SES_00000523,19,779,2,MOBILE,ORGANIC,625.86,0
SES_00000524,45,945,9,TABLET,AFFILIATE,3505.59,1
SES_00000525,13,221,9,TABLET,SOCIAL_MEDIA,1099.41,1
SES_00000526,20,800,9,MOBILE,DIRECT,2174.15,1
SES_00000527,41,943,2,DESKTOP,SOCIAL_MEDIA,752.38,1
SES_00000528,10,250,6,MOBILE,AFFILIATE,2439.57,1
SES_00000529,42,2184,9,TABLET,SOCIAL_MEDIA,1697.34,1
SES_00000530,14,294,1,DESKTOP,PAID_SEARCH,255.84,1
SES_00000531,13,221,6,MOBILE,ORGANIC,744.36,1
SES_00000532,10,320,6,MOBILE,ORGANIC,2656.79,0
SES_00000533,44,1188,6,DESKTOP,EMAIL,1204.87,1
SES_00000534,37,1554,1,DESKTOP,EMAIL,346.72,0
SES_00000535,32,1760,0,TABLET,DIRECT,0.0,0
SES_00000536,37,962,0,DESKTOP,DIRECT,0.0,0
SES_00000537,11,264,1,DESKTOP,PAID_SEARCH,144.09,1
SES_00000538,39,1326,1,MOBILE,EMAIL,78.93,0
SES_00000539,24,360,10,DESKTOP,AFFILIATE,3366.91,0
SES_00000540,14,406,0,MOBILE,EMAIL,0.0,0
SES_00000541,17,510,0,TABLET,PAID_SEARCH,0.0,0
SES_00000542,6,150,1,DESKTOP,SOCIAL_MEDIA,78.28,1
SES_00000543,44,748,3,DESKTOP,AFFILIATE,165.58,1
SES_00000544,22,880,0,MOBILE,ORGANIC,0.0,0
SES_00000545,44,1716,8,MOBILE,SOCIAL_MEDIA,2544.52,1
SES_00000546,37,2035,5,TABLET,ORGANIC,1403.6,1
SES_00000547,1,42,0,DESKTOP,EMAIL,0.0,0
SES_00000548,25,450,8,MOBILE,DIRECT,1107.2,1
SES_00000549,35,595,7,TABLET,PAID_SEARCH,902.4,0
SES_00000550,25,1025,9,DESKTOP,SOCIAL_MEDIA,1110.07,1
SES_00000551,4,196,1,TABLET,PAID_SEARCH,266.68,1
SES_00000552,12,720,5,TABLET,DIRECT,887.47,1
SES_00000553,12,372,6,TABLET,DIRECT,1234.26,1
SES_00000554,23,1173,6,TABLET,ORGANIC,2321.1,1
SES_00000555,33,1287,3,DESKTOP,AFFILIATE,1178.15,0
SES_00000556,42,2184,2,DESKTOP,PAID_SEARCH,498.41,1
SES_00000557,37,999,10,DESKTOP,PAID_SEARCH,1768.8,1
SES_00000558,30,960,9,MOBILE,EMAIL,1020.56,0
SES_00000559,28,644,0,TABLET,EMAIL,0.0,0
SES_00000560,28,1232,7,DESKTOP,AFFILIATE,1051.15,1
SES_00000561,29,1392,3,DESKTOP,AFFILIATE,329.88,1
SES_00000562,28,1064,2,MOBILE,ORGANIC,810.59,0
SES_00000563,36,1008,0,MOBILE,AFFILIATE,0.0,0
SES_00000564,28,1680,4,TABLET,SOCIAL_MEDIA,835.29,1
SES_00000565,34,1972,6,TABLET,ORGANIC,1551.92,1
SES_00000566,26,1378,4,MOBILE,PAID_SEARCH,1397.27,1
SES_00000567,21,693,0,DESKTOP,DIRECT,0.0,0
SES_00000568,40,1640,0,TABLET,SOCIAL_MEDIA,0.0,0
SES_00000569,19,627,3,TABLET,EMAIL,926.25,0
SES_00000570,37,1480,4,MOBILE,ORGANIC,963.63,0
SES_00000571,27,1458,3,DESKTOP,AFFILIATE,746.57,1
SES_00000572,39,624,10,MOBILE,PAID_SEARCH,3057.42,1
SES_00000573,44,1496,1,TABLET,PAID_SEARCH,143.19,1
SES_00000574,38,2280,9,DESKTOP,SOCIAL_MEDIA,3210.16,1
SES_00000575,6,144,5,TABLET,AFFILIATE,663.69,0
SES_00000576,20,1160,9,DESKTOP,EMAIL,2081.72,1
SES_00000577,19,912,7,TABLET,AFFILIATE,583.89,0
SES_00000578,16,768,4,DESKTOP,SOCIAL_MEDIA,1745.2,0
SES_00000579,2,102,1,MOBILE,DIRECT,268.26,1
SES_00000580,1,47,1,TABLET,ORGANIC,392.24,1
SES_00000581,26,390,3,TABLET,PAID_SEARCH,124.68,0
SES_00000582,28,1232,9,TABLET,EMAIL,2840.02,0
SES_00000583,23,1196,7,MOBILE,DIRECT,2519.75,0
SES_00000584,42,1680,5,MOBILE,EMAIL,1891.74,1
SES_00000585,33,1056,3,TABLET,DIRECT,598.26,1
SES_00000586,30,1470,10,DESKTOP,PAID_SEARCH,4464.71,1
SES_00000587,12,276,7,DESKTOP,DIRECT,671.64,1
SES_00000588,36,1404,1,DESKTOP,DIRECT,197.78,0
SES_00000589,40,1720,5,MOBILE,SOCIAL_MEDIA,1891.77,1
SES_00000590,20,520,7,MOBILE,AFFILIATE,315.5,0
SES_00000591,17,884,7,MOBILE,SOCIAL_MEDIA,1085.36,1
SES_00000592,3,78,0,TABLET,ORGANIC,0.0,0
SES_00000593,12,252,7,TABLET,SOCIAL_MEDIA,346.25,1
SES_00000594,4,188,1,TABLET,EMAIL,435.08,1
SES_00000595,44,2420,6,DESKTOP,ORGANIC,1068.88,1
SES_00000596,44,1364,1,DESKTOP,DIRECT,205.34,1
SES_00000597,33,1617,6,DESKTOP,AFFILIATE,2498.87,1
SES_00000598,40,1720,9,MOBILE,DIRECT,1349.38,1
SES_00000599,22,616,0,DESKTOP,AFFILIATE,0.0,0
SES_00000600,21,1176,2,DESKTOP,PAID_SEARCH,689.44,0
SES_00000601,23,782,4,DESKTOP,EMAIL,813.75,0
SES_00000602,13,598,2,TABLET,SOCIAL_MEDIA,242.1,1
SES_00000603,10,390,5,DESKTOP,DIRECT,482.66,0
SES_00000604,27,1107,3,DESKTOP,ORGANIC,1274.76,1
SES_00000605,29,725,5,MOBILE,AFFILIATE,286.26,1
SES_00000606,1,29,0,MOBILE,EMAIL,0.0,0
SES_00000607,9,387,0,TABLET,ORGANIC,0.0,0
SES_00000608,36,1440,7,TABLET,ORGANIC,585.51,1
SES_00000609,25,875,3,TABLET,DIRECT,729.46,0
SES_00000610,40,760,0,MOBILE,ORGANIC,0.0,0
SES_00000611,5,90,3,MOBILE,PAID_SEARCH,518.1,1
SES_00000612,14,224,6,TABLET,DIRECT,852.36,1
SES_00000613,41,943,8,MOBILE,ORGANIC,420.56,1
SES_00000614,20,1140,3,DESKTOP,ORGANIC,548.15,0
SES_00000615,45,900,8,DESKTOP,SOCIAL_MEDIA,2276.41,1
SES_00000616,36,936,0,TABLET,DIRECT,0.0,0
SES_00000617,35,1400,10,DESKTOP,AFFILIATE,902.35,1
SES_00000618,29,1131,6,TABLET,EMAIL,624.09,0
SES_00000619,43,1634,5,MOBILE,DIRECT,497.18,1
SES_00000620,18,1026,9,DESKTOP,AFFILIATE,1666.07,0
SES_00000621,30,960,6,DESKTOP,EMAIL,2514.6,1
SES_00000622,39,858,1,TABLET,DIRECT,37.35,1
SES_00000623,10,530,9,TABLET,EMAIL,580.15,1
SES_00000624,8,392,8,TABLET,PAID_SEARCH,506.49,1
SES_00000625,20,540,10,DESKTOP,PAID_SEARCH,825.99,0
SES_00000626,3,81,3,TABLET,ORGANIC,192.64,1
SES_00000627,21,399,10,MOBILE,EMAIL,2955.67,1
SES_00000628,1,57,1,DESKTOP,EMAIL,161.27,1
SES_00000629,2,66,1,TABLET,DIRECT,296.76,1
SES_00000630,38,1140,9,DESKTOP,ORGANIC,3623.14,1
SES_00000631,21,357,8,TABLET,ORGANIC,1749.7,1
SES_00000632,12,348,3,TABLET,PAID_SEARCH,934.67,0
SES_00000633,9,171,4,TABLET,SOCIAL_MEDIA,388.91,1
SES_00000634,2,70,1,TABLET,AFFILIATE,354.91,1
SES_00000635,32,1216,3,MOBILE,ORGANIC,1151.45,1
SES_00000636,20,360,10,MOBILE,ORGANIC,2086.83,1
SES_00000637,17,578,4,DESKTOP,ORGANIC,736.19,1
SES_00000638,33,1716,7,DESKTOP,ORGANIC,2534.4,1
SES_00000639,11,572,9,TABLET,SOCIAL_MEDIA,654.5,1
SES_00000640,24,384,1,TABLET,SOCIAL_MEDIA,43.62,1
SES_00000641,21,1050,9,MOBILE,PAID_SEARCH,244.82,0
SES_00000642,29,1508,3,MOBILE,PAID_SEARCH,1010.55,1
SES_00000643,38,1596,6,MOBILE,EMAIL,1771.03,1
SES_00000644,30,780,10,TABLET,AFFILIATE,3652.16,1
SES_00000645,39,741,1,TABLET,DIRECT,44.57,1
SES_00000646,17,850,5,DESKTOP,PAID_SEARCH,572.11,1
SES_00000647,4,124,2,MOBILE,AFFILIATE,55.73,1
SES_00000648,21,1197,0,TABLET,ORGANIC,0.0,0
SES_00000649,12,540,10,DESKTOP,EMAIL,2028.36,1
SES_00000650,24,1080,5,MOBILE,PAID_SEARCH,1473.03,1
SES_00000651,29,1595,0,TABLET,SOCIAL_MEDIA,0.0,0
SES_00000652,12,252,10,DESKTOP,AFFILIATE,4064.57,1
SES_00000653,1,48,1,DESKTOP,AFFILIATE,255.4,1
SES_00000654,24,864,3,TABLET,SOCIAL_MEDIA,918.97,1
SES_00000655,44,1056,7,TABLET,ORGANIC,1015.46,1
SES_00000656,28,1428,10,TABLET,SOCIAL_MEDIA,3505.24,1
SES_00000657,14,658,1,TABLET,EMAIL,301.09,1
SES_00000658,14,742,1,MOBILE,AFFILIATE,440.18,0
SES_00000659,34,1122,3,TABLET,EMAIL,657.69,1
SES_00000660,17,425,9,MOBILE,ORGANIC,2123.31,0
SES_00000661,42,2142,10,TABLET,ORGANIC,1875.67,0
SES_00000662,25,1225,4,MOBILE,EMAIL,823.25,0
SES_00000663,42,1974,8,DESKTOP,SOCIAL_MEDIA,2799.23,1
SES_00000664,8,224,1,DESKTOP,PAID_SEARCH,231.01,1
SES_00000665,41,1271,1,MOBILE,SOCIAL_MEDIA,92.75,1
SES_00000666,7,231,3,MOBILE,ORGANIC,854.42,0
SES_00000667,32,1824,1,TABLET,DIRECT,50.53,1
SES_00000668,36,1440,2,DESKTOP,SOCIAL_MEDIA,640.85,0
SES_00000669,39,936,8,DESKTOP,ORGANIC,1185.2,1
SES_00000670,4,168,2,TABLET,SOCIAL_MEDIA,594.4,1
SES_00000671,3,114,3,DESKTOP,SOCIAL_MEDIA,134.79,1
SES_00000672,44,1012,1,DESKTOP,PAID_SEARCH,212.08,1
SES_00000673,20,680,0,TABLET,DIRECT,0.0,0
SES_00000674,24,792,8,DESKTOP,PAID_SEARCH,3395.96,1
SES_00000675,7,161,3,DESKTOP,AFFILIATE,1095.84,1
SES_00000676,40,840,7,MOBILE,AFFILIATE,775.24,1
SES_00000677,38,1216,5,DESKTOP,ORGANIC,557.61,1
SES_00000678,26,832,2,TABLET,SOCIAL_MEDIA,532.75,1
SES_00000679,36,1584,8,MOBILE,AFFILIATE,2552.44,1
SES_00000680,18,612,8,TABLET,SOCIAL_MEDIA,3074.55,0
SES_00000681,32,1376,0,DESKTOP,ORGANIC,0.0,0
SES_00000682,19,988,7,DESKTOP,ORGANIC,752.99,1
SES_00000683,5,220,1,TABLET,DIRECT,436.5,1
SES_00000684,2,66,2,DESKTOP,PAID_SEARCH,102.8,1
SES_00000685,40,1640,6,DESKTOP,DIRECT,2633.78,0
SES_00000686,12,396,8,DESKTOP,DIRECT,2910.44,1
SES_00000687,26,1508,7,DESKTOP,AFFILIATE,443.66,1
SES_00000688,39,1170,1,MOBILE,AFFILIATE,278.03,1
SES_00000689,36,756,4,TABLET,PAID_SEARCH,143.47,1
SES_00000690,5,260,2,MOBILE,SOCIAL_MEDIA,505.43,1
SES_00000691,15,870,1,MOBILE,SOCIAL_MEDIA,94.7,0
SES_00000692,37,1813,8,TABLET,ORGANIC,1507.58,1
SES_00000693,4,156,0,DESKTOP,DIRECT,0.0,0
SES_00000694,28,1652,4,TABLET,ORGANIC,240.82,1
SES_00000695,43,2580,5,DESKTOP,AFFILIATE,1216.89,1
SES_00000696,19,475,7,DESKTOP,ORGANIC,2483.39,1
SES_00000697,14,238,7,DESKTOP,PAID_SEARCH,613.46,1
SES_00000698,25,1025,6,MOBILE,DIRECT,2624.28,1
SES_00000699,7,140,4,MOBILE,DIRECT,705.39,1
SES_00000700,7,357,2,TABLET,ORGANIC,848.39,1
SES_00000701,19,817,9,TABLET,PAID_SEARCH,2012.02,1
SES_00000702,41,1435,9,MOBILE,ORGANIC,814.88,1
SES_00000703,5,140,1,MOBILE,EMAIL,42.17,0
SES_00000704,42,1806,5,DESKTOP,EMAIL,1557.26,0
SES_00000705,30,1770,7,DESKTOP,ORGANIC,904.61,1
SES_00000706,33,1584,2,MOBILE,EMAIL,147.06,1
SES_00000707,2,88,1,MOBILE,EMAIL,39.02,0
SES_00000708,16,720,0,DESKTOP,ORGANIC,0.0,0
SES_00000709,33,1056,10,TABLET,ORGANIC,3182.39,1
SES_00000710,21,1239,7,DESKTOP,PAID_SEARCH,571.11,1
SES_00000711,23,943,7,MOBILE,EMAIL,410.99,1
SES_00000712,5,205,5,MOBILE,AFFILIATE,1790.2,1
SES_00000713,12,528,6,MOBILE,PAID_SEARCH,352.85,0
SES_00000714,24,576,3,DESKTOP,ORGANIC,1016.44,1
SES_00000715,25,1350,9,MOBILE,ORGANIC,3030.85,0
SES_00000716,9,513,3,MOBILE,DIRECT,884.2,1
SES_00000717,6,306,5,MOBILE,DIRECT,1534.88,0
SES_00000718,5,150,5,DESKTOP,ORGANIC,1131.75,1
SES_00000719,41,1968,4,DESKTOP,EMAIL,1473.43,1
SES_00000720,43,2107,2,TABLET,EMAIL,332.72,1
SES_00000721,28,532,7,TABLET,PAID_SEARCH,558.89,1
SES_00000722,42,2352,8,DESKTOP,AFFILIATE,862.63,1
SES_00000723,27,1323,7,MOBILE,ORGANIC,1587.4,1
SES_00000724,36,540,8,TABLET,SOCIAL_MEDIA,1936.17,1
SES_00000725,3,63,3,DESKTOP,SOCIAL_MEDIA,223.02,0
SES_00000726,23,989,3,DESKTOP,DIRECT,141.87,0
SES_00000727,6,132,6,MOBILE,EMAIL,845.0,1
SES_00000728,37,1443,2,DESKTOP,DIRECT,673.02,1
SES_00000729,24,600,7,TABLET,PAID_SEARCH,380.92,0
SES_00000730,39,2067,7,MOBILE,DIRECT,718.82,1
SES_00000731,44,1188,6,TABLET,DIRECT,1850.66,0
SES_00000732,17,918,4,TABLET,DIRECT,349.59,1
SES_00000733,43,1290,4,TABLET,AFFILIATE,1127.37,1
SES_00000734,28,896,0,TABLET,DIRECT,0.0,0
SES_00000735,3,162,0,TABLET,AFFILIATE,0.0,0
SES_00000736,1,51,1,DESKTOP,DIRECT,405.28,1
SES_00000737,34,578,7,TABLET,EMAIL,725.03,1
SES_00000738,12,636,3,TABLET,DIRECT,527.5,1
SES_00000739,25,750,3,TABLET,ORGANIC,931.19,1
SES_00000740,45,855,7,DESKTOP,AFFILIATE,470.23,1
SES_00000741,44,1848,9,TABLET,SOCIAL_MEDIA,3496.12,1
SES_00000742,24,1224,8,TABLET,PAID_SEARCH,2670.35,1
SES_00000743,12,192,1,DESKTOP,ORGANIC,304.14,1
SES_00000744,1,34,1,MOBILE,AFFILIATE,324.58,1
SES_00000745,37,1110,5,TABLET,ORGANIC,1238.83,1
SES_00000746,1,43,0,MOBILE,EMAIL,0.0,0
SES_00000747,36,1872,4,TABLET,PAID_SEARCH,1361.2,0
SES_00000748,29,1682,6,TABLET,DIRECT,2290.23,1
SES_00000749,38,1862,2,DESKTOP,AFFILIATE,151.08,1
SES_00000750,13,728,0,MOBILE,AFFILIATE,0.0,0
SES_00000751,11,495,1,MOBILE,SOCIAL_MEDIA,158.95,1
SES_00000752,4,132,1,TABLET,PAID_SEARCH,126.15,1
SES_00000753,20,940,5,TABLET,DIRECT,550.68,1
SES_00000754,29,1160,9,MOBILE,SOCIAL_MEDIA,1657.83,1
SES_00000755,15,765,6,TABLET,ORGANIC,435.95,1
SES_00000756,44,836,5,DESKTOP,EMAIL,1556.76,0
SES_00000757,43,2107,3,TABLET,EMAIL,1136.54,0
SES_00000758,35,945,6,DESKTOP,EMAIL,1577.4,0
SES_00000759,1,36,0,TABLET,AFFILIATE,0.0,0
SES_00000760,13,507,1,MOBILE,EMAIL,279.52,0
SES_00000761,35,1155,2,DESKTOP,EMAIL,345.99,1
SES_00000762,37,999,9,TABLET,SOCIAL_MEDIA,701.24,1
SES_00000763,28,1176,2,MOBILE,DIRECT,329.67,1
SES_00000764,23,1196,8,MOBILE,DIRECT,979.73,1
SES_00000765,9,207,8,TABLET,EMAIL,2999.37,1
SES_00000766,9,144,2,DESKTOP,PAID_SEARCH,202.35,1
SES_00000767,17,510,6,TABLET,PAID_SEARCH,1890.65,1
SES_00000768,3,117,1,DESKTOP,EMAIL,150.91,1
SES_00000769,26,1300,5,DESKTOP,DIRECT,864.87,0
SES_00000770,36,900,10,DESKTOP,EMAIL,743.55,1
SES_00000771,44,968,3,DESKTOP,AFFILIATE,655.94,1
SES_00000772,19,855,10,MOBILE,SOCIAL_MEDIA,3888.23,0
SES_00000773,32,1600,7,DESKTOP,EMAIL,2884.67,0
SES_00000774,11,253,6,TABLET,ORGANIC,2657.06,1
SES_00000775,21,777,4,TABLET,SOCIAL_MEDIA,445.51,1
SES_00000776,19,893,3,DESKTOP,ORGANIC,900.92,1
SES_00000777,2,116,1,DESKTOP,SOCIAL_MEDIA,196.78,0
SES_00000778,22,792,2,MOBILE,AFFILIATE,192.43,0
SES_00000779,7,280,4,TABLET,SOCIAL_MEDIA,518.94,1
SES_00000780,36,1512,7,MOBILE,EMAIL,1688.46,0
SES_00000781,21,735,1,MOBILE,DIRECT,204.76,0
SES_00000782,13,338,3,TABLET,SOCIAL_MEDIA,130.53,1
SES_00000783,6,318,3,TABLET,ORGANIC,413.24,1
SES_00000784,18,900,9,DESKTOP,DIRECT,362.73,1
SES_00000785,12,192,9,TABLET,SOCIAL_MEDIA,745.31,0
SES_00000786,13,247,8,DESKTOP,DIRECT,437.59,0
SES_00000787,23,1081,6,MOBILE,EMAIL,1348.56,1
SES_00000788,30,840,6,MOBILE,SOCIAL_MEDIA,1358.35,1
SES_00000789,14,602,7,MOBILE,ORGANIC,724.04,1
SES_00000790,1,19,0,MOBILE,ORGANIC,0.0,0
SES_00000791,12,720,3,MOBILE,EMAIL,358.99,1
SES_00000792,4,128,3,DESKTOP,AFFILIATE,914.27,0
SES_00000793,25,400,5,DESKTOP,ORGANIC,2071.1,0
SES_00000794,6,234,4,DESKTOP,DIRECT,257.63,1
SES_00000795,9,171,6,MOBILE,PAID_SEARCH,572.75,1
SES_00000796,20,960,2,TABLET,PAID_SEARCH,749.68,1
SES_00000797,4,220,1,MOBILE,EMAIL,178.56,1
SES_00000798,34,850,2,DESKTOP,SOCIAL_MEDIA,674.64,0
SES_00000799,23,1173,4,MOBILE,DIRECT,399.61,1
SES_00000800,32,864,2,TABLET,SOCIAL_MEDIA,462.22,1
SES_00000801,1,47,1,DESKTOP,SOCIAL_MEDIA,36.18,0
SES_00000802,24,1176,6,MOBILE,ORGANIC,284.14,1
SES_00000803,2,104,2,TABLET,ORGANIC,493.76,1
SES_00000804,8,280,7,MOBILE,EMAIL,2053.02,1
SES_00000805,10,250,8,TABLET,ORGANIC,2684.32,1
SES_00000806,19,722,9,TABLET,SOCIAL_MEDIA,1991.59,1
SES_00000807,35,560,0,TABLET,EMAIL,0.0,0
SES_00000808,37,1332,9,TABLET,PAID_SEARCH,675.53,1
SES_00000809,16,560,0,TABLET,ORGANIC,0.0,0
SES_00000810,36,1332,3,DESKTOP,ORGANIC,665.11,0
SES_00000811,33,1485,0,MOBILE,SOCIAL_MEDIA,0.0,0
SES_00000812,1,17,0,DESKTOP,EMAIL,0.0,0
SES_00000813,25,850,9,MOBILE,EMAIL,2458.11,0
SES_00000814,8,304,6,TABLET,SOCIAL_MEDIA,494.66,1
SES_00000815,9,495,3,DESKTOP,PAID_SEARCH,303.5,1
SES_00000816,10,490,9,TABLET,DIRECT,2148.19,1
SES_00000817,24,480,10,TABLET,ORGANIC,1718.87,1
SES_00000818,25,1500,6,MOBILE,DIRECT,1124.0,0
SES_00000819,14,560,0,TABLET,EMAIL,0.0,0
SES_00000820,1,53,0,TABLET,EMAIL,0.0,0
SES_00000821,3,117,1,TABLET,ORGANIC,422.88,1
SES_00000822,7,189,7,MOBILE,EMAIL,1278.92,1
SES_00000823,20,820,9,DESKTOP,EMAIL,2601.67,1
SES_00000824,6,282,6,MOBILE,ORGANIC,1354.42,0
SES_00000825,19,1045,1,DESKTOP,EMAIL,245.8,0
SES_00000826,17,323,9,MOBILE,EMAIL,532.21,0
SES_00000827,31,868,1,TABLET,DIRECT,218.34,1
SES_00000828,35,630,10,TABLET,EMAIL,4062.68,0
SES_00000829,4,80,0,MOBILE,AFFILIATE,0.0,0
SES_00000830,7,259,7,DESKTOP,ORGANIC,2165.21,1
SES_00000831,45,1800,2,TABLET,PAID_SEARCH,569.69,1
SES_00000832,25,1225,1,MOBILE,PAID_SEARCH,342.33,1
SES_00000833,11,187,7,TABLET,PAID_SEARCH,800.15,1
SES_00000834,41,1722,2,TABLET,ORGANIC,679.73,0
SES_00000835,1,58,1,TABLET,EMAIL,207.39,1
SES_00000836,19,741,3,TABLET,SOCIAL_MEDIA,1268.8,0
SES_00000837,12,276,4,MOBILE,DIRECT,569.01,1
SES_00000838,16,672,0,MOBILE,AFFILIATE,0.0,0
SES_00000839,9,144,1,TABLET,EMAIL,288.6,1
SES_00000840,13,286,8,MOBILE,ORGANIC,3208.64,0
SES_00000841,9,531,0,DESKTOP,ORGANIC,0.0,0
SES_00000842,11,550,6,DESKTOP,SOCIAL_MEDIA,1143.16,0
SES_00000843,33,891,0,DESKTOP,DIRECT,0.0,0
SES_00000844,18,738,9,MOBILE,ORGANIC,3309.35,0
SES_00000845,41,1476,4,DESKTOP,ORGANIC,1268.17,0
SES_00000846,38,2204,4,TABLET,AFFILIATE,981.31,1
SES_00000847,18,1044,0,TABLET,PAID_SEARCH,0.0,0
SES_00000848,28,1652,7,MOBILE,DIRECT,2702.2,1
SES_00000849,24,1224,4,MOBILE,DIRECT,693.51,0
SES_00000850,43,1333,5,MOBILE,AFFILIATE,1268.16,1
SES_00000851,45,2205,10,DESKTOP,DIRECT,1090.08,1
SES_00000852,19,1045,10,DESKTOP,AFFILIATE,1109.1,1
SES_00000853,30,1530,1,DESKTOP,AFFILIATE,185.14,0
SES_00000854,33,1881,3,MOBILE,ORGANIC,608.23,1
SES_00000855,8,296,0,MOBILE,PAID_SEARCH,0.0,0
SES_00000856,40,2120,3,DESKTOP,PAID_SEARCH,649.74,1
SES_00000857,13,520,1,DESKTOP,ORGANIC,320.49,1
SES_00000858,38,646,9,TABLET,PAID_SEARCH,1640.07,0
SES_00000859,22,396,10,DESKTOP,AFFILIATE,1068.95,1
SES_00000860,17,425,2,MOBILE,EMAIL,662.24,1
SES_00000861,7,308,1,TABLET,DIRECT,213.44,0
SES_00000862,37,2109,8,MOBILE,ORGANIC,2318.22,1
SES_00000863,27,1134,1,TABLET,EMAIL,348.26,1
SES_00000864,8,360,0,TABLET,AFFILIATE,0.0,0
SES_00000865,3,171,2,DESKTOP,DIRECT,536.37,1
SES_00000866,37,629,6,MOBILE,PAID_SEARCH,1825.02,0
SES_00000867,13,507,8,DESKTOP,ORGANIC,365.21,0
SES_00000868,2,98,2,MOBILE,EMAIL,402.55,1
SES_00000869,36,1764,5,TABLET,PAID_SEARCH,670.99,1
SES_00000870,33,1815,7,TABLET,ORGANIC,874.58,0
SES_00000871,10,490,4,TABLET,AFFILIATE,268.31,0
SES_00000872,21,756,2,MOBILE,DIRECT,705.91,1
SES_00000873,41,861,1,TABLET,PAID_SEARCH,242.88,1
SES_00000874,8,144,8,DESKTOP,ORGANIC,2945.49,0
SES_00000875,43,1892,5,TABLET,EMAIL,1535.08,0
SES_00000876,5,265,5,MOBILE,SOCIAL_MEDIA,1488.87,1
SES_00000877,2,32,2,DESKTOP,AFFILIATE,109.21,0
SES_00000878,41,1927,4,DESKTOP,PAID_SEARCH,1776.81,1
SES_00000879,9,243,9,DESKTOP,PAID_SEARCH,864.7,1
SES_00000880,12,660,10,DESKTOP,PAID_SEARCH,4007.7,1
SES_00000881,36,900,5,TABLET,ORGANIC,560.39,1
SES_00000882,1,27,0,DESKTOP,AFFILIATE,0.0,0
SES_00000883,9,225,7,MOBILE,PAID_SEARCH,1041.65,1
SES_00000884,17,493,5,DESKTOP,EMAIL,625.73,0
SES_00000885,22,660,1,MOBILE,AFFILIATE,359.09,0
SES_00000886,34,1938,1,TABLET,EMAIL,347.06,1
SES_00000887,44,1804,2,MOBILE,DIRECT,530.0,1
SES_00000888,27,1161,7,TABLET,SOCIAL_MEDIA,2253.5,0
SES_00000889,41,2009,5,DESKTOP,PAID_SEARCH,294.02,1
SES_00000890,18,468,4,TABLET,DIRECT,382.34,0
SES_00000891,26,1326,4,MOBILE,DIRECT,319.13,1
SES_00000892,31,868,3,TABLET,ORGANIC,269.46,1
SES_00000893,44,1980,10,MOBILE,ORGANIC,4490.92,1
SES_00000894,40,2360,2,TABLET,SOCIAL_MEDIA,795.5,1
SES_00000895,12,384,10,DESKTOP,DIRECT,4351.98,1
SES_00000896,2,30,2,MOBILE,EMAIL,178.54,0
SES_00000897,26,1430,8,DESKTOP,AFFILIATE,2331.15,1
SES_00000898,20,660,2,MOBILE,AFFILIATE,122.3,1
SES_00000899,42,2016,10,DESKTOP,SOCIAL_MEDIA,1445.81,1
SES_00000900,41,943,4,MOBILE,DIRECT,1767.31,1
SES_00000901,26,988,8,TABLET,DIRECT,206.05,1
SES_00000902,45,1530,9,MOBILE,AFFILIATE,2993.95,0
SES_00000903,15,555,0,MOBILE,AFFILIATE,0.0,0
SES_00000904,35,1085,5,DESKTOP,AFFILIATE,723.01,1
SES_00000905,37,925,4,DESKTOP,AFFILIATE,132.33,0
SES_00000906,32,1728,1,MOBILE,EMAIL,187.89,1
SES_00000907,5,220,3,MOBILE,ORGANIC,477.7,0
SES_00000908,2,70,0,MOBILE,ORGANIC,0.0,0
SES_00000909,23,897,3,TABLET,PAID_SEARCH,701.29,0
SES_00000910,39,2223,7,TABLET,PAID_SEARCH,2444.61,1
SES_00000911,6,186,4,DESKTOP,ORGANIC,500.28,0
SES_00000912,17,765,0,TABLET,DIRECT,0.0,0
SES_00000913,19,798,7,DESKTOP,SOCIAL_MEDIA,459.58,1
SES_00000914,22,374,10,TABLET,DIRECT,2530.83,1
SES_00000915,35,1505,10,MOBILE,DIRECT,1290.93,1
SES_00000916,22,1320,8,DESKTOP,SOCIAL_MEDIA,3574.3,1
SES_00000917,35,1120,3,DESKTOP,DIRECT,840.29,1
SES_00000918,31,1519,3,TABLET,PAID_SEARCH,1343.15,1
SES_00000919,29,1421,8,DESKTOP,EMAIL,2823.75,1
SES_00000920,23,989,6,TABLET,EMAIL,1219.4,0
SES_00000921,17,1003,9,TABLET,DIRECT,2968.87,0
SES_00000922,3,66,3,MOBILE,DIRECT,1239.31,1
SES_00000923,43,860,6,DESKTOP,EMAIL,886.48,1
SES_00000924,34,816,7,MOBILE,EMAIL,658.06,0
SES_00000925,10,480,3,TABLET,ORGANIC,399.86,1
SES_00000926,43,1548,3,MOBILE,EMAIL,1325.61,1
SES_00000927,3,51,2,DESKTOP,ORGANIC,700.75,1
SES_00000928,40,2120,7,MOBILE,DIRECT,864.92,1
SES_00000929,21,1071,4,TABLET,EMAIL,300.63,1
SES_00000930,8,368,4,MOBILE,SOCIAL_MEDIA,342.58,1
SES_00000931,24,936,1,DESKTOP,ORGANIC,32.89,1
SES_00000932,7,259,2,DESKTOP,DIRECT,450.57,1
SES_00000933,20,440,2,TABLET,EMAIL,570.87,1
SES_00000934,34,1530,4,TABLET,EMAIL,1363.33,1
SES_00000935,8,224,1,MOBILE,SOCIAL_MEDIA,262.66,1
SES_00000936,18,738,0,MOBILE,DIRECT,0.0,0
SES_00000937,13,767,2,TABLET,ORGANIC,771.82,1
SES_00000938,35,1960,4,TABLET,SOCIAL_MEDIA,723.71,1
SES_00000939,5,145,5,DESKTOP,EMAIL,732.71,1
SES_00000940,11,418,10,MOBILE,DIRECT,3825.1,0
SES_00000941,13,377,5,TABLET,AFFILIATE,2179.15,1
SES_00000942,1,24,0,DESKTOP,DIRECT,0.0,0
SES_00000943,41,1927,1,DESKTOP,DIRECT,282.37,1
SES_00000944,21,1197,1,TABLET,ORGANIC,405.71,0
SES_00000945,9,207,0,MOBILE,PAID_SEARCH,0.0,0
SES_00000946,31,1550,1,DESKTOP,DIRECT,138.08,1
SES_00000947,21,399,9,TABLET,AFFILIATE,4030.77,0
SES_00000948,37,1184,10,TABLET,PAID_SEARCH,3090.87,1
SES_00000949,30,540,0,MOBILE,SOCIAL_MEDIA,0.0,0
SES_00000950,28,700,9,TABLET,AFFILIATE,3453.06,0
SES_00000951,36,1440,3,TABLET,DIRECT,1157.59,1
SES_00000952,29,1537,8,DESKTOP,AFFILIATE,3575.03,1
SES_00000953,26,1482,8,TABLET,EMAIL,1079.7,1
SES_00000954,7,385,4,MOBILE,PAID_SEARCH,534.34,0
SES_00000955,16,560,1,TABLET,EMAIL,51.39,1
SES_00000956,31,1147,2,TABLET,SOCIAL_MEDIA,325.96,1
SES_00000957,1,57,0,TABLET,ORGANIC,0.0,0
SES_00000958,22,418,5,DESKTOP,SOCIAL_MEDIA,394.15,1
SES_00000959,4,188,0,MOBILE,ORGANIC,0.0,0
SES_00000960,27,1323,8,TABLET,DIRECT,1727.43,1
SES_00000961,23,460,5,TABLET,DIRECT,816.6,1
SES_00000962,6,306,4,TABLET,AFFILIATE,1549.62,1
SES_00000963,35,1330,9,TABLET,PAID_SEARCH,3287.91,0
SES_00000964,8,440,7,MOBILE,ORGANIC,1489.68,1
SES_00000965,9,288,4,TABLET,AFFILIATE,747.9,1
SES_00000966,42,1974,1,MOBILE,PAID_SEARCH,427.94,1
SES_00000967,12,384,5,MOBILE,ORGANIC,1495.17,0
SES_00000968,33,1749,10,DESKTOP,SOCIAL_MEDIA,2304.14,0
SES_00000969,15,600,8,DESKTOP,EMAIL,2659.19,1
SES_00000970,26,494,9,TABLET,DIRECT,244.85,0
SES_00000971,26,442,1,MOBILE,SOCIAL_MEDIA,187.23,1
SES_00000972,32,1600,3,DESKTOP,SOCIAL_MEDIA,919.75,1
SES_00000973,24,1440,5,TABLET,PAID_SEARCH,1005.6,1
SES_00000974,35,1995,9,MOBILE,AFFILIATE,3780.48,1
SES_00000975,13,481,5,TABLET,PAID_SEARCH,513.44,1
SES_00000976,21,924,1,DESKTOP,EMAIL,116.88,1
SES_00000977,11,616,7,DESKTOP,DIRECT,1103.14,0
SES_00000978,13,390,5,MOBILE,PAID_SEARCH,910.88,1
SES_00000979,10,490,0,DESKTOP,AFFILIATE,0.0,0
SES_00000980,42,2184,2,TABLET,SOCIAL_MEDIA,81.73,1
SES_00000981,38,1368,9,MOBILE,DIRECT,1603.64,1
SES_00000982,25,600,1,MOBILE,AFFILIATE,177.37,0
SES_00000983,14,812,0,DESKTOP,DIRECT,0.0,0
SES_00000984,25,1425,7,DESKTOP,EMAIL,2322.51,1
SES_00000985,11,275,7,MOBILE,DIRECT,690.33,0
SES_00000986,33,1683,8,DESKTOP,SOCIAL_MEDIA,2361.45,0
SES_00000987,12,372,4,DESKTOP,SOCIAL_MEDIA,1117.99,1
SES_00000988,21,714,0,MOBILE,EMAIL,0.0,0
SES_00000989,45,2610,5,DESKTOP,DIRECT,1344.22,1
SES_00000990,12,720,1,TABLET,PAID_SEARCH,160.32,0
SES_00000991,26,650,3,MOBILE,AFFILIATE,1348.43,0
SES_00000992,32,864,7,DESKTOP,ORGANIC,2920.3,0
SES_00000993,38,1368,1,DESKTOP,SOCIAL_MEDIA,413.4,1
SES_00000994,20,740,4,MOBILE,PAID_SEARCH,1720.29,1
SES_00000995,39,2028,7,MOBILE,AFFILIATE,661.22,1
SES_00000996,11,176,9,MOBILE,AFFILIATE,1253.11,0
SES_00000997,1,24,1,TABLET,DIRECT,127.31,1
SES_00000998,6,294,2,TABLET,PAID_SEARCH,295.27,1
SES_00000999,11,220,0,MOBILE,DIRECT,0.0,0
SES_00001000,38,608,5,DESKTOP,PAID_SEARCH,358.34,1
SES_00001001,26,1300,0,TABLET,AFFILIATE,0.0,0
SES_00001002,37,1480,3,TABLET,AFFILIATE,661.82,1
SES_00001003,8,192,5,MOBILE,EMAIL,928.3,1
SES_00001004,14,644,9,DESKTOP,AFFILIATE,1254.6,1
SES_00001005,39,1716,7,DESKTOP,EMAIL,1123.55,0
SES_00001006,8,472,2,DESKTOP,SOCIAL_MEDIA,516.86,0
SES_00001007,13,702,0,TABLET,AFFILIATE,0.0,0
SES_00001008,33,1452,8,DESKTOP,AFFILIATE,2678.34,1
SES_00001009,28,980,0,TABLET,PAID_SEARCH,0.0,0
SES_00001010,19,342,1,MOBILE,AFFILIATE,102.28,1
SES_00001011,11,429,0,TABLET,DIRECT,0.0,0
SES_00001012,41,1599,8,DESKTOP,SOCIAL_MEDIA,3174.7,1
SES_00001013,8,360,4,MOBILE,DIRECT,1767.48,1
SES_00001014,13,533,3,TABLET,ORGANIC,283.79,1
SES_00001015,5,105,0,TABLET,AFFILIATE,0.0,0
SES_00001016,22,396,8,DESKTOP,PAID_SEARCH,293.23,0
SES_00001017,32,1280,7,MOBILE,ORGANIC,1927.62,1
SES_00001018,6,192,1,DESKTOP,EMAIL,88.48,1
SES_00001019,5,245,5,DESKTOP,EMAIL,559.48,1
SES_00001020,7,189,7,TABLET,DIRECT,189.78,0
SES_00001021,39,1053,7,DESKTOP,EMAIL,694.54,1
SES_00001022,23,690,2,MOBILE,ORGANIC,777.4,1
SES_00001023,24,960,10,DESKTOP,ORGANIC,303.02,0
SES_00001024,38,760,4,DESKTOP,ORGANIC,1142.14,0
SES_00001025,44,1452,10,MOBILE,AFFILIATE,4080.88,1
SES_00001026,43,1763,5,TABLET,AFFILIATE,1949.65,0
SES_00001027,34,1156,0,MOBILE,AFFILIATE,0.0,0
SES_00001028,37,814,7,MOBILE,PAID_SEARCH,1681.9,1
SES_00001029,1,24,0,MOBILE,SOCIAL_MEDIA,0.0,0
SES_00001030,25,900,10,DESKTOP,DIRECT,4081.16,1
SES_00001031,20,640,10,MOBILE,PAID_SEARCH,1199.78,1
SES_00001032,12,252,6,TABLET,ORGANIC,868.73,1
SES_00001033,9,531,6,DESKTOP,PAID_SEARCH,742.39,0
SES_00001034,12,324,7,TABLET,EMAIL,246.81,1
SES_00001035,10,150,9,TABLET,AFFILIATE,2889.49,0
SES_00001036,38,1748,2,TABLET,AFFILIATE,217.33,1
SES_00001037,24,960,5,TABLET,AFFILIATE,1048.92,0
SES_00001038,24,1008,1,TABLET,EMAIL,110.15,1
SES_00001039,14,840,10,MOBILE,DIRECT,2750.07,0
SES_00001040,34,1734,2,MOBILE,AFFILIATE,305.47,1
SES_00001041,11,275,8,MOBILE,AFFILIATE,2516.3,1
SES_00001042,21,966,4,MOBILE,SOCIAL_MEDIA,1597.33,1
SES_00001043,2,78,1,DESKTOP,EMAIL,372.53,1
SES_00001044,28,980,9,DESKTOP,SOCIAL_MEDIA,803.49,1
SES_00001045,21,693,8,TABLET,DIRECT,1307.18,1
SES_00001046,12,708,6,DESKTOP,SOCIAL_MEDIA,2513.8,0
SES_00001047,45,1080,9,TABLET,AFFILIATE,3423.71,0
SES_00001048,9,189,2,DESKTOP,ORGANIC,183.21,1
SES_00001049,44,968,4,TABLET,ORGANIC,1258.56,0
SES_00001050,33,1419,9,TABLET,EMAIL,2174.7,1
SES_00001051,39,1521,6,MOBILE,SOCIAL_MEDIA,701.25,1
SES_00001052,40,1720,4,MOBILE,SOCIAL_MEDIA,1414.89,1
SES_00001053,25,1250,0,MOBILE,EMAIL,0.0,0
SES_00001054,31,1023,3,DESKTOP,SOCIAL_MEDIA,473.35,1
SES_00001055,39,1170,6,MOBILE,ORGANIC,2386.58,1
SES_00001056,23,552,9,TABLET,DIRECT,3470.23,1
SES_00001057,8,440,3,DESKTOP,DIRECT,585.44,1
SES_00001058,38,1064,10,MOBILE,ORGANIC,2787.01,0
SES_00001059,38,874,6,TABLET,PAID_SEARCH,715.28,1
SES_00001060,39,1326,10,DESKTOP,ORGANIC,604.45,1
SES_00001061,30,1110,5,TABLET,SOCIAL_MEDIA,179.44,1
SES_00001062,29,1305,10,DESKTOP,SOCIAL_MEDIA,567.17,1
SES_00001063,32,768,10,TABLET,PAID_SEARCH,2321.08,1
SES_00001064,26,1430,7,DESKTOP,DIRECT,1526.53,0
SES_00001065,28,1120,3,MOBILE,ORGANIC,1102.2,1
SES_00001066,45,1980,4,DESKTOP,PAID_SEARCH,1244.58,1
SES_00001067,31,930,2,TABLET,EMAIL,797.08,0
SES_00001068,29,1450,6,MOBILE,AFFILIATE,1991.22,1
SES_00001069,17,595,0,TABLET,AFFILIATE,0.0,0
SES_00001070,22,1100,8,TABLET,ORGANIC,3268.71,1
SES_00001071,3,54,0,TABLET,EMAIL,0.0,0
SES_00001072,2,64,2,TABLET,AFFILIATE,380.7,1
SES_00001073,32,1664,9,DESKTOP,AFFILIATE,3240.51,1
SES_00001074,4,220,4,MOBILE,DIRECT,1187.93,1
SES_00001075,26,546,0,MOBILE,AFFILIATE,0.0,0
SES_00001076,32,768,1,MOBILE,DIRECT,28.87,1
SES_00001077,35,1190,5,TABLET,AFFILIATE,806.91,1
SES_00001078,31,589,2,DESKTOP,EMAIL,654.45,1
SES_00001079,6,168,0,TABLET,PAID_SEARCH,0.0,0
SES_00001080,39,1131,10,MOBILE,EMAIL,3090.29,0
SES_00001081,23,368,8,TABLET,DIRECT,458.73,1
SES_00001082,41,2132,0,MOBILE,AFFILIATE,0.0,0
SES_00001083,12,624,9,TABLET,ORGANIC,3639.77,1
SES_00001084,35,1365,0,TABLET,SOCIAL_MEDIA,0.0,0
SES_00001085,12,528,5,TABLET,ORGANIC,1426.36,1
SES_00001086,10,480,5,TABLET,AFFILIATE,980.22,1
SES_00001087,41,2337,6,MOBILE,AFFILIATE,634.55,1
SES_00001088,25,650,2,DESKTOP,AFFILIATE,156.09,1
SES_00001089,44,2200,6,DESKTOP,DIRECT,1956.55,1
SES_00001090,11,231,7,TABLET,EMAIL,1890.9,1
SES_00001091,15,810,10,DESKTOP,AFFILIATE,4499.46,1
SES_00001092,33,1947,6,TABLET,EMAIL,1670.07,1
SES_00001093,27,405,7,MOBILE,PAID_SEARCH,2070.07,1
SES_00001094,17,340,8,TABLET,PAID_SEARCH,1030.1,0
SES_00001095,20,1200,0,DESKTOP,DIRECT,0.0,0
SES_00001096,11,484,2,DESKTOP,AFFILIATE,852.78,1
SES_00001097,8,368,1,TABLET,DIRECT,248.14,0
SES_00001098,1,57,0,MOBILE,ORGANIC,0.0,0
SES_00001099,45,855,7,MOBILE,SOCIAL_MEDIA,802.58,1
SES_00001100,30,570,10,MOBILE,ORGANIC,2070.15,0
SES_00001101,42,1344,9,MOBILE,DIRECT,374.48,1
SES_00001102,4,236,1,MOBILE,EMAIL,283.04,1
SES_00001103,42,630,0,MOBILE,PAID_SEARCH,0.0,0
SES_00001104,38,1444,3,DESKTOP,PAID_SEARCH,133.07,1
SES_00001105,27,891,1,MOBILE,EMAIL,169.74,1
SES_00001106,29,1160,10,MOBILE,DIRECT,4250.88,1
SES_00001107,5,130,1,DESKTOP,DIRECT,363.38,1
SES_00001108,3,96,3,DESKTOP,ORGANIC,1046.88,1
SES_00001109,25,1000,10,TABLET,DIRECT,1006.71,1
SES_00001110,24,1032,5,TABLET,DIRECT,2129.53,1
SES_00001111,8,256,8,MOBILE,SOCIAL_MEDIA,1499.15,0
SES_00001112,28,924,6,DESKTOP,PAID_SEARCH,2041.15,0
SES_00001113,36,828,10,TABLET,SOCIAL_MEDIA,801.84,0
SES_00001114,28,1680,5,TABLET,DIRECT,645.02,0
SES_00001115,12,444,0,TABLET,ORGANIC,0.0,0
SES_00001116,28,728,7,MOBILE,DIRECT,2300.52,1
SES_00001117,19,627,2,DESKTOP,EMAIL,355.67,1
SES_00001118,11,308,8,DESKTOP,PAID_SEARCH,538.02,1
SES_00001119,10,200,7,TABLET,AFFILIATE,2792.02,0
SES_00001120,40,1120,7,TABLET,DIRECT,2270.35,1
SES_00001121,8,312,1,TABLET,ORGANIC,446.58,1
SES_00001122,32,1440,7,MOBILE,EMAIL,1857.6,0
SES_00001123,37,1221,8,TABLET,EMAIL,2912.25,0
SES_00001124,41,943,3,DESKTOP,DIRECT,459.08,1
SES_00001125,2,76,0,MOBILE,DIRECT,0.0,0
SES_00001126,45,720,9,MOBILE,DIRECT,3487.31,1
SES_00001127,1,36,0,MOBILE,ORGANIC,0.0,0
SES_00001128,6,132,2,MOBILE,ORGANIC,109.81,1
SES_00001129,32,1504,1,DESKTOP,EMAIL,416.25,1
SES_00001130,1,60,1,DESKTOP,ORGANIC,232.34,1
SES_00001131,41,1722,1,TABLET,ORGANIC,160.32,1
SES_00001132,8,312,6,DESKTOP,EMAIL,775.95,1
SES_00001133,1,16,1,MOBILE,EMAIL,386.43,0
SES_00001134,13,351,7,MOBILE,SOCIAL_MEDIA,1647.83,0
SES_00001135,36,828,0,MOBILE,ORGANIC,0.0,0
SES_00001136,7,420,6,MOBILE,EMAIL,2240.82,1
SES_00001137,16,752,5,MOBILE,PAID_SEARCH,791.27,0
SES_00001138,44,1628,3,MOBILE,ORGANIC,686.48,1
SES_00001139,18,378,4,DESKTOP,PAID_SEARCH,1702.2,1
SES_00001140,10,510,1,TABLET,EMAIL,121.77,1
SES_00001141,31,1209,10,MOBILE,DIRECT,398.27,0
SES_00001142,4,80,1,MOBILE,PAID_SEARCH,175.67,0
SES_00001143,32,1312,5,DESKTOP,DIRECT,1760.79,1
SES_00001144,41,1763,3,TABLET,PAID_SEARCH,1295.67,1
SES_00001145,19,627,9,MOBILE,EMAIL,3056.29,1
SES_00001146,4,88,3,DESKTOP,PAID_SEARCH,797.8,0
SES_00001147,31,1333,2,TABLET,AFFILIATE,232.1,0
SES_00001148,25,1300,0,DESKTOP,ORGANIC,0.0,0
SES_00001149,43,688,7,MOBILE,SOCIAL_MEDIA,399.22,1
SES_00001150,31,558,0,DESKTOP,ORGANIC,0.0,0
SES_00001151,7,301,2,TABLET,ORGANIC,289.12,0
SES_00001152,13,780,9,DESKTOP,EMAIL,2335.82,1
SES_00001153,39,1092,7,DESKTOP,DIRECT,1259.54,1
SES_00001154,34,2006,7,DESKTOP,PAID_SEARCH,2041.09,0
SES_00001155,19,551,2,TABLET,DIRECT,139.68,1
SES_00001156,43,817,10,MOBILE,DIRECT,2110.44,0
SES_00001157,30,990,7,DESKTOP,PAID_SEARCH,321.05,1
SES_00001158,43,1591,1,MOBILE,EMAIL,189.17,1
SES_00001159,40,2120,7,TABLET,PAID_SEARCH,1850.93,0
SES_00001160,34,1054,4,DESKTOP,PAID_SEARCH,501.23,0
SES_00001161,30,1290,6,MOBILE,PAID_SEARCH,389.49,1
SES_00001162,12,192,7,MOBILE,EMAIL,2056.14,1
SES_00001163,29,1421,10,DESKTOP,AFFILIATE,1223.96,1
SES_00001164,43,946,2,DESKTOP,SOCIAL_MEDIA,635.08,0
SES_00001165,7,385,3,DESKTOP,PAID_SEARCH,1139.71,0
SES_00001166,37,1110,0,TABLET,ORGANIC,0.0,0
SES_00001167,29,1131,1,DESKTOP,AFFILIATE,31.87,0
SES_00001168,21,546,0,TABLET,PAID_SEARCH,0.0,0
SES_00001169,6,162,1,MOBILE,AFFILIATE,310.6,1
SES_00001170,39,702,10,MOBILE,SOCIAL_MEDIA,483.12,1
SES_00001171,1,34,1,TABLET,SOCIAL_MEDIA,303.15,0
SES_00001172,30,810,10,MOBILE,AFFILIATE,1176.47,0
SES_00001173,5,165,2,MOBILE,SOCIAL_MEDIA,337.84,1
SES_00001174,45,2205,9,MOBILE,SOCIAL_MEDIA,3878.34,0
SES_00001175,22,792,10,DESKTOP,EMAIL,3642.91,1
SES_00001176,28,560,4,TABLET,DIRECT,463.49,0
SES_00001177,33,1188,9,TABLET,DIRECT,1212.96,1
SES_00001178,18,486,9,DESKTOP,PAID_SEARCH,3796.03,0
SES_00001179,44,2156,5,TABLET,PAID_SEARCH,1854.27,1
SES_00001180,25,575,10,DESKTOP,EMAIL,4492.71,1
SES_00001181,39,858,4,TABLET,EMAIL,663.45,1
SES_00001182,41,1640,6,TABLET,PAID_SEARCH,1826.53,1
SES_00001183,6,276,4,DESKTOP,EMAIL,1105.62,0
SES_00001184,38,1824,2,DESKTOP,DIRECT,484.6,1
SES_00001185,13,429,7,TABLET,SOCIAL_MEDIA,2928.74,1
SES_00001186,42,1848,4,MOBILE,ORGANIC,1463.2,1
SES_00001187,39,2340,4,MOBILE,SOCIAL_MEDIA,1154.3,0
SES_00001188,13,494,7,TABLET,PAID_SEARCH,935.94,1
SES_00001189,5,205,4,DESKTOP,DIRECT,1396.34,1
SES_00001190,32,1024,2,DESKTOP,PAID_SEARCH,494.51,1
SES_00001191,43,1075,9,MOBILE,DIRECT,1942.89,1
SES_00001192,24,816,6,DESKTOP,AFFILIATE,2651.87,1
SES_00001193,6,162,5,MOBILE,EMAIL,1076.95,1
SES_00001194,30,690,2,MOBILE,AFFILIATE,714.25,1
SES_00001195,31,527,8,TABLET,AFFILIATE,1111.64,1
SES_00001196,13,728,7,MOBILE,DIRECT,1305.02,1
SES_00001197,11,319,4,TABLET,ORGANIC,394.27,1
SES_00001198,41,1148,1,DESKTOP,PAID_SEARCH,132.58,1
SES_00001199,3,165,2,DESKTOP,EMAIL,587.79,1
SES_00001200,38,2014,0,TABLET,AFFILIATE,0.0,0
SES_00001201,5,275,0,TABLET,DIRECT,0.0,0
SES_00001202,37,2183,6,MOBILE,SOCIAL_MEDIA,544.78,1
SES_00001203,11,451,5,TABLET,SOCIAL_MEDIA,2117.35,1
SES_00001204,21,714,2,MOBILE,SOCIAL_MEDIA,121.98,1
SES_00001205,22,880,9,MOBILE,SOCIAL_MEDIA,280.3,1
SES_00001206,40,1800,3,DESKTOP,SOCIAL_MEDIA,730.42,1
SES_00001207,35,2100,0,TABLET,SOCIAL_MEDIA,0.0,0
SES_00001208,26,806,8,DESKTOP,EMAIL,2349.77,1
SES_00001209,16,608,7,TABLET,ORGANIC,612.75,1
SES_00001210,41,1435,7,DESKTOP,AFFILIATE,2938.79,1
SES_00001211,25,800,5,TABLET,SOCIAL_MEDIA,1348.02,1
SES_00001212,35,2030,3,DESKTOP,PAID_SEARCH,732.93,1
SES_00001213,14,630,4,DESKTOP,EMAIL,411.62,0
SES_00001214,33,1056,8,DESKTOP,DIRECT,466.21,0
SES_00001215,16,768,0,MOBILE,PAID_SEARCH,0.0,0
SES_00001216,9,315,9,DESKTOP,PAID_SEARCH,1911.3,1
SES_00001217,31,1705,8,MOBILE,SOCIAL_MEDIA,1001.35,1
SES_00001218,25,1275,6,TABLET,DIRECT,1802.89,0
SES_00001219,1,31,0,MOBILE,PAID_SEARCH,0.0,0
SES_00001220,18,432,7,MOBILE,AFFILIATE,209.08,1
SES_00001221,30,840,0,DESKTOP,EMAIL,0.0,0
SES_00001222,31,682,6,TABLET,SOCIAL_MEDIA,2264.34,0
SES_00001223,37,2183,8,TABLET,SOCIAL_MEDIA,2318.45,1
SES_00001224,41,902,0,MOBILE,SOCIAL_MEDIA,0.0,0
SES_00001225,19,551,4,MOBILE,ORGANIC,1133.46,1
SES_00001226,37,2146,6,MOBILE,PAID_SEARCH,721.83,1
SES_00001227,33,1881,0,MOBILE,ORGANIC,0.0,0
SES_00001228,13,286,7,DESKTOP,PAID_SEARCH,362.69,1
SES_00001229,32,1120,10,DESKTOP,SOCIAL_MEDIA,2430.92,1
SES_00001230,34,1054,3,TABLET,AFFILIATE,732.4,1
SES_00001231,19,608,0,DESKTOP,SOCIAL_MEDIA,0.0,0
SES_00001232,37,1406,1,TABLET,EMAIL,150.89,1
SES_00001233,2,60,2,TABLET,PAID_SEARCH,522.72,1
SES_00001234,32,1600,6,DESKTOP,EMAIL,1127.81,1
SES_00001235,17,527,6,DESKTOP,SOCIAL_MEDIA,1929.84,0
SES_00001236,18,450,10,TABLET,EMAIL,4016.79,1
SES_00001237,31,1550,2,DESKTOP,PAID_SEARCH,217.55,1
SES_00001238,16,576,5,DESKTOP,DIRECT,615.41,0
SES_00001239,36,1800,0,TABLET,SOCIAL_MEDIA,0.0,0
SES_00001240,20,780,2,TABLET,PAID_SEARCH,293.82,1
SES_00001241,40,1840,4,DESKTOP,EMAIL,519.05,0
SES_00001242,7,266,5,DESKTOP,PAID_SEARCH,1718.06,0
SES_00001243,13,728,9,DESKTOP,AFFILIATE,3904.69,1
SES_00001244,16,640,10,DESKTOP,DIRECT,2996.76,0
SES_00001245,8,256,3,TABLET,EMAIL,1285.53,1
SES_00001246,12,480,6,DESKTOP,EMAIL,1300.66,1
SES_00001247,16,608,8,DESKTOP,DIRECT,1381.97,1
SES_00001248,24,984,0,MOBILE,DIRECT,0.0,0
SES_00001249,29,1102,2,TABLET,AFFILIATE,743.84,1
SES_00001250,24,792,8,TABLET,SOCIAL_MEDIA,1589.03,1
SES_00001251,31,1550,7,DESKTOP,AFFILIATE,623.39,1
SES_00001252,9,432,6,MOBILE,SOCIAL_MEDIA,649.19,0
SES_00001253,44,1188,3,DESKTOP,AFFILIATE,1072.37,1
SES_00001254,41,2419,8,TABLET,AFFILIATE,1339.04,1
SES_00001255,12,252,6,DESKTOP,AFFILIATE,1379.93,0
SES_00001256,17,272,5,TABLET,EMAIL,964.79,1
SES_00001257,44,704,7,TABLET,DIRECT,576.45,0
SES_00001258,14,840,1,DESKTOP,AFFILIATE,108.65,1
SES_00001259,45,1665,2,TABLET,DIRECT,877.49,1
SES_00001260,19,380,5,MOBILE,PAID_SEARCH,1112.75,0
SES_00001261,22,1012,4,MOBILE,EMAIL,499.2,1
SES_00001262,15,900,0,MOBILE,PAID_SEARCH,0.0,0
SES_00001263,35,805,6,DESKTOP,SOCIAL_MEDIA,294.67,0
SES_00001264,19,380,3,TABLET,PAID_SEARCH,994.53,1
SES_00001265,13,247,8,DESKTOP,DIRECT,2142.26,0
SES_00001266,4,188,4,DESKTOP,ORGANIC,1039.48,1
SES_00001267,5,230,3,MOBILE,AFFILIATE,722.14,1
SES_00001268,12,276,0,DESKTOP,AFFILIATE,0.0,0
SES_00001269,30,1290,6,DESKTOP,ORGANIC,1065.68,0
SES_00001270,31,1736,9,DESKTOP,PAID_SEARCH,1708.18,1
SES_00001271,13,364,10,DESKTOP,ORGANIC,936.86,0
SES_00001272,10,190,0,DESKTOP,DIRECT,0.0,0
SES_00001273,31,1395,5,DESKTOP,EMAIL,736.72,1
SES_00001274,6,90,5,TABLET,PAID_SEARCH,512.77,1
SES_00001275,35,1260,1,TABLET,EMAIL,193.41,0
SES_00001276,26,1534,2,DESKTOP,SOCIAL_MEDIA,261.55,1
SES_00001277,44,1804,5,DESKTOP,EMAIL,716.35,1
SES_00001278,8,152,3,TABLET,EMAIL,1066.48,0
SES_00001279,43,1935,10,TABLET,AFFILIATE,3473.75,1
SES_00001280,20,960,10,DESKTOP,PAID_SEARCH,1917.15,0
SES_00001281,21,567,7,MOBILE,EMAIL,2711.01,0
SES_00001282,18,702,7,DESKTOP,PAID_SEARCH,2314.6,0
SES_00001283,37,1702,6,TABLET,AFFILIATE,2589.84,1
SES_00001284,34,1054,0,TABLET,AFFILIATE,0.0,0
SES_00001285,38,1482,0,MOBILE,PAID_SEARCH,0.0,0
SES_00001286,40,1240,6,DESKTOP,PAID_SEARCH,2230.73,1
SES_00001287,11,330,3,TABLET,SOCIAL_MEDIA,1074.02,0
SES_00001288,43,645,1,DESKTOP,SOCIAL_MEDIA,321.92,1
SES_00001289,8,280,3,MOBILE,PAID_SEARCH,395.3,1
SES_00001290,19,532,9,TABLET,AFFILIATE,1077.36,1
SES_00001291,45,855,7,TABLET,AFFILIATE,2866.01,1
SES_00001292,13,728,0,MOBILE,PAID_SEARCH,0.0,0
SES_00001293,34,578,3,MOBILE,PAID_SEARCH,823.81,1
SES_00001294,30,1710,10,MOBILE,AFFILIATE,4351.21,0
SES_00001295,38,1862,4,MOBILE,EMAIL,688.73,1
SES_00001296,5,210,2,DESKTOP,AFFILIATE,657.94,0
SES_00001297,8,416,4,TABLET,SOCIAL_MEDIA,216.06,1
SES_00001298,4,140,4,DESKTOP,EMAIL,1228.19,1
SES_00001299,9,198,5,MOBILE,EMAIL,2053.24,1
SES_00001300,37,666,7,TABLET,AFFILIATE,990.97,0
SES_00001301,39,1794,10,TABLET,SOCIAL_MEDIA,1436.73,1
SES_00001302,15,645,10,DESKTOP,ORGANIC,3242.96,0
SES_00001303,20,900,7,TABLET,EMAIL,2738.45,1
SES_00001304,24,504,9,MOBILE,DIRECT,2687.43,1
SES_00001305,4,156,0,MOBILE,AFFILIATE,0.0,0
SES_00001306,8,208,5,MOBILE,AFFILIATE,2006.29,0
SES_00001307,30,720,8,MOBILE,AFFILIATE,3339.81,1
SES_00001308,2,112,2,TABLET,SOCIAL_MEDIA,850.26,0
SES_00001309,41,1804,6,MOBILE,PAID_SEARCH,2254.22,0
SES_00001310,19,323,9,DESKTOP,DIRECT,3592.05,1
SES_00001311,9,225,6,DESKTOP,DIRECT,1090.43,1
SES_00001312,22,924,5,TABLET,EMAIL,802.44,1
SES_00001313,44,2596,0,MOBILE,EMAIL,0.0,0
SES_00001314,22,1122,0,MOBILE,ORGANIC,0.0,0
SES_00001315,17,459,0,MOBILE,ORGANIC,0.0,0
SES_00001316,15,555,2,DESKTOP,ORGANIC,64.52,1
SES_00001317,21,1071,8,DESKTOP,ORGANIC,3007.99,0
SES_00001318,1,48,0,MOBILE,SOCIAL_MEDIA,0.0,0
SES_00001319,20,460,7,DESKTOP,SOCIAL_MEDIA,303.15,0
SES_00001320,17,816,10,MOBILE,ORGANIC,3839.78,1
SES_00001321,36,792,0,TABLET,PAID_SEARCH,0.0,0
SES_00001322,45,2115,9,MOBILE,AFFILIATE,1397.56,1
SES_00001323,6,282,2,TABLET,AFFILIATE,109.58,1
SES_00001324,35,1540,4,DESKTOP,PAID_SEARCH,385.38,1
SES_00001325,32,1760,7,DESKTOP,SOCIAL_MEDIA,854.48,1
SES_00001326,44,1100,2,MOBILE,PAID_SEARCH,228.05,1
SES_00001327,29,638,8,DESKTOP,ORGANIC,1942.87,1
SES_00001328,19,722,4,DESKTOP,EMAIL,1268.76,1
SES_00001329,36,1404,0,DESKTOP,SOCIAL_MEDIA,0.0,0
SES_00001330,25,375,6,TABLET,SOCIAL_MEDIA,178.55,1
SES_00001331,23,460,6,MOBILE,SOCIAL_MEDIA,1635.69,1
SES_00001332,7,231,0,TABLET,AFFILIATE,0.0,0
SES_00001333,45,1575,7,DESKTOP,PAID_SEARCH,2232.56,1
SES_00001334,1,58,1,DESKTOP,PAID_SEARCH,167.04,1
SES_00001335,23,1380,1,DESKTOP,PAID_SEARCH,243.94,1
SES_00001336,34,1938,10,DESKTOP,DIRECT,2731.09,1
SES_00001337,16,640,3,DESKTOP,SOCIAL_MEDIA,1056.03,0
SES_00001338,10,160,8,MOBILE,AFFILIATE,2988.71,1
SES_00001339,43,2150,5,MOBILE,EMAIL,1389.7,1
SES_00001340,20,720,5,MOBILE,PAID_SEARCH,1088.69,0
SES_00001341,36,1800,1,TABLET,AFFILIATE,282.61,1
SES_00001342,30,1530,1,TABLET,AFFILIATE,340.53,1
SES_00001343,5,255,0,DESKTOP,EMAIL,0.0,0
SES_00001344,39,1209,7,MOBILE,DIRECT,431.75,0
SES_00001345,31,1147,9,DESKTOP,AFFILIATE,977.58,1
SES_00001346,13,754,5,MOBILE,ORGANIC,1805.87,1
SES_00001347,30,930,6,MOBILE,EMAIL,2273.24,1
SES_00001348,8,456,1,TABLET,EMAIL,283.31,1
SES_00001349,30,1110,4,MOBILE,ORGANIC,820.9,1
SES_00001350,10,420,0,DESKTOP,EMAIL,0.0,0
SES_00001351,20,660,2,DESKTOP,SOCIAL_MEDIA,733.94,1
SES_00001352,31,1736,4,MOBILE,PAID_SEARCH,449.17,1
SES_00001353,12,708,7,DESKTOP,EMAIL,2963.5,1
SES_00001354,31,620,9,TABLET,ORGANIC,3170.29,1
SES_00001355,30,660,10,MOBILE,EMAIL,704.38,0
SES_00001356,42,2058,6,DESKTOP,DIRECT,1302.72,0
SES_00001357,29,1479,1,DESKTOP,AFFILIATE,246.0,1
SES_00001358,18,522,10,MOBILE,ORGANIC,706.99,1
SES_00001359,27,810,3,TABLET,AFFILIATE,352.89,1
SES_00001360,30,750,2,TABLET,ORGANIC,651.42,1
SES_00001361,5,110,2,MOBILE,ORGANIC,829.41,1
SES_00001362,29,1508,1,DESKTOP,ORGANIC,443.17,1
SES_00001363,42,882,10,DESKTOP,ORGANIC,3963.31,0
SES_00001364,37,1295,1,DESKTOP,PAID_SEARCH,360.36,1
SES_00001365,37,814,10,DESKTOP,EMAIL,3162.78,1
SES_00001366,3,156,2,TABLET,AFFILIATE,525.96,0
SES_00001367,23,1380,8,DESKTOP,PAID_SEARCH,3431.21,1
SES_00001368,23,1150,3,MOBILE,PAID_SEARCH,493.1,1
SES_00001369,22,968,8,TABLET,PAID_SEARCH,2565.11,0
SES_00001370,1,60,0,TABLET,AFFILIATE,0.0,0
SES_00001371,11,319,5,MOBILE,SOCIAL_MEDIA,1852.95,1
SES_00001372,21,777,2,TABLET,DIRECT,521.93,1
SES_00001373,26,1430,7,TABLET,DIRECT,2700.95,1
SES_00001374,7,105,5,DESKTOP,EMAIL,585.46,1
SES_00001375,30,1050,4,DESKTOP,SOCIAL_MEDIA,534.01,0
SES_00001376,22,770,10,DESKTOP,DIRECT,3855.78,0
SES_00001377,38,2166,10,TABLET,ORGANIC,3444.59,0
SES_00001378,17,357,1,TABLET,DIRECT,144.07,1
SES_00001379,24,1104,1,TABLET,DIRECT,261.01,1
SES_00001380,40,1000,6,TABLET,EMAIL,1036.88,0
SES_00001381,35,1715,7,MOBILE,ORGANIC,2651.28,1
SES_00001382,2,90,1,DESKTOP,EMAIL,41.62,1
SES_00001383,24,1128,6,TABLET,PAID_SEARCH,1391.37,1
SES_00001384,11,539,6,TABLET,AFFILIATE,1725.0,1
SES_00001385,43,1806,10,MOBILE,DIRECT,811.48,1
SES_00001386,23,575,2,TABLET,SOCIAL_MEDIA,160.68,0
SES_00001387,21,693,1,TABLET,DIRECT,240.59,1
SES_00001388,37,1221,0,DESKTOP,AFFILIATE,0.0,0
SES_00001389,10,220,6,MOBILE,DIRECT,582.45,1
SES_00001390,1,20,0,MOBILE,DIRECT,0.0,0
SES_00001391,10,290,10,MOBILE,PAID_SEARCH,552.13,0
SES_00001392,19,703,10,TABLET,EMAIL,3219.66,1
SES_00001393,19,361,5,DESKTOP,DIRECT,1728.94,1
SES_00001394,3,63,2,MOBILE,ORGANIC,784.37,1
SES_00001395,45,1575,8,TABLET,ORGANIC,2135.82,1
SES_00001396,10,260,5,MOBILE,EMAIL,410.0,1
SES_00001397,41,2419,10,MOBILE,EMAIL,2483.88,0
SES_00001398,36,576,3,TABLET,DIRECT,440.06,1
SES_00001399,22,946,0,TABLET,AFFILIATE,0.0,0
SES_00001400,26,1248,3,MOBILE,SOCIAL_MEDIA,967.93,0
SES_00001401,34,1496,6,MOBILE,ORGANIC,1517.91,1
SES_00001402,33,1254,9,MOBILE,PAID_SEARCH,2610.69,1
SES_00001403,3,75,2,MOBILE,ORGANIC,401.94,0
SES_00001404,4,160,4,MOBILE,SOCIAL_MEDIA,1577.68,1
SES_00001405,35,1820,8,TABLET,PAID_SEARCH,1496.34,0
SES_00001406,18,846,7,DESKTOP,DIRECT,337.58,1
SES_00001407,44,2024,3,DESKTOP,EMAIL,858.0,1
SES_00001408,36,756,5,DESKTOP,EMAIL,1731.92,1
SES_00001409,6,216,1,DESKTOP,EMAIL,379.09,1
SES_00001410,24,696,5,DESKTOP,PAID_SEARCH,214.23,1
SES_00001411,25,475,8,MOBILE,DIRECT,1126.14,1
SES_00001412,2,74,2,DESKTOP,PAID_SEARCH,477.12,0
SES_00001413,34,1904,3,TABLET,AFFILIATE,316.58,0
SES_00001414,19,646,10,DESKTOP,DIRECT,3942.31,1
SES_00001415,16,400,4,MOBILE,AFFILIATE,247.73,1
SES_00001416,18,432,6,TABLET,ORGANIC,2334.08,1
SES_00001417,27,783,4,DESKTOP,PAID_SEARCH,1299.73,1
SES_00001418,28,924,2,TABLET,PAID_SEARCH,174.46,1
SES_00001419,29,754,4,DESKTOP,ORGANIC,1759.33,1
SES_00001420,5,195,3,MOBILE,DIRECT,1078.63,1
SES_00001421,8,336,1,TABLET,SOCIAL_MEDIA,344.26,0
SES_00001422,29,1653,9,DESKTOP,AFFILIATE,748.32,1
SES_00001423,4,240,3,DESKTOP,PAID_SEARCH,391.85,0
SES_00001424,10,330,6,DESKTOP,DIRECT,461.9,1
SES_00001425,21,1050,10,MOBILE,EMAIL,3367.66,1
SES_00001426,15,750,0,DESKTOP,PAID_SEARCH,0.0,0
SES_00001427,3,138,0,DESKTOP,DIRECT,0.0,0
SES_00001428,45,765,0,MOBILE,PAID_SEARCH,0.0,0
SES_00001429,9,432,6,MOBILE,DIRECT,1346.94,0
SES_00001430,21,945,3,DESKTOP,SOCIAL_MEDIA,921.83,1
SES_00001431,8,272,1,MOBILE,SOCIAL_MEDIA,262.9,1
SES_00001432,8,240,6,TABLET,EMAIL,882.01,0
SES_00001433,2,46,0,TABLET,ORGANIC,0.0,0
SES_00001434,21,1113,4,TABLET,SOCIAL_MEDIA,1386.63,1
SES_00001435,21,1155,5,DESKTOP,DIRECT,1941.11,1
SES_00001436,20,500,4,MOBILE,PAID_SEARCH,379.55,1
SES_00001437,5,130,1,MOBILE,ORGANIC,411.4,1
SES_00001438,17,918,5,MOBILE,DIRECT,632.72,0
SES_00001439,26,1144,7,MOBILE,DIRECT,1069.02,1
SES_00001440,13,390,2,MOBILE,ORGANIC,166.41,1
SES_00001441,43,1806,0,DESKTOP,SOCIAL_MEDIA,0.0,0
SES_00001442,19,1083,3,TABLET,EMAIL,421.25,0
SES_00001443,11,385,4,TABLET,DIRECT,1559.17,0
SES_00001444,29,638,8,MOBILE,ORGANIC,1641.97,1
SES_00001445,36,1584,6,MOBILE,DIRECT,2447.41,1
SES_00001446,27,1107,6,TABLET,SOCIAL_MEDIA,1576.31,0
SES_00001447,18,882,1,DESKTOP,SOCIAL_MEDIA,87.16,1
SES_00001448,18,360,10,DESKTOP,SOCIAL_MEDIA,520.25,1
SES_00001449,6,186,6,TABLET,AFFILIATE,743.97,1
SES_00001450,2,58,0,MOBILE,EMAIL,0.0,0
SES_00001451,37,2220,2,DESKTOP,DIRECT,809.45,0
SES_00001452,18,792,10,MOBILE,PAID_SEARCH,3989.33,1
SES_00001453,7,329,2,DESKTOP,SOCIAL_MEDIA,718.22,1
SES_00001454,6,276,2,MOBILE,AFFILIATE,525.31,1
SES_00001455,32,1760,10,MOBILE,PAID_SEARCH,1217.28,0
SES_00001456,24,1008,10,DESKTOP,AFFILIATE,2918.55,1
SES_00001457,6,150,5,DESKTOP,ORGANIC,1322.1,1
SES_00001458,15,225,2,DESKTOP,DIRECT,455.8,1
SES_00001459,19,494,4,MOBILE,EMAIL,1126.34,1
SES_00001460,5,200,1,MOBILE,DIRECT,295.45,1
SES_00001461,37,1036,5,DESKTOP,DIRECT,1066.92,1
SES_00001462,35,700,3,MOBILE,EMAIL,537.19,1
SES_00001463,8,320,2,MOBILE,PAID_SEARCH,202.26,0
SES_00001464,17,442,7,TABLET,PAID_SEARCH,186.0,1
SES_00001465,8,256,8,MOBILE,EMAIL,830.89,1
SES_00001466,14,322,9,MOBILE,ORGANIC,3599.19,0
SES_00001467,35,1470,3,DESKTOP,EMAIL,816.45,1
SES_00001468,33,594,6,TABLET,SOCIAL_MEDIA,1767.66,1
SES_00001469,20,320,8,DESKTOP,PAID_SEARCH,1663.3,0
SES_00001470,7,231,3,TABLET,AFFILIATE,947.06,0
SES_00001471,24,744,10,DESKTOP,ORGANIC,1351.07,1
SES_00001472,14,378,8,DESKTOP,ORGANIC,1081.46,0
SES_00001473,31,1612,7,MOBILE,ORGANIC,1056.07,1
SES_00001474,45,1935,7,MOBILE,DIRECT,358.91,0
SES_00001475,42,672,9,DESKTOP,DIRECT,1926.57,1
SES_00001476,38,1254,4,DESKTOP,PAID_SEARCH,1161.24,1
SES_00001477,38,1216,8,MOBILE,PAID_SEARCH,3437.86,1
SES_00001478,32,736,9,DESKTOP,SOCIAL_MEDIA,2922.4,1
SES_00001479,34,1564,4,TABLET,SOCIAL_MEDIA,1046.08,1
SES_00001480,24,600,7,MOBILE,AFFILIATE,1293.47,1
SES_00001481,9,171,2,DESKTOP,AFFILIATE,393.14,1
SES_00001482,18,990,1,TABLET,ORGANIC,163.42,0
SES_00001483,31,1767,7,DESKTOP,AFFILIATE,518.83,1
SES_00001484,31,1333,2,TABLET,PAID_SEARCH,779.57,0
SES_00001485,15,570,4,DESKTOP,SOCIAL_MEDIA,501.45,1
SES_00001486,36,1764,1,MOBILE,SOCIAL_MEDIA,302.84,0
SES_00001487,34,1394,8,DESKTOP,EMAIL,611.57,1
SES_00001488,3,111,3,DESKTOP,ORGANIC,1211.15,1
SES_00001489,34,1428,7,MOBILE,SOCIAL_MEDIA,1454.7,0
SES_00001490,44,2068,8,DESKTOP,ORGANIC,3494.0,1
SES_00001491,23,1380,3,TABLET,EMAIL,637.16,1
SES_00001492,1,31,0,DESKTOP,SOCIAL_MEDIA,0.0,0
SES_00001493,42,2436,3,MOBILE,SOCIAL_MEDIA,1321.94,1
SES_00001494,32,768,0,DESKTOP,SOCIAL_MEDIA,0.0,0
SES_00001495,27,864,10,TABLET,SOCIAL_MEDIA,2822.21,1
SES_00001496,12,336,4,TABLET,DIRECT,471.51,0
SES_00001497,31,1333,8,DESKTOP,SOCIAL_MEDIA,2355.31,1
SES_00001498,45,2430,5,DESKTOP,SOCIAL_MEDIA,572.36,0
SES_00001499,12,564,7,MOBILE,AFFILIATE,1336.15,1
SES_00001500,29,1421,4,DESKTOP,EMAIL,519.87,1
SES_00001501,31,1519,1,DESKTOP,DIRECT,165.08,0
SES_00001502,10,370,0,DESKTOP,ORGANIC,0.0,0
SES_00001503,36,1836,10,MOBILE,EMAIL,4023.52,1
SES_00001504,29,1189,0,TABLET,EMAIL,0.0,0
SES_00001505,17,357,5,MOBILE,PAID_SEARCH,1328.72,1
SES_00001506,15,900,8,MOBILE,SOCIAL_MEDIA,2080.91,1
SES_00001507,32,1632,6,DESKTOP,EMAIL,258.54,1
SES_00001508,7,175,5,TABLET,SOCIAL_MEDIA,2170.74,0
SES_00001509,4,64,0,MOBILE,EMAIL,0.0,0
SES_00001510,4,160,3,TABLET,ORGANIC,1269.97,1
SES_00001511,19,684,8,DESKTOP,AFFILIATE,393.52,1
SES_00001512,13,494,6,MOBILE,EMAIL,2365.64,1
SES_00001513,24,720,1,TABLET,SOCIAL_MEDIA,43.12,1
SES_00001514,8,408,4,DESKTOP,EMAIL,1288.79,1
SES_00001515,35,1225,3,DESKTOP,ORGANIC,932.08,0
SES_00001516,6,276,4,MOBILE,AFFILIATE,834.06,0
SES_00001517,26,598,8,DESKTOP,ORGANIC,1064.99,0
SES_00001518,13,585,6,TABLET,DIRECT,1193.97,1
SES_00001519,28,700,10,TABLET,AFFILIATE,3808.96,0
SES_00001520,24,360,3,MOBILE,PAID_SEARCH,919.74,0
SES_00001521,37,1591,1,DESKTOP,DIRECT,97.65,1
SES_00001522,40,1960,2,TABLET,EMAIL,395.18,1
SES_00001523,29,870,8,DESKTOP,ORGANIC,403.6,1
SES_00001524,11,451,7,MOBILE,ORGANIC,1433.44,1
SES_00001525,29,1073,8,MOBILE,SOCIAL_MEDIA,1300.23,1
SES_00001526,3,144,0,TABLET,DIRECT,0.0,0
SES_00001527,45,2205,9,TABLET,SOCIAL_MEDIA,1746.8,1
SES_00001528,28,1512,4,DESKTOP,SOCIAL_MEDIA,1001.18,1
SES_00001529,13,338,5,MOBILE,AFFILIATE,494.81,1
SES_00001530,19,1064,2,MOBILE,ORGANIC,636.6,1
SES_00001531,24,960,4,TABLET,PAID_SEARCH,1353.86,1
SES_00001532,25,700,4,MOBILE,EMAIL,101.58,0
SES_00001533,16,752,8,MOBILE,PAID_SEARCH,2937.09,0
SES_00001534,13,689,7,DESKTOP,SOCIAL_MEDIA,1234.25,0
SES_00001535,34,1666,7,MOBILE,EMAIL,3111.46,1
SES_00001536,5,75,1,MOBILE,AFFILIATE,172.83,1
SES_00001537,13,715,0,MOBILE,PAID_SEARCH,0.0,0
SES_00001538,39,975,3,DESKTOP,DIRECT,490.85,1
SES_00001539,44,748,1,TABLET,DIRECT,273.84,1
SES_00001540,41,1763,2,MOBILE,AFFILIATE,166.56,1
SES_00001541,33,1848,10,MOBILE,EMAIL,2935.26,1
SES_00001542,15,330,10,MOBILE,AFFILIATE,1110.41,1
SES_00001543,29,1305,0,TABLET,DIRECT,0.0,0
SES_00001544,15,240,9,MOBILE,SOCIAL_MEDIA,1387.2,1
SES_00001545,37,2183,3,DESKTOP,SOCIAL_MEDIA,552.94,1
SES_00001546,39,2106,10,TABLET,SOCIAL_MEDIA,4429.98,1
SES_00001547,44,2552,9,MOBILE,ORGANIC,1432.03,1
SES_00001548,30,1530,3,TABLET,PAID_SEARCH,859.66,1
SES_00001549,45,1980,5,MOBILE,SOCIAL_MEDIA,1747.9,1
SES_00001550,8,464,0,MOBILE,DIRECT,0.0,0
SES_00001551,20,300,10,MOBILE,PAID_SEARCH,1751.54,1
SES_00001552,44,2420,2,MOBILE,PAID_SEARCH,296.3,1
SES_00001553,4,196,1,TABLET,DIRECT,44.82,1
SES_00001554,4,108,3,DESKTOP,DIRECT,922.99,1
SES_00001555,23,920,7,MOBILE,DIRECT,481.41,0
SES_00001556,34,1666,9,TABLET,EMAIL,3324.44,1
SES_00001557,36,756,7,TABLET,AFFILIATE,1856.78,1
SES_00001558,39,1014,3,DESKTOP,DIRECT,698.37,0
SES_00001559,18,342,3,TABLET,DIRECT,637.65,1
SES_00001560,18,936,5,DESKTOP,SOCIAL_MEDIA,1319.8,0
SES_00001561,36,1908,5,TABLET,AFFILIATE,827.2,1
SES_00001562,43,731,5,DESKTOP,PAID_SEARCH,1940.66,0
SES_00001563,17,306,9,MOBILE,EMAIL,2441.8,1
SES_00001564,27,1242,6,MOBILE,PAID_SEARCH,1035.26,1
SES_00001565,43,2150,4,DESKTOP,DIRECT,818.08,1
SES_00001566,22,990,4,TABLET,DIRECT,299.15,1
SES_00001567,25,750,6,DESKTOP,DIRECT,1545.92,1
SES_00001568,40,1400,4,TABLET,PAID_SEARCH,1749.68,0
SES_00001569,31,961,5,TABLET,SOCIAL_MEDIA,573.46,0
SES_00001570,9,531,0,TABLET,PAID_SEARCH,0.0,0
SES_00001571,5,115,5,MOBILE,SOCIAL_MEDIA,2162.2,1
SES_00001572,17,289,9,DESKTOP,ORGANIC,2807.9,1
SES_00001573,9,351,6,TABLET,SOCIAL_MEDIA,470.37,1
SES_00001574,21,483,7,MOBILE,EMAIL,1325.93,1
SES_00001575,11,550,10,MOBILE,ORGANIC,3452.67,1
SES_00001576,42,1722,2,TABLET,PAID_SEARCH,563.57,0
SES_00001577,23,644,3,DESKTOP,ORGANIC,614.2,1
SES_00001578,34,1428,0,MOBILE,SOCIAL_MEDIA,0.0,0
SES_00001579,5,145,3,TABLET,SOCIAL_MEDIA,584.97,1
SES_00001580,7,329,3,DESKTOP,AFFILIATE,438.27,0
SES_00001581,9,270,6,MOBILE,SOCIAL_MEDIA,414.01,0
SES_00001582,16,800,3,MOBILE,ORGANIC,195.25,0
SES_00001583,23,1035,3,TABLET,AFFILIATE,886.9,1
SES_00001584,21,882,10,DESKTOP,PAID_SEARCH,3820.89,1
SES_00001585,34,1666,1,DESKTOP,DIRECT,321.89,1
SES_00001586,18,414,4,TABLET,AFFILIATE,376.01,0
SES_00001587,15,495,7,TABLET,PAID_SEARCH,1582.11,1
SES_00001588,2,104,1,MOBILE,AFFILIATE,343.81,1
SES_00001589,23,621,8,TABLET,SOCIAL_MEDIA,3009.96,1
SES_00001590,1,16,0,TABLET,DIRECT,0.0,0
SES_00001591,9,360,5,MOBILE,SOCIAL_MEDIA,246.6,1
SES_00001592,7,175,5,MOBILE,AFFILIATE,2016.78,1
SES_00001593,1,41,0,MOBILE,DIRECT,0.0,0
SES_00001594,21,924,4,DESKTOP,AFFILIATE,768.71,1
SES_00001595,8,120,7,MOBILE,PAID_SEARCH,933.22,1
SES_00001596,25,1425,2,DESKTOP,DIRECT,505.59,1
SES_00001597,3,45,3,TABLET,PAID_SEARCH,445.56,1
SES_00001598,42,1890,9,TABLET,AFFILIATE,1952.23,1
SES_00001599,32,1440,8,DESKTOP,PAID_SEARCH,335.0,1
SES_00001600,21,483,7,TABLET,ORGANIC,358.23,0
SES_00001601,4,128,2,DESKTOP,DIRECT,312.98,1
SES_00001602,8,288,8,DESKTOP,ORGANIC,622.1,1
SES_00001603,41,738,4,MOBILE,DIRECT,1650.55,1
SES_00001604,39,585,3,TABLET,AFFILIATE,989.93,1
SES_00001605,32,1280,9,MOBILE,ORGANIC,2559.5,1
SES_00001606,42,1512,6,MOBILE,SOCIAL_MEDIA,1032.98,1
SES_00001607,23,391,8,TABLET,AFFILIATE,296.19,0
SES_00001608,42,1344,3,MOBILE,AFFILIATE,1191.22,0
SES_00001609,43,946,10,TABLET,DIRECT,3587.48,0
SES_00001610,15,540,1,DESKTOP,SOCIAL_MEDIA,316.88,1
SES_00001611,23,874,9,MOBILE,SOCIAL_MEDIA,1274.14,1
SES_00001612,27,1053,10,MOBILE,SOCIAL_MEDIA,2685.68,0
SES_00001613,25,575,8,MOBILE,PAID_SEARCH,1592.35,0
SES_00001614,23,1035,0,TABLET,DIRECT,0.0,0
SES_00001615,26,754,5,MOBILE,EMAIL,1289.61,1
SES_00001616,25,725,4,TABLET,AFFILIATE,550.24,0
SES_00001617,31,930,10,TABLET,PAID_SEARCH,3416.72,0
SES_00001618,25,1350,4,TABLET,SOCIAL_MEDIA,1017.63,0
SES_00001619,5,165,1,DESKTOP,DIRECT,361.54,0
SES_00001620,28,1204,2,DESKTOP,AFFILIATE,476.87,0
SES_00001621,7,168,5,TABLET,AFFILIATE,1757.03,1
SES_00001622,18,270,2,TABLET,SOCIAL_MEDIA,602.11,1
SES_00001623,20,340,0,TABLET,PAID_SEARCH,0.0,0
SES_00001624,33,891,0,DESKTOP,SOCIAL_MEDIA,0.0,0
SES_00001625,25,700,4,MOBILE,EMAIL,1721.18,1
SES_00001626,11,561,2,DESKTOP,DIRECT,144.2,0
SES_00001627,35,875,8,DESKTOP,DIRECT,1983.75,1
SES_00001628,43,1333,2,TABLET,DIRECT,527.71,1
SES_00001629,43,1204,0,DESKTOP,PAID_SEARCH,0.0,0
SES_00001630,42,1134,9,TABLET,PAID_SEARCH,3886.66,1
SES_00001631,2,74,2,TABLET,PAID_SEARCH,304.67,1
SES_00001632,1,24,0,TABLET,EMAIL,0.0,0
SES_00001633,12,444,8,MOBILE,AFFILIATE,1559.31,1
SES_00001634,26,780,5,TABLET,AFFILIATE,943.11,1
SES_00001635,3,117,3,TABLET,SOCIAL_MEDIA,1167.17,1
SES_00001636,9,378,4,DESKTOP,PAID_SEARCH,460.93,1
SES_00001637,20,520,1,MOBILE,SOCIAL_MEDIA,116.49,0
SES_00001638,40,1320,10,TABLET,SOCIAL_MEDIA,1275.87,1
SES_00001639,41,2460,2,MOBILE,DIRECT,792.44,1
SES_00001640,19,893,6,DESKTOP,SOCIAL_MEDIA,1661.62,1
SES_00001641,24,1224,1,MOBILE,SOCIAL_MEDIA,391.94,1
SES_00001642,15,765,10,DESKTOP,PAID_SEARCH,2215.07,1
SES_00001643,16,352,8,TABLET,DIRECT,2325.34,1
SES_00001644,27,1350,9,DESKTOP,AFFILIATE,3010.58,1
SES_00001645,3,81,1,DESKTOP,AFFILIATE,158.18,1
SES_00001646,32,608,6,MOBILE,ORGANIC,1246.52,0
SES_00001647,44,924,4,TABLET,ORGANIC,292.08,1
SES_00001648,32,1184,3,DESKTOP,ORGANIC,788.7,1
SES_00001649,22,616,7,DESKTOP,ORGANIC,1720.22,1
SES_00001650,43,1763,10,TABLET,PAID_SEARCH,2883.25,1
SES_00001651,30,960,1,TABLET,EMAIL,178.35,1
SES_00001652,25,550,7,MOBILE,AFFILIATE,1139.58,0
SES_00001653,24,480,7,DESKTOP,EMAIL,2098.54,1
SES_00001654,3,48,1,TABLET,DIRECT,345.23,0
SES_00001655,44,1408,9,TABLET,PAID_SEARCH,3123.67,1
SES_00001656,6,258,3,TABLET,ORGANIC,99.1,0
SES_00001657,23,759,0,TABLET,AFFILIATE,0.0,0
SES_00001658,36,936,3,TABLET,PAID_SEARCH,660.81,1
SES_00001659,13,234,4,DESKTOP,DIRECT,1588.45,1
SES_00001660,13,247,1,DESKTOP,PAID_SEARCH,373.4,1
SES_00001661,41,1066,0,TABLET,EMAIL,0.0,0
SES_00001662,20,740,4,MOBILE,SOCIAL_MEDIA,1054.26,1
SES_00001663,27,1296,2,TABLET,EMAIL,421.75,1
SES_00001664,1,52,0,MOBILE,SOCIAL_MEDIA,0.0,0
SES_00001665,6,168,0,MOBILE,ORGANIC,0.0,0
SES_00001666,20,340,1,DESKTOP,EMAIL,52.78,0
SES_00001667,7,126,7,MOBILE,DIRECT,711.17,1
SES_00001668,25,500,0,DESKTOP,EMAIL,0.0,0
SES_00001669,26,1404,5,MOBILE,DIRECT,1957.52,1
SES_00001670,40,840,0,TABLET,PAID_SEARCH,0.0,0
SES_00001671,34,1428,4,DESKTOP,AFFILIATE,949.02,1
SES_00001672,12,204,10,MOBILE,ORGANIC,893.37,1
SES_00001673,32,608,9,DESKTOP,EMAIL,1361.79,0
SES_00001674,13,533,9,DESKTOP,ORGANIC,858.02,1
SES_00001675,19,1102,0,DESKTOP,ORGANIC,0.0,0
SES_00001676,43,1978,3,TABLET,AFFILIATE,1074.12,1
SES_00001677,39,2340,3,TABLET,PAID_SEARCH,1275.65,1
SES_00001678,10,380,7,DESKTOP,PAID_SEARCH,2308.66,1
SES_00001679,18,576,7,MOBILE,EMAIL,1238.82,0
SES_00001680,5,200,3,MOBILE,PAID_SEARCH,87.05,1
SES_00001681,19,418,8,TABLET,ORGANIC,3477.7,1
SES_00001682,21,672,8,MOBILE,PAID_SEARCH,2203.63,1
SES_00001683,15,705,5,DESKTOP,DIRECT,960.39,0
SES_00001684,13,273,8,TABLET,SOCIAL_MEDIA,1868.52,1
SES_00001685,36,1656,0,DESKTOP,DIRECT,0.0,0
SES_00001686,39,2301,7,TABLET,SOCIAL_MEDIA,574.36,1
SES_00001687,26,650,8,DESKTOP,AFFILIATE,1057.89,0
SES_00001688,1,16,1,MOBILE,SOCIAL_MEDIA,110.0,1
SES_00001689,43,2021,4,TABLET,DIRECT,1275.1,1
SES_00001690,28,1680,7,MOBILE,PAID_SEARCH,1945.41,1
SES_00001691,11,517,10,TABLET,SOCIAL_MEDIA,2494.03,1
SES_00001692,29,1653,7,TABLET,PAID_SEARCH,3063.72,1
SES_00001693,44,2200,10,DESKTOP,ORGANIC,1701.14,0
SES_00001694,37,1961,7,DESKTOP,EMAIL,2548.44,1
SES_00001695,35,805,6,TABLET,PAID_SEARCH,1337.09,1
SES_00001696,11,616,2,MOBILE,DIRECT,806.16,1
SES_00001697,27,999,6,DESKTOP,AFFILIATE,2480.24,1
SES_00001698,12,396,5,TABLET,SOCIAL_MEDIA,1411.45,1
SES_00001699,43,2408,10,TABLET,PAID_SEARCH,1291.04,1
SES_00001700,16,400,4,TABLET,SOCIAL_MEDIA,1367.78,1
SES_00001701,23,690,0,DESKTOP,ORGANIC,0.0,0
SES_00001702,24,1128,5,TABLET,EMAIL,1045.45,1
SES_00001703,39,2262,1,DESKTOP,AFFILIATE,137.35,1
SES_00001704,18,1026,5,MOBILE,DIRECT,405.08,1
SES_00001705,41,1107,6,MOBILE,SOCIAL_MEDIA,153.29,0
SES_00001706,39,780,10,MOBILE,PAID_SEARCH,1231.28,0
SES_00001707,3,150,2,TABLET,EMAIL,95.38,0
SES_00001708,29,1160,2,TABLET,EMAIL,833.92,0
SES_00001709,13,481,5,TABLET,EMAIL,1849.46,1
SES_00001710,43,1075,6,DESKTOP,AFFILIATE,1983.92,1
SES_00001711,23,391,6,DESKTOP,PAID_SEARCH,1174.94,1
SES_00001712,41,902,1,MOBILE,AFFILIATE,294.78,1
SES_00001713,22,1122,8,DESKTOP,PAID_SEARCH,1728.91,1
SES_00001714,2,30,1,DESKTOP,EMAIL,188.47,0
SES_00001715,28,1400,7,MOBILE,DIRECT,1877.97,1
SES_00001716,37,1258,5,MOBILE,EMAIL,2230.28,1
SES_00001717,44,2552,9,TABLET,AFFILIATE,2910.89,1
SES_00001718,10,400,7,DESKTOP,EMAIL,2201.07,1
SES_00001719,34,1054,3,DESKTOP,ORGANIC,649.62,1
SES_00001720,7,154,6,MOBILE,SOCIAL_MEDIA,1766.37,1
SES_00001721,39,858,2,DESKTOP,AFFILIATE,850.42,1
SES_00001722,17,646,4,MOBILE,EMAIL,1457.98,1
SES_00001723,1,31,0,DESKTOP,EMAIL,0.0,0
SES_00001724,18,540,8,MOBILE,AFFILIATE,1372.49,1
SES_00001725,31,1705,3,MOBILE,ORGANIC,653.54,1
SES_00001726,14,350,8,MOBILE,DIRECT,695.92,1
SES_00001727,14,238,3,TABLET,AFFILIATE,311.67,1
SES_00001728,23,1265,7,TABLET,ORGANIC,2901.19,1
SES_00001729,33,726,6,MOBILE,PAID_SEARCH,286.03,0
SES_00001730,21,483,5,TABLET,PAID_SEARCH,605.99,1
SES_00001731,40,1080,3,TABLET,SOCIAL_MEDIA,484.72,1
SES_00001732,44,1012,5,DESKTOP,SOCIAL_MEDIA,1330.14,0
SES_00001733,26,416,2,DESKTOP,ORGANIC,364.12,1
SES_00001734,2,54,1,DESKTOP,EMAIL,63.45,1
SES_00001735,4,208,3,TABLET,EMAIL,354.61,1
SES_00001736,26,780,10,DESKTOP,ORGANIC,3835.57,1
SES_00001737,32,672,7,TABLET,EMAIL,1222.62,1
SES_00001738,13,715,8,TABLET,ORGANIC,1700.18,1
SES_00001739,10,360,2,TABLET,ORGANIC,171.15,1
SES_00001740,38,1444,8,TABLET,PAID_SEARCH,1225.26,0
SES_00001741,19,532,3,DESKTOP,DIRECT,411.47,0
SES_00001742,31,1178,5,DESKTOP,PAID_SEARCH,1706.71,1
SES_00001743,3,108,2,MOBILE,PAID_SEARCH,734.7,1
SES_00001744,7,119,7,DESKTOP,AFFILIATE,1710.35,1
SES_00001745,36,2088,4,TABLET,ORGANIC,556.71,0
SES_00001746,16,528,10,MOBILE,AFFILIATE,2981.86,1
SES_00001747,32,672,1,DESKTOP,PAID_SEARCH,206.52,1
SES_00001748,39,2028,0,TABLET,AFFILIATE,0.0,0
SES_00001749,23,989,3,MOBILE,EMAIL,586.64,1
SES_00001750,32,960,8,MOBILE,DIRECT,2365.18,1
SES_00001751,14,364,6,DESKTOP,EMAIL,1814.48,1
SES_00001752,36,648,2,DESKTOP,ORGANIC,825.06,1
SES_00001753,15,795,4,MOBILE,EMAIL,1056.58,0
SES_00001754,45,810,4,DESKTOP,DIRECT,968.51,0
SES_00001755,10,300,7,TABLET,PAID_SEARCH,2974.31,1
SES_00001756,21,378,6,MOBILE,ORGANIC,816.3,1
SES_00001757,33,627,8,DESKTOP,AFFILIATE,2869.76,1
SES_00001758,7,105,3,MOBILE,SOCIAL_MEDIA,186.6,1
SES_00001759,3,81,3,DESKTOP,PAID_SEARCH,333.46,1
SES_00001760,3,63,0,TABLET,AFFILIATE,0.0,0
SES_00001761,21,504,8,DESKTOP,DIRECT,1253.83,1
SES_00001762,16,624,7,TABLET,SOCIAL_MEDIA,2117.41,1
SES_00001763,9,315,4,TABLET,SOCIAL_MEDIA,776.27,1
SES_00001764,36,1548,5,DESKTOP,AFFILIATE,136.82,1
SES_00001765,45,1260,4,MOBILE,DIRECT,1711.52,0
SES_00001766,2,108,0,DESKTOP,AFFILIATE,0.0,0
SES_00001767,20,340,5,DESKTOP,ORGANIC,1808.34,0
SES_00001768,27,1323,7,MOBILE,ORGANIC,2393.98,1
SES_00001769,5,215,3,MOBILE,EMAIL,603.5,0
SES_00001770,21,399,3,TABLET,SOCIAL_MEDIA,163.12,0
SES_00001771,30,810,2,TABLET,PAID_SEARCH,774.47,1
SES_00001772,41,2255,8,DESKTOP,SOCIAL_MEDIA,3214.11,1
SES_00001773,39,741,7,DESKTOP,AFFILIATE,2332.97,1
SES_00001774,6,150,4,MOBILE,ORGANIC,1320.38,0
SES_00001775,40,1920,4,MOBILE,PAID_SEARCH,600.86,1
SES_00001776,13,598,10,TABLET,DIRECT,459.9,0
SES_00001777,3,87,2,TABLET,PAID_SEARCH,78.97,1
SES_00001778,44,1980,1,DESKTOP,SOCIAL_MEDIA,159.27,0
SES_00001779,17,680,9,DESKTOP,EMAIL,1684.4,1
SES_00001780,4,204,1,TABLET,DIRECT,180.38,1
SES_00001781,16,256,0,DESKTOP,ORGANIC,0.0,0
SES_00001782,37,962,0,TABLET,EMAIL,0.0,0
SES_00001783,24,1320,0,DESKTOP,PAID_SEARCH,0.0,0
SES_00001784,18,414,4,TABLET,AFFILIATE,1485.64,0
SES_00001785,12,588,5,MOBILE,SOCIAL_MEDIA,443.67,0
SES_00001786,26,1066,4,TABLET,PAID_SEARCH,1166.44,0
SES_00001787,37,1147,9,DESKTOP,PAID_SEARCH,1681.64,0
SES_00001788,40,1880,9,TABLET,EMAIL,765.08,1
SES_00001789,34,1870,8,DESKTOP,AFFILIATE,3379.33,0
SES_00001790,34,748,3,MOBILE,AFFILIATE,992.11,1
SES_00001791,34,1632,7,DESKTOP,PAID_SEARCH,1337.79,1
SES_00001792,34,2006,0,MOBILE,PAID_SEARCH,0.0,0
SES_00001793,22,1034,8,MOBILE,EMAIL,3519.04,1
SES_00001794,22,1188,2,DESKTOP,SOCIAL_MEDIA,222.28,1
SES_00001795,44,1100,8,DESKTOP,EMAIL,2525.52,1
SES_00001796,28,588,5,DESKTOP,SOCIAL_MEDIA,1989.97,0
SES_00001797,43,2236,4,TABLET,ORGANIC,461.08,0
SES_00001798,32,1248,2,DESKTOP,ORGANIC,861.5,1
SES_00001799,30,1020,7,MOBILE,PAID_SEARCH,892.17,1
SES_00001800,24,840,0,DESKTOP,EMAIL,0.0,0
SES_00001801,26,494,10,DESKTOP,ORGANIC,4454.52,1
SES_00001802,17,391,0,DESKTOP,EMAIL,0.0,0
SES_00001803,40,1640,8,MOBILE,EMAIL,2820.2,0
SES_00001804,14,658,0,TABLET,AFFILIATE,0.0,0
SES_00001805,37,2146,3,MOBILE,AFFILIATE,834.35,1
SES_00001806,38,684,3,DESKTOP,AFFILIATE,931.78,1
SES_00001807,4,212,2,DESKTOP,AFFILIATE,556.6,1
SES_00001808,25,950,8,DESKTOP,ORGANIC,1824.55,1
SES_00001809,28,1260,7,TABLET,EMAIL,2261.71,1
SES_00001810,13,494,4,MOBILE,PAID_SEARCH,1357.75,1
SES_00001811,24,1008,5,DESKTOP,ORGANIC,1239.08,0
SES_00001812,22,1056,1,MOBILE,PAID_SEARCH,392.12,0
SES_00001813,23,483,8,TABLET,AFFILIATE,382.88,1
SES_00001814,12,636,3,TABLET,EMAIL,1072.27,1
SES_00001815,17,935,3,DESKTOP,EMAIL,602.9,1
SES_00001816,3,93,2,TABLET,DIRECT,364.95,1
SES_00001817,45,1080,4,TABLET,PAID_SEARCH,1400.02,1
SES_00001818,28,756,3,MOBILE,ORGANIC,306.06,1
SES_00001819,44,1232,10,TABLET,EMAIL,2857.91,0
SES_00001820,10,470,4,DESKTOP,AFFILIATE,524.54,1
SES_00001821,11,429,6,MOBILE,EMAIL,287.15,1
SES_00001822,32,1248,3,TABLET,ORGANIC,346.54,1
SES_00001823,24,912,8,TABLET,EMAIL,2638.69,0
SES_00001824,42,882,5,DESKTOP,EMAIL,625.39,0
SES_00001825,12,480,3,TABLET,EMAIL,1083.64,1
SES_00001826,33,1584,10,DESKTOP,SOCIAL_MEDIA,2728.54,1
SES_00001827,35,2030,1,DESKTOP,EMAIL,358.05,1
SES_00001828,38,950,7,DESKTOP,ORGANIC,402.65,1
SES_00001829,43,1978,0,DESKTOP,AFFILIATE,0.0,0
SES_00001830,15,795,0,DESKTOP,SOCIAL_MEDIA,0.0,0
SES_00001831,39,2028,0,MOBILE,SOCIAL_MEDIA,0.0,0
SES_00001832,17,748,2,DESKTOP,SOCIAL_MEDIA,189.22,1
SES_00001833,17,425,5,MOBILE,PAID_SEARCH,1594.48,0
SES_00001834,26,1092,9,TABLET,SOCIAL_MEDIA,2590.02,1
SES_00001835,6,282,0,DESKTOP,PAID_SEARCH,0.0,0
SES_00001836,29,1537,10,DESKTOP,DIRECT,727.03,1
SES_00001837,28,532,6,DESKTOP,DIRECT,2153.54,1
SES_00001838,27,864,8,TABLET,SOCIAL_MEDIA,1555.76,1
SES_00001839,32,480,2,TABLET,AFFILIATE,352.42,1
SES_00001840,16,640,7,MOBILE,ORGANIC,2484.95,1
SES_00001841,6,120,3,DESKTOP,EMAIL,641.61,1
SES_00001842,17,561,3,MOBILE,AFFILIATE,516.07,1
SES_00001843,31,744,2,DESKTOP,AFFILIATE,184.27,1
SES_00001844,29,1073,1,MOBILE,EMAIL,95.02,1
SES_00001845,33,1320,9,MOBILE,EMAIL,426.57,1
SES_00001846,34,1564,2,DESKTOP,SOCIAL_MEDIA,452.94,1
SES_00001847,19,570,9,TABLET,SOCIAL_MEDIA,2424.23,1
SES_00001848,3,174,0,DESKTOP,AFFILIATE,0.0,0
SES_00001849,13,533,10,DESKTOP,AFFILIATE,694.91,0
SES_00001850,44,1716,5,TABLET,AFFILIATE,1047.41,1
SES_00001851,26,416,8,DESKTOP,EMAIL,1739.15,1
SES_00001852,45,1530,1,DESKTOP,PAID_SEARCH,185.49,1
SES_00001853,45,1215,4,DESKTOP,AFFILIATE,1632.03,0
SES_00001854,40,2240,10,MOBILE,ORGANIC,3949.29,1
SES_00001855,22,1100,7,TABLET,ORGANIC,353.77,1
SES_00001856,12,576,8,DESKTOP,AFFILIATE,1773.34,0
SES_00001857,26,1534,0,MOBILE,ORGANIC,0.0,0
SES_00001858,38,1368,2,DESKTOP,AFFILIATE,761.81,1
SES_00001859,20,1040,5,MOBILE,EMAIL,425.66,1
SES_00001860,39,1443,5,TABLET,AFFILIATE,465.14,1
SES_00001861,35,665,0,MOBILE,SOCIAL_MEDIA,0.0,0
SES_00001862,19,855,6,TABLET,DIRECT,1233.37,1
SES_00001863,43,1290,9,DESKTOP,PAID_SEARCH,2721.06,1
SES_00001864,17,714,5,MOBILE,SOCIAL_MEDIA,408.44,0
SES_00001865,38,1634,4,TABLET,PAID_SEARCH,1567.41,0
SES_00001866,20,1020,6,MOBILE,PAID_SEARCH,1003.52,0
SES_00001867,8,192,3,MOBILE,ORGANIC,1147.49,0
SES_00001868,35,1400,10,MOBILE,EMAIL,868.29,1
SES_00001869,35,840,8,MOBILE,EMAIL,1030.45,1
SES_00001870,27,729,3,DESKTOP,DIRECT,265.26,1
SES_00001871,39,2340,0,TABLET,ORGANIC,0.0,0
SES_00001872,4,144,4,DESKTOP,DIRECT,794.11,1
SES_00001873,21,483,2,MOBILE,PAID_SEARCH,792.36,0
SES_00001874,35,1960,10,MOBILE,AFFILIATE,3835.8,0
SES_00001875,8,264,7,MOBILE,SOCIAL_MEDIA,1335.4,1
SES_00001876,42,1806,0,TABLET,AFFILIATE,0.0,0
SES_00001877,42,756,4,TABLET,PAID_SEARCH,1292.82,1
SES_00001878,21,1239,0,MOBILE,DIRECT,0.0,0
SES_00001879,32,1472,8,DESKTOP,PAID_SEARCH,1712.1,1
SES_00001880,1,52,0,MOBILE,AFFILIATE,0.0,0
SES_00001881,34,884,6,TABLET,PAID_SEARCH,1141.57,1
SES_00001882,22,440,9,TABLET,PAID_SEARCH,2603.75,1
SES_00001883,29,1711,9,TABLET,SOCIAL_MEDIA,1951.23,1
SES_00001884,33,1386,10,TABLET,DIRECT,4174.65,1
SES_00001885,39,936,5,MOBILE,PAID_SEARCH,1364.56,1
SES_00001886,19,399,10,DESKTOP,PAID_SEARCH,913.72,1
SES_00001887,7,196,2,MOBILE,PAID_SEARCH,763.79,0
SES_00001888,17,612,5,MOBILE,SOCIAL_MEDIA,1737.38,1
SES_00001889,35,910,0,MOBILE,ORGANIC,0.0,0
SES_00001890,35,595,0,DESKTOP,EMAIL,0.0,0
SES_00001891,7,294,1,TABLET,PAID_SEARCH,150.65,1
SES_00001892,21,441,0,MOBILE,ORGANIC,0.0,0
SES_00001893,32,1248,9,TABLET,ORGANIC,1420.25,0
SES_00001894,41,2214,8,MOBILE,PAID_SEARCH,701.52,1
SES_00001895,21,714,4,DESKTOP,ORGANIC,883.28,0
SES_00001896,26,728,4,TABLET,SOCIAL_MEDIA,391.99,1
SES_00001897,29,667,7,TABLET,AFFILIATE,2743.47,0
SES_00001898,21,1113,2,DESKTOP,PAID_SEARCH,75.3,1
SES_00001899,12,660,6,TABLET,SOCIAL_MEDIA,2131.85,1
SES_00001900,37,1443,0,TABLET,SOCIAL_MEDIA,0.0,0
SES_00001901,27,1458,9,TABLET,PAID_SEARCH,1331.66,1
SES_00001902,23,1127,8,DESKTOP,ORGANIC,967.79,0
SES_00001903,43,1505,10,TABLET,SOCIAL_MEDIA,3127.27,1
SES_00001904,32,1568,10,MOBILE,SOCIAL_MEDIA,3394.21,1
SES_00001905,33,924,10,MOBILE,SOCIAL_MEDIA,2130.81,0
SES_00001906,36,828,4,MOBILE,SOCIAL_MEDIA,1778.01,1
SES_00001907,31,1271,10,TABLET,ORGANIC,2020.91,1
SES_00001908,34,1564,8,TABLET,SOCIAL_MEDIA,860.74,1
SES_00001909,11,627,8,MOBILE,PAID_SEARCH,939.74,1
SES_00001910,14,798,4,DESKTOP,SOCIAL_MEDIA,539.76,1
SES_00001911,42,1092,1,DESKTOP,AFFILIATE,304.36,1
SES_00001912,42,2478,8,TABLET,ORGANIC,983.1,0
SES_00001913,19,475,4,MOBILE,EMAIL,222.34,0
SES_00001914,40,720,4,DESKTOP,DIRECT,1450.4,0
SES_00001915,8,432,5,MOBILE,AFFILIATE,999.88,0
SES_00001916,23,1357,9,MOBILE,ORGANIC,3961.9,0
SES_00001917,36,1908,7,TABLET,AFFILIATE,2967.41,0
SES_00001918,7,322,7,TABLET,ORGANIC,2082.01,0
SES_00001919,34,1326,2,MOBILE,DIRECT,424.29,1
SES_00001920,27,1512,6,TABLET,EMAIL,2200.42,1
SES_00001921,24,864,10,DESKTOP,PAID_SEARCH,2169.63,1
SES_00001922,26,442,6,TABLET,PAID_SEARCH,513.66,1
SES_00001923,32,1472,2,TABLET,PAID_SEARCH,532.82,1
SES_00001924,26,1066,9,MOBILE,SOCIAL_MEDIA,338.88,0
SES_00001925,10,540,7,DESKTOP,ORGANIC,920.72,1
SES_00001926,18,666,7,TABLET,EMAIL,2522.72,1
SES_00001927,6,294,5,DESKTOP,PAID_SEARCH,1151.12,1
SES_00001928,4,196,0,TABLET,SOCIAL_MEDIA,0.0,0
SES_00001929,8,168,1,TABLET,AFFILIATE,290.91,1
SES_00001930,29,1305,0,MOBILE,AFFILIATE,0.0,0
SES_00001931,1,21,1,DESKTOP,DIRECT,41.09,1
SES_00001932,15,870,10,TABLET,PAID_SEARCH,4493.29,1
SES_00001933,3,117,1,MOBILE,AFFILIATE,286.85,1
SES_00001934,38,798,8,TABLET,EMAIL,1190.97,1
SES_00001935,22,594,7,DESKTOP,AFFILIATE,1730.05,1
SES_00001936,25,700,6,MOBILE,EMAIL,2500.38,1
SES_00001937,24,624,10,TABLET,ORGANIC,2120.06,0
SES_00001938,31,589,5,TABLET,EMAIL,2206.88,1
SES_00001939,19,722,2,MOBILE,PAID_SEARCH,312.11,1
SES_00001940,3,81,1,DESKTOP,SOCIAL_MEDIA,236.26,1
SES_00001941,28,1540,6,DESKTOP,DIRECT,549.63,1
SES_00001942,7,147,2,TABLET,AFFILIATE,146.04,1
SES_00001943,34,952,9,TABLET,PAID_SEARCH,739.33,0
SES_00001944,4,132,3,DESKTOP,ORGANIC,1149.62,1
SES_00001945,33,528,8,MOBILE,ORGANIC,3479.22,0
SES_00001946,16,288,5,TABLET,SOCIAL_MEDIA,1799.73,1
SES_00001947,45,1485,2,DESKTOP,AFFILIATE,425.43,0
SES_00001948,40,1880,3,DESKTOP,SOCIAL_MEDIA,1128.03,1
SES_00001949,24,576,6,TABLET,SOCIAL_MEDIA,1285.13,0
SES_00001950,2,104,2,TABLET,ORGANIC,886.32,1
SES_00001951,24,936,2,DESKTOP,AFFILIATE,825.85,1
SES_00001952,28,1288,5,DESKTOP,AFFILIATE,1200.11,1
SES_00001953,3,108,2,DESKTOP,SOCIAL_MEDIA,99.06,1
SES_00001954,9,432,3,DESKTOP,PAID_SEARCH,1130.72,1
SES_00001955,31,558,1,DESKTOP,ORGANIC,398.52,1
SES_00001956,15,495,1,TABLET,EMAIL,300.38,0
SES_00001957,37,1110,7,DESKTOP,AFFILIATE,1858.96,1
SES_00001958,11,605,0,DESKTOP,EMAIL,0.0,0
SES_00001959,33,1650,2,DESKTOP,EMAIL,205.16,1
SES_00001960,13,247,1,TABLET,PAID_SEARCH,294.97,1
SES_00001961,27,1134,4,TABLET,AFFILIATE,414.55,0
SES_00001962,30,1350,0,DESKTOP,AFFILIATE,0.0,0
SES_00001963,27,999,1,DESKTOP,PAID_SEARCH,304.18,1
SES_00001964,42,2016,5,DESKTOP,AFFILIATE,261.99,1
SES_00001965,39,741,0,DESKTOP,ORGANIC,0.0,0
SES_00001966,39,1014,9,DESKTOP,ORGANIC,500.15,1
SES_00001967,44,704,10,TABLET,EMAIL,3634.45,1
SES_00001968,43,1075,0,DESKTOP,AFFILIATE,0.0,0
SES_00001969,9,207,9,MOBILE,EMAIL,1502.6,1
SES_00001970,29,1247,6,TABLET,PAID_SEARCH,348.98,0
SES_00001971,22,682,6,MOBILE,AFFILIATE,1145.15,1
SES_00001972,18,504,5,DESKTOP,SOCIAL_MEDIA,1223.17,1
SES_00001973,4,76,3,DESKTOP,PAID_SEARCH,579.43,1
SES_00001974,4,180,2,MOBILE,PAID_SEARCH,102.68,0
SES_00001975,38,1900,2,MOBILE,EMAIL,372.22,1
SES_00001976,2,118,2,MOBILE,PAID_SEARCH,78.57,1
SES_00001977,33,1089,3,TABLET,SOCIAL_MEDIA,1016.95,1
SES_00001978,42,2268,1,TABLET,DIRECT,79.78,1
SES_00001979,45,2565,1,MOBILE,AFFILIATE,168.1,1
SES_00001980,3,75,1,DESKTOP,EMAIL,228.55,1
SES_00001981,20,360,7,DESKTOP,SOCIAL_MEDIA,1996.85,1
SES_00001982,45,1935,9,MOBILE,EMAIL,3448.91,0
SES_00001983,13,260,9,TABLET,SOCIAL_MEDIA,3672.86,1
SES_00001984,11,341,8,DESKTOP,EMAIL,1736.57,1
SES_00001985,1,59,0,DESKTOP,AFFILIATE,0.0,0
SES_00001986,20,540,0,DESKTOP,DIRECT,0.0,0
SES_00001987,18,792,2,TABLET,EMAIL,477.68,0
SES_00001988,23,713,10,DESKTOP,AFFILIATE,2189.37,1
SES_00001989,12,636,6,TABLET,ORGANIC,2686.41,1
SES_00001990,31,1271,3,TABLET,ORGANIC,508.01,1
SES_00001991,44,1540,2,DESKTOP,PAID_SEARCH,330.09,1
SES_00001992,40,880,6,MOBILE,PAID_SEARCH,1533.56,1
SES_00001993,28,756,2,MOBILE,EMAIL,169.3,1
SES_00001994,27,945,8,TABLET,EMAIL,2870.94,0
SES_00001995,42,1050,0,DESKTOP,ORGANIC,0.0,0
SES_00001996,30,1770,9,MOBILE,EMAIL,1266.6,1
SES_00001997,29,551,4,TABLET,DIRECT,1122.83,1
SES_00001998,37,925,3,DESKTOP,PAID_SEARCH,820.21,1
SES_00001999,3,78,3,MOBILE,ORGANIC,618.19,1
SES_00002000,19,1064,0,MOBILE,AFFILIATE,0.0,0
SES_00002001,3,135,0,MOBILE,SOCIAL_MEDIA,0.0,0
SES_00002002,7,378,4,DESKTOP,EMAIL,1025.48,1
SES_00002003,18,324,4,MOBILE,EMAIL,1682.53,1
SES_00002004,27,594,1,DESKTOP,SOCIAL_MEDIA,403.04,0
SES_00002005,10,500,6,MOBILE,ORGANIC,1658.97,1
SES_00002006,39,1443,1,MOBILE,PAID_SEARCH,175.63,1
SES_00002007,14,784,4,TABLET,EMAIL,1151.44,0
SES_00002008,33,1683,4,DESKTOP,PAID_SEARCH,1452.32,1
SES_00002009,17,612,8,DESKTOP,EMAIL,729.05,1
SES_00002010,7,406,6,DESKTOP,SOCIAL_MEDIA,582.38,1
SES_00002011,19,646,5,TABLET,DIRECT,2245.41,0
SES_00002012,22,1078,5,TABLET,DIRECT,1162.57,0
SES_00002013,28,812,5,TABLET,ORGANIC,791.54,1
SES_00002014,30,1680,9,DESKTOP,ORGANIC,2833.79,1
SES_00002015,25,775,10,DESKTOP,PAID_SEARCH,3119.55,1
SES_00002016,23,874,3,DESKTOP,SOCIAL_MEDIA,251.18,0
SES_00002017,15,315,5,TABLET,PAID_SEARCH,1056.73,1
SES_00002018,41,1066,7,MOBILE,PAID_SEARCH,514.21,0
SES_00002019,26,936,2,MOBILE,AFFILIATE,540.7,1
SES_00002020,33,1023,0,MOBILE,SOCIAL_MEDIA,0.0,0
SES_00002021,23,644,0,TABLET,EMAIL,0.0,0
SES_00002022,24,1320,8,MOBILE,AFFILIATE,408.6,0
SES_00002023,12,240,4,DESKTOP,PAID_SEARCH,1464.23,0
SES_00002024,28,896,5,DESKTOP,SOCIAL_MEDIA,1304.69,1
SES_00002025,18,576,9,TABLET,SOCIAL_MEDIA,1930.98,0
SES_00002026,22,968,4,DESKTOP,DIRECT,1702.55,1
SES_00002027,11,594,8,DESKTOP,ORGANIC,2874.7,1
SES_00002028,1,56,1,MOBILE,ORGANIC,188.67,1
SES_00002029,7,154,0,MOBILE,ORGANIC,0.0,0
SES_00002030,30,1170,6,DESKTOP,ORGANIC,2163.59,0
SES_00002031,12,660,5,TABLET,DIRECT,2232.11,0
SES_00002032,33,759,1,MOBILE,PAID_SEARCH,239.36,1
SES_00002033,3,75,0,MOBILE,AFFILIATE,0.0,0
SES_00002034,40,1240,10,MOBILE,ORGANIC,1993.17,1
SES_00002035,13,247,8,DESKTOP,ORGANIC,1439.02,1
SES_00002036,6,282,3,MOBILE,EMAIL,776.81,0
SES_00002037,21,1134,4,MOBILE,EMAIL,1295.2,1
SES_00002038,7,147,2,DESKTOP,SOCIAL_MEDIA,165.87,1
SES_00002039,15,675,4,MOBILE,ORGANIC,144.64,1
SES_00002040,29,1073,5,DESKTOP,ORGANIC,1178.41,1
SES_00002041,39,1911,3,TABLET,EMAIL,1313.25,1
SES_00002042,42,1554,7,DESKTOP,PAID_SEARCH,2622.41,1
SES_00002043,10,430,0,MOBILE,AFFILIATE,0.0,0
SES_00002044,35,2100,1,TABLET,SOCIAL_MEDIA,421.11,1
SES_00002045,6,318,0,DESKTOP,DIRECT,0.0,0
SES_00002046,1,36,0,DESKTOP,SOCIAL_MEDIA,0.0,0
SES_00002047,22,1034,1,MOBILE,SOCIAL_MEDIA,392.72,1
SES_00002048,22,418,7,DESKTOP,AFFILIATE,711.75,1
SES_00002049,11,385,7,TABLET,PAID_SEARCH,626.19,1
SES_00002050,25,1300,10,DESKTOP,ORGANIC,736.97,0
SES_00002051,3,51,1,TABLET,ORGANIC,48.99,1
SES_00002052,15,525,4,MOBILE,SOCIAL_MEDIA,1631.28,0
SES_00002053,16,752,3,DESKTOP,PAID_SEARCH,267.51,0
SES_00002054,32,1024,5,DESKTOP,DIRECT,2202.78,1
SES_00002055,45,1485,6,DESKTOP,PAID_SEARCH,1372.06,1
SES_00002056,27,729,4,TABLET,PAID_SEARCH,1668.4,1
SES_00002057,41,1025,10,TABLET,AFFILIATE,3802.8,1
SES_00002058,25,1450,6,MOBILE,EMAIL,436.86,1
SES_00002059,30,1470,4,TABLET,SOCIAL_MEDIA,1631.93,1
SES_00002060,6,198,2,MOBILE,EMAIL,216.58,1
SES_00002061,2,88,2,MOBILE,ORGANIC,119.13,1
SES_00002062,29,435,10,DESKTOP,DIRECT,1272.86,1
SES_00002063,11,572,9,DESKTOP,DIRECT,2275.31,1
SES_00002064,30,1170,3,DESKTOP,ORGANIC,1025.65,1
SES_00002065,7,385,0,DESKTOP,ORGANIC,0.0,0
SES_00002066,37,740,3,MOBILE,ORGANIC,1071.39,1
SES_00002067,17,408,0,MOBILE,DIRECT,0.0,0
SES_00002068,33,693,3,TABLET,AFFILIATE,304.68,1
SES_00002069,12,216,4,MOBILE,SOCIAL_MEDIA,238.04,1
SES_00002070,21,420,8,TABLET,EMAIL,1475.25,1
SES_00002071,29,667,8,DESKTOP,ORGANIC,1457.93,0
SES_00002072,2,34,2,MOBILE,ORGANIC,440.62,0
SES_00002073,27,810,10,TABLET,AFFILIATE,2506.3,1
SES_00002074,36,1476,0,MOBILE,AFFILIATE,0.0,0
SES_00002075,7,329,0,DESKTOP,AFFILIATE,0.0,0
SES_00002076,44,2288,0,TABLET,DIRECT,0.0,0
SES_00002077,19,646,0,DESKTOP,ORGANIC,0.0,0
SES_00002078,13,247,4,DESKTOP,EMAIL,490.96,1
SES_00002079,45,900,6,MOBILE,DIRECT,708.57,1
SES_00002080,30,1020,2,DESKTOP,DIRECT,362.62,1
SES_00002081,33,561,10,TABLET,EMAIL,2496.24,1
SES_00002082,41,1148,4,MOBILE,SOCIAL_MEDIA,1595.71,1
SES_00002083,23,989,2,MOBILE,PAID_SEARCH,553.27,1
SES_00002084,18,378,6,MOBILE,ORGANIC,985.87,1
SES_00002085,20,640,3,DESKTOP,SOCIAL_MEDIA,464.95,1
SES_00002086,1,58,1,MOBILE,PAID_SEARCH,124.01,0
SES_00002087,34,884,9,TABLET,DIRECT,3412.75,1
SES_00002088,28,924,10,TABLET,PAID_SEARCH,498.21,1
SES_00002089,3,45,3,DESKTOP,ORGANIC,1112.92,1
SES_00002090,43,2580,0,TABLET,SOCIAL_MEDIA,0.0,0
SES_00002091,9,441,9,TABLET,DIRECT,1054.62,1
SES_00002092,11,396,9,MOBILE,PAID_SEARCH,3000.82,1
SES_00002093,16,288,7,TABLET,DIRECT,817.78,1
SES_00002094,14,350,5,DESKTOP,ORGANIC,868.29,1
SES_00002095,19,836,2,MOBILE,SOCIAL_MEDIA,60.64,1
SES_00002096,38,1102,1,MOBILE,SOCIAL_MEDIA,285.44,1
SES_00002097,14,392,5,DESKTOP,AFFILIATE,749.51,1
SES_00002098,1,45,0,DESKTOP,DIRECT,0.0,0
SES_00002099,36,2160,6,TABLET,PAID_SEARCH,367.15,1
SES_00002100,1,27,1,TABLET,SOCIAL_MEDIA,276.41,0
SES_00002101,28,728,5,TABLET,SOCIAL_MEDIA,645.17,0
SES_00002102,16,240,4,DESKTOP,AFFILIATE,1373.61,1
SES_00002103,18,522,3,DESKTOP,DIRECT,666.75,0
SES_00002104,13,299,7,MOBILE,SOCIAL_MEDIA,1319.6,1
SES_00002105,15,690,9,TABLET,PAID_SEARCH,1136.59,1
SES_00002106,26,780,1,DESKTOP,SOCIAL_MEDIA,400.07,1
SES_00002107,26,1170,7,MOBILE,EMAIL,452.6,1
SES_00002108,3,159,3,DESKTOP,ORGANIC,95.68,1
SES_00002109,40,920,7,TABLET,EMAIL,2040.5,1
SES_00002110,35,1365,10,MOBILE,SOCIAL_MEDIA,1683.55,1
SES_00002111,17,799,7,DESKTOP,PAID_SEARCH,2660.36,0
SES_00002112,17,850,5,TABLET,ORGANIC,2129.48,1
SES_00002113,27,972,3,MOBILE,ORGANIC,842.87,1
SES_00002114,28,1204,10,DESKTOP,AFFILIATE,4240.6,0
SES_00002115,20,1160,1,TABLET,PAID_SEARCH,445.98,1
SES_00002116,34,1972,8,DESKTOP,EMAIL,2339.54,1
SES_00002117,37,888,7,DESKTOP,SOCIAL_MEDIA,535.52,0
SES_00002118,17,748,5,TABLET,SOCIAL_MEDIA,1954.15,1
SES_00002119,32,1376,7,DESKTOP,ORGANIC,568.29,1
SES_00002120,34,986,7,DESKTOP,SOCIAL_MEDIA,2511.53,1
SES_00002121,44,1188,6,MOBILE,SOCIAL_MEDIA,317.86,1
SES_00002122,25,450,1,MOBILE,PAID_SEARCH,300.73,1
SES_00002123,6,240,0,TABLET,PAID_SEARCH,0.0,0
SES_00002124,29,580,3,MOBILE,ORGANIC,276.24,1
SES_00002125,34,1258,9,TABLET,PAID_SEARCH,1494.22,1
SES_00002126,40,1400,2,MOBILE,AFFILIATE,133.34,1
SES_00002127,7,203,6,TABLET,AFFILIATE,351.07,1
SES_00002128,31,651,10,DESKTOP,ORGANIC,3753.66,1
SES_00002129,8,216,7,TABLET,AFFILIATE,512.15,0
SES_00002130,21,441,9,DESKTOP,AFFILIATE,2160.98,1
SES_00002131,12,504,7,MOBILE,PAID_SEARCH,210.3,0
SES_00002132,12,276,5,DESKTOP,DIRECT,1731.67,1
SES_00002133,11,308,5,DESKTOP,DIRECT,665.14,1
SES_00002134,16,880,4,MOBILE,SOCIAL_MEDIA,1689.24,1
SES_00002135,38,684,9,TABLET,SOCIAL_MEDIA,3700.11,0
SES_00002136,22,528,9,DESKTOP,PAID_SEARCH,1534.99,1
SES_00002137,42,2226,3,TABLET,AFFILIATE,675.15,1
SES_00002138,31,1829,2,TABLET,ORGANIC,806.5,1
SES_00002139,8,384,3,TABLET,DIRECT,969.75,1
SES_00002140,43,2322,7,MOBILE,PAID_SEARCH,1243.62,1
SES_00002141,12,516,9,MOBILE,EMAIL,1092.42,1
SES_00002142,44,1848,2,MOBILE,DIRECT,64.55,1
SES_00002143,23,1035,5,DESKTOP,AFFILIATE,1895.89,1
SES_00002144,21,882,9,DESKTOP,DIRECT,3297.49,0
SES_00002145,22,682,3,DESKTOP,EMAIL,583.74,1
SES_00002146,39,1794,8,DESKTOP,EMAIL,1220.1,0
SES_00002147,43,2322,4,DESKTOP,AFFILIATE,1100.47,1
SES_00002148,10,200,7,TABLET,PAID_SEARCH,3051.94,1
SES_00002149,13,585,6,MOBILE,SOCIAL_MEDIA,1131.42,1
SES_00002150,1,58,0,TABLET,PAID_SEARCH,0.0,0
SES_00002151,32,896,7,TABLET,EMAIL,2443.83,0
SES_00002152,12,216,6,TABLET,SOCIAL_MEDIA,409.23,1
SES_00002153,13,468,8,MOBILE,EMAIL,3191.11,0
SES_00002154,15,690,4,MOBILE,EMAIL,379.87,1
SES_00002155,12,204,5,TABLET,PAID_SEARCH,2100.62,1
SES_00002156,44,748,2,DESKTOP,PAID_SEARCH,528.64,0
SES_00002157,16,640,0,TABLET,AFFILIATE,0.0,0
SES_00002158,19,817,10,DESKTOP,AFFILIATE,3449.07,0
SES_00002159,5,110,4,MOBILE,SOCIAL_MEDIA,1486.34,1
SES_00002160,44,1540,2,DESKTOP,EMAIL,330.56,1
SES_00002161,18,396,6,TABLET,EMAIL,2627.82,0
SES_00002162,13,455,6,MOBILE,EMAIL,2353.32,1
SES_00002163,3,153,2,DESKTOP,DIRECT,147.14,1
SES_00002164,21,630,7,MOBILE,SOCIAL_MEDIA,390.67,1
SES_00002165,42,1134,3,TABLET,SOCIAL_MEDIA,550.75,1
SES_00002166,37,666,1,TABLET,EMAIL,100.28,1
SES_00002167,15,690,4,DESKTOP,DIRECT,434.87,1
SES_00002168,3,48,1,TABLET,DIRECT,128.77,0
SES_00002169,7,406,1,TABLET,AFFILIATE,445.94,1
SES_00002170,23,483,0,TABLET,DIRECT,0.0,0
SES_00002171,22,902,2,MOBILE,AFFILIATE,857.07,1
SES_00002172,6,252,1,MOBILE,DIRECT,191.43,1
SES_00002173,1,49,1,TABLET,DIRECT,361.64,0
SES_00002174,44,836,7,DESKTOP,AFFILIATE,1490.48,1
SES_00002175,25,600,7,MOBILE,EMAIL,591.23,1
SES_00002176,43,1075,10,MOBILE,AFFILIATE,3381.32,1
SES_00002177,28,1008,10,TABLET,DIRECT,2287.67,0
SES_00002178,40,1120,8,MOBILE,ORGANIC,2104.03,1
SES_00002179,22,396,8,TABLET,DIRECT,2988.41,1
SES_00002180,21,483,1,MOBILE,EMAIL,199.06,1
SES_00002181,22,1298,3,DESKTOP,SOCIAL_MEDIA,240.47,1
SES_00002182,20,1040,8,DESKTOP,ORGANIC,2730.51,1
SES_00002183,13,325,0,MOBILE,ORGANIC,0.0,0
SES_00002184,15,315,6,DESKTOP,EMAIL,1122.85,1
SES_00002185,30,600,6,DESKTOP,ORGANIC,578.28,0
SES_00002186,12,216,3,TABLET,PAID_SEARCH,761.17,1
SES_00002187,15,825,2,MOBILE,SOCIAL_MEDIA,540.73,1
SES_00002188,17,816,8,TABLET,AFFILIATE,2636.48,1
SES_00002189,16,928,1,DESKTOP,EMAIL,157.13,1
SES_00002190,25,1350,0,DESKTOP,SOCIAL_MEDIA,0.0,0
SES_00002191,36,756,6,MOBILE,SOCIAL_MEDIA,1163.56,1
SES_00002192,7,378,1,MOBILE,ORGANIC,112.28,1
SES_00002193,3,165,0,TABLET,AFFILIATE,0.0,0
SES_00002194,43,1376,10,MOBILE,EMAIL,1905.25,0
SES_00002195,31,1271,0,DESKTOP,EMAIL,0.0,0
SES_00002196,12,720,4,MOBILE,PAID_SEARCH,1712.51,0
SES_00002197,7,112,6,TABLET,SOCIAL_MEDIA,1705.55,1
SES_00002198,1,17,1,TABLET,PAID_SEARCH,149.42,1
SES_00002199,35,1820,6,DESKTOP,SOCIAL_MEDIA,2471.88,1
SES_00002200,38,988,5,DESKTOP,PAID_SEARCH,2032.66,1
SES_00002201,16,944,4,MOBILE,ORGANIC,631.93,0
SES_00002202,12,432,8,MOBILE,DIRECT,436.61,1
SES_00002203,15,480,0,TABLET,PAID_SEARCH,0.0,0
SES_00002204,12,624,2,TABLET,SOCIAL_MEDIA,135.09,1
SES_00002205,37,555,1,DESKTOP,PAID_SEARCH,42.78,1
SES_00002206,27,459,7,TABLET,EMAIL,1729.17,1
SES_00002207,23,1242,1,MOBILE,PAID_SEARCH,347.33,1
SES_00002208,36,612,9,MOBILE,AFFILIATE,1316.8,1
SES_00002209,23,1196,6,TABLET,AFFILIATE,1236.09,1
SES_00002210,5,210,5,DESKTOP,ORGANIC,169.53,1
SES_00002211,26,1248,8,DESKTOP,ORGANIC,2407.96,1
SES_00002212,4,148,4,DESKTOP,EMAIL,1254.05,1
SES_00002213,45,2700,3,MOBILE,DIRECT,1195.14,1
SES_00002214,9,540,2,DESKTOP,EMAIL,587.79,1
SES_00002215,22,396,2,TABLET,PAID_SEARCH,556.5,1
SES_00002216,43,1247,0,DESKTOP,AFFILIATE,0.0,0
SES_00002217,13,754,2,MOBILE,AFFILIATE,417.92,1
SES_00002218,18,720,6,MOBILE,AFFILIATE,238.9,1
SES_00002219,2,102,2,DESKTOP,SOCIAL_MEDIA,696.75,1
SES_00002220,17,272,1,MOBILE,ORGANIC,131.64,1
SES_00002221,13,676,8,DESKTOP,PAID_SEARCH,2020.66,1
SES_00002222,42,1176,4,MOBILE,SOCIAL_MEDIA,1313.3,0
SES_00002223,15,690,9,DESKTOP,DIRECT,1246.51,1
SES_00002224,38,1672,7,DESKTOP,EMAIL,1145.6,1
SES_00002225,10,330,4,MOBILE,ORGANIC,1152.33,1
SES_00002226,23,736,7,TABLET,AFFILIATE,707.04,1
SES_00002227,29,870,3,DESKTOP,AFFILIATE,1289.31,0
SES_00002228,8,144,5,DESKTOP,EMAIL,245.7,1
SES_00002229,8,376,8,DESKTOP,DIRECT,3435.43,0
SES_00002230,6,252,2,DESKTOP,EMAIL,68.86,1
SES_00002231,33,627,10,DESKTOP,PAID_SEARCH,749.12,0
SES_00002232,22,594,1,MOBILE,AFFILIATE,76.77,1
SES_00002233,20,980,0,TABLET,SOCIAL_MEDIA,0.0,0
SES_00002234,17,476,5,MOBILE,PAID_SEARCH,1019.03,1
SES_00002235,37,1665,7,DESKTOP,SOCIAL_MEDIA,202.41,1
SES_00002236,3,57,2,MOBILE,EMAIL,887.33,1
SES_00002237,37,666,9,MOBILE,EMAIL,425.33,1
SES_00002238,36,1728,3,TABLET,ORGANIC,764.84,1
SES_00002239,5,120,5,TABLET,DIRECT,275.15,1
SES_00002240,34,1802,2,TABLET,DIRECT,197.66,1
SES_00002241,21,462,4,MOBILE,AFFILIATE,506.95,1
SES_00002242,7,392,6,MOBILE,PAID_SEARCH,166.48,1
SES_00002243,44,1320,7,TABLET,EMAIL,1067.92,1
SES_00002244,33,495,9,DESKTOP,AFFILIATE,3659.12,1
SES_00002245,36,1656,5,MOBILE,ORGANIC,247.18,1
SES_00002246,4,240,3,MOBILE,SOCIAL_MEDIA,1266.41,1
SES_00002247,43,1548,0,DESKTOP,SOCIAL_MEDIA,0.0,0
SES_00002248,17,731,4,TABLET,EMAIL,886.31,0
SES_00002249,1,37,0,DESKTOP,SOCIAL_MEDIA,0.0,0
SES_00002250,28,840,2,DESKTOP,AFFILIATE,558.26,1
SES_00002251,38,1140,10,TABLET,AFFILIATE,3459.44,1
SES_00002252,43,1634,6,DESKTOP,EMAIL,2355.51,1
SES_00002253,14,546,4,DESKTOP,AFFILIATE,1452.29,0
SES_00002254,26,494,6,MOBILE,DIRECT,2119.22,1
SES_00002255,1,16,1,TABLET,PAID_SEARCH,289.16,0
SES_00002256,7,413,5,TABLET,EMAIL,709.78,0
SES_00002257,14,322,4,DESKTOP,DIRECT,1711.66,1
SES_00002258,45,1800,0,MOBILE,PAID_SEARCH,0.0,0
SES_00002259,18,504,8,TABLET,PAID_SEARCH,3581.61,0
SES_00002260,14,224,7,MOBILE,ORGANIC,1559.32,1
SES_00002261,24,936,2,DESKTOP,DIRECT,251.94,1
SES_00002262,36,1152,7,DESKTOP,AFFILIATE,2208.23,1
SES_00002263,7,350,2,MOBILE,DIRECT,818.22,1
SES_00002264,16,496,5,MOBILE,DIRECT,872.96,1
SES_00002265,31,682,0,TABLET,SOCIAL_MEDIA,0.0,0
SES_00002266,8,408,7,MOBILE,DIRECT,1286.99,1
SES_00002267,36,1116,0,DESKTOP,ORGANIC,0.0,0
SES_00002268,11,561,0,DESKTOP,AFFILIATE,0.0,0
SES_00002269,8,200,8,MOBILE,SOCIAL_MEDIA,2577.04,1
SES_00002270,22,1056,2,TABLET,PAID_SEARCH,653.32,1
SES_00002271,17,306,6,TABLET,SOCIAL_MEDIA,2486.73,1
SES_00002272,34,646,4,DESKTOP,ORGANIC,1229.83,1
SES_00002273,40,1680,4,MOBILE,DIRECT,1706.92,1
SES_00002274,14,602,1,TABLET,EMAIL,326.98,1
SES_00002275,39,1638,1,TABLET,PAID_SEARCH,84.91,1
SES_00002276,44,1232,9,TABLET,PAID_SEARCH,879.95,1
SES_00002277,9,396,1,MOBILE,AFFILIATE,377.52,0
SES_00002278,26,1248,5,MOBILE,PAID_SEARCH,1491.33,0
SES_00002279,2,108,0,MOBILE,ORGANIC,0.0,0
SES_00002280,35,1400,3,MOBILE,PAID_SEARCH,640.98,1
SES_00002281,4,108,4,MOBILE,AFFILIATE,605.39,0
SES_00002282,37,1665,7,TABLET,AFFILIATE,798.84,0
SES_00002283,15,810,4,TABLET,DIRECT,1394.35,1
SES_00002284,36,648,10,MOBILE,EMAIL,4020.62,1
SES_00002285,27,1350,1,MOBILE,DIRECT,134.19,0
SES_00002286,26,1066,1,MOBILE,AFFILIATE,48.73,1
SES_00002287,7,224,6,DESKTOP,AFFILIATE,1449.99,1
SES_00002288,29,638,8,MOBILE,EMAIL,1911.43,0
SES_00002289,6,276,6,DESKTOP,AFFILIATE,855.36,1
SES_00002290,28,1316,5,TABLET,ORGANIC,1091.1,1
SES_00002291,26,884,8,MOBILE,PAID_SEARCH,1726.13,0
SES_00002292,41,1353,1,DESKTOP,EMAIL,311.11,1
SES_00002293,36,1692,5,DESKTOP,ORGANIC,987.95,1
SES_00002294,41,1394,5,DESKTOP,ORGANIC,719.94,1
SES_00002295,43,946,3,DESKTOP,ORGANIC,1075.34,1
SES_00002296,21,1218,7,MOBILE,SOCIAL_MEDIA,1860.57,0
SES_00002297,18,414,4,TABLET,SOCIAL_MEDIA,187.56,1
SES_00002298,10,210,9,TABLET,AFFILIATE,1604.01,1
SES_00002299,18,1044,0,DESKTOP,PAID_SEARCH,0.0,0
SES_00002300,27,459,4,TABLET,SOCIAL_MEDIA,1534.52,1
SES_00002301,16,384,10,TABLET,ORGANIC,274.14,1
SES_00002302,22,726,9,TABLET,PAID_SEARCH,743.63,1
SES_00002303,3,159,2,MOBILE,DIRECT,618.89,1
SES_00002304,1,32,0,TABLET,ORGANIC,0.0,0
SES_00002305,14,742,8,TABLET,PAID_SEARCH,2261.8,1
SES_00002306,29,1479,8,DESKTOP,ORGANIC,1859.02,1
SES_00002307,31,1271,8,TABLET,AFFILIATE,1217.09,0
SES_00002308,13,598,6,TABLET,AFFILIATE,940.99,1
SES_00002309,33,1617,1,DESKTOP,PAID_SEARCH,285.9,1
SES_00002310,14,742,3,DESKTOP,DIRECT,1344.53,1
SES_00002311,26,390,0,MOBILE,AFFILIATE,0.0,0
SES_00002312,41,2296,10,MOBILE,SOCIAL_MEDIA,2134.84,0
SES_00002313,42,1428,2,TABLET,SOCIAL_MEDIA,68.08,1
SES_00002314,36,1836,8,TABLET,ORGANIC,3015.1,1
SES_00002315,39,1326,1,TABLET,DIRECT,99.71,1
SES_00002316,27,729,3,MOBILE,DIRECT,835.36,1
SES_00002317,4,200,2,TABLET,ORGANIC,200.98,1
SES_00002318,3,138,0,MOBILE,PAID_SEARCH,0.0,0
SES_00002319,4,164,1,DESKTOP,PAID_SEARCH,121.22,1
SES_00002320,40,640,9,TABLET,EMAIL,1707.56,1
SES_00002321,38,1064,10,MOBILE,ORGANIC,1492.79,0
SES_00002322,42,630,4,TABLET,AFFILIATE,1669.36,1
SES_00002323,41,2132,3,DESKTOP,SOCIAL_MEDIA,516.04,1
SES_00002324,18,936,4,MOBILE,EMAIL,1147.22,1
SES_00002325,14,588,10,DESKTOP,EMAIL,3359.45,0
SES_00002326,32,1472,7,DESKTOP,EMAIL,197.48,1
SES_00002327,35,1785,9,MOBILE,DIRECT,2011.31,1
SES_00002328,3,168,2,TABLET,AFFILIATE,297.88,0
SES_00002329,8,320,5,DESKTOP,EMAIL,1355.52,1
SES_00002330,22,968,4,MOBILE,SOCIAL_MEDIA,618.56,1
SES_00002331,36,1260,7,TABLET,EMAIL,1784.24,1
SES_00002332,16,960,8,MOBILE,DIRECT,770.95,1
SES_00002333,19,342,6,DESKTOP,PAID_SEARCH,189.99,1
SES_00002334,42,2436,9,MOBILE,AFFILIATE,3166.22,1
SES_00002335,5,170,2,MOBILE,PAID_SEARCH,422.82,1
SES_00002336,18,864,8,MOBILE,PAID_SEARCH,1856.89,0
SES_00002337,28,700,9,MOBILE,DIRECT,2526.84,1
SES_00002338,39,1443,3,TABLET,EMAIL,321.7,1
SES_00002339,5,220,0,DESKTOP,PAID_SEARCH,0.0,0
SES_00002340,23,368,3,MOBILE,SOCIAL_MEDIA,108.4,1
SES_00002341,32,768,5,MOBILE,PAID_SEARCH,398.3,1
SES_00002342,1,34,1,TABLET,PAID_SEARCH,315.13,0
SES_00002343,10,460,8,TABLET,DIRECT,255.52,0
SES_00002344,40,1560,6,TABLET,PAID_SEARCH,2159.03,1
SES_00002345,27,1620,3,TABLET,DIRECT,1167.52,0
SES_00002346,30,540,5,MOBILE,PAID_SEARCH,2231.03,0
SES_00002347,13,715,3,MOBILE,EMAIL,380.2,1
SES_00002348,18,954,6,TABLET,PAID_SEARCH,2519.44,0
SES_00002349,39,2067,8,TABLET,EMAIL,2003.26,1
SES_00002350,35,1050,2,DESKTOP,DIRECT,98.66,1
SES_00002351,15,495,6,MOBILE,AFFILIATE,208.13,1
SES_00002352,17,782,2,MOBILE,SOCIAL_MEDIA,190.85,0
SES_00002353,20,480,2,DESKTOP,SOCIAL_MEDIA,579.04,1
SES_00002354,2,62,0,MOBILE,AFFILIATE,0.0,0
SES_00002355,41,1312,4,TABLET,ORGANIC,1133.36,1
SES_00002356,26,468,9,DESKTOP,PAID_SEARCH,392.79,1
SES_00002357,5,190,2,TABLET,DIRECT,62.02,1
SES_00002358,30,1800,8,DESKTOP,AFFILIATE,3397.82,1
SES_00002359,21,924,6,TABLET,DIRECT,2253.66,0
SES_00002360,44,1232,0,DESKTOP,AFFILIATE,0.0,0
SES_00002361,17,612,7,DESKTOP,SOCIAL_MEDIA,810.59,1
SES_00002362,24,768,9,TABLET,SOCIAL_MEDIA,1232.38,1
SES_00002363,30,630,9,MOBILE,PAID_SEARCH,2237.27,1
SES_00002364,1,38,0,TABLET,DIRECT,0.0,0
SES_00002365,30,1410,4,MOBILE,DIRECT,342.3,1
SES_00002366,22,418,5,DESKTOP,PAID_SEARCH,1995.22,1
SES_00002367,19,1121,6,DESKTOP,ORGANIC,1630.72,1
SES_00002368,15,390,4,DESKTOP,AFFILIATE,489.55,1
SES_00002369,13,351,6,TABLET,AFFILIATE,1520.4,1
SES_00002370,1,50,0,DESKTOP,PAID_SEARCH,0.0,0
SES_00002371,9,396,8,TABLET,EMAIL,2530.28,1
SES_00002372,27,1431,7,DESKTOP,SOCIAL_MEDIA,657.77,1
SES_00002373,41,2378,1,TABLET,EMAIL,154.59,1
SES_00002374,19,760,10,DESKTOP,PAID_SEARCH,1324.8,1
SES_00002375,4,120,2,MOBILE,DIRECT,429.95,0
SES_00002376,25,925,6,MOBILE,DIRECT,1632.8,1
SES_00002377,32,1152,0,TABLET,PAID_SEARCH,0.0,0
SES_00002378,41,1845,6,DESKTOP,ORGANIC,2396.91,0
SES_00002379,32,1568,2,MOBILE,DIRECT,539.05,0
SES_00002380,35,1435,5,DESKTOP,EMAIL,959.4,1
SES_00002381,35,980,2,TABLET,PAID_SEARCH,620.66,0
SES_00002382,3,171,0,TABLET,DIRECT,0.0,0
SES_00002383,23,414,4,DESKTOP,DIRECT,397.75,1
SES_00002384,29,493,6,MOBILE,SOCIAL_MEDIA,387.74,1
SES_00002385,16,640,6,DESKTOP,ORGANIC,2406.98,1
SES_00002386,29,1102,7,DESKTOP,EMAIL,1860.09,1
SES_00002387,2,100,0,DESKTOP,ORGANIC,0.0,0
SES_00002388,32,864,4,DESKTOP,ORGANIC,354.17,1
SES_00002389,45,1485,0,TABLET,DIRECT,0.0,0
SES_00002390,7,336,3,DESKTOP,EMAIL,106.76,1
SES_00002391,45,2070,8,MOBILE,EMAIL,1738.06,1
SES_00002392,6,288,0,DESKTOP,SOCIAL_MEDIA,0.0,0
SES_00002393,8,368,5,TABLET,PAID_SEARCH,1094.34,1
SES_00002394,12,588,8,DESKTOP,DIRECT,2242.33,1
SES_00002395,3,87,3,TABLET,PAID_SEARCH,141.0,1
SES_00002396,30,480,1,DESKTOP,DIRECT,129.68,0
SES_00002397,9,297,6,TABLET,EMAIL,1615.0,1
SES_00002398,19,475,2,DESKTOP,PAID_SEARCH,134.89,1
SES_00002399,35,1190,0,DESKTOP,DIRECT,0.0,0
SES_00002400,45,2430,6,DESKTOP,SOCIAL_MEDIA,562.76,1
SES_00002401,15,765,5,DESKTOP,EMAIL,1628.21,1
SES_00002402,16,384,3,TABLET,EMAIL,872.24,0
SES_00002403,14,406,10,MOBILE,AFFILIATE,2597.78,0
SES_00002404,20,660,0,TABLET,DIRECT,0.0,0
SES_00002405,22,550,9,TABLET,EMAIL,1257.65,1
SES_00002406,30,1320,3,DESKTOP,AFFILIATE,739.15,1
SES_00002407,21,819,4,TABLET,ORGANIC,391.59,1
SES_00002408,38,1520,1,TABLET,EMAIL,366.25,1
SES_00002409,38,2014,5,TABLET,PAID_SEARCH,907.69,1
SES_00002410,40,1440,10,MOBILE,DIRECT,402.04,0
SES_00002411,26,1222,6,TABLET,SOCIAL_MEDIA,2263.97,1
SES_00002412,32,1344,9,TABLET,SOCIAL_MEDIA,852.75,1
SES_00002413,44,1012,8,DESKTOP,DIRECT,1951.16,1
SES_00002414,12,588,9,MOBILE,ORGANIC,454.03,1
SES_00002415,5,195,0,MOBILE,EMAIL,0.0,0
SES_00002416,42,2520,5,TABLET,ORGANIC,1673.14,1
SES_00002417,42,1932,4,DESKTOP,EMAIL,329.0,1
SES_00002418,22,330,4,DESKTOP,PAID_SEARCH,118.97,1
SES_00002419,42,882,10,MOBILE,EMAIL,1254.97,0
SES_00002420,31,1767,4,TABLET,AFFILIATE,1201.19,1
SES_00002421,9,198,2,MOBILE,DIRECT,530.51,1
SES_00002422,37,1480,9,DESKTOP,EMAIL,2242.98,1
SES_00002423,10,180,8,TABLET,EMAIL,2526.28,0
SES_00002424,34,918,4,TABLET,PAID_SEARCH,511.88,1
SES_00002425,44,2464,0,DESKTOP,EMAIL,0.0,0
SES_00002426,35,1855,1,DESKTOP,DIRECT,254.87,0
SES_00002427,35,1260,9,MOBILE,DIRECT,3147.39,1
SES_00002428,25,1475,0,DESKTOP,DIRECT,0.0,0
SES_00002429,10,590,5,DESKTOP,EMAIL,800.16,0
SES_00002430,42,1890,7,DESKTOP,AFFILIATE,736.02,1
SES_00002431,2,46,2,TABLET,AFFILIATE,875.69,1
SES_00002432,37,2146,5,TABLET,AFFILIATE,1640.23,1
SES_00002433,18,486,6,MOBILE,EMAIL,897.51,1
SES_00002434,31,496,8,MOBILE,AFFILIATE,297.1,1
SES_00002435,9,360,9,TABLET,SOCIAL_MEDIA,2473.01,1
SES_00002436,42,714,3,TABLET,PAID_SEARCH,164.45,1
SES_00002437,3,51,2,MOBILE,EMAIL,498.46,1
SES_00002438,9,486,9,TABLET,ORGANIC,2046.98,1
SES_00002439,1,32,0,MOBILE,ORGANIC,0.0,0
SES_00002440,41,2255,10,MOBILE,ORGANIC,770.67,0
SES_00002441,13,338,7,TABLET,EMAIL,201.02,1
SES_00002442,12,720,7,MOBILE,SOCIAL_MEDIA,2415.7,1
SES_00002443,37,1073,5,MOBILE,PAID_SEARCH,2095.72,1
SES_00002444,36,792,2,MOBILE,ORGANIC,215.1,1
SES_00002445,34,850,8,TABLET,DIRECT,3223.16,0
SES_00002446,10,300,9,MOBILE,PAID_SEARCH,2349.62,1
SES_00002447,11,374,6,DESKTOP,ORGANIC,2453.78,0
SES_00002448,33,1584,8,DESKTOP,AFFILIATE,2079.39,1
SES_00002449,38,1596,5,TABLET,EMAIL,612.31,1
SES_00002450,44,1760,2,DESKTOP,AFFILIATE,513.9,1
SES_00002451,26,806,3,MOBILE,SOCIAL_MEDIA,980.96,0
SES_00002452,8,480,2,MOBILE,DIRECT,592.91,1
SES_00002453,26,572,9,MOBILE,DIRECT,1893.35,1
SES_00002454,33,891,9,TABLET,DIRECT,1681.26,1
SES_00002455,40,720,0,MOBILE,DIRECT,0.0,0
SES_00002456,9,135,1,DESKTOP,DIRECT,221.92,1
SES_00002457,24,1272,0,TABLET,EMAIL,0.0,0
SES_00002458,27,1512,1,TABLET,EMAIL,86.23,0
SES_00002459,34,1360,2,DESKTOP,DIRECT,757.99,1
SES_00002460,22,704,3,MOBILE,EMAIL,1258.81,1
SES_00002461,18,270,2,DESKTOP,EMAIL,265.01,0
SES_00002462,6,288,1,TABLET,AFFILIATE,63.15,1
SES_00002463,15,660,8,DESKTOP,AFFILIATE,3223.11,1
SES_00002464,30,1290,7,TABLET,EMAIL,3134.46,0
SES_00002465,32,1856,1,DESKTOP,AFFILIATE,33.49,1
SES_00002466,6,258,1,TABLET,PAID_SEARCH,330.16,1
SES_00002467,4,92,1,DESKTOP,SOCIAL_MEDIA,376.79,1
SES_00002468,36,1152,10,DESKTOP,DIRECT,4361.62,1
SES_00002469,45,1215,0,TABLET,AFFILIATE,0.0,0
SES_00002470,24,1440,8,DESKTOP,EMAIL,3519.38,1
SES_00002471,25,625,2,DESKTOP,ORGANIC,315.25,0
SES_00002472,16,944,9,DESKTOP,ORGANIC,2423.27,0
SES_00002473,29,1218,9,DESKTOP,DIRECT,1023.14,1
SES_00002474,5,190,2,MOBILE,AFFILIATE,297.77,1
SES_00002475,6,294,5,DESKTOP,ORGANIC,1427.32,1
SES_00002476,3,63,1,TABLET,DIRECT,315.76,1
SES_00002477,35,1190,7,TABLET,PAID_SEARCH,2759.54,1
SES_00002478,27,1485,1,MOBILE,SOCIAL_MEDIA,100.83,1
SES_00002479,11,627,5,TABLET,AFFILIATE,1365.65,1
SES_00002480,9,153,3,TABLET,ORGANIC,115.33,1
SES_00002481,36,1116,9,DESKTOP,EMAIL,1235.59,1
SES_00002482,32,832,9,DESKTOP,PAID_SEARCH,871.29,1
SES_00002483,17,918,5,MOBILE,EMAIL,863.82,0
SES_00002484,21,714,7,TABLET,ORGANIC,3039.47,1
SES_00002485,31,930,3,MOBILE,ORGANIC,892.65,0
SES_00002486,16,464,8,MOBILE,DIRECT,1911.59,0
SES_00002487,5,215,5,TABLET,ORGANIC,290.0,0
SES_00002488,35,1715,2,MOBILE,DIRECT,491.85,1
SES_00002489,1,57,0,MOBILE,SOCIAL_MEDIA,0.0,0
SES_00002490,19,1102,4,MOBILE,AFFILIATE,404.02,0
SES_00002491,42,1134,10,TABLET,EMAIL,1177.98,0
SES_00002492,25,1350,10,MOBILE,DIRECT,2989.64,1
SES_00002493,40,1280,1,DESKTOP,DIRECT,224.24,1
SES_00002494,6,318,3,DESKTOP,DIRECT,925.8,0
SES_00002495,23,368,10,DESKTOP,PAID_SEARCH,2240.17,0
SES_00002496,44,1188,2,DESKTOP,ORGANIC,128.93,0
SES_00002497,27,783,10,DESKTOP,SOCIAL_MEDIA,1594.81,1
SES_00002498,4,92,1,DESKTOP,EMAIL,147.86,1
SES_00002499,18,918,8,TABLET,ORGANIC,943.13,1
SES_00002500,10,370,6,MOBILE,ORGANIC,237.21,0
SES_00002501,30,1410,2,DESKTOP,PAID_SEARCH,268.4,1
SES_00002502,13,663,2,MOBILE,PAID_SEARCH,843.81,1
SES_00002503,42,1134,4,TABLET,ORGANIC,1310.28,1
SES_00002504,7,329,1,MOBILE,SOCIAL_MEDIA,68.08,1
SES_00002505,27,486,0,DESKTOP,SOCIAL_MEDIA,0.0,0
SES_00002506,20,1100,3,TABLET,AFFILIATE,646.13,1
SES_00002507,38,570,2,TABLET,AFFILIATE,598.63,0
SES_00002508,13,520,3,MOBILE,SOCIAL_MEDIA,561.73,1
SES_00002509,27,945,6,TABLET,PAID_SEARCH,1334.55,1
SES_00002510,24,1128,5,TABLET,EMAIL,1991.62,0
SES_00002511,2,110,1,DESKTOP,EMAIL,103.86,0
SES_00002512,4,128,1,DESKTOP,PAID_SEARCH,259.27,0
SES_00002513,9,531,7,TABLET,PAID_SEARCH,2506.93,1
SES_00002514,1,28,0,DESKTOP,PAID_SEARCH,0.0,0
SES_00002515,19,475,9,MOBILE,DIRECT,1452.64,0
SES_00002516,28,1372,10,TABLET,DIRECT,4206.61,0
SES_00002517,6,192,3,TABLET,SOCIAL_MEDIA,500.11,1
SES_00002518,8,456,1,TABLET,PAID_SEARCH,244.77,1
SES_00002519,22,682,3,DESKTOP,PAID_SEARCH,354.09,1
SES_00002520,31,465,6,DESKTOP,ORGANIC,2090.56,1
SES_00002521,45,2610,9,DESKTOP,ORGANIC,1536.68,1
SES_00002522,25,900,5,TABLET,PAID_SEARCH,302.71,1
SES_00002523,2,82,0,DESKTOP,EMAIL,0.0,0
SES_00002524,45,1485,9,TABLET,AFFILIATE,3046.34,0
SES_00002525,42,2310,2,TABLET,PAID_SEARCH,737.25,0
SES_00002526,23,391,9,DESKTOP,ORGANIC,3343.43,1
SES_00002527,19,1140,3,DESKTOP,DIRECT,1330.07,1
SES_00002528,5,245,4,MOBILE,EMAIL,877.18,0
SES_00002529,34,1054,3,TABLET,AFFILIATE,611.94,0
SES_00002530,6,114,2,DESKTOP,ORGANIC,848.34,1
SES_00002531,44,1716,0,TABLET,DIRECT,0.0,0
SES_00002532,30,540,1,TABLET,EMAIL,295.14,1
SES_00002533,28,1344,3,TABLET,AFFILIATE,157.06,0
SES_00002534,27,675,10,DESKTOP,EMAIL,3097.06,1
SES_00002535,12,360,2,MOBILE,ORGANIC,564.02,0
SES_00002536,40,2280,8,DESKTOP,AFFILIATE,2138.15,1
SES_00002537,39,1599,2,DESKTOP,PAID_SEARCH,461.96,1
SES_00002538,37,1850,9,MOBILE,SOCIAL_MEDIA,702.77,0
SES_00002539,30,1290,8,MOBILE,ORGANIC,1187.51,0
SES_00002540,19,931,1,DESKTOP,SOCIAL_MEDIA,31.59,1
SES_00002541,44,1980,10,TABLET,PAID_SEARCH,303.56,1
SES_00002542,25,475,10,TABLET,ORGANIC,4176.29,1
SES_00002543,10,240,2,TABLET,SOCIAL_MEDIA,494.78,1
SES_00002544,44,1848,10,MOBILE,ORGANIC,2072.67,1
SES_00002545,28,1064,7,TABLET,EMAIL,2535.87,0
SES_00002546,42,2310,6,MOBILE,EMAIL,2402.73,1
SES_00002547,12,672,2,MOBILE,SOCIAL_MEDIA,780.0,0
SES_00002548,16,912,5,TABLET,ORGANIC,1859.87,1
SES_00002549,7,154,7,TABLET,ORGANIC,2004.33,1
SES_00002550,19,494,8,TABLET,DIRECT,1809.48,0
SES_00002551,32,1696,4,TABLET,EMAIL,1373.81,1
SES_00002552,21,1155,7,DESKTOP,PAID_SEARCH,2814.74,1
SES_00002553,8,256,0,DESKTOP,AFFILIATE,0.0,0
SES_00002554,43,1333,4,DESKTOP,PAID_SEARCH,353.7,0
SES_00002555,31,1829,5,MOBILE,PAID_SEARCH,1240.73,1
SES_00002556,42,1764,3,DESKTOP,DIRECT,1225.34,1
SES_00002557,1,27,0,DESKTOP,PAID_SEARCH,0.0,0
SES_00002558,37,1073,9,DESKTOP,ORGANIC,1336.14,0
SES_00002559,2,66,1,DESKTOP,DIRECT,40.31,0
SES_00002560,36,900,9,TABLET,PAID_SEARCH,958.61,0
SES_00002561,25,1450,7,DESKTOP,PAID_SEARCH,1283.0,1
SES_00002562,29,1740,5,MOBILE,SOCIAL_MEDIA,2111.28,1
SES_00002563,10,200,10,MOBILE,EMAIL,2564.43,1
SES_00002564,33,627,8,TABLET,EMAIL,3282.18,1
SES_00002565,40,1440,0,TABLET,EMAIL,0.0,0
SES_00002566,3,156,0,MOBILE,EMAIL,0.0,0
SES_00002567,39,1014,8,MOBILE,ORGANIC,814.91,1
SES_00002568,23,414,4,MOBILE,DIRECT,1483.45,1
SES_00002569,28,868,3,DESKTOP,ORGANIC,549.49,1
SES_00002570,26,442,5,MOBILE,SOCIAL_MEDIA,1361.72,0
SES_00002571,26,1274,4,DESKTOP,ORGANIC,1371.4,1
SES_00002572,18,414,8,MOBILE,EMAIL,411.54,0
SES_00002573,27,594,3,TABLET,PAID_SEARCH,424.83,1
SES_00002574,39,1170,9,TABLET,SOCIAL_MEDIA,263.83,1
SES_00002575,9,378,9,DESKTOP,PAID_SEARCH,2215.37,0
SES_00002576,14,476,7,MOBILE,AFFILIATE,1105.86,1
SES_00002577,25,1400,7,TABLET,PAID_SEARCH,2761.56,0
SES_00002578,35,630,9,DESKTOP,SOCIAL_MEDIA,572.01,1
SES_00002579,28,1568,9,MOBILE,DIRECT,1328.13,1
SES_00002580,10,570,10,DESKTOP,DIRECT,1034.0,1
SES_00002581,35,1715,1,TABLET,EMAIL,348.91,1
SES_00002582,23,1196,5,TABLET,PAID_SEARCH,336.98,1
SES_00002583,7,392,6,TABLET,PAID_SEARCH,431.31,1
SES_00002584,30,660,8,DESKTOP,AFFILIATE,3299.75,1
SES_00002585,22,946,7,MOBILE,DIRECT,642.58,1
SES_00002586,30,1440,10,TABLET,AFFILIATE,622.86,1
SES_00002587,32,1792,5,MOBILE,EMAIL,717.91,1
SES_00002588,28,1484,6,DESKTOP,EMAIL,938.44,1
SES_00002589,16,752,8,TABLET,PAID_SEARCH,3399.32,1
SES_00002590,27,1026,1,TABLET,AFFILIATE,402.55,0
SES_00002591,42,2478,9,TABLET,PAID_SEARCH,824.41,0
SES_00002592,28,700,5,DESKTOP,AFFILIATE,367.43,1
SES_00002593,29,957,10,MOBILE,AFFILIATE,629.24,1
SES_00002594,27,405,3,MOBILE,SOCIAL_MEDIA,602.71,1
SES_00002595,10,200,2,TABLET,ORGANIC,771.86,0
SES_00002596,17,680,7,MOBILE,DIRECT,701.1,1
SES_00002597,30,570,6,DESKTOP,AFFILIATE,734.68,1
SES_00002598,29,957,9,MOBILE,EMAIL,3272.25,1
SES_00002599,12,696,10,DESKTOP,AFFILIATE,1229.38,1
SES_00002600,22,770,4,MOBILE,PAID_SEARCH,1284.23,0
SES_00002601,22,440,6,DESKTOP,PAID_SEARCH,1397.92,1
SES_00002602,30,780,3,MOBILE,ORGANIC,254.71,1
SES_00002603,3,165,1,DESKTOP,PAID_SEARCH,409.19,1
SES_00002604,12,180,8,MOBILE,EMAIL,1555.23,1
SES_00002605,42,2184,8,DESKTOP,DIRECT,3223.21,0
SES_00002606,41,1845,3,DESKTOP,ORGANIC,1324.52,1
SES_00002607,29,1450,2,TABLET,EMAIL,734.94,1
SES_00002608,17,629,5,MOBILE,AFFILIATE,1409.09,1
SES_00002609,44,1276,9,DESKTOP,ORGANIC,3854.04,0
SES_00002610,32,1024,1,MOBILE,AFFILIATE,249.25,1
SES_00002611,25,850,8,DESKTOP,DIRECT,3056.68,0
SES_00002612,30,1290,10,TABLET,EMAIL,4125.47,0
SES_00002613,21,1092,9,TABLET,ORGANIC,3407.93,0
SES_00002614,18,684,0,MOBILE,SOCIAL_MEDIA,0.0,0
SES_00002615,41,1476,3,DESKTOP,SOCIAL_MEDIA,905.42,1
SES_00002616,45,720,2,DESKTOP,AFFILIATE,493.16,1
SES_00002617,22,858,6,DESKTOP,DIRECT,778.58,1
SES_00002618,42,756,1,TABLET,DIRECT,67.51,1
SES_00002619,45,2475,8,MOBILE,SOCIAL_MEDIA,3087.1,0
SES_00002620,28,952,8,DESKTOP,PAID_SEARCH,1145.44,1
SES_00002621,22,484,10,DESKTOP,DIRECT,1549.07,0
SES_00002622,8,144,2,TABLET,ORGANIC,233.4,0
SES_00002623,16,480,5,MOBILE,AFFILIATE,1465.95,0
SES_00002624,44,1980,1,MOBILE,PAID_SEARCH,27.25,1
SES_00002625,11,242,9,MOBILE,PAID_SEARCH,3432.25,1
SES_00002626,38,1596,7,TABLET,SOCIAL_MEDIA,2562.83,1
SES_00002627,41,738,2,MOBILE,PAID_SEARCH,527.69,1
SES_00002628,43,1720,9,TABLET,ORGANIC,3104.12,1
SES_00002629,38,2128,4,MOBILE,PAID_SEARCH,453.56,1
SES_00002630,43,1333,7,DESKTOP,EMAIL,582.12,1
SES_00002631,2,116,2,TABLET,PAID_SEARCH,290.08,0
SES_00002632,14,798,4,DESKTOP,AFFILIATE,1204.04,1
SES_00002633,1,60,0,MOBILE,DIRECT,0.0,0
SES_00002634,6,348,0,DESKTOP,EMAIL,0.0,0
SES_00002635,24,552,0,DESKTOP,EMAIL,0.0,0
SES_00002636,14,770,1,DESKTOP,ORGANIC,401.0,0
SES_00002637,9,351,9,TABLET,AFFILIATE,3481.8,1
SES_00002638,11,209,9,MOBILE,EMAIL,2910.32,1
SES_00002639,42,2100,10,MOBILE,ORGANIC,1016.93,1
SES_00002640,11,440,10,MOBILE,SOCIAL_MEDIA,1348.97,0
SES_00002641,38,1216,0,MOBILE,SOCIAL_MEDIA,0.0,0
SES_00002642,29,1479,10,DESKTOP,ORGANIC,2608.4,1
SES_00002643,9,180,7,MOBILE,ORGANIC,498.21,1
SES_00002644,25,900,5,TABLET,PAID_SEARCH,1163.97,1
SES_00002645,8,360,5,MOBILE,SOCIAL_MEDIA,732.48,1
SES_00002646,27,1161,0,MOBILE,EMAIL,0.0,0
SES_00002647,23,690,8,MOBILE,ORGANIC,1419.97,1
SES_00002648,35,2100,9,MOBILE,DIRECT,3723.91,1
SES_00002649,18,1008,0,TABLET,PAID_SEARCH,0.0,0
SES_00002650,35,595,6,DESKTOP,ORGANIC,1765.87,1
SES_00002651,16,416,3,DESKTOP,ORGANIC,820.63,1
SES_00002652,12,492,9,TABLET,ORGANIC,917.22,1
SES_00002653,21,609,10,DESKTOP,AFFILIATE,1512.46,1
SES_00002654,4,132,3,DESKTOP,SOCIAL_MEDIA,657.07,1
SES_00002655,11,220,5,MOBILE,SOCIAL_MEDIA,1500.94,1
SES_00002656,19,380,2,MOBILE,DIRECT,57.42,1
SES_00002657,23,690,3,MOBILE,ORGANIC,1150.54,1
SES_00002658,10,170,0,DESKTOP,PAID_SEARCH,0.0,0
SES_00002659,42,2352,1,TABLET,AFFILIATE,312.61,1
SES_00002660,37,1221,4,DESKTOP,EMAIL,1188.54,1
SES_00002661,16,384,6,DESKTOP,PAID_SEARCH,1322.19,1
SES_00002662,31,465,10,DESKTOP,PAID_SEARCH,1504.25,1
SES_00002663,26,390,10,DESKTOP,EMAIL,1979.02,0
SES_00002664,30,870,2,MOBILE,DIRECT,459.17,1
SES_00002665,22,770,4,DESKTOP,DIRECT,562.61,1
SES_00002666,45,1575,1,TABLET,DIRECT,151.83,1
SES_00002667,3,126,2,MOBILE,AFFILIATE,92.63,1
SES_00002668,39,1716,8,MOBILE,DIRECT,2650.77,1
SES_00002669,24,1392,1,TABLET,AFFILIATE,432.22,0
SES_00002670,42,1638,4,MOBILE,EMAIL,1779.05,1
SES_00002671,36,2124,8,MOBILE,ORGANIC,1486.38,1
SES_00002672,9,243,0,MOBILE,ORGANIC,0.0,0
SES_00002673,31,992,4,DESKTOP,ORGANIC,1450.37,0
SES_00002674,15,300,7,DESKTOP,PAID_SEARCH,1587.51,0
SES_00002675,25,450,6,TABLET,DIRECT,1757.61,0
SES_00002676,27,1080,1,DESKTOP,PAID_SEARCH,264.04,0
SES_00002677,8,408,3,MOBILE,PAID_SEARCH,906.23,1
SES_00002678,35,1295,10,DESKTOP,EMAIL,4391.97,1
SES_00002679,26,1274,0,MOBILE,EMAIL,0.0,0
SES_00002680,10,570,10,MOBILE,ORGANIC,1582.8,1
SES_00002681,11,286,5,TABLET,ORGANIC,753.76,0
SES_00002682,11,407,1,TABLET,ORGANIC,223.75,1
SES_00002683,2,116,2,MOBILE,PAID_SEARCH,146.08,1
SES_00002684,22,330,7,DESKTOP,AFFILIATE,3060.58,1
SES_00002685,29,1305,0,DESKTOP,PAID_SEARCH,0.0,0
SES_00002686,16,640,7,TABLET,EMAIL,611.63,1
SES_00002687,32,672,4,DESKTOP,SOCIAL_MEDIA,1713.46,1
SES_00002688,37,1517,8,MOBILE,SOCIAL_MEDIA,2139.66,1
SES_00002689,24,672,6,DESKTOP,EMAIL,1060.54,0
SES_00002690,34,578,8,MOBILE,ORGANIC,2124.15,1
SES_00002691,9,351,8,TABLET,DIRECT,1206.92,1
SES_00002692,37,1628,3,DESKTOP,EMAIL,747.37,1
SES_00002693,31,589,4,TABLET,AFFILIATE,278.02,1
SES_00002694,22,1232,0,TABLET,EMAIL,0.0,0
SES_00002695,24,840,3,MOBILE,ORGANIC,231.39,1
SES_00002696,16,528,4,TABLET,AFFILIATE,1123.72,1
SES_00002697,33,924,6,TABLET,EMAIL,1175.84,1
SES_00002698,24,360,4,TABLET,PAID_SEARCH,175.42,1
SES_00002699,37,851,2,DESKTOP,EMAIL,174.67,1
SES_00002700,30,690,0,DESKTOP,SOCIAL_MEDIA,0.0,0
SES_00002701,39,975,2,TABLET,AFFILIATE,304.33,1
SES_00002702,45,1530,9,DESKTOP,ORGANIC,1418.59,1
SES_00002703,16,496,9,TABLET,PAID_SEARCH,1602.84,1
SES_00002704,27,1188,3,MOBILE,PAID_SEARCH,945.57,1
SES_00002705,16,592,0,DESKTOP,ORGANIC,0.0,0
SES_00002706,26,1248,3,TABLET,AFFILIATE,389.97,1
SES_00002707,41,1804,8,MOBILE,EMAIL,1193.59,1
SES_00002708,27,918,3,MOBILE,PAID_SEARCH,1220.39,1
SES_00002709,17,391,8,DESKTOP,PAID_SEARCH,1888.17,1
SES_00002710,5,290,1,TABLET,DIRECT,112.22,1
SES_00002711,43,1763,5,MOBILE,ORGANIC,1834.36,0
SES_00002712,13,650,3,MOBILE,DIRECT,1320.85,1
SES_00002713,43,860,2,TABLET,PAID_SEARCH,113.84,1
SES_00002714,7,371,2,TABLET,DIRECT,70.87,1
SES_00002715,35,1330,10,TABLET,ORGANIC,1441.44,1
SES_00002716,26,1014,5,MOBILE,DIRECT,853.31,1
SES_00002717,41,2419,7,MOBILE,SOCIAL_MEDIA,691.8,1
SES_00002718,14,406,5,DESKTOP,EMAIL,479.05,1
SES_00002719,3,114,1,DESKTOP,SOCIAL_MEDIA,286.09,1
SES_00002720,15,570,6,MOBILE,DIRECT,2487.19,1
SES_00002721,40,1600,3,TABLET,AFFILIATE,99.08,1
SES_00002722,35,1505,1,TABLET,EMAIL,429.47,1
SES_00002723,18,558,2,DESKTOP,AFFILIATE,735.11,1
SES_00002724,43,2365,10,TABLET,ORGANIC,3306.28,1
SES_00002725,14,686,4,MOBILE,AFFILIATE,294.48,1
SES_00002726,36,2016,3,TABLET,SOCIAL_MEDIA,321.29,1
SES_00002727,45,2295,4,DESKTOP,ORGANIC,198.74,0
SES_00002728,43,1935,0,DESKTOP,DIRECT,0.0,0
SES_00002729,29,1392,10,DESKTOP,EMAIL,2060.55,0
SES_00002730,31,868,2,MOBILE,EMAIL,86.42,0
SES_00002731,8,360,7,MOBILE,DIRECT,1085.93,1
SES_00002732,33,1122,5,TABLET,DIRECT,703.12,1
SES_00002733,1,54,0,TABLET,PAID_SEARCH,0.0,0
SES_00002734,35,1785,3,TABLET,SOCIAL_MEDIA,835.85,1
SES_00002735,8,168,8,TABLET,AFFILIATE,2096.06,1
SES_00002736,32,1696,6,DESKTOP,ORGANIC,293.53,1
SES_00002737,22,902,1,TABLET,ORGANIC,436.85,0
SES_00002738,12,528,9,TABLET,DIRECT,1442.47,1
SES_00002739,19,1007,8,MOBILE,AFFILIATE,3155.36,1
SES_00002740,39,858,6,DESKTOP,AFFILIATE,1073.29,1
SES_00002741,25,725,0,MOBILE,EMAIL,0.0,0
SES_00002742,6,132,2,TABLET,PAID_SEARCH,791.0,1
SES_00002743,13,234,8,DESKTOP,ORGANIC,707.47,1
SES_00002744,21,483,5,DESKTOP,PAID_SEARCH,419.21,1
SES_00002745,4,156,0,DESKTOP,DIRECT,0.0,0
SES_00002746,35,2030,10,DESKTOP,PAID_SEARCH,793.36,1
SES_00002747,2,78,2,TABLET,PAID_SEARCH,828.71,1
SES_00002748,30,1140,5,TABLET,SOCIAL_MEDIA,231.59,1
SES_00002749,33,1155,7,TABLET,EMAIL,241.09,1
SES_00002750,20,1100,4,TABLET,DIRECT,1489.98,1
SES_00002751,23,1334,2,MOBILE,SOCIAL_MEDIA,760.66,1
SES_00002752,18,972,9,MOBILE,ORGANIC,1641.97,1
SES_00002753,19,532,8,MOBILE,SOCIAL_MEDIA,2648.24,1
SES_00002754,40,1120,4,DESKTOP,PAID_SEARCH,141.58,1
SES_00002755,34,1088,0,MOBILE,EMAIL,0.0,0
SES_00002756,32,928,9,DESKTOP,EMAIL,3819.09,0
SES_00002757,18,522,7,DESKTOP,ORGANIC,1157.65,1
SES_00002758,5,265,5,TABLET,PAID_SEARCH,549.76,1
SES_00002759,22,1078,6,DESKTOP,ORGANIC,2482.21,1
SES_00002760,43,2236,8,MOBILE,ORGANIC,2884.08,1
SES_00002761,17,561,4,MOBILE,SOCIAL_MEDIA,534.33,1
SES_00002762,22,770,5,TABLET,DIRECT,934.46,0
SES_00002763,18,846,0,TABLET,ORGANIC,0.0,0
SES_00002764,12,408,2,MOBILE,AFFILIATE,172.62,0
SES_00002765,28,588,10,TABLET,SOCIAL_MEDIA,959.68,1
SES_00002766,27,1404,8,TABLET,EMAIL,1348.98,1
SES_00002767,32,1120,5,TABLET,DIRECT,1488.27,1
SES_00002768,31,1023,3,MOBILE,DIRECT,135.32,1
SES_00002769,20,300,7,DESKTOP,DIRECT,893.56,1
SES_00002770,20,700,5,TABLET,PAID_SEARCH,125.0,1
SES_00002771,10,270,1,TABLET,AFFILIATE,151.11,1
SES_00002772,7,238,7,MOBILE,DIRECT,738.58,0
SES_00002773,26,936,6,TABLET,ORGANIC,1484.73,1
SES_00002774,40,1600,8,TABLET,AFFILIATE,2832.32,1
SES_00002775,22,506,9,MOBILE,DIRECT,3401.42,1
SES_00002776,17,697,8,DESKTOP,ORGANIC,3164.91,0
SES_00002777,29,1247,2,DESKTOP,AFFILIATE,429.57,1
SES_00002778,20,960,1,DESKTOP,SOCIAL_MEDIA,178.99,1
SES_00002779,33,1683,9,DESKTOP,SOCIAL_MEDIA,3977.63,1
SES_00002780,2,44,0,MOBILE,ORGANIC,0.0,0
SES_00002781,14,378,1,TABLET,ORGANIC,161.98,1
SES_00002782,3,168,0,MOBILE,EMAIL,0.0,0
SES_00002783,20,640,3,DESKTOP,AFFILIATE,1224.87,1
SES_00002784,42,1512,10,TABLET,EMAIL,2870.52,1
SES_00002785,40,720,6,MOBILE,AFFILIATE,837.86,0
SES_00002786,9,225,0,MOBILE,PAID_SEARCH,0.0,0
SES_00002787,14,280,3,TABLET,EMAIL,658.48,1
SES_00002788,22,836,4,TABLET,EMAIL,312.38,1
SES_00002789,24,528,7,DESKTOP,SOCIAL_MEDIA,1251.88,1
SES_00002790,43,1376,9,TABLET,SOCIAL_MEDIA,1665.27,1
SES_00002791,34,1938,9,TABLET,SOCIAL_MEDIA,2679.68,1
SES_00002792,5,170,5,DESKTOP,ORGANIC,921.66,1
SES_00002793,13,286,10,MOBILE,EMAIL,3803.6,1
SES_00002794,2,50,1,TABLET,PAID_SEARCH,225.41,1
SES_00002795,8,160,0,DESKTOP,ORGANIC,0.0,0
SES_00002796,14,784,6,TABLET,SOCIAL_MEDIA,541.3,1
SES_00002797,12,420,7,TABLET,EMAIL,2238.18,1
SES_00002798,17,408,5,MOBILE,EMAIL,1532.25,0
SES_00002799,2,62,2,DESKTOP,SOCIAL_MEDIA,791.3,1
SES_00002800,16,496,10,MOBILE,DIRECT,3509.31,1
SES_00002801,6,90,6,TABLET,SOCIAL_MEDIA,703.36,0
SES_00002802,42,2226,0,DESKTOP,ORGANIC,0.0,0
SES_00002803,18,792,7,DESKTOP,ORGANIC,419.42,1
SES_00002804,4,92,4,DESKTOP,EMAIL,1119.69,1
SES_00002805,4,212,0,TABLET,ORGANIC,0.0,0
SES_00002806,33,1749,3,MOBILE,EMAIL,983.81,1
SES_00002807,2,58,1,MOBILE,DIRECT,146.57,1
SES_00002808,16,848,9,TABLET,DIRECT,2481.48,0
SES_00002809,41,1681,8,DESKTOP,PAID_SEARCH,1946.48,1
SES_00002810,6,336,0,DESKTOP,AFFILIATE,0.0,0
SES_00002811,7,252,5,MOBILE,EMAIL,1179.91,1
SES_00002812,43,1634,1,TABLET,SOCIAL_MEDIA,357.9,1
SES_00002813,3,138,1,DESKTOP,ORGANIC,178.97,1
SES_00002814,35,1645,9,TABLET,SOCIAL_MEDIA,2066.93,1
SES_00002815,33,1914,5,DESKTOP,EMAIL,1823.14,1
SES_00002816,31,496,8,TABLET,AFFILIATE,1738.13,1
SES_00002817,10,340,6,TABLET,AFFILIATE,212.32,1
SES_00002818,22,1034,10,MOBILE,EMAIL,1990.65,1
SES_00002819,8,296,3,MOBILE,AFFILIATE,845.82,0
SES_00002820,6,312,1,TABLET,ORGANIC,183.12,1
SES_00002821,11,275,5,DESKTOP,SOCIAL_MEDIA,1866.43,0
SES_00002822,12,396,8,MOBILE,ORGANIC,2271.19,1
SES_00002823,33,1518,6,DESKTOP,DIRECT,1911.87,1
SES_00002824,14,560,2,MOBILE,PAID_SEARCH,243.37,1
SES_00002825,36,1332,8,TABLET,AFFILIATE,1641.92,1
SES_00002826,8,120,0,TABLET,DIRECT,0.0,0
SES_00002827,26,1560,6,MOBILE,SOCIAL_MEDIA,1897.4,0
SES_00002828,33,1782,0,TABLET,SOCIAL_MEDIA,0.0,0
SES_00002829,43,1892,7,MOBILE,DIRECT,2461.78,1
SES_00002830,42,1638,2,DESKTOP,PAID_SEARCH,177.56,1
SES_00002831,15,555,1,MOBILE,ORGANIC,231.56,1
SES_00002832,14,518,4,TABLET,SOCIAL_MEDIA,1483.26,1
SES_00002833,6,234,3,MOBILE,EMAIL,1310.18,1
SES_00002834,4,136,1,DESKTOP,EMAIL,158.3,1
SES_00002835,17,323,6,DESKTOP,ORGANIC,1690.94,0
SES_00002836,33,1254,8,DESKTOP,PAID_SEARCH,2269.01,0
SES_00002837,33,1980,0,DESKTOP,ORGANIC,0.0,0
SES_00002838,10,460,0,TABLET,SOCIAL_MEDIA,0.0,0
SES_00002839,15,510,5,TABLET,PAID_SEARCH,2237.63,0
SES_00002840,36,1080,6,DESKTOP,PAID_SEARCH,175.61,1
SES_00002841,42,798,7,MOBILE,EMAIL,309.23,0
SES_00002842,33,1122,1,TABLET,SOCIAL_MEDIA,285.94,1
SES_00002843,14,574,4,MOBILE,PAID_SEARCH,388.52,1
SES_00002844,11,539,5,DESKTOP,DIRECT,2181.63,0
SES_00002845,13,481,5,MOBILE,AFFILIATE,1890.18,1
SES_00002846,40,1120,2,TABLET,SOCIAL_MEDIA,411.29,0
SES_00002847,44,1540,2,DESKTOP,AFFILIATE,508.56,1
SES_00002848,40,1600,5,MOBILE,AFFILIATE,617.63,1
SES_00002849,24,1320,0,DESKTOP,EMAIL,0.0,0
SES_00002850,32,1440,1,DESKTOP,SOCIAL_MEDIA,377.39,1
SES_00002851,36,792,10,DESKTOP,ORGANIC,1839.21,0
SES_00002852,20,580,1,DESKTOP,ORGANIC,406.33,1
SES_00002853,2,50,2,DESKTOP,DIRECT,715.56,1
SES_00002854,36,540,0,DESKTOP,EMAIL,0.0,0
SES_00002855,8,304,5,DESKTOP,EMAIL,1624.66,1
SES_00002856,17,510,6,MOBILE,DIRECT,246.88,0
SES_00002857,14,364,8,TABLET,ORGANIC,2239.42,0
SES_00002858,21,798,1,DESKTOP,EMAIL,255.65,0
SES_00002859,43,1634,4,TABLET,EMAIL,1608.35,1
SES_00002860,20,760,6,DESKTOP,AFFILIATE,221.26,0
SES_00002861,38,874,10,MOBILE,DIRECT,2230.3,1
SES_00002862,11,649,7,TABLET,SOCIAL_MEDIA,2034.44,1
SES_00002863,6,90,3,DESKTOP,ORGANIC,599.18,0
SES_00002864,15,330,7,MOBILE,EMAIL,936.88,0
SES_00002865,13,338,4,MOBILE,DIRECT,1252.57,1
SES_00002866,23,621,10,MOBILE,ORGANIC,3832.26,0
SES_00002867,40,1480,8,TABLET,AFFILIATE,591.47,1
SES_00002868,27,1512,1,DESKTOP,PAID_SEARCH,214.36,1
SES_00002869,20,380,2,DESKTOP,ORGANIC,248.57,1
SES_00002870,28,728,5,DESKTOP,EMAIL,1269.6,1
SES_00002871,19,399,10,MOBILE,DIRECT,3258.17,1
SES_00002872,1,60,1,TABLET,EMAIL,238.74,1
SES_00002873,45,1350,8,TABLET,PAID_SEARCH,228.64,1
SES_00002874,40,2080,1,TABLET,DIRECT,129.01,0
SES_00002875,38,1824,3,DESKTOP,AFFILIATE,791.28,1
SES_00002876,10,510,10,DESKTOP,SOCIAL_MEDIA,2369.95,1
SES_00002877,41,1599,9,TABLET,PAID_SEARCH,3590.34,1
SES_00002878,10,440,1,MOBILE,AFFILIATE,229.3,0
SES_00002879,3,99,0,MOBILE,DIRECT,0.0,0
SES_00002880,21,420,2,TABLET,AFFILIATE,62.87,1
SES_00002881,36,1836,5,TABLET,SOCIAL_MEDIA,1324.62,1
SES_00002882,16,272,3,TABLET,SOCIAL_MEDIA,1334.33,1
SES_00002883,21,1092,4,MOBILE,SOCIAL_MEDIA,591.61,1
SES_00002884,11,231,10,MOBILE,SOCIAL_MEDIA,3328.58,1
SES_00002885,7,308,5,MOBILE,AFFILIATE,1677.89,1
SES_00002886,14,238,9,TABLET,AFFILIATE,2217.63,1
SES_00002887,27,1296,1,DESKTOP,AFFILIATE,438.0,1
SES_00002888,34,2006,2,MOBILE,DIRECT,726.91,1
SES_00002889,22,1122,10,TABLET,AFFILIATE,2659.3,1
SES_00002890,6,318,0,TABLET,SOCIAL_MEDIA,0.0,0
SES_00002891,41,1640,6,DESKTOP,PAID_SEARCH,277.07,1
SES_00002892,36,1260,1,MOBILE,ORGANIC,215.71,1
SES_00002893,39,1209,7,TABLET,PAID_SEARCH,784.36,1
SES_00002894,22,1100,9,DESKTOP,EMAIL,1990.68,0
SES_00002895,28,728,2,TABLET,EMAIL,128.43,1
SES_00002896,31,1705,7,MOBILE,AFFILIATE,1045.22,1
SES_00002897,41,1312,8,MOBILE,EMAIL,1333.69,1
SES_00002898,33,1254,0,DESKTOP,EMAIL,0.0,0
SES_00002899,45,1080,8,MOBILE,SOCIAL_MEDIA,1528.36,1
SES_00002900,16,944,10,DESKTOP,DIRECT,406.14,1
SES_00002901,16,816,1,DESKTOP,ORGANIC,158.58,0
SES_00002902,36,1620,10,MOBILE,ORGANIC,2620.0,0
SES_00002903,39,975,1,TABLET,PAID_SEARCH,360.4,1
SES_00002904,9,324,4,TABLET,SOCIAL_MEDIA,1276.39,1
SES_00002905,1,57,1,DESKTOP,DIRECT,109.14,1
SES_00002906,4,112,4,DESKTOP,SOCIAL_MEDIA,143.14,1
SES_00002907,20,860,7,TABLET,EMAIL,558.44,1
SES_00002908,35,560,3,TABLET,AFFILIATE,813.35,1
SES_00002909,34,544,9,TABLET,DIRECT,529.74,1
SES_00002910,38,2090,6,TABLET,SOCIAL_MEDIA,1973.33,0
SES_00002911,40,760,8,TABLET,EMAIL,1696.26,1
SES_00002912,12,252,5,TABLET,SOCIAL_MEDIA,388.33,1
SES_00002913,13,377,4,TABLET,EMAIL,1289.38,1
SES_00002914,14,700,3,MOBILE,PAID_SEARCH,262.74,0
SES_00002915,2,84,1,TABLET,PAID_SEARCH,29.68,1
SES_00002916,35,2065,1,TABLET,SOCIAL_MEDIA,88.67,1
SES_00002917,6,204,0,MOBILE,SOCIAL_MEDIA,0.0,0
SES_00002918,36,720,2,TABLET,ORGANIC,799.36,1
SES_00002919,19,437,6,MOBILE,DIRECT,1184.1,1
SES_00002920,42,1176,7,TABLET,DIRECT,2553.87,1
SES_00002921,32,1504,8,DESKTOP,EMAIL,669.25,1
SES_00002922,1,52,1,DESKTOP,SOCIAL_MEDIA,230.92,0
SES_00002923,9,486,9,TABLET,EMAIL,845.7,1
SES_00002924,37,851,2,TABLET,DIRECT,858.01,1
SES_00002925,25,775,10,TABLET,PAID_SEARCH,2411.36,0
SES_00002926,42,1596,2,MOBILE,ORGANIC,853.22,1
SES_00002927,36,1260,9,DESKTOP,SOCIAL_MEDIA,2268.73,1
SES_00002928,32,800,3,TABLET,EMAIL,1338.94,1
SES_00002929,26,1040,3,TABLET,EMAIL,898.31,0
SES_00002930,4,200,3,TABLET,ORGANIC,118.38,1
SES_00002931,17,255,0,TABLET,SOCIAL_MEDIA,0.0,0
SES_00002932,23,897,2,DESKTOP,PAID_SEARCH,667.06,1
SES_00002933,9,414,9,TABLET,DIRECT,1106.75,1
SES_00002934,3,123,3,TABLET,PAID_SEARCH,323.62,1
SES_00002935,23,713,0,DESKTOP,ORGANIC,0.0,0
SES_00002936,7,196,2,TABLET,SOCIAL_MEDIA,837.49,0
SES_00002937,39,1560,7,MOBILE,SOCIAL_MEDIA,2849.46,1
SES_00002938,24,744,0,TABLET,ORGANIC,0.0,0
SES_00002939,15,705,5,TABLET,EMAIL,339.27,1
SES_00002940,31,1085,5,TABLET,EMAIL,922.67,1
SES_00002941,41,1681,3,MOBILE,DIRECT,307.7,1
SES_00002942,1,44,0,DESKTOP,EMAIL,0.0,0
SES_00002943,40,920,6,MOBILE,PAID_SEARCH,2059.01,1
SES_00002944,11,616,4,TABLET,PAID_SEARCH,680.58,1
SES_00002945,37,2072,9,MOBILE,SOCIAL_MEDIA,2248.0,1
SES_00002946,41,1148,2,DESKTOP,EMAIL,262.0,0
SES_00002947,11,286,3,DESKTOP,ORGANIC,455.3,0
SES_00002948,2,64,0,DESKTOP,AFFILIATE,0.0,0
SES_00002949,39,2145,10,DESKTOP,PAID_SEARCH,4296.32,1
SES_00002950,6,288,6,MOBILE,SOCIAL_MEDIA,2397.4,0
SES_00002951,20,1080,7,TABLET,AFFILIATE,1786.71,1
SES_00002952,35,805,5,MOBILE,DIRECT,1707.76,1
SES_00002953,5,270,3,MOBILE,ORGANIC,457.53,1
SES_00002954,3,114,0,MOBILE,AFFILIATE,0.0,0
SES_00002955,29,1363,1,DESKTOP,DIRECT,410.11,1
SES_00002956,1,21,0,DESKTOP,ORGANIC,0.0,0
SES_00002957,12,648,9,DESKTOP,EMAIL,2900.14,1
SES_00002958,37,1628,4,DESKTOP,SOCIAL_MEDIA,159.07,1
SES_00002959,45,2610,7,MOBILE,ORGANIC,1375.87,0
SES_00002960,10,190,8,DESKTOP,PAID_SEARCH,2181.03,1
SES_00002961,11,407,2,MOBILE,EMAIL,280.42,1
SES_00002962,13,442,3,DESKTOP,ORGANIC,934.59,1
SES_00002963,12,708,1,DESKTOP,AFFILIATE,362.09,1
SES_00002964,42,1302,0,MOBILE,AFFILIATE,0.0,0
SES_00002965,31,1550,1,TABLET,AFFILIATE,35.45,1
SES_00002966,34,1870,7,MOBILE,ORGANIC,1820.09,1
SES_00002967,40,1200,1,MOBILE,EMAIL,399.76,0
SES_00002968,3,45,0,TABLET,ORGANIC,0.0,0
SES_00002969,10,440,1,DESKTOP,PAID_SEARCH,426.37,1
SES_00002970,16,352,10,MOBILE,DIRECT,1840.16,0
SES_00002971,10,310,5,MOBILE,ORGANIC,1990.41,0
SES_00002972,5,150,5,TABLET,PAID_SEARCH,1619.42,1
SES_00002973,15,855,3,MOBILE,PAID_SEARCH,294.03,1
SES_00002974,3,144,2,DESKTOP,AFFILIATE,50.7,1
SES_00002975,17,952,1,TABLET,EMAIL,390.03,0
SES_00002976,35,1120,8,DESKTOP,PAID_SEARCH,2893.32,1
SES_00002977,44,1980,6,TABLET,PAID_SEARCH,605.98,1
SES_00002978,1,58,1,TABLET,ORGANIC,194.61,1
SES_00002979,4,184,1,DESKTOP,SOCIAL_MEDIA,116.19,1
SES_00002980,42,1470,10,TABLET,AFFILIATE,3163.49,0
SES_00002981,23,1081,3,DESKTOP,ORGANIC,1067.68,0
SES_00002982,18,612,4,MOBILE,EMAIL,1341.12,1
SES_00002983,33,1650,2,TABLET,EMAIL,806.07,1
SES_00002984,1,45,0,DESKTOP,DIRECT,0.0,0
SES_00002985,6,330,0,TABLET,ORGANIC,0.0,0
SES_00002986,8,400,3,MOBILE,AFFILIATE,904.94,1
SES_00002987,8,264,4,TABLET,PAID_SEARCH,1123.14,1
SES_00002988,1,33,1,TABLET,SOCIAL_MEDIA,272.78,1
SES_00002989,2,92,0,MOBILE,DIRECT,0.0,0
SES_00002990,8,456,8,MOBILE,AFFILIATE,562.79,1
SES_00002991,17,629,9,DESKTOP,SOCIAL_MEDIA,1658.93,1
SES_00002992,21,1071,1,TABLET,DIRECT,329.21,1
SES_00002993,20,300,5,MOBILE,AFFILIATE,610.03,1
SES_00002994,25,1350,4,DESKTOP,EMAIL,425.6,1
SES_00002995,32,928,8,DESKTOP,AFFILIATE,2106.93,1
SES_00002996,37,962,8,DESKTOP,DIRECT,3248.48,1
SES_00002997,30,1620,0,MOBILE,ORGANIC,0.0,0
SES_00002998,43,2279,2,MOBILE,SOCIAL_MEDIA,429.51,1
SES_00002999,38,608,0,MOBILE,ORGANIC,0.0,0
SES_00003000,33,1056,5,MOBILE,SOCIAL_MEDIA,982.61,1
SES_00003001,15,240,7,TABLET,DIRECT,2061.32,0
SES_00003002,28,1456,7,TABLET,ORGANIC,761.6,0
SES_00003003,20,1080,4,DESKTOP,AFFILIATE,597.71,1
SES_00003004,25,750,2,DESKTOP,AFFILIATE,734.99,1
SES_00003005,11,374,8,MOBILE,DIRECT,1676.33,0
SES_00003006,34,1768,4,MOBILE,EMAIL,390.15,1
SES_00003007,30,1590,1,TABLET,DIRECT,348.46,1
SES_00003008,17,391,10,MOBILE,DIRECT,4195.64,0
SES_00003009,25,625,2,MOBILE,AFFILIATE,370.31,1
SES_00003010,3,138,3,MOBILE,SOCIAL_MEDIA,239.8,1
SES_00003011,40,1360,1,DESKTOP,AFFILIATE,196.83,0
SES_00003012,7,147,3,DESKTOP,AFFILIATE,171.01,1
SES_00003013,1,21,0,DESKTOP,ORGANIC,0.0,0
SES_00003014,12,420,4,MOBILE,DIRECT,746.73,1
SES_00003015,29,870,1,DESKTOP,SOCIAL_MEDIA,402.12,1
SES_00003016,27,1377,2,MOBILE,AFFILIATE,59.23,1
SES_00003017,37,629,4,TABLET,PAID_SEARCH,1278.7,1
SES_00003018,18,468,0,TABLET,AFFILIATE,0.0,0
SES_00003019,39,1443,5,TABLET,PAID_SEARCH,821.54,0
SES_00003020,5,235,0,DESKTOP,AFFILIATE,0.0,0
SES_00003021,34,1496,6,MOBILE,SOCIAL_MEDIA,609.9,0
SES_00003022,21,609,7,DESKTOP,EMAIL,2482.05,1
SES_00003023,40,760,5,DESKTOP,PAID_SEARCH,1987.21,0
SES_00003024,8,152,4,MOBILE,EMAIL,1263.46,1
SES_00003025,37,1850,9,MOBILE,DIRECT,1036.58,1
SES_00003026,41,2009,8,TABLET,DIRECT,1657.31,0
SES_00003027,3,129,0,DESKTOP,EMAIL,0.0,0
SES_00003028,34,1122,3,DESKTOP,EMAIL,267.85,1
SES_00003029,5,245,0,DESKTOP,SOCIAL_MEDIA,0.0,0
SES_00003030,18,792,4,DESKTOP,PAID_SEARCH,790.29,1
SES_00003031,24,984,10,TABLET,SOCIAL_MEDIA,3434.75,1
SES_00003032,14,714,3,TABLET,SOCIAL_MEDIA,981.01,0
SES_00003033,18,540,1,TABLET,ORGANIC,333.97,1
SES_00003034,32,1600,9,MOBILE,DIRECT,1686.97,1
SES_00003035,41,2132,10,DESKTOP,EMAIL,1519.51,1
SES_00003036,29,1421,9,TABLET,PAID_SEARCH,2882.04,1
SES_00003037,36,2160,5,DESKTOP,AFFILIATE,677.19,0
SES_00003038,7,154,1,TABLET,SOCIAL_MEDIA,211.16,0
SES_00003039,39,2028,9,DESKTOP,AFFILIATE,548.45,1
SES_00003040,37,592,8,MOBILE,PAID_SEARCH,2365.61,1
SES_00003041,1,54,0,MOBILE,AFFILIATE,0.0,0
SES_00003042,6,360,0,MOBILE,PAID_SEARCH,0.0,0
SES_00003043,42,1806,0,TABLET,AFFILIATE,0.0,0
SES_00003044,7,147,6,TABLET,EMAIL,2307.4,0
SES_00003045,22,638,2,DESKTOP,DIRECT,436.88,0
SES_00003046,1,41,1,MOBILE,AFFILIATE,54.41,1
SES_00003047,3,117,1,DESKTOP,ORGANIC,433.44,1
SES_00003048,44,2332,1,TABLET,DIRECT,293.01,1
SES_00003049,19,551,9,MOBILE,PAID_SEARCH,1247.99,1
SES_00003050,39,1599,7,DESKTOP,AFFILIATE,3096.71,0
SES_00003051,19,589,5,MOBILE,SOCIAL_MEDIA,1877.14,1
SES_00003052,19,646,0,DESKTOP,AFFILIATE,0.0,0
SES_00003053,23,828,7,TABLET,PAID_SEARCH,1981.91,1
SES_00003054,11,198,4,MOBILE,PAID_SEARCH,1013.7,0
SES_00003055,28,1260,4,DESKTOP,PAID_SEARCH,1119.49,1
SES_00003056,9,144,9,DESKTOP,AFFILIATE,3792.2,1
SES_00003057,38,1026,2,TABLET,AFFILIATE,592.86,1
SES_00003058,43,1591,3,MOBILE,SOCIAL_MEDIA,800.93,0
SES_00003059,34,612,8,MOBILE,SOCIAL_MEDIA,1309.45,1
SES_00003060,9,279,7,DESKTOP,SOCIAL_MEDIA,2561.56,1
SES_00003061,16,656,10,TABLET,SOCIAL_MEDIA,486.48,1
SES_00003062,6,258,2,TABLET,ORGANIC,289.49,1
SES_00003063,13,221,2,MOBILE,PAID_SEARCH,819.21,0
SES_00003064,28,504,9,DESKTOP,EMAIL,3594.03,1
SES_00003065,6,270,5,DESKTOP,PAID_SEARCH,825.48,1
SES_00003066,13,754,6,DESKTOP,DIRECT,531.07,1
SES_00003067,42,1848,0,TABLET,EMAIL,0.0,0
SES_00003068,20,320,9,DESKTOP,PAID_SEARCH,776.69,1
SES_00003069,44,1892,3,TABLET,AFFILIATE,926.77,1
SES_00003070,7,175,5,TABLET,SOCIAL_MEDIA,1700.93,1
SES_00003071,6,174,1,DESKTOP,ORGANIC,330.47,1
SES_00003072,40,2400,7,TABLET,ORGANIC,1453.16,1
SES_00003073,19,912,8,TABLET,SOCIAL_MEDIA,3049.09,1
SES_00003074,11,517,2,DESKTOP,DIRECT,88.47,1
SES_00003075,37,1036,7,DESKTOP,EMAIL,385.92,0
SES_00003076,27,567,0,TABLET,DIRECT,0.0,0
SES_00003077,19,1121,0,DESKTOP,PAID_SEARCH,0.0,0
SES_00003078,40,1760,9,TABLET,SOCIAL_MEDIA,408.33,1
SES_00003079,4,176,1,DESKTOP,DIRECT,202.19,1
SES_00003080,42,1260,2,TABLET,EMAIL,782.99,0
SES_00003081,43,2107,5,DESKTOP,AFFILIATE,2167.16,0
SES_00003082,2,86,0,DESKTOP,SOCIAL_MEDIA,0.0,0
SES_00003083,33,627,10,MOBILE,EMAIL,3609.1,1
SES_00003084,3,123,0,MOBILE,PAID_SEARCH,0.0,0
SES_00003085,8,176,3,TABLET,DIRECT,881.72,1
SES_00003086,10,560,3,TABLET,PAID_SEARCH,1276.07,1
SES_00003087,10,370,2,DESKTOP,PAID_SEARCH,68.6,1
SES_00003088,28,616,3,DESKTOP,ORGANIC,740.53,1
SES_00003089,16,736,10,TABLET,EMAIL,2318.64,1
SES_00003090,43,989,8,TABLET,ORGANIC,1279.98,1
SES_00003091,11,319,10,TABLET,PAID_SEARCH,3869.06,1
SES_00003092,43,1591,10,TABLET,AFFILIATE,1416.91,1
SES_00003093,26,1014,1,TABLET,PAID_SEARCH,246.27,1
SES_00003094,6,324,3,MOBILE,AFFILIATE,491.49,1
SES_00003095,8,368,0,TABLET,AFFILIATE,0.0,0
SES_00003096,14,504,1,DESKTOP,ORGANIC,373.3,1
SES_00003097,10,360,3,TABLET,SOCIAL_MEDIA,134.03,1
SES_00003098,6,90,6,DESKTOP,SOCIAL_MEDIA,2590.04,1
SES_00003099,18,396,8,DESKTOP,ORGANIC,1961.66,1
SES_00003100,37,592,3,MOBILE,EMAIL,847.61,1
SES_00003101,14,826,10,TABLET,PAID_SEARCH,4124.98,0
SES_00003102,39,1794,6,MOBILE,PAID_SEARCH,1271.68,1
SES_00003103,35,735,8,TABLET,PAID_SEARCH,1446.71,1
SES_00003104,18,432,0,TABLET,EMAIL,0.0,0
SES_00003105,12,492,4,DESKTOP,PAID_SEARCH,1661.94,1
SES_00003106,12,432,5,DESKTOP,EMAIL,1794.55,1
SES_00003107,9,270,2,TABLET,ORGANIC,220.7,1
SES_00003108,44,1144,4,DESKTOP,SOCIAL_MEDIA,1437.56,0
SES_00003109,33,1287,6,MOBILE,SOCIAL_MEDIA,240.15,1
SES_00003110,9,306,6,DESKTOP,EMAIL,1599.6,0
SES_00003111,33,1683,3,DESKTOP,AFFILIATE,1049.42,1
SES_00003112,2,102,1,DESKTOP,AFFILIATE,159.2,1
SES_00003113,42,1428,2,DESKTOP,AFFILIATE,283.71,0
SES_00003114,29,1334,9,TABLET,DIRECT,1094.42,1
SES_00003115,43,2150,3,DESKTOP,PAID_SEARCH,529.47,1
SES_00003116,30,1710,10,MOBILE,EMAIL,3335.05,1
SES_00003117,8,136,7,DESKTOP,SOCIAL_MEDIA,3064.52,1
SES_00003118,37,1665,4,DESKTOP,AFFILIATE,1267.48,1
SES_00003119,36,1404,5,MOBILE,DIRECT,1832.57,1
SES_00003120,25,1025,8,TABLET,DIRECT,2862.34,1
SES_00003121,7,385,0,MOBILE,SOCIAL_MEDIA,0.0,0
SES_00003122,24,1272,5,TABLET,EMAIL,1592.67,1
SES_00003123,32,1632,7,TABLET,PAID_SEARCH,1028.99,1
SES_00003124,28,728,0,TABLET,SOCIAL_MEDIA,0.0,0
SES_00003125,21,924,4,MOBILE,PAID_SEARCH,1273.55,1
SES_00003126,41,2050,6,MOBILE,DIRECT,1086.12,1
SES_00003127,28,644,9,DESKTOP,EMAIL,2150.23,1
SES_00003128,1,45,0,DESKTOP,EMAIL,0.0,0
SES_00003129,37,703,10,DESKTOP,DIRECT,3505.37,1
SES_00003130,9,189,1,TABLET,EMAIL,281.06,1
SES_00003131,35,1820,10,DESKTOP,ORGANIC,500.3,1
SES_00003132,17,663,1,TABLET,ORGANIC,333.03,1
SES_00003133,2,60,0,MOBILE,DIRECT,0.0,0
SES_00003134,36,972,2,DESKTOP,SOCIAL_MEDIA,670.31,1
SES_00003135,3,90,2,DESKTOP,ORGANIC,410.0,1
SES_00003136,10,320,10,TABLET,PAID_SEARCH,4303.83,0
SES_00003137,12,564,7,MOBILE,EMAIL,1218.74,0
SES_00003138,6,306,4,DESKTOP,EMAIL,120.15,0
SES_00003139,36,1584,3,TABLET,DIRECT,530.7,0
SES_00003140,18,576,7,TABLET,ORGANIC,2531.46,0
SES_00003141,11,396,10,DESKTOP,DIRECT,3690.79,0
SES_00003142,29,783,10,DESKTOP,AFFILIATE,2766.28,1
SES_00003143,21,462,5,MOBILE,PAID_SEARCH,1090.17,1
SES_00003144,30,1680,1,TABLET,SOCIAL_MEDIA,49.15,1
SES_00003145,1,36,1,DESKTOP,SOCIAL_MEDIA,421.52,1
SES_00003146,4,224,4,MOBILE,EMAIL,1690.85,1
SES_00003147,3,171,3,DESKTOP,SOCIAL_MEDIA,80.28,1
SES_00003148,35,875,5,TABLET,AFFILIATE,329.03,1
SES_00003149,41,1476,9,MOBILE,DIRECT,3525.01,1
SES_00003150,27,783,8,TABLET,EMAIL,1437.4,1
SES_00003151,22,330,2,MOBILE,SOCIAL_MEDIA,128.47,0
SES_00003152,37,1628,2,TABLET,DIRECT,544.37,1
SES_00003153,44,2420,4,TABLET,EMAIL,410.77,0
SES_00003154,27,1296,3,TABLET,AFFILIATE,989.26,1
SES_00003155,3,51,3,TABLET,EMAIL,864.95,1
SES_00003156,34,612,3,DESKTOP,AFFILIATE,836.26,1
SES_00003157,11,220,4,TABLET,AFFILIATE,254.71,1
SES_00003158,16,896,3,DESKTOP,EMAIL,491.42,1
SES_00003159,24,936,4,DESKTOP,AFFILIATE,1554.58,1
SES_00003160,18,684,9,DESKTOP,PAID_SEARCH,272.79,1
SES_00003161,42,2436,0,DESKTOP,DIRECT,0.0,0
SES_00003162,24,480,10,TABLET,PAID_SEARCH,3184.75,0
SES_00003163,24,1272,1,DESKTOP,SOCIAL_MEDIA,289.8,1
SES_00003164,37,2183,7,DESKTOP,PAID_SEARCH,2109.15,1
SES_00003165,20,1080,5,DESKTOP,AFFILIATE,1010.69,0
SES_00003166,19,323,6,MOBILE,PAID_SEARCH,915.03,0
SES_00003167,29,435,8,TABLET,ORGANIC,1416.04,1
SES_00003168,45,2565,8,MOBILE,SOCIAL_MEDIA,2678.76,1
SES_00003169,9,441,6,DESKTOP,DIRECT,1509.07,1
SES_00003170,3,123,0,TABLET,DIRECT,0.0,0
SES_00003171,36,1764,1,TABLET,SOCIAL_MEDIA,185.15,1
SES_00003172,30,1470,8,TABLET,SOCIAL_MEDIA,534.34,1
SES_00003173,20,580,1,TABLET,SOCIAL_MEDIA,319.08,0
SES_00003174,20,860,8,MOBILE,PAID_SEARCH,3451.46,0
SES_00003175,36,2016,6,TABLET,EMAIL,1276.06,0
SES_00003176,35,1645,1,MOBILE,SOCIAL_MEDIA,293.82,0
SES_00003177,21,315,3,DESKTOP,EMAIL,1328.62,1
SES_00003178,17,731,8,TABLET,ORGANIC,3238.49,1
SES_00003179,7,266,5,MOBILE,EMAIL,1755.54,1
SES_00003180,35,1575,1,DESKTOP,SOCIAL_MEDIA,104.26,1
SES_00003181,12,180,6,DESKTOP,PAID_SEARCH,1441.53,0
SES_00003182,5,185,3,MOBILE,DIRECT,546.96,0
SES_00003183,42,1680,7,TABLET,DIRECT,2043.56,1
SES_00003184,39,1599,10,MOBILE,EMAIL,1527.93,1
SES_00003185,28,616,8,MOBILE,ORGANIC,1211.78,0
SES_00003186,17,374,1,TABLET,SOCIAL_MEDIA,116.61,0
SES_00003187,42,1302,4,DESKTOP,EMAIL,290.57,1
SES_00003188,42,1134,9,DESKTOP,ORGANIC,1129.73,1
SES_00003189,10,210,4,DESKTOP,EMAIL,1421.74,0
SES_00003190,19,703,0,DESKTOP,AFFILIATE,0.0,0
SES_00003191,37,888,5,TABLET,PAID_SEARCH,1284.97,1
SES_00003192,9,504,8,DESKTOP,DIRECT,3380.55,1
SES_00003193,43,2580,2,TABLET,PAID_SEARCH,886.91,1
SES_00003194,29,928,7,DESKTOP,PAID_SEARCH,2465.7,1
SES_00003195,9,261,2,TABLET,ORGANIC,588.45,1
SES_00003196,4,124,1,MOBILE,ORGANIC,115.51,1
SES_00003197,26,806,1,TABLET,EMAIL,199.81,1
SES_00003198,14,238,0,TABLET,DIRECT,0.0,0
SES_00003199,5,165,1,TABLET,PAID_SEARCH,337.94,1
SES_00003200,3,54,2,DESKTOP,DIRECT,817.79,1
SES_00003201,26,806,2,MOBILE,DIRECT,541.35,1
SES_00003202,7,252,7,DESKTOP,SOCIAL_MEDIA,424.28,1
SES_00003203,36,1368,3,DESKTOP,EMAIL,678.37,0
SES_00003204,27,1404,5,DESKTOP,PAID_SEARCH,1174.74,1
SES_00003205,23,414,3,TABLET,AFFILIATE,940.64,1
SES_00003206,2,108,1,MOBILE,AFFILIATE,94.35,1
SES_00003207,30,900,9,MOBILE,EMAIL,3926.13,1
SES_00003208,34,1938,0,DESKTOP,AFFILIATE,0.0,0
SES_00003209,8,208,6,TABLET,SOCIAL_MEDIA,1726.93,1
SES_00003210,25,1050,4,TABLET,AFFILIATE,901.41,1
SES_00003211,10,280,4,DESKTOP,AFFILIATE,675.25,1
SES_00003212,9,396,1,MOBILE,SOCIAL_MEDIA,156.23,1
SES_00003213,35,2065,7,TABLET,PAID_SEARCH,2951.09,0
SES_00003214,17,425,6,DESKTOP,AFFILIATE,2530.04,0
SES_00003215,44,1672,8,MOBILE,AFFILIATE,2578.63,1
SES_00003216,36,1152,2,DESKTOP,DIRECT,682.58,1
SES_00003217,43,2107,7,TABLET,AFFILIATE,1984.31,1
SES_00003218,11,352,3,MOBILE,ORGANIC,262.55,1
SES_00003219,38,950,7,TABLET,AFFILIATE,751.41,1
SES_00003220,35,805,4,DESKTOP,ORGANIC,303.46,1
SES_00003221,9,306,1,MOBILE,ORGANIC,29.82,1
SES_00003222,32,896,6,TABLET,ORGANIC,605.95,0
SES_00003223,21,1050,8,DESKTOP,DIRECT,2015.88,1
SES_00003224,28,1120,8,DESKTOP,DIRECT,751.26,1
SES_00003225,24,1008,2,MOBILE,PAID_SEARCH,52.94,1
SES_00003226,28,1624,6,TABLET,SOCIAL_MEDIA,571.56,1
SES_00003227,17,561,1,TABLET,EMAIL,353.1,1
SES_00003228,15,525,1,MOBILE,EMAIL,374.46,1
SES_00003229,21,546,5,DESKTOP,AFFILIATE,2027.05,0
SES_00003230,29,1537,5,DESKTOP,EMAIL,446.32,1
SES_00003231,33,1716,1,TABLET,SOCIAL_MEDIA,376.39,1
SES_00003232,16,528,3,DESKTOP,DIRECT,1225.64,1
SES_00003233,12,420,8,DESKTOP,AFFILIATE,1273.45,0
SES_00003234,39,975,10,TABLET,EMAIL,2808.83,1
SES_00003235,24,408,10,DESKTOP,DIRECT,2951.97,1
SES_00003236,43,1333,7,TABLET,AFFILIATE,1055.41,1
SES_00003237,15,765,9,TABLET,EMAIL,3412.67,1
SES_00003238,15,525,4,MOBILE,ORGANIC,1401.51,1
SES_00003239,38,1900,9,TABLET,AFFILIATE,1417.66,1
SES_00003240,3,114,2,TABLET,ORGANIC,145.57,1
SES_00003241,30,450,7,TABLET,DIRECT,2682.87,1
SES_00003242,42,1050,0,DESKTOP,DIRECT,0.0,0
SES_00003243,2,66,2,DESKTOP,EMAIL,318.74,1
SES_00003244,17,714,4,DESKTOP,AFFILIATE,889.57,1
SES_00003245,6,150,3,DESKTOP,PAID_SEARCH,780.47,1
SES_00003246,30,1650,2,TABLET,DIRECT,413.64,1
SES_00003247,7,315,0,DESKTOP,SOCIAL_MEDIA,0.0,0
SES_00003248,18,504,3,MOBILE,AFFILIATE,366.46,0
SES_00003249,7,168,5,TABLET,EMAIL,495.86,1
SES_00003250,9,459,5,MOBILE,PAID_SEARCH,344.95,0
SES_00003251,28,1652,8,TABLET,ORGANIC,2460.23,1
SES_00003252,31,1302,9,TABLET,DIRECT,834.13,1
SES_00003253,33,1980,4,DESKTOP,DIRECT,355.74,1
SES_00003254,13,195,10,DESKTOP,PAID_SEARCH,3394.26,1
SES_00003255,4,128,4,MOBILE,EMAIL,402.23,1
SES_00003256,6,222,5,TABLET,SOCIAL_MEDIA,2061.16,1
SES_00003257,35,1645,1,MOBILE,PAID_SEARCH,179.38,1
SES_00003258,25,1325,10,DESKTOP,PAID_SEARCH,2465.24,0
SES_00003259,30,690,6,TABLET,EMAIL,2207.74,1
SES_00003260,41,1312,3,MOBILE,ORGANIC,1247.22,1
SES_00003261,23,1196,1,DESKTOP,AFFILIATE,260.34,0
SES_00003262,38,2128,7,MOBILE,PAID_SEARCH,646.66,1
SES_00003263,12,516,7,DESKTOP,PAID_SEARCH,458.82,1
SES_00003264,12,432,8,TABLET,SOCIAL_MEDIA,1065.56,1
SES_00003265,45,2700,1,TABLET,SOCIAL_MEDIA,226.44,1
SES_00003266,37,1998,9,MOBILE,DIRECT,3824.89,0
SES_00003267,26,520,6,DESKTOP,ORGANIC,2109.19,1
SES_00003268,32,864,6,TABLET,PAID_SEARCH,367.15,1
SES_00003269,11,539,6,TABLET,ORGANIC,2402.78,0
SES_00003270,36,1548,5,DESKTOP,DIRECT,295.33,1
SES_00003271,24,624,2,MOBILE,AFFILIATE,745.49,1
SES_00003272,12,252,6,MOBILE,PAID_SEARCH,1640.36,1
SES_00003273,11,440,2,DESKTOP,SOCIAL_MEDIA,808.27,0
SES_00003274,9,270,3,TABLET,EMAIL,77.13,1
SES_00003275,10,370,0,DESKTOP,ORGANIC,0.0,0
SES_00003276,21,819,5,MOBILE,AFFILIATE,629.27,1
SES_00003277,40,1400,4,DESKTOP,AFFILIATE,931.28,0
SES_00003278,15,660,7,DESKTOP,DIRECT,3131.65,1
SES_00003279,1,35,0,DESKTOP,ORGANIC,0.0,0
SES_00003280,26,1534,2,DESKTOP,DIRECT,300.88,0
SES_00003281,18,612,9,TABLET,AFFILIATE,3968.03,1
SES_00003282,17,901,6,DESKTOP,DIRECT,2511.33,1
SES_00003283,39,1872,7,TABLET,PAID_SEARCH,2554.53,1
SES_00003284,34,544,1,MOBILE,AFFILIATE,388.29,1
SES_00003285,36,1908,9,DESKTOP,ORGANIC,2738.3,1
SES_00003286,17,867,5,DESKTOP,PAID_SEARCH,640.22,1
SES_00003287,41,2419,5,TABLET,DIRECT,276.85,0
SES_00003288,7,287,1,MOBILE,AFFILIATE,162.2,1
SES_00003289,30,1290,5,MOBILE,SOCIAL_MEDIA,1211.91,1
SES_00003290,27,1080,6,DESKTOP,PAID_SEARCH,849.39,1
SES_00003291,3,120,2,DESKTOP,EMAIL,511.5,0
SES_00003292,34,1258,4,DESKTOP,PAID_SEARCH,1470.86,1
SES_00003293,40,960,10,DESKTOP,ORGANIC,3195.33,1
SES_00003294,8,232,1,DESKTOP,ORGANIC,103.63,1
SES_00003295,18,522,8,DESKTOP,ORGANIC,2064.48,1
SES_00003296,18,684,4,TABLET,ORGANIC,701.56,0
SES_00003297,28,1008,5,MOBILE,EMAIL,470.2,1
SES_00003298,19,931,4,DESKTOP,DIRECT,289.45,0
SES_00003299,33,1650,2,TABLET,SOCIAL_MEDIA,790.56,1
SES_00003300,3,138,1,TABLET,SOCIAL_MEDIA,388.86,1
SES_00003301,40,760,6,DESKTOP,EMAIL,2353.13,1
SES_00003302,22,880,7,MOBILE,SOCIAL_MEDIA,1421.65,1
SES_00003303,15,255,9,TABLET,EMAIL,2150.31,1
SES_00003304,3,174,2,TABLET,EMAIL,55.55,0
SES_00003305,45,720,7,DESKTOP,ORGANIC,609.04,1
SES_00003306,18,918,2,TABLET,EMAIL,378.74,0
SES_00003307,17,782,5,TABLET,AFFILIATE,1476.42,0
SES_00003308,33,1452,0,DESKTOP,EMAIL,0.0,0
SES_00003309,42,1806,4,DESKTOP,DIRECT,113.17,1
SES_00003310,33,660,8,TABLET,PAID_SEARCH,1523.07,1
SES_00003311,16,640,5,MOBILE,DIRECT,646.25,1
SES_00003312,28,1008,6,MOBILE,AFFILIATE,2287.47,1
SES_00003313,35,980,5,DESKTOP,EMAIL,2010.79,1
SES_00003314,19,741,7,DESKTOP,AFFILIATE,2813.08,1
SES_00003315,31,527,5,DESKTOP,AFFILIATE,522.37,1
SES_00003316,10,300,4,DESKTOP,EMAIL,317.73,1
SES_00003317,23,529,7,DESKTOP,ORGANIC,315.5,1
SES_00003318,39,2145,0,MOBILE,EMAIL,0.0,0
SES_00003319,31,496,7,MOBILE,AFFILIATE,911.89,1
SES_00003320,7,217,0,DESKTOP,DIRECT,0.0,0
SES_00003321,6,306,6,MOBILE,EMAIL,384.81,1
SES_00003322,33,1518,5,MOBILE,AFFILIATE,2163.28,1
SES_00003323,3,60,1,DESKTOP,EMAIL,201.04,1
SES_00003324,16,720,10,TABLET,PAID_SEARCH,900.1,0
SES_00003325,13,455,6,TABLET,SOCIAL_MEDIA,2313.29,1
SES_00003326,32,1856,2,DESKTOP,EMAIL,138.82,0
SES_00003327,31,775,0,TABLET,EMAIL,0.0,0
SES_00003328,4,80,4,DESKTOP,EMAIL,1660.25,0
SES_00003329,4,136,3,MOBILE,EMAIL,764.03,1
SES_00003330,26,858,10,MOBILE,AFFILIATE,2342.25,1
SES_00003331,11,440,7,DESKTOP,EMAIL,769.55,1
SES_00003332,1,19,1,DESKTOP,SOCIAL_MEDIA,113.19,1
SES_00003333,30,1590,3,MOBILE,DIRECT,349.17,1
SES_00003334,3,171,1,TABLET,EMAIL,442.25,1
SES_00003335,34,1972,4,TABLET,DIRECT,718.73,1
SES_00003336,36,1548,2,DESKTOP,AFFILIATE,120.67,0
SES_00003337,27,1107,10,TABLET,EMAIL,454.75,1
SES_00003338,36,1152,5,TABLET,AFFILIATE,1347.37,0
SES_00003339,3,51,2,MOBILE,DIRECT,232.41,1
SES_00003340,35,1015,6,MOBILE,PAID_SEARCH,583.4,1
SES_00003341,37,851,9,MOBILE,AFFILIATE,2158.26,1
SES_00003342,40,2320,5,TABLET,DIRECT,1810.19,1
SES_00003343,39,1287,5,DESKTOP,ORGANIC,1818.37,1
SES_00003344,44,1848,10,MOBILE,PAID_SEARCH,858.88,1
SES_00003345,15,225,8,MOBILE,ORGANIC,3011.03,0
SES_00003346,40,1600,3,TABLET,PAID_SEARCH,306.75,1
SES_00003347,2,120,1,MOBILE,ORGANIC,128.21,1
SES_00003348,37,1591,1,DESKTOP,PAID_SEARCH,189.88,0
SES_00003349,37,1850,7,DESKTOP,PAID_SEARCH,874.02,1
SES_00003350,29,986,1,DESKTOP,PAID_SEARCH,200.32,1
SES_00003351,22,616,3,TABLET,AFFILIATE,523.85,0
SES_00003352,36,1116,9,MOBILE,DIRECT,522.82,1
SES_00003353,22,1078,6,MOBILE,EMAIL,2478.03,1
SES_00003354,28,448,5,DESKTOP,PAID_SEARCH,983.87,0
SES_00003355,7,287,6,MOBILE,AFFILIATE,1490.4,0
SES_00003356,25,1325,0,MOBILE,EMAIL,0.0,0
SES_00003357,26,1456,0,MOBILE,DIRECT,0.0,0
SES_00003358,4,124,2,MOBILE,EMAIL,268.85,0
SES_00003359,41,1353,5,DESKTOP,EMAIL,642.1,0
SES_00003360,19,1121,1,TABLET,ORGANIC,165.56,1
SES_00003361,15,810,3,MOBILE,ORGANIC,864.9,1
SES_00003362,15,870,9,TABLET,EMAIL,2363.82,1
SES_00003363,27,1269,2,TABLET,EMAIL,587.35,1
SES_00003364,9,180,1,DESKTOP,SOCIAL_MEDIA,294.93,1
SES_00003365,44,1276,5,DESKTOP,AFFILIATE,484.34,0
SES_00003366,5,145,5,TABLET,ORGANIC,2062.09,1
SES_00003367,5,185,2,TABLET,SOCIAL_MEDIA,535.13,0
SES_00003368,26,832,4,DESKTOP,AFFILIATE,524.85,1
SES_00003369,42,2184,2,TABLET,DIRECT,528.31,1
SES_00003370,41,2296,0,DESKTOP,SOCIAL_MEDIA,0.0,0
SES_00003371,21,357,1,TABLET,EMAIL,290.54,1
SES_00003372,12,648,1,TABLET,AFFILIATE,420.64,1
SES_00003373,14,686,10,DESKTOP,SOCIAL_MEDIA,1625.45,1
SES_00003374,1,53,0,DESKTOP,EMAIL,0.0,0
SES_00003375,43,1763,9,MOBILE,PAID_SEARCH,3420.37,1
SES_00003376,23,506,9,DESKTOP,EMAIL,2734.1,1
SES_00003377,16,720,1,TABLET,AFFILIATE,399.81,1
SES_00003378,30,540,10,MOBILE,PAID_SEARCH,4175.85,0
SES_00003379,17,680,2,DESKTOP,EMAIL,586.57,1
SES_00003380,32,864,0,MOBILE,DIRECT,0.0,0
SES_00003381,42,1764,5,DESKTOP,DIRECT,334.5,1
SES_00003382,27,1053,2,DESKTOP,PAID_SEARCH,643.51,1
SES_00003383,10,500,2,TABLET,PAID_SEARCH,727.25,1
SES_00003384,24,528,4,MOBILE,SOCIAL_MEDIA,876.75,1
SES_00003385,41,820,8,MOBILE,DIRECT,1806.42,1
SES_00003386,30,660,7,TABLET,AFFILIATE,1902.24,1
SES_00003387,12,708,1,DESKTOP,ORGANIC,195.83,0
SES_00003388,13,390,0,DESKTOP,EMAIL,0.0,0
SES_00003389,7,273,0,TABLET,EMAIL,0.0,0
SES_00003390,35,2065,10,MOBILE,PAID_SEARCH,1013.56,1
SES_00003391,6,300,5,DESKTOP,ORGANIC,888.2,0
SES_00003392,3,120,0,DESKTOP,EMAIL,0.0,0
SES_00003393,45,1575,10,DESKTOP,EMAIL,408.35,1
SES_00003394,16,240,8,MOBILE,SOCIAL_MEDIA,3303.22,1
SES_00003395,42,1092,10,DESKTOP,DIRECT,1869.25,1
SES_00003396,29,551,9,TABLET,AFFILIATE,1406.89,0
SES_00003397,24,1080,8,MOBILE,SOCIAL_MEDIA,1357.15,0
SES_00003398,17,731,8,MOBILE,AFFILIATE,506.59,1
SES_00003399,35,735,9,MOBILE,AFFILIATE,3628.82,1
SES_00003400,5,270,2,MOBILE,EMAIL,732.06,1
SES_00003401,19,1026,1,DESKTOP,DIRECT,176.72,1
SES_00003402,11,275,5,MOBILE,EMAIL,1431.5,1
SES_00003403,1,26,0,MOBILE,PAID_SEARCH,0.0,0
SES_00003404,36,1584,8,TABLET,SOCIAL_MEDIA,1898.22,0
SES_00003405,31,651,2,DESKTOP,EMAIL,824.13,1
SES_00003406,37,1332,2,DESKTOP,SOCIAL_MEDIA,242.26,1
SES_00003407,22,462,9,TABLET,EMAIL,3639.39,1
SES_00003408,32,768,6,DESKTOP,PAID_SEARCH,399.33,1
SES_00003409,7,238,0,TABLET,ORGANIC,0.0,0
SES_00003410,22,1012,4,DESKTOP,PAID_SEARCH,699.24,1
SES_00003411,1,60,1,MOBILE,EMAIL,246.45,1
SES_00003412,42,1050,4,TABLET,AFFILIATE,928.0,1
SES_00003413,4,184,1,TABLET,EMAIL,237.38,1
SES_00003414,10,420,8,MOBILE,DIRECT,3134.65,1
SES_00003415,40,1080,5,DESKTOP,EMAIL,709.79,1
SES_00003416,13,247,3,DESKTOP,SOCIAL_MEDIA,391.07,1
SES_00003417,1,36,1,MOBILE,AFFILIATE,144.9,1
SES_00003418,3,99,0,TABLET,ORGANIC,0.0,0
SES_00003419,32,1056,9,TABLET,AFFILIATE,3253.6,0
SES_00003420,43,1634,4,TABLET,DIRECT,230.61,1
SES_00003421,39,1755,6,TABLET,PAID_SEARCH,2170.61,1
SES_00003422,42,1008,0,MOBILE,PAID_SEARCH,0.0,0
SES_00003423,15,420,1,DESKTOP,AFFILIATE,131.51,1
SES_00003424,37,1739,4,MOBILE,ORGANIC,244.88,0
SES_00003425,10,330,0,DESKTOP,ORGANIC,0.0,0
SES_00003426,27,891,5,MOBILE,SOCIAL_MEDIA,1475.74,1
SES_00003427,11,605,2,MOBILE,EMAIL,454.38,0
SES_00003428,31,620,7,MOBILE,DIRECT,2882.88,1
SES_00003429,2,46,2,MOBILE,AFFILIATE,306.12,1
SES_00003430,45,1215,2,MOBILE,SOCIAL_MEDIA,452.5,1
SES_00003431,31,899,8,DESKTOP,DIRECT,1207.63,0
SES_00003432,24,624,9,MOBILE,PAID_SEARCH,1545.76,1
SES_00003433,11,352,2,MOBILE,AFFILIATE,593.03,0
SES_00003434,29,1479,0,DESKTOP,DIRECT,0.0,0
SES_00003435,30,900,10,DESKTOP,DIRECT,857.89,1
SES_00003436,5,90,2,DESKTOP,PAID_SEARCH,426.42,0
SES_00003437,13,676,9,MOBILE,SOCIAL_MEDIA,1123.59,1
SES_00003438,37,814,4,MOBILE,SOCIAL_MEDIA,613.72,1
SES_00003439,12,528,10,DESKTOP,PAID_SEARCH,3761.74,1
SES_00003440,34,1326,1,MOBILE,SOCIAL_MEDIA,310.58,0
SES_00003441,42,882,4,MOBILE,DIRECT,1192.45,1
SES_00003442,12,528,4,DESKTOP,ORGANIC,1629.83,1
SES_00003443,39,2340,6,DESKTOP,AFFILIATE,1702.7,1
SES_00003444,21,504,6,TABLET,DIRECT,1470.45,1
SES_00003445,2,66,0,DESKTOP,PAID_SEARCH,0.0,0
SES_00003446,20,720,3,MOBILE,DIRECT,942.15,1
SES_00003447,2,98,1,DESKTOP,DIRECT,442.5,1
SES_00003448,13,481,7,TABLET,SOCIAL_MEDIA,2653.33,1
SES_00003449,9,144,4,DESKTOP,DIRECT,1087.68,1
SES_00003450,28,1596,1,DESKTOP,DIRECT,238.81,0
SES_00003451,38,1786,0,DESKTOP,EMAIL,0.0,0
SES_00003452,28,1232,1,DESKTOP,EMAIL,98.58,1
SES_00003453,21,1197,7,TABLET,SOCIAL_MEDIA,915.39,1
SES_00003454,4,172,0,DESKTOP,ORGANIC,0.0,0
SES_00003455,43,1290,0,DESKTOP,DIRECT,0.0,0
SES_00003456,35,2100,0,MOBILE,SOCIAL_MEDIA,0.0,0
SES_00003457,16,832,2,MOBILE,EMAIL,208.79,1
SES_00003458,26,1248,8,DESKTOP,ORGANIC,1136.78,1
SES_00003459,40,1560,2,TABLET,DIRECT,548.65,0
SES_00003460,15,270,1,DESKTOP,PAID_SEARCH,301.41,1
SES_00003461,3,69,1,TABLET,PAID_SEARCH,311.86,0
SES_00003462,22,1056,5,MOBILE,PAID_SEARCH,1962.79,1
SES_00003463,32,1824,9,MOBILE,SOCIAL_MEDIA,3169.6,1
SES_00003464,29,551,3,DESKTOP,ORGANIC,631.31,1
SES_00003465,18,306,7,DESKTOP,AFFILIATE,1996.06,0
SES_00003466,41,738,2,TABLET,AFFILIATE,65.81,0
SES_00003467,18,972,9,DESKTOP,EMAIL,2298.48,0
SES_00003468,26,1326,5,DESKTOP,EMAIL,231.35,1
SES_00003469,29,986,7,MOBILE,AFFILIATE,1178.7,1
SES_00003470,8,376,1,MOBILE,SOCIAL_MEDIA,200.89,1
SES_00003471,44,748,1,TABLET,DIRECT,250.76,1
SES_00003472,8,368,4,TABLET,EMAIL,1063.23,0
SES_00003473,28,868,8,MOBILE,SOCIAL_MEDIA,3065.83,1
SES_00003474,8,360,7,DESKTOP,PAID_SEARCH,2640.4,0
SES_00003475,7,182,0,MOBILE,ORGANIC,0.0,0
SES_00003476,18,702,3,DESKTOP,AFFILIATE,646.4,1
SES_00003477,28,784,4,MOBILE,AFFILIATE,520.29,0
SES_00003478,14,448,9,MOBILE,AFFILIATE,753.02,1
SES_00003479,30,1290,7,DESKTOP,ORGANIC,2677.17,1
SES_00003480,3,96,3,TABLET,SOCIAL_MEDIA,875.94,1
SES_00003481,3,93,0,MOBILE,SOCIAL_MEDIA,0.0,0
SES_00003482,2,66,2,DESKTOP,DIRECT,511.59,1
SES_00003483,11,209,3,TABLET,DIRECT,666.47,0
SES_00003484,31,713,7,DESKTOP,ORGANIC,1750.1,1
SES_00003485,17,289,7,MOBILE,DIRECT,473.91,1
SES_00003486,37,1924,10,TABLET,PAID_SEARCH,312.29,1
SES_00003487,15,450,10,DESKTOP,ORGANIC,1427.82,1
SES_00003488,25,1375,8,MOBILE,EMAIL,3117.74,0
SES_00003489,43,1376,0,MOBILE,ORGANIC,0.0,0
SES_00003490,10,530,6,TABLET,EMAIL,1144.36,1
SES_00003491,12,528,8,DESKTOP,ORGANIC,2801.69,1
SES_00003492,6,156,0,MOBILE,AFFILIATE,0.0,0
SES_00003493,26,1560,3,DESKTOP,EMAIL,875.7,1
SES_00003494,23,1311,7,DESKTOP,EMAIL,816.15,1
SES_00003495,43,1591,4,TABLET,EMAIL,265.26,1
SES_00003496,42,1680,1,DESKTOP,SOCIAL_MEDIA,444.72,1
SES_00003497,37,2035,1,TABLET,ORGANIC,109.98,0
SES_00003498,18,936,3,MOBILE,ORGANIC,80.06,1
SES_00003499,34,1802,9,TABLET,DIRECT,2214.68,1
SES_00003500,34,1870,5,MOBILE,SOCIAL_MEDIA,813.7,1
SES_00003501,42,2100,1,TABLET,DIRECT,248.04,1
SES_00003502,21,903,5,DESKTOP,PAID_SEARCH,1626.26,1
SES_00003503,7,133,3,TABLET,PAID_SEARCH,1105.39,1
SES_00003504,27,999,2,MOBILE,SOCIAL_MEDIA,283.33,0
SES_00003505,38,608,4,MOBILE,SOCIAL_MEDIA,944.6,1
SES_00003506,1,33,1,DESKTOP,PAID_SEARCH,271.5,1
SES_00003507,9,540,3,DESKTOP,DIRECT,619.65,0
SES_00003508,32,1728,7,MOBILE,EMAIL,914.09,0
SES_00003509,15,315,1,DESKTOP,SOCIAL_MEDIA,215.04,1
SES_00003510,10,480,9,MOBILE,ORGANIC,3790.4,1
SES_00003511,14,406,7,MOBILE,EMAIL,1146.59,0
SES_00003512,32,576,0,MOBILE,DIRECT,0.0,0
SES_00003513,37,1036,5,MOBILE,AFFILIATE,761.13,1
SES_00003514,1,49,0,MOBILE,DIRECT,0.0,0
SES_00003515,28,1400,3,TABLET,SOCIAL_MEDIA,838.55,1
SES_00003516,30,1740,6,DESKTOP,ORGANIC,2537.92,1
SES_00003517,28,672,5,TABLET,ORGANIC,1699.21,1
SES_00003518,27,1566,10,TABLET,AFFILIATE,939.85,1
SES_00003519,45,2250,9,DESKTOP,PAID_SEARCH,3886.64,0
SES_00003520,20,700,10,MOBILE,SOCIAL_MEDIA,638.52,0
SES_00003521,31,744,10,TABLET,DIRECT,3130.67,1
SES_00003522,40,1920,9,MOBILE,SOCIAL_MEDIA,427.11,1
SES_00003523,41,2050,3,DESKTOP,PAID_SEARCH,381.07,0
SES_00003524,6,162,0,MOBILE,PAID_SEARCH,0.0,0
SES_00003525,8,432,2,DESKTOP,EMAIL,604.06,1
SES_00003526,25,1225,3,DESKTOP,EMAIL,843.98,1
SES_00003527,25,600,9,DESKTOP,AFFILIATE,906.17,1
SES_00003528,31,961,2,MOBILE,EMAIL,330.23,0
SES_00003529,31,1550,5,MOBILE,AFFILIATE,2101.84,1
SES_00003530,41,1394,5,DESKTOP,AFFILIATE,1572.97,1
SES_00003531,34,1870,0,MOBILE,EMAIL,0.0,0
SES_00003532,6,180,2,MOBILE,AFFILIATE,637.04,1
SES_00003533,2,78,2,MOBILE,EMAIL,193.86,1
SES_00003534,10,580,3,TABLET,PAID_SEARCH,448.33,1
SES_00003535,20,380,2,DESKTOP,ORGANIC,660.85,1
SES_00003536,12,216,8,TABLET,AFFILIATE,3343.07,1
SES_00003537,3,165,3,DESKTOP,SOCIAL_MEDIA,136.36,1
SES_00003538,11,374,10,MOBILE,AFFILIATE,566.59,0
SES_00003539,45,945,0,MOBILE,PAID_SEARCH,0.0,0
SES_00003540,14,532,6,MOBILE,AFFILIATE,1640.46,1
SES_00003541,3,69,3,DESKTOP,AFFILIATE,786.1,1
SES_00003542,6,102,5,MOBILE,AFFILIATE,447.58,0
SES_00003543,30,570,2,TABLET,SOCIAL_MEDIA,589.18,1
SES_00003544,28,1624,2,MOBILE,PAID_SEARCH,234.73,1
SES_00003545,43,1634,6,MOBILE,SOCIAL_MEDIA,1796.16,1
SES_00003546,21,504,10,TABLET,AFFILIATE,1473.98,1
SES_00003547,10,430,6,DESKTOP,EMAIL,277.67,0
SES_00003548,10,360,8,MOBILE,PAID_SEARCH,1185.49,1
SES_00003549,6,270,2,DESKTOP,ORGANIC,222.9,1
SES_00003550,19,1121,9,TABLET,ORGANIC,3306.18,1
SES_00003551,27,459,9,MOBILE,ORGANIC,3116.83,0
SES_00003552,12,504,9,TABLET,SOCIAL_MEDIA,2654.92,1
SES_00003553,38,1786,9,DESKTOP,EMAIL,521.88,1
SES_00003554,13,741,4,TABLET,SOCIAL_MEDIA,204.27,1
SES_00003555,45,2430,3,DESKTOP,ORGANIC,204.44,1
SES_00003556,1,26,1,DESKTOP,DIRECT,412.34,1
SES_00003557,29,435,2,DESKTOP,EMAIL,500.63,1
SES_00003558,3,57,3,DESKTOP,ORGANIC,1332.14,0
SES_00003559,17,884,0,MOBILE,PAID_SEARCH,0.0,0
SES_00003560,33,792,1,DESKTOP,PAID_SEARCH,220.79,1
SES_00003561,15,780,1,MOBILE,PAID_SEARCH,25.89,0
SES_00003562,8,224,8,DESKTOP,AFFILIATE,1596.25,1
SES_00003563,10,330,6,DESKTOP,AFFILIATE,993.78,1
SES_00003564,26,1196,3,DESKTOP,ORGANIC,1110.15,1
SES_00003565,5,125,3,TABLET,SOCIAL_MEDIA,757.44,1
SES_00003566,35,1890,9,DESKTOP,DIRECT,1365.6,1
SES_00003567,38,1634,3,DESKTOP,ORGANIC,530.03,0
SES_00003568,31,589,4,MOBILE,SOCIAL_MEDIA,233.64,1
SES_00003569,2,64,0,MOBILE,EMAIL,0.0,0
SES_00003570,22,726,9,TABLET,PAID_SEARCH,1784.0,1
SES_00003571,43,989,4,MOBILE,ORGANIC,834.5,0
SES_00003572,34,1428,9,TABLET,ORGANIC,495.87,1
SES_00003573,26,1560,0,MOBILE,PAID_SEARCH,0.0,0
SES_00003574,36,2160,0,DESKTOP,PAID_SEARCH,0.0,0
SES_00003575,14,742,5,TABLET,EMAIL,1745.06,1
SES_00003576,38,1368,1,TABLET,ORGANIC,172.24,1
SES_00003577,23,805,0,MOBILE,PAID_SEARCH,0.0,0
SES_00003578,42,924,4,TABLET,SOCIAL_MEDIA,170.41,0
SES_00003579,15,270,9,MOBILE,ORGANIC,856.82,1
SES_00003580,38,874,10,DESKTOP,DIRECT,3334.49,1
SES_00003581,42,1932,1,TABLET,AFFILIATE,134.56,1
SES_00003582,5,240,4,MOBILE,ORGANIC,1597.01,1
SES_00003583,31,1488,0,MOBILE,EMAIL,0.0,0
SES_00003584,1,50,1,DESKTOP,ORGANIC,393.61,1
SES_00003585,28,560,0,TABLET,EMAIL,0.0,0
SES_00003586,6,300,0,MOBILE,DIRECT,0.0,0
SES_00003587,9,189,6,MOBILE,AFFILIATE,1612.96,1
SES_00003588,5,230,1,MOBILE,DIRECT,226.93,0
SES_00003589,3,72,2,DESKTOP,SOCIAL_MEDIA,615.34,1
SES_00003590,30,1110,1,DESKTOP,EMAIL,220.96,1
SES_00003591,28,896,4,DESKTOP,DIRECT,108.86,0
SES_00003592,10,180,7,TABLET,AFFILIATE,2453.03,1
SES_00003593,11,198,2,TABLET,SOCIAL_MEDIA,844.33,0
SES_00003594,17,595,5,MOBILE,PAID_SEARCH,561.88,1
SES_00003595,9,468,0,DESKTOP,AFFILIATE,0.0,0
SES_00003596,21,651,5,TABLET,ORGANIC,1733.32,1
SES_00003597,16,448,9,TABLET,PAID_SEARCH,1811.54,1
SES_00003598,31,1488,8,TABLET,PAID_SEARCH,429.74,1
SES_00003599,38,798,1,MOBILE,SOCIAL_MEDIA,92.65,1
SES_00003600,34,1292,4,MOBILE,AFFILIATE,1601.1,1
SES_00003601,18,360,6,TABLET,ORGANIC,1538.94,1
SES_00003602,13,520,4,TABLET,SOCIAL_MEDIA,1335.35,1
SES_00003603,22,1144,4,TABLET,ORGANIC,494.62,1
SES_00003604,15,840,0,DESKTOP,ORGANIC,0.0,0
SES_00003605,42,882,5,MOBILE,SOCIAL_MEDIA,968.6,0
SES_00003606,3,105,3,MOBILE,DIRECT,552.65,1
SES_00003607,17,255,1,TABLET,ORGANIC,313.46,0
SES_00003608,10,340,9,MOBILE,ORGANIC,1780.25,0
SES_00003609,8,424,0,MOBILE,DIRECT,0.0,0
SES_00003610,23,368,5,MOBILE,ORGANIC,470.84,1
SES_00003611,17,374,1,MOBILE,AFFILIATE,211.51,1
SES_00003612,2,110,2,DESKTOP,DIRECT,659.89,1
SES_00003613,12,288,1,MOBILE,AFFILIATE,288.18,1
SES_00003614,11,385,4,TABLET,AFFILIATE,1782.88,1
SES_00003615,45,1710,7,DESKTOP,AFFILIATE,2494.21,0
SES_00003616,27,1566,3,TABLET,AFFILIATE,732.08,1
SES_00003617,10,280,7,TABLET,PAID_SEARCH,3102.51,1
SES_00003618,1,26,0,DESKTOP,PAID_SEARCH,0.0,0
SES_00003619,29,522,10,DESKTOP,PAID_SEARCH,2622.8,1
SES_00003620,1,48,0,TABLET,PAID_SEARCH,0.0,0
SES_00003621,40,2080,1,TABLET,EMAIL,324.48,1
SES_00003622,25,950,4,DESKTOP,ORGANIC,879.46,1
SES_00003623,26,780,3,DESKTOP,ORGANIC,196.15,1
SES_00003624,19,969,4,MOBILE,DIRECT,1109.92,0
SES_00003625,27,1539,6,MOBILE,AFFILIATE,1801.46,1
SES_00003626,15,330,6,TABLET,ORGANIC,1665.68,1
SES_00003627,11,429,2,MOBILE,DIRECT,300.27,1
SES_00003628,29,1305,10,TABLET,PAID_SEARCH,3504.6,1
SES_00003629,26,962,2,DESKTOP,AFFILIATE,454.9,1
SES_00003630,8,328,1,MOBILE,EMAIL,285.55,1
SES_00003631,11,594,1,MOBILE,DIRECT,42.74,0
SES_00003632,2,56,2,DESKTOP,EMAIL,193.59,0
SES_00003633,12,504,8,MOBILE,SOCIAL_MEDIA,611.7,1
SES_00003634,38,1140,9,MOBILE,PAID_SEARCH,3749.36,0
SES_00003635,37,1961,10,TABLET,AFFILIATE,3055.99,1
SES_00003636,5,130,5,MOBILE,EMAIL,870.18,1
SES_00003637,22,1210,4,TABLET,PAID_SEARCH,882.98,0
SES_00003638,35,525,7,TABLET,EMAIL,2253.45,1
SES_00003639,5,80,4,TABLET,SOCIAL_MEDIA,349.23,1
SES_00003640,33,1320,8,DESKTOP,EMAIL,1450.33,0
SES_00003641,9,324,1,MOBILE,PAID_SEARCH,340.31,1
SES_00003642,13,598,0,MOBILE,SOCIAL_MEDIA,0.0,0
SES_00003643,16,496,1,TABLET,DIRECT,116.47,1
SES_00003644,37,851,4,TABLET,AFFILIATE,858.98,1
SES_00003645,27,1350,6,MOBILE,DIRECT,1016.05,0
SES_00003646,6,216,6,DESKTOP,SOCIAL_MEDIA,1992.57,1
SES_00003647,37,851,8,DESKTOP,DIRECT,705.08,1
SES_00003648,33,990,6,TABLET,AFFILIATE,442.05,1
SES_00003649,13,767,3,MOBILE,SOCIAL_MEDIA,832.73,0
SES_00003650,14,420,5,TABLET,EMAIL,684.66,1
SES_00003651,22,726,0,TABLET,SOCIAL_MEDIA,0.0,0
SES_00003652,9,279,5,MOBILE,EMAIL,2014.85,1
SES_00003653,33,1716,9,DESKTOP,ORGANIC,306.33,1
SES_00003654,45,2520,1,MOBILE,EMAIL,394.15,1
SES_00003655,20,400,4,MOBILE,DIRECT,121.23,1
SES_00003656,3,141,0,TABLET,AFFILIATE,0.0,0
SES_00003657,36,1332,10,DESKTOP,EMAIL,1395.67,1
SES_00003658,35,805,6,TABLET,ORGANIC,491.99,1
SES_00003659,28,560,0,MOBILE,SOCIAL_MEDIA,0.0,0
SES_00003660,22,792,7,MOBILE,AFFILIATE,489.89,1
SES_00003661,2,108,1,MOBILE,PAID_SEARCH,429.93,0
SES_00003662,41,1640,4,TABLET,EMAIL,444.26,1
SES_00003663,3,105,0,DESKTOP,PAID_SEARCH,0.0,0
SES_00003664,35,945,5,TABLET,EMAIL,1479.91,0
SES_00003665,2,60,2,DESKTOP,PAID_SEARCH,515.66,1
SES_00003666,30,600,7,MOBILE,AFFILIATE,1419.06,1
SES_00003667,42,1974,8,DESKTOP,ORGANIC,1748.13,1
SES_00003668,27,1566,6,MOBILE,PAID_SEARCH,1533.25,0
SES_00003669,31,806,7,TABLET,PAID_SEARCH,2084.66,0
SES_00003670,7,147,1,MOBILE,ORGANIC,315.26,1
SES_00003671,18,522,7,MOBILE,DIRECT,1399.74,1
SES_00003672,20,500,10,MOBILE,AFFILIATE,1697.34,1
SES_00003673,28,1624,4,DESKTOP,PAID_SEARCH,1770.75,1
SES_00003674,41,779,3,TABLET,ORGANIC,1338.46,1
SES_00003675,24,960,10,TABLET,DIRECT,3443.99,1
SES_00003676,24,504,7,DESKTOP,DIRECT,860.95,1
SES_00003677,28,1344,0,DESKTOP,ORGANIC,0.0,0
SES_00003678,43,1419,2,TABLET,AFFILIATE,408.1,1
SES_00003679,25,525,3,TABLET,SOCIAL_MEDIA,779.04,1
SES_00003680,17,935,5,MOBILE,AFFILIATE,915.81,1
SES_00003681,6,114,4,TABLET,SOCIAL_MEDIA,298.69,1
SES_00003682,43,2451,10,MOBILE,EMAIL,2809.96,0
SES_00003683,38,1900,3,TABLET,AFFILIATE,541.41,0
SES_00003684,16,240,0,DESKTOP,DIRECT,0.0,0
SES_00003685,10,330,5,MOBILE,AFFILIATE,1199.72,1
SES_00003686,41,1886,6,DESKTOP,PAID_SEARCH,1237.23,1
SES_00003687,16,544,7,DESKTOP,DIRECT,1407.43,1
SES_00003688,33,594,8,DESKTOP,EMAIL,655.17,1
SES_00003689,29,1015,3,DESKTOP,SOCIAL_MEDIA,1342.73,1
SES_00003690,10,490,6,MOBILE,DIRECT,2098.62,1
SES_00003691,7,378,1,TABLET,SOCIAL_MEDIA,149.76,1
SES_00003692,25,1350,2,DESKTOP,ORGANIC,560.8,1
SES_00003693,16,608,6,TABLET,SOCIAL_MEDIA,1359.38,1
SES_00003694,30,1200,3,TABLET,EMAIL,933.35,1
SES_00003695,4,216,4,TABLET,SOCIAL_MEDIA,622.29,1
SES_00003696,23,506,8,TABLET,DIRECT,2435.09,1
SES_00003697,44,2200,8,TABLET,AFFILIATE,3171.75,1
SES_00003698,7,280,3,TABLET,ORGANIC,155.36,1
SES_00003699,13,208,7,MOBILE,SOCIAL_MEDIA,3010.09,1
SES_00003700,13,676,5,MOBILE,PAID_SEARCH,843.17,1
SES_00003701,9,441,8,DESKTOP,ORGANIC,2519.38,1
SES_00003702,15,540,4,DESKTOP,AFFILIATE,433.19,1
SES_00003703,9,261,9,MOBILE,SOCIAL_MEDIA,3125.87,1
SES_00003704,34,1768,9,MOBILE,PAID_SEARCH,2929.14,1
SES_00003705,16,384,9,DESKTOP,SOCIAL_MEDIA,3901.08,0
SES_00003706,28,1512,3,TABLET,ORGANIC,697.49,0
SES_00003707,32,896,8,MOBILE,DIRECT,274.45,1
SES_00003708,38,2166,5,TABLET,EMAIL,311.3,0
SES_00003709,9,225,0,TABLET,PAID_SEARCH,0.0,0
SES_00003710,40,1640,9,MOBILE,ORGANIC,3689.08,0
SES_00003711,11,616,3,MOBILE,DIRECT,315.44,1
SES_00003712,23,736,6,DESKTOP,PAID_SEARCH,1949.71,0
SES_00003713,12,264,1,TABLET,SOCIAL_MEDIA,245.57,1
SES_00003714,17,918,3,DESKTOP,AFFILIATE,509.84,0
SES_00003715,38,1862,0,MOBILE,AFFILIATE,0.0,0
SES_00003716,35,770,10,DESKTOP,EMAIL,1751.11,1
SES_00003717,39,1443,4,TABLET,DIRECT,1424.69,0
SES_00003718,14,336,3,MOBILE,SOCIAL_MEDIA,672.52,1
SES_00003719,6,150,1,DESKTOP,SOCIAL_MEDIA,219.52,1
SES_00003720,21,756,8,DESKTOP,EMAIL,2378.34,0
SES_00003721,8,400,2,TABLET,DIRECT,294.08,1
SES_00003722,32,576,7,DESKTOP,EMAIL,2124.65,1
SES_00003723,44,1408,0,TABLET,EMAIL,0.0,0
SES_00003724,20,420,4,TABLET,AFFILIATE,223.73,1
SES_00003725,44,2596,6,DESKTOP,DIRECT,1819.05,0
SES_00003726,30,1680,6,TABLET,DIRECT,861.41,1
SES_00003727,29,1508,9,MOBILE,EMAIL,1587.48,1
SES_00003728,15,570,7,TABLET,PAID_SEARCH,807.96,1
SES_00003729,38,874,9,MOBILE,ORGANIC,669.21,1
SES_00003730,20,980,3,TABLET,AFFILIATE,733.84,1
SES_00003731,45,2115,10,TABLET,EMAIL,2334.82,1
SES_00003732,6,174,0,DESKTOP,DIRECT,0.0,0
SES_00003733,19,893,6,MOBILE,ORGANIC,1581.94,1
SES_00003734,31,1519,6,MOBILE,SOCIAL_MEDIA,2660.17,1
SES_00003735,28,1204,4,TABLET,DIRECT,810.54,1
SES_00003736,42,1890,6,MOBILE,PAID_SEARCH,1746.79,1
SES_00003737,27,1134,10,MOBILE,EMAIL,589.86,1
SES_00003738,11,484,6,MOBILE,DIRECT,2610.98,0
SES_00003739,12,696,10,TABLET,SOCIAL_MEDIA,3468.62,0
SES_00003740,29,1537,1,MOBILE,EMAIL,399.01,1
SES_00003741,30,750,0,TABLET,AFFILIATE,0.0,0
SES_00003742,22,1166,2,MOBILE,PAID_SEARCH,442.01,0
SES_00003743,14,840,10,MOBILE,SOCIAL_MEDIA,898.32,1
SES_00003744,15,300,3,DESKTOP,SOCIAL_MEDIA,1059.61,1
SES_00003745,23,943,7,DESKTOP,DIRECT,873.73,0
SES_00003746,39,1209,3,DESKTOP,EMAIL,901.65,1
SES_00003747,36,1980,10,DESKTOP,SOCIAL_MEDIA,4360.95,1
SES_00003748,35,1995,10,TABLET,ORGANIC,3696.48,1
SES_00003749,5,85,5,TABLET,PAID_SEARCH,1609.87,0
SES_00003750,16,496,6,TABLET,EMAIL,1191.54,1
SES_00003751,22,836,1,MOBILE,SOCIAL_MEDIA,335.46,1
SES_00003752,40,880,9,MOBILE,ORGANIC,2284.27,1
SES_00003753,1,15,0,DESKTOP,SOCIAL_MEDIA,0.0,0
SES_00003754,13,299,4,DESKTOP,ORGANIC,1286.37,1
SES_00003755,19,760,5,TABLET,ORGANIC,563.93,1
SES_00003756,41,2419,7,MOBILE,ORGANIC,1645.1,0
SES_00003757,14,280,8,TABLET,AFFILIATE,2246.79,0
SES_00003758,28,1092,8,TABLET,ORGANIC,2318.65,0
SES_00003759,31,1705,8,DESKTOP,ORGANIC,3591.25,1
SES_00003760,26,728,1,TABLET,DIRECT,403.8,1
SES_00003761,11,165,1,TABLET,EMAIL,40.28,0
SES_00003762,21,735,7,TABLET,DIRECT,385.1,1
SES_00003763,45,900,7,MOBILE,DIRECT,1802.64,1
SES_00003764,38,1026,2,TABLET,ORGANIC,510.86,1
SES_00003765,17,833,3,MOBILE,AFFILIATE,527.84,1
SES_00003766,30,660,5,DESKTOP,PAID_SEARCH,325.31,1
SES_00003767,1,18,0,DESKTOP,PAID_SEARCH,0.0,0
SES_00003768,1,23,0,DESKTOP,EMAIL,0.0,0
SES_00003769,31,1643,8,DESKTOP,EMAIL,1556.85,0
SES_00003770,43,1419,9,TABLET,AFFILIATE,2751.13,1
SES_00003771,5,130,2,MOBILE,PAID_SEARCH,519.02,1
SES_00003772,30,900,3,DESKTOP,EMAIL,190.71,1
SES_00003773,35,1050,10,MOBILE,EMAIL,2563.66,0
SES_00003774,45,1800,8,TABLET,PAID_SEARCH,2652.19,1
SES_00003775,22,550,1,TABLET,AFFILIATE,79.19,0
SES_00003776,10,200,5,TABLET,EMAIL,1520.45,1
SES_00003777,45,675,3,DESKTOP,DIRECT,648.3,1
SES_00003778,42,1848,7,DESKTOP,PAID_SEARCH,2282.29,1
SES_00003779,28,924,9,TABLET,PAID_SEARCH,3906.49,1
SES_00003780,12,420,9,MOBILE,DIRECT,367.22,1
SES_00003781,35,525,8,MOBILE,ORGANIC,1174.94,1
SES_00003782,22,506,9,MOBILE,EMAIL,971.3,1
SES_00003783,30,1470,6,MOBILE,DIRECT,1687.25,1
SES_00003784,20,360,1,MOBILE,SOCIAL_MEDIA,258.8,1
SES_00003785,33,1551,4,MOBILE,AFFILIATE,750.55,1
SES_00003786,4,192,2,TABLET,AFFILIATE,384.74,1
SES_00003787,5,125,5,MOBILE,PAID_SEARCH,1303.0,0
SES_00003788,23,345,7,DESKTOP,SOCIAL_MEDIA,2883.38,1
SES_00003789,12,264,10,MOBILE,ORGANIC,3634.13,1
SES_00003790,45,2520,2,DESKTOP,SOCIAL_MEDIA,495.2,1
SES_00003791,39,1131,7,MOBILE,ORGANIC,1493.33,1
SES_00003792,10,490,0,MOBILE,ORGANIC,0.0,0
SES_00003793,16,752,5,MOBILE,PAID_SEARCH,1767.44,1
SES_00003794,29,638,0,DESKTOP,ORGANIC,0.0,0
SES_00003795,37,2072,4,TABLET,AFFILIATE,1142.93,0
SES_00003796,9,216,3,DESKTOP,ORGANIC,337.15,1
SES_00003797,40,1480,3,DESKTOP,ORGANIC,1238.18,1
SES_00003798,21,1176,10,MOBILE,SOCIAL_MEDIA,266.7,1
SES_00003799,8,200,6,MOBILE,ORGANIC,446.4,0
SES_00003800,8,232,1,MOBILE,PAID_SEARCH,234.87,0
SES_00003801,42,2394,4,TABLET,EMAIL,837.53,0
SES_00003802,9,198,5,MOBILE,ORGANIC,959.27,0
SES_00003803,34,850,9,MOBILE,SOCIAL_MEDIA,1138.72,1
SES_00003804,26,1456,9,DESKTOP,ORGANIC,2345.65,1
SES_00003805,39,1872,7,TABLET,DIRECT,2135.97,0
SES_00003806,30,870,1,MOBILE,EMAIL,337.41,0
SES_00003807,19,760,8,DESKTOP,EMAIL,2691.84,1
SES_00003808,23,920,8,MOBILE,PAID_SEARCH,524.39,0
SES_00003809,5,75,0,MOBILE,DIRECT,0.0,0
SES_00003810,5,125,3,DESKTOP,DIRECT,983.57,0
SES_00003811,26,1378,10,TABLET,ORGANIC,3183.24,1
SES_00003812,15,840,1,TABLET,EMAIL,360.0,0
SES_00003813,2,120,0,DESKTOP,PAID_SEARCH,0.0,0
SES_00003814,3,105,0,DESKTOP,AFFILIATE,0.0,0
SES_00003815,44,924,9,TABLET,ORGANIC,1724.18,0
SES_00003816,14,588,5,DESKTOP,SOCIAL_MEDIA,931.24,1
SES_00003817,20,760,4,DESKTOP,DIRECT,1576.37,1
SES_00003818,9,234,6,DESKTOP,EMAIL,1890.71,1
SES_00003819,14,812,2,MOBILE,PAID_SEARCH,455.39,1
SES_00003820,21,1260,6,DESKTOP,EMAIL,2120.72,0
SES_00003821,7,203,2,MOBILE,SOCIAL_MEDIA,244.56,0
SES_00003822,25,1400,5,TABLET,ORGANIC,2060.73,1
SES_00003823,17,476,10,MOBILE,SOCIAL_MEDIA,2821.44,1
SES_00003824,20,660,9,DESKTOP,DIRECT,3922.86,1
SES_00003825,19,1102,8,TABLET,PAID_SEARCH,395.0,0
SES_00003826,4,144,0,TABLET,SOCIAL_MEDIA,0.0,0
SES_00003827,45,2565,7,MOBILE,DIRECT,229.99,1
SES_00003828,5,200,2,MOBILE,PAID_SEARCH,456.43,1
SES_00003829,18,666,9,TABLET,AFFILIATE,771.45,1
SES_00003830,30,600,10,TABLET,EMAIL,2349.51,0
SES_00003831,42,1764,9,TABLET,PAID_SEARCH,2756.79,1
SES_00003832,15,435,10,MOBILE,DIRECT,1890.37,0
SES_00003833,17,306,6,TABLET,PAID_SEARCH,2476.47,0
SES_00003834,29,754,7,DESKTOP,DIRECT,937.89,1
SES_00003835,33,1122,5,DESKTOP,DIRECT,151.78,1
SES_00003836,3,84,3,DESKTOP,ORGANIC,860.86,1
SES_00003837,45,855,6,MOBILE,PAID_SEARCH,717.48,1
SES_00003838,45,1800,0,DESKTOP,PAID_SEARCH,0.0,0
SES_00003839,7,182,6,DESKTOP,EMAIL,1530.14,1
SES_00003840,11,264,8,DESKTOP,PAID_SEARCH,857.18,1
SES_00003841,17,799,3,DESKTOP,SOCIAL_MEDIA,810.17,1
SES_00003842,28,840,5,MOBILE,PAID_SEARCH,904.08,1
SES_00003843,10,330,3,DESKTOP,PAID_SEARCH,759.76,1
SES_00003844,18,810,4,MOBILE,SOCIAL_MEDIA,1267.96,1
SES_00003845,43,1161,8,DESKTOP,ORGANIC,2251.89,1
SES_00003846,20,1020,8,DESKTOP,AFFILIATE,1018.81,1
SES_00003847,20,440,7,DESKTOP,EMAIL,2573.95,0
SES_00003848,5,285,0,DESKTOP,PAID_SEARCH,0.0,0
SES_00003849,2,102,1,DESKTOP,AFFILIATE,420.17,1
SES_00003850,37,888,4,DESKTOP,SOCIAL_MEDIA,1392.06,0
SES_00003851,41,1353,9,TABLET,PAID_SEARCH,2588.71,1
SES_00003852,33,1188,8,TABLET,EMAIL,3351.56,0
SES_00003853,6,180,1,MOBILE,DIRECT,437.78,1
SES_00003854,1,39,0,DESKTOP,AFFILIATE,0.0,0
SES_00003855,40,1240,9,MOBILE,SOCIAL_MEDIA,3057.02,0
SES_00003856,10,310,2,TABLET,DIRECT,882.34,0
SES_00003857,9,495,5,DESKTOP,PAID_SEARCH,771.84,1
SES_00003858,1,15,0,TABLET,EMAIL,0.0,0
SES_00003859,17,323,9,DESKTOP,DIRECT,3560.1,1
SES_00003860,14,504,10,TABLET,AFFILIATE,4345.2,1
SES_00003861,6,264,2,MOBILE,DIRECT,622.58,1
SES_00003862,31,1426,5,MOBILE,AFFILIATE,746.66,0
SES_00003863,39,1794,6,MOBILE,AFFILIATE,2560.64,1
SES_00003864,2,88,2,MOBILE,AFFILIATE,338.7,1
SES_00003865,38,1634,5,MOBILE,PAID_SEARCH,894.08,1
SES_00003866,21,588,7,MOBILE,AFFILIATE,1181.55,1
SES_00003867,24,648,8,DESKTOP,SOCIAL_MEDIA,617.41,1
SES_00003868,22,1188,7,MOBILE,SOCIAL_MEDIA,1286.26,1
SES_00003869,17,799,1,MOBILE,ORGANIC,351.65,1
SES_00003870,26,572,7,TABLET,DIRECT,2716.53,1
SES_00003871,4,136,0,MOBILE,SOCIAL_MEDIA,0.0,0
SES_00003872,13,780,1,MOBILE,SOCIAL_MEDIA,108.15,1
SES_00003873,12,456,1,MOBILE,AFFILIATE,440.77,0
SES_00003874,25,1450,9,TABLET,ORGANIC,3932.99,1
SES_00003875,36,1944,8,DESKTOP,ORGANIC,2032.55,0
SES_00003876,11,374,8,DESKTOP,PAID_SEARCH,2086.86,1
SES_00003877,26,780,0,TABLET,ORGANIC,0.0,0
SES_00003878,20,720,10,DESKTOP,DIRECT,3037.38,1
SES_00003879,17,612,5,TABLET,EMAIL,1160.54,1
SES_00003880,26,936,4,DESKTOP,DIRECT,620.24,1
SES_00003881,27,1107,9,MOBILE,EMAIL,3760.6,1
SES_00003882,10,400,4,TABLET,PAID_SEARCH,1495.3,0
SES_00003883,43,731,4,MOBILE,DIRECT,1092.72,1
SES_00003884,10,540,3,MOBILE,PAID_SEARCH,370.82,1
SES_00003885,20,580,9,TABLET,SOCIAL_MEDIA,1651.38,1
SES_00003886,9,252,0,DESKTOP,DIRECT,0.0,0
SES_00003887,16,352,0,MOBILE,DIRECT,0.0,0
SES_00003888,2,48,2,DESKTOP,DIRECT,523.45,1
SES_00003889,21,966,8,TABLET,DIRECT,1950.45,1
SES_00003890,4,180,3,DESKTOP,AFFILIATE,619.65,1
SES_00003891,27,621,8,TABLET,EMAIL,2952.74,1
SES_00003892,17,782,6,MOBILE,EMAIL,365.19,1
SES_00003893,41,2337,10,MOBILE,DIRECT,2029.84,1
SES_00003894,4,80,1,MOBILE,AFFILIATE,383.78,1
SES_00003895,23,966,6,MOBILE,SOCIAL_MEDIA,690.83,0
SES_00003896,27,648,8,MOBILE,DIRECT,745.6,1
SES_00003897,44,704,0,DESKTOP,AFFILIATE,0.0,0
SES_00003898,44,1232,7,TABLET,EMAIL,789.16,1
SES_00003899,13,247,5,DESKTOP,EMAIL,1337.96,0
SES_00003900,36,648,5,DESKTOP,PAID_SEARCH,635.87,1
SES_00003901,36,1656,1,DESKTOP,DIRECT,34.6,1
SES_00003902,18,324,10,DESKTOP,EMAIL,3403.68,1
SES_00003903,39,1521,2,DESKTOP,EMAIL,262.88,1
SES_00003904,44,2288,0,MOBILE,SOCIAL_MEDIA,0.0,0
SES_00003905,22,792,7,TABLET,AFFILIATE,1777.41,1
SES_00003906,45,1170,4,TABLET,AFFILIATE,480.38,1
SES_00003907,5,75,4,MOBILE,AFFILIATE,1276.92,1
SES_00003908,13,494,5,TABLET,AFFILIATE,923.57,1
SES_00003909,28,1512,5,MOBILE,PAID_SEARCH,472.08,0
SES_00003910,21,441,2,TABLET,ORGANIC,448.61,0
SES_00003911,2,64,1,DESKTOP,PAID_SEARCH,185.56,1
SES_00003912,16,912,0,MOBILE,DIRECT,0.0,0
SES_00003913,37,2109,4,DESKTOP,ORGANIC,444.49,1
SES_00003914,9,531,7,MOBILE,EMAIL,398.84,1
SES_00003915,1,16,1,DESKTOP,DIRECT,396.66,1
SES_00003916,29,1073,3,TABLET,SOCIAL_MEDIA,130.85,1
SES_00003917,8,224,1,MOBILE,EMAIL,392.61,0
SES_00003918,42,1008,2,DESKTOP,EMAIL,482.49,0
SES_00003919,8,352,7,DESKTOP,AFFILIATE,3134.69,0
SES_00003920,25,825,5,DESKTOP,DIRECT,753.5,0
SES_00003921,7,385,6,DESKTOP,EMAIL,249.73,0
SES_00003922,39,1287,9,DESKTOP,PAID_SEARCH,2061.83,1
SES_00003923,21,546,7,TABLET,SOCIAL_MEDIA,1102.91,1
SES_00003924,36,1620,5,MOBILE,EMAIL,630.58,1
SES_00003925,31,465,4,DESKTOP,SOCIAL_MEDIA,1152.65,1
SES_00003926,43,2322,6,DESKTOP,PAID_SEARCH,2662.61,1
SES_00003927,26,780,9,MOBILE,DIRECT,3768.01,1
SES_00003928,13,715,1,MOBILE,DIRECT,418.29,1
SES_00003929,33,495,7,MOBILE,EMAIL,268.29,1
SES_00003930,43,2279,3,DESKTOP,SOCIAL_MEDIA,923.3,1
SES_00003931,37,1110,9,TABLET,PAID_SEARCH,762.47,1
SES_00003932,41,2296,8,MOBILE,PAID_SEARCH,2765.13,1
SES_00003933,33,759,6,TABLET,AFFILIATE,316.73,1
SES_00003934,33,1617,6,DESKTOP,PAID_SEARCH,555.27,0
SES_00003935,17,612,6,DESKTOP,AFFILIATE,991.82,1
SES_00003936,38,2128,1,DESKTOP,DIRECT,447.62,1
SES_00003937,44,1012,1,MOBILE,AFFILIATE,382.46,0
SES_00003938,19,798,9,TABLET,EMAIL,1409.5,1
SES_00003939,20,1000,7,MOBILE,ORGANIC,1784.23,1
SES_00003940,27,1026,10,DESKTOP,DIRECT,1440.19,0
SES_00003941,45,2115,6,DESKTOP,DIRECT,2540.76,0
SES_00003942,28,1288,9,TABLET,SOCIAL_MEDIA,3191.56,0
SES_00003943,16,960,3,TABLET,DIRECT,803.43,1
SES_00003944,3,162,0,DESKTOP,EMAIL,0.0,0
SES_00003945,18,648,0,DESKTOP,AFFILIATE,0.0,0
SES_00003946,36,2160,3,DESKTOP,PAID_SEARCH,1266.31,1
SES_00003947,45,2565,0,DESKTOP,PAID_SEARCH,0.0,0
SES_00003948,15,540,7,MOBILE,PAID_SEARCH,205.82,1
SES_00003949,24,936,1,TABLET,EMAIL,419.74,1
SES_00003950,15,540,3,DESKTOP,PAID_SEARCH,1051.34,1
SES_00003951,30,1590,10,MOBILE,ORGANIC,433.13,1
SES_00003952,40,2360,0,DESKTOP,ORGANIC,0.0,0
SES_00003953,33,1782,9,TABLET,DIRECT,2030.6,1
SES_00003954,1,28,1,MOBILE,DIRECT,221.0,1
SES_00003955,24,432,1,MOBILE,ORGANIC,97.41,1
SES_00003956,9,153,1,DESKTOP,DIRECT,298.97,1
SES_00003957,6,228,2,TABLET,EMAIL,740.94,1
SES_00003958,44,1804,4,TABLET,EMAIL,1210.75,1
SES_00003959,3,99,3,MOBILE,PAID_SEARCH,1062.22,1
SES_00003960,32,1792,7,DESKTOP,SOCIAL_MEDIA,567.23,1
SES_00003961,1,15,1,MOBILE,SOCIAL_MEDIA,209.76,1
SES_00003962,39,1989,0,TABLET,SOCIAL_MEDIA,0.0,0
SES_00003963,42,630,6,MOBILE,AFFILIATE,468.49,1
SES_00003964,42,630,6,MOBILE,EMAIL,409.42,0
SES_00003965,20,640,1,TABLET,SOCIAL_MEDIA,219.11,1
SES_00003966,38,722,4,MOBILE,EMAIL,432.39,0
SES_00003967,24,696,0,MOBILE,SOCIAL_MEDIA,0.0,0
SES_00003968,36,684,2,TABLET,ORGANIC,425.86,1
SES_00003969,35,1960,2,DESKTOP,EMAIL,417.48,1
SES_00003970,29,1073,5,DESKTOP,ORGANIC,631.04,1
SES_00003971,37,888,6,DESKTOP,SOCIAL_MEDIA,358.37,1
SES_00003972,17,748,7,MOBILE,AFFILIATE,2678.68,0
SES_00003973,7,399,6,MOBILE,AFFILIATE,331.51,1
SES_00003974,15,585,0,MOBILE,ORGANIC,0.0,0
SES_00003975,24,528,2,DESKTOP,ORGANIC,473.63,1
SES_00003976,32,1824,10,MOBILE,PAID_SEARCH,1434.98,0
SES_00003977,20,740,4,DESKTOP,ORGANIC,758.17,1
SES_00003978,7,175,1,MOBILE,AFFILIATE,223.95,1
SES_00003979,25,750,10,TABLET,AFFILIATE,2635.61,1
SES_00003980,23,460,6,MOBILE,PAID_SEARCH,1694.6,1
SES_00003981,30,1290,4,DESKTOP,DIRECT,601.87,0
SES_00003982,5,280,5,TABLET,DIRECT,725.52,1
SES_00003983,31,465,5,MOBILE,SOCIAL_MEDIA,620.2,0
SES_00003984,14,560,0,DESKTOP,AFFILIATE,0.0,0
SES_00003985,32,640,6,MOBILE,SOCIAL_MEDIA,1699.22,1
SES_00003986,33,693,8,MOBILE,DIRECT,1758.76,1
SES_00003987,9,288,8,TABLET,PAID_SEARCH,1728.27,1
SES_00003988,22,1166,6,MOBILE,SOCIAL_MEDIA,884.38,1
SES_00003989,14,350,4,MOBILE,SOCIAL_MEDIA,847.57,1
SES_00003990,37,1295,9,MOBILE,SOCIAL_MEDIA,2157.98,1
SES_00003991,4,140,1,TABLET,DIRECT,310.79,1
SES_00003992,34,1700,6,DESKTOP,DIRECT,1035.16,1
SES_00003993,24,888,10,MOBILE,AFFILIATE,3702.49,1
SES_00003994,39,741,1,TABLET,EMAIL,365.2,1
SES_00003995,25,1050,10,MOBILE,DIRECT,2875.45,1
SES_00003996,4,208,1,DESKTOP,EMAIL,428.24,1
SES_00003997,19,418,10,TABLET,EMAIL,1810.13,1
SES_00003998,22,1056,4,MOBILE,DIRECT,107.48,1
SES_00003999,24,720,4,MOBILE,EMAIL,658.48,1
SES_00004000,26,1118,0,TABLET,PAID_SEARCH,0.0,0
SES_00004001,22,330,6,TABLET,AFFILIATE,1355.15,1
SES_00004002,43,817,8,MOBILE,ORGANIC,2056.83,1
SES_00004003,19,874,4,DESKTOP,EMAIL,955.08,0
SES_00004004,2,108,2,MOBILE,EMAIL,84.39,1
SES_00004005,5,100,3,MOBILE,ORGANIC,1060.22,1
SES_00004006,42,756,1,MOBILE,AFFILIATE,84.41,1
SES_00004007,24,960,1,TABLET,DIRECT,161.91,1
SES_00004008,1,52,1,DESKTOP,DIRECT,78.22,1
SES_00004009,22,1166,0,DESKTOP,AFFILIATE,0.0,0
SES_00004010,34,1802,2,MOBILE,ORGANIC,223.84,1
SES_00004011,37,1295,5,DESKTOP,DIRECT,911.24,1
SES_00004012,18,720,8,DESKTOP,AFFILIATE,1265.94,1
SES_00004013,14,840,8,DESKTOP,EMAIL,2484.69,0
SES_00004014,44,968,7,MOBILE,EMAIL,2082.98,1
SES_00004015,43,645,2,MOBILE,ORGANIC,579.78,1
SES_00004016,36,756,0,MOBILE,PAID_SEARCH,0.0,0
SES_00004017,30,1290,7,TABLET,EMAIL,2368.1,0
SES_00004018,10,590,3,MOBILE,AFFILIATE,762.95,0
SES_00004019,19,399,6,TABLET,PAID_SEARCH,2051.98,1
SES_00004020,42,1050,4,MOBILE,AFFILIATE,1031.78,0
SES_00004021,1,42,0,MOBILE,PAID_SEARCH,0.0,0
SES_00004022,21,903,8,TABLET,PAID_SEARCH,2319.96,1
SES_00004023,38,874,8,MOBILE,SOCIAL_MEDIA,2275.93,0
SES_00004024,31,1395,2,DESKTOP,DIRECT,779.23,1
SES_00004025,20,620,9,TABLET,SOCIAL_MEDIA,2461.36,1
SES_00004026,45,1080,2,DESKTOP,PAID_SEARCH,480.39,0
SES_00004027,37,555,7,TABLET,AFFILIATE,2740.3,1
SES_00004028,15,825,10,TABLET,PAID_SEARCH,586.19,1
SES_00004029,16,848,1,TABLET,SOCIAL_MEDIA,116.38,1
SES_00004030,5,115,0,TABLET,EMAIL,0.0,0
SES_00004031,2,56,2,DESKTOP,SOCIAL_MEDIA,578.12,0
SES_00004032,1,54,1,DESKTOP,PAID_SEARCH,184.96,0
SES_00004033,44,1452,8,TABLET,PAID_SEARCH,3415.51,0
SES_00004034,18,324,7,DESKTOP,SOCIAL_MEDIA,1244.37,1
SES_00004035,43,1419,9,TABLET,SOCIAL_MEDIA,1412.63,1
SES_00004036,9,459,7,DESKTOP,EMAIL,742.3,1
SES_00004037,41,1025,7,TABLET,DIRECT,2602.12,0
SES_00004038,45,2115,5,MOBILE,PAID_SEARCH,1535.3,0
SES_00004039,19,532,9,MOBILE,EMAIL,1666.01,1
SES_00004040,10,170,5,TABLET,DIRECT,1849.94,1
SES_00004041,27,1593,1,TABLET,PAID_SEARCH,80.57,1
SES_00004042,39,1482,2,TABLET,ORGANIC,658.03,1
SES_00004043,15,675,3,TABLET,DIRECT,1089.15,1
SES_00004044,1,29,0,TABLET,SOCIAL_MEDIA,0.0,0
SES_00004045,13,403,7,TABLET,AFFILIATE,1243.94,1
SES_00004046,40,800,9,TABLET,DIRECT,1698.36,1
SES_00004047,2,84,0,TABLET,EMAIL,0.0,0
SES_00004048,24,360,1,TABLET,ORGANIC,309.45,1
SES_00004049,8,248,1,MOBILE,SOCIAL_MEDIA,118.46,1
SES_00004050,18,468,3,DESKTOP,AFFILIATE,1153.75,1
SES_00004051,4,104,4,TABLET,AFFILIATE,328.58,1
SES_00004052,20,720,0,TABLET,SOCIAL_MEDIA,0.0,0
SES_00004053,7,315,5,TABLET,ORGANIC,1225.37,1
SES_00004054,44,2200,6,TABLET,PAID_SEARCH,694.76,1
SES_00004055,34,1530,2,DESKTOP,ORGANIC,188.36,1
SES_00004056,7,112,2,TABLET,ORGANIC,317.87,0
SES_00004057,29,1160,6,TABLET,EMAIL,2641.76,1
SES_00004058,22,1298,8,DESKTOP,EMAIL,1995.86,1
SES_00004059,40,1400,6,TABLET,PAID_SEARCH,2426.15,1
SES_00004060,4,68,4,MOBILE,ORGANIC,526.26,1
SES_00004061,19,931,10,TABLET,DIRECT,4204.93,1
SES_00004062,37,1295,6,MOBILE,ORGANIC,880.46,1
SES_00004063,22,506,9,TABLET,EMAIL,767.33,1
SES_00004064,42,1890,1,TABLET,AFFILIATE,449.11,1
SES_00004065,1,17,1,MOBILE,ORGANIC,412.82,1
SES_00004066,45,1710,8,MOBILE,EMAIL,1462.94,1
SES_00004067,20,1100,9,MOBILE,DIRECT,4016.14,1
SES_00004068,29,609,9,TABLET,PAID_SEARCH,574.76,1
SES_00004069,43,1763,9,TABLET,AFFILIATE,2796.34,1
SES_00004070,27,1566,8,MOBILE,SOCIAL_MEDIA,1561.82,0
SES_00004071,5,230,1,TABLET,SOCIAL_MEDIA,445.73,1
SES_00004072,34,510,9,MOBILE,SOCIAL_MEDIA,3942.04,1
SES_00004073,17,731,4,DESKTOP,SOCIAL_MEDIA,1305.51,1
SES_00004074,12,624,5,MOBILE,AFFILIATE,128.29,1
SES_00004075,25,400,5,MOBILE,AFFILIATE,1214.45,0
SES_00004076,24,1440,6,MOBILE,SOCIAL_MEDIA,2160.48,1
SES_00004077,28,1120,1,TABLET,ORGANIC,253.82,1
SES_00004078,34,612,5,DESKTOP,EMAIL,1320.32,1
SES_00004079,23,1173,0,DESKTOP,SOCIAL_MEDIA,0.0,0
SES_00004080,28,1540,5,DESKTOP,SOCIAL_MEDIA,1408.2,1
SES_00004081,1,51,0,TABLET,AFFILIATE,0.0,0
SES_00004082,41,2378,1,DESKTOP,AFFILIATE,125.02,1
SES_00004083,6,90,1,DESKTOP,PAID_SEARCH,118.64,0
SES_00004084,38,2280,7,DESKTOP,AFFILIATE,2575.65,1
SES_00004085,25,1175,2,MOBILE,ORGANIC,653.19,1
SES_00004086,16,368,6,DESKTOP,EMAIL,2633.71,1
SES_00004087,44,1100,7,MOBILE,SOCIAL_MEDIA,2308.23,1
SES_00004088,16,752,1,DESKTOP,DIRECT,73.18,1
SES_00004089,29,1595,9,MOBILE,SOCIAL_MEDIA,693.88,1
SES_00004090,9,297,5,DESKTOP,AFFILIATE,1004.83,1
SES_00004091,6,324,1,MOBILE,ORGANIC,289.71,1
SES_00004092,3,156,1,TABLET,PAID_SEARCH,318.08,1
SES_00004093,2,90,2,MOBILE,ORGANIC,354.44,1
SES_00004094,44,2596,0,TABLET,ORGANIC,0.0,0
SES_00004095,29,870,2,TABLET,DIRECT,168.02,1
SES_00004096,37,703,7,DESKTOP,SOCIAL_MEDIA,964.97,1
SES_00004097,13,676,10,DESKTOP,PAID_SEARCH,1401.26,0
SES_00004098,2,40,0,DESKTOP,SOCIAL_MEDIA,0.0,0
SES_00004099,40,680,10,DESKTOP,DIRECT,1147.45,0
SES_00004100,10,330,2,DESKTOP,EMAIL,56.01,1
SES_00004101,5,75,2,TABLET,SOCIAL_MEDIA,336.52,1
SES_00004102,8,168,2,MOBILE,ORGANIC,836.26,1
SES_00004103,24,384,0,MOBILE,PAID_SEARCH,0.0,0
SES_00004104,7,357,5,MOBILE,EMAIL,358.48,1
SES_00004105,2,106,0,MOBILE,ORGANIC,0.0,0
SES_00004106,15,795,4,TABLET,DIRECT,1207.38,1
SES_00004107,18,972,4,DESKTOP,PAID_SEARCH,591.62,1
SES_00004108,9,216,9,MOBILE,DIRECT,3477.64,1
SES_00004109,13,598,2,DESKTOP,ORGANIC,275.56,1
SES_00004110,42,1512,5,DESKTOP,DIRECT,768.18,1
SES_00004111,23,759,3,DESKTOP,ORGANIC,393.72,0
SES_00004112,27,1485,4,DESKTOP,SOCIAL_MEDIA,1006.26,1
SES_00004113,41,1968,8,TABLET,ORGANIC,1280.06,1
SES_00004114,6,246,4,DESKTOP,PAID_SEARCH,895.58,0
SES_00004115,32,1632,9,TABLET,DIRECT,2813.75,0
SES_00004116,41,1312,8,MOBILE,DIRECT,783.76,1
SES_00004117,43,645,8,DESKTOP,EMAIL,2709.66,1
SES_00004118,23,690,8,DESKTOP,AFFILIATE,3147.18,0
SES_00004119,9,477,7,TABLET,ORGANIC,3003.47,1
SES_00004120,11,473,7,TABLET,SOCIAL_MEDIA,2369.73,0
SES_00004121,2,108,0,TABLET,DIRECT,0.0,0
SES_00004122,44,2420,0,MOBILE,EMAIL,0.0,0
SES_00004123,17,561,3,TABLET,ORGANIC,378.03,0
SES_00004124,35,2065,4,TABLET,SOCIAL_MEDIA,1773.47,0
SES_00004125,10,590,10,DESKTOP,PAID_SEARCH,4298.65,1
SES_00004126,29,1653,2,DESKTOP,AFFILIATE,724.15,1
SES_00004127,18,612,5,TABLET,PAID_SEARCH,1745.67,1
SES_00004128,39,1755,2,TABLET,ORGANIC,151.08,1
SES_00004129,30,930,1,DESKTOP,DIRECT,186.22,1
SES_00004130,19,342,8,DESKTOP,PAID_SEARCH,1417.31,1
SES_00004131,1,24,1,TABLET,ORGANIC,196.65,1
SES_00004132,28,1540,1,TABLET,AFFILIATE,361.12,1
SES_00004133,43,1419,9,MOBILE,PAID_SEARCH,2873.58,1
SES_00004134,18,900,9,MOBILE,SOCIAL_MEDIA,868.36,1
SES_00004135,13,520,6,TABLET,EMAIL,231.53,0
SES_00004136,28,1176,7,DESKTOP,SOCIAL_MEDIA,2495.74,1
SES_00004137,14,336,5,TABLET,AFFILIATE,1369.82,0
SES_00004138,2,102,0,MOBILE,DIRECT,0.0,0
SES_00004139,40,640,3,MOBILE,SOCIAL_MEDIA,1268.21,1
SES_00004140,23,1219,1,MOBILE,SOCIAL_MEDIA,87.9,1
SES_00004141,16,384,10,TABLET,SOCIAL_MEDIA,3278.45,1
SES_00004142,17,765,7,MOBILE,AFFILIATE,2795.6,0
SES_00004143,12,504,6,MOBILE,AFFILIATE,1571.87,1
SES_00004144,16,336,6,TABLET,EMAIL,1825.21,1
SES_00004145,6,150,2,DESKTOP,SOCIAL_MEDIA,517.8,1
SES_00004146,10,450,8,DESKTOP,AFFILIATE,2643.07,1
SES_00004147,4,228,0,DESKTOP,PAID_SEARCH,0.0,0
SES_00004148,27,945,1,TABLET,DIRECT,109.6,1
SES_00004149,14,798,6,TABLET,ORGANIC,2388.38,0
SES_00004150,36,1044,5,MOBILE,PAID_SEARCH,1847.77,1
SES_00004151,5,225,4,DESKTOP,PAID_SEARCH,1746.58,1
SES_00004152,44,1936,8,DESKTOP,EMAIL,2334.1,1
SES_00004153,42,714,0,DESKTOP,ORGANIC,0.0,0
SES_00004154,18,288,1,TABLET,DIRECT,380.07,1
SES_00004155,19,551,4,DESKTOP,ORGANIC,1107.74,1
SES_00004156,45,2205,8,MOBILE,ORGANIC,464.99,1
SES_00004157,13,702,4,DESKTOP,DIRECT,1159.62,1
SES_00004158,18,792,9,MOBILE,SOCIAL_MEDIA,3724.5,1
SES_00004159,8,120,6,DESKTOP,PAID_SEARCH,1053.79,0
SES_00004160,25,975,7,TABLET,ORGANIC,1575.47,1
SES_00004161,8,400,3,DESKTOP,SOCIAL_MEDIA,252.02,1
SES_00004162,24,408,1,MOBILE,AFFILIATE,44.52,1
SES_00004163,5,295,4,MOBILE,DIRECT,533.01,1
SES_00004164,11,462,10,TABLET,ORGANIC,1108.3,1
SES_00004165,8,176,8,DESKTOP,AFFILIATE,2979.59,1
SES_00004166,14,392,0,DESKTOP,EMAIL,0.0,0
SES_00004167,38,2128,9,DESKTOP,SOCIAL_MEDIA,2157.58,0
SES_00004168,41,2132,0,MOBILE,PAID_SEARCH,0.0,0
SES_00004169,1,15,1,MOBILE,SOCIAL_MEDIA,429.4,1
SES_00004170,30,1440,8,MOBILE,SOCIAL_MEDIA,1605.25,1
SES_00004171,45,2070,4,MOBILE,DIRECT,1360.4,1
SES_00004172,24,912,4,MOBILE,DIRECT,988.23,1
SES_00004173,8,200,1,DESKTOP,EMAIL,385.72,1
SES_00004174,9,360,2,DESKTOP,ORGANIC,761.42,1
SES_00004175,24,408,4,DESKTOP,AFFILIATE,1674.78,1
SES_00004176,17,340,4,DESKTOP,PAID_SEARCH,1349.37,1
SES_00004177,31,1395,6,MOBILE,EMAIL,870.94,1
SES_00004178,33,528,7,MOBILE,DIRECT,1466.89,0
SES_00004179,43,1462,6,MOBILE,SOCIAL_MEDIA,1915.01,0
SES_00004180,6,252,2,TABLET,AFFILIATE,816.82,0
SES_00004181,28,840,4,DESKTOP,DIRECT,448.95,1
SES_00004182,43,1806,9,DESKTOP,DIRECT,1296.85,1
SES_00004183,41,1681,9,MOBILE,PAID_SEARCH,2402.27,0
SES_00004184,14,728,6,MOBILE,SOCIAL_MEDIA,2421.23,1
SES_00004185,25,1125,3,DESKTOP,DIRECT,681.86,1
SES_00004186,41,1804,4,DESKTOP,SOCIAL_MEDIA,260.07,1
SES_00004187,27,1566,2,DESKTOP,PAID_SEARCH,422.71,1
SES_00004188,7,252,7,MOBILE,EMAIL,1650.37,1
SES_00004189,20,440,1,MOBILE,AFFILIATE,388.23,0
SES_00004190,18,306,8,TABLET,EMAIL,403.96,1
SES_00004191,16,416,8,DESKTOP,EMAIL,1392.69,1
SES_00004192,19,380,5,MOBILE,SOCIAL_MEDIA,1157.42,1
SES_00004193,11,517,8,DESKTOP,EMAIL,3491.44,1
SES_00004194,23,529,3,TABLET,PAID_SEARCH,1263.12,1
SES_00004195,7,308,4,DESKTOP,EMAIL,415.68,1
SES_00004196,8,448,0,TABLET,EMAIL,0.0,0
SES_00004197,39,780,0,TABLET,EMAIL,0.0,0
SES_00004198,16,592,3,TABLET,PAID_SEARCH,411.59,1
SES_00004199,34,544,10,MOBILE,DIRECT,3012.26,1
SES_00004200,6,330,2,TABLET,ORGANIC,430.08,0
SES_00004201,21,651,1,TABLET,ORGANIC,153.92,1
SES_00004202,6,144,5,DESKTOP,AFFILIATE,1335.29,0
SES_00004203,13,442,4,DESKTOP,DIRECT,412.79,1
SES_00004204,34,1972,8,TABLET,ORGANIC,399.01,1
SES_00004205,43,2193,5,DESKTOP,AFFILIATE,2185.88,1
SES_00004206,9,189,8,DESKTOP,AFFILIATE,1341.6,1
SES_00004207,1,35,0,MOBILE,DIRECT,0.0,0
SES_00004208,27,1404,1,TABLET,EMAIL,30.53,1
SES_00004209,29,609,1,MOBILE,SOCIAL_MEDIA,187.12,0
SES_00004210,33,1254,5,DESKTOP,SOCIAL_MEDIA,1865.25,1
SES_00004211,45,2655,8,MOBILE,SOCIAL_MEDIA,1083.9,1
SES_00004212,24,552,1,MOBILE,ORGANIC,350.44,1
SES_00004213,31,1457,7,DESKTOP,ORGANIC,2772.07,1
SES_00004214,4,72,1,DESKTOP,ORGANIC,194.18,1
SES_00004215,4,164,0,MOBILE,DIRECT,0.0,0
SES_00004216,22,528,8,TABLET,DIRECT,1819.87,1
SES_00004217,26,1040,0,MOBILE,ORGANIC,0.0,0
SES_00004218,18,612,6,TABLET,DIRECT,2691.29,1
SES_00004219,31,682,10,DESKTOP,AFFILIATE,2756.25,1
SES_00004220,37,814,2,DESKTOP,AFFILIATE,664.67,1
SES_00004221,4,168,0,TABLET,PAID_SEARCH,0.0,0
SES_00004222,34,1088,8,TABLET,PAID_SEARCH,622.16,0
SES_00004223,37,1221,3,DESKTOP,ORGANIC,290.35,1
SES_00004224,42,882,1,DESKTOP,ORGANIC,73.04,0
SES_00004225,14,238,10,DESKTOP,PAID_SEARCH,3745.06,1
SES_00004226,29,1305,7,TABLET,EMAIL,2457.83,1
SES_00004227,29,551,2,DESKTOP,ORGANIC,187.89,1
SES_00004228,11,539,3,MOBILE,AFFILIATE,482.81,1
SES_00004229,19,494,10,DESKTOP,SOCIAL_MEDIA,1499.88,0
SES_00004230,5,260,3,DESKTOP,PAID_SEARCH,182.46,1
SES_00004231,26,416,4,DESKTOP,AFFILIATE,432.72,1
SES_00004232,2,106,1,DESKTOP,AFFILIATE,259.08,1
SES_00004233,26,1430,2,TABLET,AFFILIATE,603.42,0
SES_00004234,20,820,8,MOBILE,AFFILIATE,3258.25,1
SES_00004235,43,2451,2,TABLET,ORGANIC,391.21,0
SES_00004236,34,1224,4,TABLET,DIRECT,1577.44,1
SES_00004237,32,1248,7,DESKTOP,ORGANIC,603.73,0
SES_00004238,5,160,0,DESKTOP,DIRECT,0.0,0
SES_00004239,32,1088,1,DESKTOP,ORGANIC,151.58,1
SES_00004240,21,420,0,TABLET,AFFILIATE,0.0,0
SES_00004241,8,144,3,TABLET,EMAIL,144.22,1
SES_00004242,16,560,9,TABLET,SOCIAL_MEDIA,3502.76,0
SES_00004243,28,924,3,TABLET,PAID_SEARCH,958.55,1
SES_00004244,13,689,3,MOBILE,ORGANIC,814.61,1
SES_00004245,41,779,7,DESKTOP,EMAIL,1089.44,1
SES_00004246,10,540,10,DESKTOP,ORGANIC,3727.75,1
SES_00004247,19,608,4,DESKTOP,PAID_SEARCH,1248.19,1
SES_00004248,20,1180,1,DESKTOP,SOCIAL_MEDIA,142.21,1
SES_00004249,34,1394,2,DESKTOP,AFFILIATE,141.48,1
SES_00004250,41,2255,7,TABLET,AFFILIATE,1789.81,0
SES_00004251,22,1166,9,DESKTOP,DIRECT,970.06,1
SES_00004252,12,528,7,MOBILE,DIRECT,374.64,1
SES_00004253,18,396,6,DESKTOP,DIRECT,2227.21,1
SES_00004254,23,644,1,TABLET,DIRECT,33.95,1
SES_00004255,24,888,4,MOBILE,AFFILIATE,1791.8,1
SES_00004256,16,480,9,DESKTOP,SOCIAL_MEDIA,716.4,1
SES_00004257,18,360,7,DESKTOP,PAID_SEARCH,1917.18,1
SES_00004258,27,1134,10,DESKTOP,DIRECT,3488.27,1
SES_00004259,27,783,0,TABLET,SOCIAL_MEDIA,0.0,0
SES_00004260,40,2080,10,TABLET,ORGANIC,3814.14,0
SES_00004261,7,378,1,TABLET,AFFILIATE,59.17,1
SES_00004262,10,490,6,DESKTOP,SOCIAL_MEDIA,496.71,1
SES_00004263,3,144,1,MOBILE,EMAIL,308.38,1
SES_00004264,7,133,5,MOBILE,AFFILIATE,821.68,1
SES_00004265,44,1320,3,TABLET,AFFILIATE,566.11,1
SES_00004266,7,196,4,TABLET,AFFILIATE,1078.0,1
SES_00004267,43,2408,2,MOBILE,PAID_SEARCH,52.34,0
SES_00004268,12,444,2,DESKTOP,EMAIL,721.51,0
SES_00004269,43,1806,1,DESKTOP,SOCIAL_MEDIA,165.53,0
SES_00004270,40,2000,6,TABLET,AFFILIATE,367.68,1
SES_00004271,11,550,10,MOBILE,SOCIAL_MEDIA,1386.0,1
SES_00004272,3,45,0,MOBILE,AFFILIATE,0.0,0
SES_00004273,44,1100,5,TABLET,AFFILIATE,685.37,1
SES_00004274,22,374,8,MOBILE,EMAIL,3541.27,1
SES_00004275,25,950,7,TABLET,EMAIL,2699.7,1
SES_00004276,18,396,4,TABLET,PAID_SEARCH,599.03,1
SES_00004277,26,1378,10,DESKTOP,AFFILIATE,1445.71,0
SES_00004278,11,198,2,MOBILE,EMAIL,553.59,1
SES_00004279,21,567,2,DESKTOP,ORGANIC,310.89,0
SES_00004280,26,572,10,DESKTOP,EMAIL,1002.02,1
SES_00004281,38,1026,6,TABLET,SOCIAL_MEDIA,2340.4,1
SES_00004282,6,258,6,DESKTOP,PAID_SEARCH,1973.25,1
SES_00004283,43,2150,10,TABLET,ORGANIC,4161.27,1
SES_00004284,35,2100,4,DESKTOP,ORGANIC,383.33,1
SES_00004285,5,125,5,DESKTOP,AFFILIATE,898.35,1
SES_00004286,43,1634,0,TABLET,ORGANIC,0.0,0
SES_00004287,11,297,4,MOBILE,DIRECT,690.92,1
SES_00004288,30,1740,8,DESKTOP,EMAIL,3455.43,0
SES_00004289,33,1518,6,TABLET,ORGANIC,2226.14,1
SES_00004290,6,348,4,DESKTOP,ORGANIC,1247.81,0
SES_00004291,11,220,9,DESKTOP,EMAIL,3762.57,1
SES_00004292,23,667,2,MOBILE,PAID_SEARCH,356.43,1
SES_00004293,28,924,1,DESKTOP,PAID_SEARCH,267.37,1
SES_00004294,3,174,2,MOBILE,PAID_SEARCH,842.87,1
SES_00004295,10,240,2,DESKTOP,DIRECT,363.81,1
SES_00004296,9,450,0,DESKTOP,SOCIAL_MEDIA,0.0,0
SES_00004297,23,1196,2,MOBILE,PAID_SEARCH,164.07,1
SES_00004298,41,1722,3,TABLET,DIRECT,609.42,1
SES_00004299,16,704,9,MOBILE,AFFILIATE,505.24,1
SES_00004300,26,1300,9,MOBILE,EMAIL,3331.4,1
SES_00004301,3,114,3,DESKTOP,SOCIAL_MEDIA,352.02,1
SES_00004302,44,1056,4,MOBILE,PAID_SEARCH,1439.89,1
SES_00004303,11,605,1,MOBILE,ORGANIC,255.47,0
SES_00004304,34,1088,3,DESKTOP,PAID_SEARCH,401.64,1
SES_00004305,38,1330,10,MOBILE,SOCIAL_MEDIA,1700.82,1
SES_00004306,16,640,10,MOBILE,EMAIL,1072.05,1
SES_00004307,4,212,4,TABLET,PAID_SEARCH,1754.63,1
SES_00004308,25,1200,5,TABLET,DIRECT,863.71,0
SES_00004309,8,360,5,TABLET,PAID_SEARCH,1535.43,0
SES_00004310,18,522,4,MOBILE,DIRECT,1441.15,0
SES_00004311,11,517,4,MOBILE,ORGANIC,1037.13,0
SES_00004312,45,1035,1,TABLET,ORGANIC,285.14,1
SES_00004313,33,1650,6,TABLET,SOCIAL_MEDIA,2354.78,0
SES_00004314,6,132,3,DESKTOP,EMAIL,778.05,1
SES_00004315,43,1892,6,MOBILE,ORGANIC,1867.25,0
SES_00004316,8,144,0,DESKTOP,AFFILIATE,0.0,0
SES_00004317,9,288,3,MOBILE,EMAIL,1072.91,0
SES_00004318,25,1125,4,TABLET,SOCIAL_MEDIA,105.26,1
SES_00004319,17,816,6,MOBILE,PAID_SEARCH,2520.84,1
SES_00004320,43,1376,10,TABLET,SOCIAL_MEDIA,2218.47,1
SES_00004321,40,760,3,MOBILE,SOCIAL_MEDIA,389.94,1
SES_00004322,1,54,0,TABLET,ORGANIC,0.0,0
SES_00004323,16,560,7,DESKTOP,AFFILIATE,3082.25,1
SES_00004324,17,901,2,MOBILE,SOCIAL_MEDIA,357.56,1
SES_00004325,1,27,0,DESKTOP,ORGANIC,0.0,0
SES_00004326,6,192,5,TABLET,AFFILIATE,151.36,0
SES_00004327,32,544,0,DESKTOP,DIRECT,0.0,0
SES_00004328,30,870,9,MOBILE,AFFILIATE,1148.62,1
SES_00004329,2,116,1,MOBILE,DIRECT,243.91,0
SES_00004330,12,348,7,TABLET,AFFILIATE,551.25,1
SES_00004331,19,760,0,TABLET,SOCIAL_MEDIA,0.0,0
SES_00004332,27,1134,6,TABLET,EMAIL,403.28,1
SES_00004333,35,1960,5,TABLET,AFFILIATE,631.04,0
SES_00004334,4,124,3,TABLET,PAID_SEARCH,1127.25,1
SES_00004335,13,650,2,DESKTOP,ORGANIC,273.56,1
SES_00004336,30,1500,4,MOBILE,EMAIL,1622.28,1
SES_00004337,43,1075,3,MOBILE,PAID_SEARCH,1305.79,1
SES_00004338,32,1056,3,MOBILE,AFFILIATE,737.98,0
SES_00004339,29,493,3,TABLET,DIRECT,570.47,1
SES_00004340,43,1978,3,MOBILE,SOCIAL_MEDIA,886.18,0
SES_00004341,8,240,4,DESKTOP,EMAIL,1715.2,1
SES_00004342,23,690,3,DESKTOP,ORGANIC,681.93,1
SES_00004343,6,210,1,DESKTOP,EMAIL,314.55,1
SES_00004344,33,1254,1,MOBILE,SOCIAL_MEDIA,344.65,1
SES_00004345,4,120,4,TABLET,PAID_SEARCH,1789.86,1
SES_00004346,42,1428,6,DESKTOP,ORGANIC,465.21,1
SES_00004347,44,1188,8,DESKTOP,SOCIAL_MEDIA,1289.1,1
SES_00004348,37,1147,2,DESKTOP,DIRECT,861.37,1
SES_00004349,21,1071,8,MOBILE,AFFILIATE,1079.23,1
SES_00004350,15,330,8,TABLET,DIRECT,3301.62,0
SES_00004351,2,38,0,DESKTOP,AFFILIATE,0.0,0
SES_00004352,31,1054,1,MOBILE,SOCIAL_MEDIA,426.92,1
SES_00004353,39,1482,3,DESKTOP,EMAIL,1141.15,1
SES_00004354,16,512,5,DESKTOP,PAID_SEARCH,2089.45,1
SES_00004355,28,1288,6,TABLET,AFFILIATE,2035.62,1
SES_00004356,38,1368,9,TABLET,PAID_SEARCH,1095.99,1
SES_00004357,30,1200,2,DESKTOP,EMAIL,743.29,0
SES_00004358,27,1269,1,MOBILE,DIRECT,373.31,1
SES_00004359,44,2464,3,TABLET,EMAIL,1086.51,1
SES_00004360,29,580,4,DESKTOP,PAID_SEARCH,1014.01,1
SES_00004361,31,1488,5,DESKTOP,AFFILIATE,225.94,0
SES_00004362,18,576,8,DESKTOP,DIRECT,2978.16,1
SES_00004363,16,752,7,TABLET,ORGANIC,2425.99,1
SES_00004364,36,1224,0,MOBILE,PAID_SEARCH,0.0,0
SES_00004365,42,1722,0,MOBILE,PAID_SEARCH,0.0,0
SES_00004366,20,1180,8,DESKTOP,PAID_SEARCH,1309.6,1
SES_00004367,30,570,9,TABLET,SOCIAL_MEDIA,2473.97,1
SES_00004368,22,814,10,DESKTOP,PAID_SEARCH,3891.83,1
SES_00004369,15,645,6,DESKTOP,SOCIAL_MEDIA,1794.25,0
SES_00004370,18,630,6,MOBILE,DIRECT,640.86,1
SES_00004371,45,2295,0,DESKTOP,AFFILIATE,0.0,0
SES_00004372,40,1400,10,TABLET,PAID_SEARCH,1361.1,0
SES_00004373,36,1116,1,MOBILE,SOCIAL_MEDIA,186.11,0
SES_00004374,17,374,6,TABLET,PAID_SEARCH,919.89,1
SES_00004375,15,660,8,MOBILE,PAID_SEARCH,3099.38,1
SES_00004376,26,806,7,TABLET,ORGANIC,2419.36,1
SES_00004377,18,396,10,DESKTOP,DIRECT,1786.75,0
SES_00004378,18,378,9,DESKTOP,AFFILIATE,320.5,1
SES_00004379,8,288,4,MOBILE,AFFILIATE,1393.74,0
SES_00004380,28,1624,2,DESKTOP,AFFILIATE,585.19,1
SES_00004381,38,1330,6,MOBILE,EMAIL,2587.46,1
SES_00004382,18,594,2,DESKTOP,DIRECT,187.23,1
SES_00004383,8,264,7,TABLET,AFFILIATE,1508.35,1
SES_00004384,45,2565,8,DESKTOP,PAID_SEARCH,1863.93,0
SES_00004385,26,1248,3,MOBILE,PAID_SEARCH,1045.4,1
SES_00004386,28,504,10,MOBILE,AFFILIATE,1854.39,0
SES_00004387,41,1435,8,DESKTOP,DIRECT,2694.7,0
SES_00004388,40,2040,10,TABLET,SOCIAL_MEDIA,1652.86,0
SES_00004389,11,187,2,DESKTOP,DIRECT,576.23,0
SES_00004390,29,841,4,MOBILE,SOCIAL_MEDIA,433.13,0
SES_00004391,33,1452,1,MOBILE,DIRECT,436.51,1
SES_00004392,19,779,7,DESKTOP,EMAIL,2338.5,1
SES_00004393,27,1431,1,DESKTOP,EMAIL,434.02,1
SES_00004394,22,1210,4,MOBILE,SOCIAL_MEDIA,374.26,1
SES_00004395,13,260,9,MOBILE,AFFILIATE,1023.64,1
SES_00004396,34,1190,8,TABLET,PAID_SEARCH,934.07,0
SES_00004397,32,608,2,TABLET,ORGANIC,70.91,1
SES_00004398,15,705,9,MOBILE,PAID_SEARCH,1697.35,1
SES_00004399,12,180,1,TABLET,ORGANIC,174.84,1
SES_00004400,23,506,9,TABLET,DIRECT,3104.7,1
SES_00004401,43,2021,8,DESKTOP,AFFILIATE,3448.41,1
SES_00004402,36,1440,7,MOBILE,AFFILIATE,1286.95,1
SES_00004403,27,891,7,TABLET,EMAIL,1310.16,0
SES_00004404,44,2068,1,TABLET,SOCIAL_MEDIA,42.2,1
SES_00004405,42,1764,2,TABLET,PAID_SEARCH,420.59,0
SES_00004406,40,680,3,DESKTOP,PAID_SEARCH,131.85,1
SES_00004407,5,210,4,DESKTOP,PAID_SEARCH,1045.63,1
SES_00004408,30,1560,7,DESKTOP,AFFILIATE,1054.73,1
SES_00004409,28,1120,8,MOBILE,SOCIAL_MEDIA,2570.68,1
SES_00004410,17,527,5,TABLET,ORGANIC,184.96,1
SES_00004411,29,1740,10,DESKTOP,SOCIAL_MEDIA,2153.87,1
SES_00004412,30,1170,9,MOBILE,AFFILIATE,1120.08,1
SES_00004413,12,648,3,TABLET,EMAIL,1003.28,0
SES_00004414,26,1482,7,MOBILE,DIRECT,396.43,1
SES_00004415,45,2520,10,MOBILE,DIRECT,4373.22,1
SES_00004416,41,2214,1,DESKTOP,EMAIL,321.08,1
SES_00004417,5,205,1,DESKTOP,AFFILIATE,45.82,1
SES_00004418,26,1352,7,DESKTOP,PAID_SEARCH,2657.01,0
SES_00004419,45,1260,10,TABLET,AFFILIATE,873.52,0
SES_00004420,6,114,4,DESKTOP,DIRECT,756.75,1
SES_00004421,16,368,4,DESKTOP,PAID_SEARCH,1106.36,0
SES_00004422,10,360,2,TABLET,DIRECT,664.31,0
SES_00004423,42,1470,3,TABLET,ORGANIC,855.9,1
SES_00004424,35,840,7,TABLET,AFFILIATE,1534.09,1
SES_00004425,41,1558,9,DESKTOP,SOCIAL_MEDIA,2502.31,1
SES_00004426,40,1280,3,MOBILE,SOCIAL_MEDIA,1171.05,1
SES_00004427,34,1700,0,DESKTOP,ORGANIC,0.0,0
SES_00004428,21,420,6,MOBILE,DIRECT,424.97,1
SES_00004429,19,684,1,TABLET,AFFILIATE,189.52,1
SES_00004430,34,884,9,TABLET,SOCIAL_MEDIA,1647.85,0
SES_00004431,44,2244,3,DESKTOP,DIRECT,221.17,0
SES_00004432,2,54,1,DESKTOP,DIRECT,280.24,1
SES_00004433,17,357,0,TABLET,PAID_SEARCH,0.0,0
SES_00004434,24,888,5,TABLET,DIRECT,1263.33,1
SES_00004435,2,104,1,DESKTOP,ORGANIC,377.47,1
SES_00004436,22,1232,4,TABLET,ORGANIC,1685.95,1
SES_00004437,39,1872,5,TABLET,ORGANIC,705.08,0
SES_00004438,11,605,1,MOBILE,DIRECT,325.93,0
SES_00004439,34,1190,5,DESKTOP,DIRECT,548.79,0
SES_00004440,12,336,2,TABLET,SOCIAL_MEDIA,787.41,1
SES_00004441,9,477,2,TABLET,DIRECT,519.58,1
SES_00004442,43,1118,8,MOBILE,EMAIL,2575.14,0
SES_00004443,40,840,0,DESKTOP,PAID_SEARCH,0.0,0
SES_00004444,23,368,7,TABLET,EMAIL,934.11,0
SES_00004445,37,1295,9,MOBILE,AFFILIATE,1070.44,1
SES_00004446,39,2262,1,TABLET,DIRECT,68.6,1
SES_00004447,45,2250,8,MOBILE,ORGANIC,1334.76,1
SES_00004448,21,567,0,DESKTOP,ORGANIC,0.0,0
SES_00004449,26,1014,7,TABLET,DIRECT,2464.15,1
SES_00004450,44,1276,6,TABLET,AFFILIATE,263.04,1
SES_00004451,18,936,5,DESKTOP,EMAIL,1324.01,1
SES_00004452,28,980,5,TABLET,ORGANIC,411.88,0
SES_00004453,36,1260,3,MOBILE,EMAIL,739.01,1
SES_00004454,39,2340,4,DESKTOP,ORGANIC,1039.73,1
SES_00004455,26,962,8,DESKTOP,AFFILIATE,2582.44,0
SES_00004456,28,532,10,DESKTOP,ORGANIC,3609.95,0
SES_00004457,43,1290,2,DESKTOP,EMAIL,69.46,1
SES_00004458,20,740,2,MOBILE,ORGANIC,439.65,1
SES_00004459,33,1617,5,MOBILE,DIRECT,629.26,0
SES_00004460,27,1377,7,DESKTOP,AFFILIATE,1571.47,1
SES_00004461,24,984,4,DESKTOP,DIRECT,760.15,1
SES_00004462,20,1020,0,TABLET,EMAIL,0.0,0
SES_00004463,25,950,10,DESKTOP,AFFILIATE,2635.81,1
SES_00004464,9,441,6,TABLET,ORGANIC,2559.24,1
SES_00004465,29,609,1,TABLET,PAID_SEARCH,69.98,1
SES_00004466,43,1118,10,DESKTOP,AFFILIATE,3104.92,1
SES_00004467,2,48,2,MOBILE,SOCIAL_MEDIA,554.62,1
SES_00004468,23,805,9,DESKTOP,PAID_SEARCH,1853.18,1
SES_00004469,40,800,1,DESKTOP,AFFILIATE,87.54,1
SES_00004470,13,221,7,TABLET,SOCIAL_MEDIA,976.81,1
SES_00004471,14,616,4,MOBILE,AFFILIATE,761.15,0
SES_00004472,22,352,3,TABLET,AFFILIATE,294.35,1
SES_00004473,31,1364,4,TABLET,AFFILIATE,237.26,1
SES_00004474,34,2006,2,MOBILE,SOCIAL_MEDIA,672.73,1
SES_00004475,4,144,2,TABLET,SOCIAL_MEDIA,694.96,1
SES_00004476,37,1961,1,MOBILE,EMAIL,401.88,1
SES_00004477,16,496,10,TABLET,AFFILIATE,3489.21,1
SES_00004478,32,1856,5,MOBILE,EMAIL,1660.45,1
SES_00004479,31,1178,2,TABLET,PAID_SEARCH,327.57,1
SES_00004480,38,2204,9,TABLET,SOCIAL_MEDIA,459.79,1
SES_00004481,39,936,2,TABLET,PAID_SEARCH,175.69,1
SES_00004482,27,783,5,TABLET,DIRECT,548.27,0
SES_00004483,43,1591,0,DESKTOP,ORGANIC,0.0,0
SES_00004484,17,782,8,DESKTOP,AFFILIATE,469.48,1
SES_00004485,2,50,0,MOBILE,PAID_SEARCH,0.0,0
SES_00004486,39,2145,3,MOBILE,ORGANIC,878.68,1
SES_00004487,14,336,8,DESKTOP,AFFILIATE,1871.41,0
SES_00004488,3,159,2,MOBILE,ORGANIC,400.32,1
SES_00004489,29,1682,8,TABLET,SOCIAL_MEDIA,1883.55,1
SES_00004490,45,1890,4,MOBILE,AFFILIATE,126.24,1
SES_00004491,5,140,3,TABLET,PAID_SEARCH,139.65,1
SES_00004492,11,550,6,MOBILE,AFFILIATE,776.42,1
SES_00004493,4,148,4,MOBILE,SOCIAL_MEDIA,370.34,1
SES_00004494,12,612,7,DESKTOP,PAID_SEARCH,3060.04,1
SES_00004495,45,1980,3,DESKTOP,SOCIAL_MEDIA,1123.26,1
SES_00004496,30,1800,2,DESKTOP,PAID_SEARCH,567.71,1
SES_00004497,27,1485,4,DESKTOP,SOCIAL_MEDIA,1084.7,0
SES_00004498,25,1425,10,DESKTOP,EMAIL,4408.69,1
SES_00004499,37,2183,6,MOBILE,SOCIAL_MEDIA,345.07,1
SES_00004500,16,304,3,TABLET,DIRECT,953.9,1
SES_00004501,24,1320,8,DESKTOP,EMAIL,335.05,1
SES_00004502,15,720,2,MOBILE,EMAIL,423.32,1
SES_00004503,29,1479,2,TABLET,AFFILIATE,227.76,1
SES_00004504,5,245,3,MOBILE,PAID_SEARCH,446.59,1
SES_00004505,42,2226,3,DESKTOP,EMAIL,1244.73,1
SES_00004506,27,1053,4,TABLET,DIRECT,1729.35,1
SES_00004507,31,589,1,TABLET,PAID_SEARCH,108.75,1
SES_00004508,23,1265,2,TABLET,DIRECT,798.58,1
SES_00004509,43,1806,2,DESKTOP,SOCIAL_MEDIA,636.6,1
SES_00004510,37,592,0,MOBILE,DIRECT,0.0,0
SES_00004511,1,34,1,MOBILE,ORGANIC,304.93,1
SES_00004512,35,1365,10,TABLET,DIRECT,1718.15,1
SES_00004513,4,80,0,DESKTOP,PAID_SEARCH,0.0,0
SES_00004514,30,1500,3,DESKTOP,ORGANIC,1299.08,1
SES_00004515,22,946,2,DESKTOP,ORGANIC,825.97,1
SES_00004516,39,2223,2,DESKTOP,ORGANIC,706.86,1
SES_00004517,36,1332,5,TABLET,PAID_SEARCH,289.62,1
SES_00004518,10,340,4,TABLET,SOCIAL_MEDIA,762.15,0
SES_00004519,23,575,1,TABLET,PAID_SEARCH,108.47,0
SES_00004520,40,2120,1,TABLET,ORGANIC,106.57,1
SES_00004521,25,600,6,TABLET,DIRECT,1563.75,1
SES_00004522,26,650,4,MOBILE,SOCIAL_MEDIA,1680.04,0
SES_00004523,32,1888,0,MOBILE,EMAIL,0.0,0
SES_00004524,44,1936,9,TABLET,SOCIAL_MEDIA,2178.71,0
SES_00004525,4,156,0,MOBILE,PAID_SEARCH,0.0,0
SES_00004526,15,555,7,MOBILE,SOCIAL_MEDIA,1747.91,0
SES_00004527,43,2236,2,MOBILE,DIRECT,533.68,1
SES_00004528,26,806,8,TABLET,AFFILIATE,386.04,0
SES_00004529,37,1517,1,TABLET,AFFILIATE,429.56,0
SES_00004530,9,243,6,TABLET,PAID_SEARCH,365.59,1
SES_00004531,21,1071,4,TABLET,PAID_SEARCH,438.05,1
SES_00004532,35,1505,7,MOBILE,AFFILIATE,939.27,1
SES_00004533,33,693,10,MOBILE,PAID_SEARCH,1106.17,1
SES_00004534,12,324,0,MOBILE,PAID_SEARCH,0.0,0
SES_00004535,38,1634,2,TABLET,DIRECT,264.82,0
SES_00004536,23,575,9,DESKTOP,EMAIL,638.71,1
SES_00004537,23,1242,2,TABLET,AFFILIATE,381.39,1
SES_00004538,6,270,0,DESKTOP,EMAIL,0.0,0
SES_00004539,45,675,5,TABLET,DIRECT,260.95,1
SES_00004540,31,1829,9,TABLET,SOCIAL_MEDIA,287.08,1
SES_00004541,12,564,0,DESKTOP,DIRECT,0.0,0
SES_00004542,24,696,8,MOBILE,DIRECT,1816.75,1
SES_00004543,22,484,1,MOBILE,SOCIAL_MEDIA,64.58,1
SES_00004544,4,76,4,DESKTOP,PAID_SEARCH,625.1,1
SES_00004545,5,185,4,TABLET,DIRECT,1410.18,1
SES_00004546,2,64,0,TABLET,PAID_SEARCH,0.0,0
SES_00004547,16,624,7,MOBILE,ORGANIC,2416.16,1
SES_00004548,5,260,1,DESKTOP,SOCIAL_MEDIA,402.38,1
SES_00004549,32,1440,6,MOBILE,DIRECT,1619.12,1
SES_00004550,7,182,0,TABLET,EMAIL,0.0,0
SES_00004551,24,768,8,MOBILE,DIRECT,3345.25,0
SES_00004552,29,609,4,MOBILE,EMAIL,1276.61,1
SES_00004553,25,675,2,DESKTOP,ORGANIC,115.87,1
SES_00004554,19,1064,6,TABLET,DIRECT,1988.25,1
SES_00004555,38,2242,3,DESKTOP,ORGANIC,529.96,1
SES_00004556,44,1100,4,DESKTOP,EMAIL,1271.79,0
SES_00004557,25,975,10,DESKTOP,PAID_SEARCH,4424.49,1
SES_00004558,9,288,4,TABLET,DIRECT,1456.8,1
SES_00004559,10,550,4,DESKTOP,DIRECT,280.71,1
SES_00004560,17,1003,1,MOBILE,EMAIL,52.37,1
SES_00004561,36,864,5,DESKTOP,SOCIAL_MEDIA,576.14,1
SES_00004562,21,1155,4,TABLET,ORGANIC,1458.22,1
SES_00004563,36,1944,10,TABLET,PAID_SEARCH,440.68,1
SES_00004564,37,1036,5,DESKTOP,ORGANIC,671.17,1
SES_00004565,45,720,6,MOBILE,SOCIAL_MEDIA,1672.44,1
SES_00004566,20,700,9,MOBILE,SOCIAL_MEDIA,1906.77,1
SES_00004567,22,1100,5,TABLET,DIRECT,1586.95,1
SES_00004568,19,608,3,MOBILE,EMAIL,926.84,1
SES_00004569,19,931,4,TABLET,ORGANIC,1221.73,1
SES_00004570,29,754,6,TABLET,SOCIAL_MEDIA,2139.22,1
SES_00004571,26,1118,4,MOBILE,DIRECT,917.74,1
SES_00004572,37,1147,5,MOBILE,EMAIL,691.35,0
SES_00004573,12,288,4,MOBILE,SOCIAL_MEDIA,1213.76,1
SES_00004574,37,1998,2,MOBILE,ORGANIC,72.65,0
SES_00004575,19,456,3,TABLET,AFFILIATE,425.71,1
SES_00004576,10,470,1,TABLET,DIRECT,205.31,0
SES_00004577,16,928,0,TABLET,SOCIAL_MEDIA,0.0,0
SES_00004578,34,1700,10,DESKTOP,SOCIAL_MEDIA,775.11,1
SES_00004579,40,720,3,TABLET,SOCIAL_MEDIA,141.72,1
SES_00004580,15,750,3,TABLET,DIRECT,1021.85,0
SES_00004581,9,279,5,MOBILE,ORGANIC,1997.24,1
SES_00004582,45,990,1,TABLET,DIRECT,372.25,1
SES_00004583,2,34,1,TABLET,AFFILIATE,297.31,1
SES_00004584,41,1968,5,MOBILE,AFFILIATE,1648.15,1
SES_00004585,27,1377,7,DESKTOP,DIRECT,2787.66,1
SES_00004586,18,558,1,DESKTOP,EMAIL,113.48,1
SES_00004587,28,644,6,TABLET,ORGANIC,841.46,0
SES_00004588,42,1722,10,DESKTOP,EMAIL,3679.42,1
SES_00004589,25,800,4,MOBILE,EMAIL,956.68,1
SES_00004590,39,2106,3,TABLET,EMAIL,171.28,1
SES_00004591,30,510,8,MOBILE,PAID_SEARCH,947.39,1
SES_00004592,12,432,4,TABLET,PAID_SEARCH,1605.51,1
SES_00004593,40,2280,0,TABLET,SOCIAL_MEDIA,0.0,0
SES_00004594,19,551,2,TABLET,AFFILIATE,60.73,1
SES_00004595,3,168,2,MOBILE,SOCIAL_MEDIA,243.94,1
SES_00004596,12,636,8,MOBILE,ORGANIC,2199.16,1
SES_00004597,41,1763,1,DESKTOP,EMAIL,410.42,1
SES_00004598,15,390,9,TABLET,EMAIL,1908.77,1
SES_00004599,23,943,0,DESKTOP,AFFILIATE,0.0,0
SES_00004600,32,1120,8,MOBILE,DIRECT,3156.84,1
SES_00004601,37,2220,0,DESKTOP,AFFILIATE,0.0,0
SES_00004602,17,561,0,MOBILE,SOCIAL_MEDIA,0.0,0
SES_00004603,13,520,2,TABLET,SOCIAL_MEDIA,718.35,1
SES_00004604,11,275,1,DESKTOP,SOCIAL_MEDIA,422.8,1
SES_00004605,1,49,0,MOBILE,EMAIL,0.0,0
SES_00004606,11,462,10,TABLET,AFFILIATE,341.9,1
SES_00004607,9,396,1,DESKTOP,SOCIAL_MEDIA,33.58,1
SES_00004608,14,826,4,MOBILE,AFFILIATE,1302.16,0
SES_00004609,12,204,3,DESKTOP,ORGANIC,169.97,1
SES_00004610,15,600,9,DESKTOP,SOCIAL_MEDIA,242.24,1
SES_00004611,44,1672,5,MOBILE,PAID_SEARCH,398.48,1
SES_00004612,21,756,4,MOBILE,AFFILIATE,1628.3,0
SES_00004613,5,230,0,TABLET,SOCIAL_MEDIA,0.0,0
SES_00004614,19,646,10,TABLET,SOCIAL_MEDIA,465.76,0
SES_00004615,45,855,0,DESKTOP,ORGANIC,0.0,0
SES_00004616,9,468,5,DESKTOP,SOCIAL_MEDIA,1139.58,1
SES_00004617,24,936,8,DESKTOP,EMAIL,465.04,1
SES_00004618,29,1334,2,TABLET,DIRECT,620.51,1
SES_00004619,45,1620,6,MOBILE,DIRECT,701.65,1
SES_00004620,29,667,10,MOBILE,SOCIAL_MEDIA,480.33,1
SES_00004621,40,1200,5,TABLET,SOCIAL_MEDIA,178.66,1
SES_00004622,15,735,10,MOBILE,ORGANIC,2922.53,1
SES_00004623,23,483,9,DESKTOP,ORGANIC,1689.23,1
SES_00004624,30,1620,4,MOBILE,AFFILIATE,126.75,1
SES_00004625,10,330,5,MOBILE,DIRECT,1989.33,1
SES_00004626,32,1376,0,MOBILE,ORGANIC,0.0,0
SES_00004627,5,235,4,MOBILE,AFFILIATE,510.38,1
SES_00004628,24,624,0,DESKTOP,DIRECT,0.0,0
SES_00004629,20,1180,4,DESKTOP,PAID_SEARCH,1496.1,0
SES_00004630,28,1568,6,TABLET,PAID_SEARCH,359.5,1
SES_00004631,36,1764,5,DESKTOP,SOCIAL_MEDIA,261.89,1
SES_00004632,7,112,7,DESKTOP,EMAIL,1742.98,1
SES_00004633,40,880,9,DESKTOP,SOCIAL_MEDIA,237.12,1
SES_00004634,27,1269,3,DESKTOP,EMAIL,851.3,1
SES_00004635,29,1044,7,TABLET,ORGANIC,2368.23,0
SES_00004636,26,1170,8,MOBILE,ORGANIC,1653.7,1
SES_00004637,17,391,9,MOBILE,SOCIAL_MEDIA,3196.36,1
SES_00004638,41,1640,9,DESKTOP,DIRECT,455.93,1
SES_00004639,14,546,7,TABLET,SOCIAL_MEDIA,222.21,0
SES_00004640,35,1435,8,TABLET,EMAIL,362.21,1
SES_00004641,38,760,6,TABLET,PAID_SEARCH,1275.95,1
SES_00004642,16,864,4,MOBILE,EMAIL,245.41,0
SES_00004643,4,132,0,DESKTOP,DIRECT,0.0,0
SES_00004644,36,1008,1,MOBILE,AFFILIATE,291.08,1
SES_00004645,33,1089,5,MOBILE,EMAIL,2073.62,1
SES_00004646,30,480,5,MOBILE,SOCIAL_MEDIA,1211.23,1
SES_00004647,11,396,8,MOBILE,ORGANIC,3568.65,1
SES_00004648,9,207,4,MOBILE,AFFILIATE,891.18,0
SES_00004649,27,756,1,TABLET,SOCIAL_MEDIA,320.67,0
SES_00004650,8,288,8,DESKTOP,ORGANIC,1657.51,1
SES_00004651,14,700,10,DESKTOP,SOCIAL_MEDIA,1425.0,1
SES_00004652,27,1512,1,TABLET,PAID_SEARCH,214.04,0
SES_00004653,12,540,3,DESKTOP,ORGANIC,939.25,1
SES_00004654,41,820,7,TABLET,ORGANIC,397.0,1
SES_00004655,40,2160,8,DESKTOP,SOCIAL_MEDIA,1149.71,1
SES_00004656,37,629,3,TABLET,SOCIAL_MEDIA,682.25,1
SES_00004657,15,330,5,MOBILE,AFFILIATE,1689.15,0
SES_00004658,25,700,8,MOBILE,SOCIAL_MEDIA,1608.68,1
SES_00004659,11,286,1,MOBILE,EMAIL,138.79,1
SES_00004660,28,1484,6,TABLET,EMAIL,458.56,0
SES_00004661,18,486,4,TABLET,EMAIL,1624.44,1
SES_00004662,3,96,0,DESKTOP,DIRECT,0.0,0
SES_00004663,36,2052,2,TABLET,AFFILIATE,762.05,1
SES_00004664,17,850,8,DESKTOP,EMAIL,382.68,1
SES_00004665,7,350,2,DESKTOP,ORGANIC,424.26,1
SES_00004666,7,105,5,MOBILE,SOCIAL_MEDIA,2197.87,1
SES_00004667,7,119,3,MOBILE,AFFILIATE,201.58,1
SES_00004668,44,792,1,MOBILE,AFFILIATE,446.76,0
SES_00004669,44,1012,0,DESKTOP,DIRECT,0.0,0
SES_00004670,2,90,1,MOBILE,PAID_SEARCH,324.61,1
SES_00004671,19,551,0,TABLET,ORGANIC,0.0,0
SES_00004672,14,686,2,DESKTOP,ORGANIC,149.24,0
SES_00004673,4,216,3,DESKTOP,EMAIL,617.48,0
SES_00004674,43,1075,6,TABLET,DIRECT,732.27,1
SES_00004675,30,1110,3,DESKTOP,AFFILIATE,427.34,1
SES_00004676,23,690,10,TABLET,ORGANIC,2537.51,1
SES_00004677,1,16,1,TABLET,SOCIAL_MEDIA,402.35,0
SES_00004678,36,936,6,DESKTOP,ORGANIC,181.55,1
SES_00004679,6,216,2,TABLET,DIRECT,259.98,1
SES_00004680,9,387,7,DESKTOP,PAID_SEARCH,752.47,1
SES_00004681,44,2596,10,MOBILE,SOCIAL_MEDIA,4100.27,1
SES_00004682,5,260,2,TABLET,ORGANIC,513.43,1
SES_00004683,26,728,4,DESKTOP,PAID_SEARCH,432.58,1
SES_00004684,14,504,2,TABLET,PAID_SEARCH,167.47,1
SES_00004685,39,819,5,TABLET,EMAIL,1299.52,0
SES_00004686,27,810,9,MOBILE,AFFILIATE,2160.9,1
SES_00004687,8,448,4,MOBILE,EMAIL,1366.6,0
SES_00004688,40,1080,6,DESKTOP,EMAIL,2592.6,0
SES_00004689,23,644,10,DESKTOP,AFFILIATE,1313.27,0
SES_00004690,31,961,3,DESKTOP,PAID_SEARCH,332.51,1
SES_00004691,36,1872,9,TABLET,DIRECT,1133.21,0
SES_00004692,42,2520,10,MOBILE,AFFILIATE,321.95,0
SES_00004693,21,546,3,DESKTOP,ORGANIC,485.84,1
SES_00004694,20,360,8,DESKTOP,AFFILIATE,2655.59,0
SES_00004695,11,495,5,MOBILE,AFFILIATE,1690.86,0
SES_00004696,21,378,6,TABLET,SOCIAL_MEDIA,501.42,1
SES_00004697,6,240,6,MOBILE,PAID_SEARCH,205.05,1
SES_00004698,39,1014,9,MOBILE,DIRECT,1232.03,1
SES_00004699,37,1147,1,MOBILE,ORGANIC,209.25,1
SES_00004700,38,2128,0,DESKTOP,ORGANIC,0.0,0
SES_00004701,26,650,7,DESKTOP,AFFILIATE,2289.6,0
SES_00004702,2,108,0,DESKTOP,AFFILIATE,0.0,0
SES_00004703,22,1320,6,DESKTOP,EMAIL,812.53,1
SES_00004704,33,1485,8,MOBILE,EMAIL,3584.75,1
SES_00004705,19,893,5,TABLET,EMAIL,1900.05,1
SES_00004706,29,1624,2,MOBILE,ORGANIC,167.8,1
SES_00004707,27,540,0,TABLET,PAID_SEARCH,0.0,0
SES_00004708,27,486,9,MOBILE,EMAIL,1348.11,1
SES_00004709,22,1254,3,DESKTOP,ORGANIC,293.8,0
SES_00004710,27,621,1,MOBILE,SOCIAL_MEDIA,73.46,1
SES_00004711,10,580,8,TABLET,ORGANIC,2041.5,0
SES_00004712,34,986,3,MOBILE,AFFILIATE,1042.94,1
SES_00004713,7,350,2,TABLET,EMAIL,430.4,1
SES_00004714,10,320,7,TABLET,PAID_SEARCH,614.61,1
SES_00004715,5,210,2,MOBILE,EMAIL,739.54,1
SES_00004716,26,728,4,DESKTOP,ORGANIC,1299.31,1
SES_00004717,42,1428,3,MOBILE,PAID_SEARCH,1073.09,1
SES_00004718,28,420,10,MOBILE,AFFILIATE,3254.38,0
SES_00004719,44,2464,7,MOBILE,EMAIL,1526.72,0
SES_00004720,14,448,5,TABLET,AFFILIATE,593.65,1
SES_00004721,28,756,6,MOBILE,SOCIAL_MEDIA,441.28,0
SES_00004722,41,615,1,TABLET,DIRECT,227.57,0
SES_00004723,7,105,2,DESKTOP,EMAIL,183.14,1
SES_00004724,3,60,2,DESKTOP,AFFILIATE,74.8,1
SES_00004725,4,208,2,DESKTOP,DIRECT,796.06,1
SES_00004726,5,155,1,TABLET,EMAIL,269.74,1
SES_00004727,20,1000,10,MOBILE,SOCIAL_MEDIA,2031.45,1
SES_00004728,26,1248,0,DESKTOP,DIRECT,0.0,0
SES_00004729,30,1050,6,DESKTOP,ORGANIC,790.47,1
SES_00004730,25,1475,4,DESKTOP,ORGANIC,1029.69,0
SES_00004731,15,630,6,TABLET,DIRECT,2143.3,1
SES_00004732,10,150,0,MOBILE,PAID_SEARCH,0.0,0
SES_00004733,14,238,7,MOBILE,SOCIAL_MEDIA,1475.86,1
SES_00004734,25,625,1,DESKTOP,EMAIL,441.27,1
SES_00004735,4,164,4,MOBILE,ORGANIC,1415.63,1
SES_00004736,12,228,10,DESKTOP,PAID_SEARCH,2010.69,1
SES_00004737,37,1110,3,MOBILE,AFFILIATE,368.69,1
SES_00004738,30,1170,7,TABLET,EMAIL,1260.96,0
SES_00004739,26,1300,8,MOBILE,SOCIAL_MEDIA,3425.64,0
SES_00004740,34,1360,0,TABLET,ORGANIC,0.0,0
SES_00004741,41,1271,5,DESKTOP,ORGANIC,209.21,0
SES_00004742,17,544,0,MOBILE,DIRECT,0.0,0
SES_00004743,44,1980,7,TABLET,ORGANIC,2425.74,1
SES_00004744,20,1020,10,DESKTOP,ORGANIC,1482.14,1
SES_00004745,16,448,10,DESKTOP,SOCIAL_MEDIA,1015.37,1
SES_00004746,3,90,2,MOBILE,AFFILIATE,225.29,1
SES_00004747,12,228,2,DESKTOP,PAID_SEARCH,490.26,1
SES_00004748,14,462,2,TABLET,SOCIAL_MEDIA,668.69,1
SES_00004749,14,742,3,DESKTOP,DIRECT,441.77,1
SES_00004750,34,1360,0,MOBILE,DIRECT,0.0,0
SES_00004751,7,385,4,DESKTOP,ORGANIC,118.36,0
SES_00004752,14,238,4,DESKTOP,DIRECT,1688.59,1
SES_00004753,24,1416,1,TABLET,AFFILIATE,202.31,1
SES_00004754,25,700,1,TABLET,PAID_SEARCH,319.22,1
SES_00004755,24,1056,3,MOBILE,AFFILIATE,401.41,1
SES_00004756,6,162,1,MOBILE,SOCIAL_MEDIA,356.25,1
SES_00004757,11,319,8,TABLET,ORGANIC,1354.33,1
SES_00004758,4,184,0,TABLET,SOCIAL_MEDIA,0.0,0
SES_00004759,23,368,0,DESKTOP,SOCIAL_MEDIA,0.0,0
SES_00004760,2,106,0,TABLET,DIRECT,0.0,0
SES_00004761,34,1734,3,MOBILE,SOCIAL_MEDIA,853.95,1
SES_00004762,34,1224,8,DESKTOP,EMAIL,1424.85,1
SES_00004763,8,424,8,TABLET,AFFILIATE,1423.16,1
SES_00004764,33,825,4,MOBILE,SOCIAL_MEDIA,848.29,1
SES_00004765,9,396,1,TABLET,DIRECT,359.55,1
SES_00004766,43,1333,4,DESKTOP,AFFILIATE,981.39,0
SES_00004767,21,525,7,MOBILE,AFFILIATE,1328.3,1
SES_00004768,44,1100,3,DESKTOP,AFFILIATE,363.19,1
SES_00004769,4,192,0,DESKTOP,SOCIAL_MEDIA,0.0,0
SES_00004770,11,462,8,DESKTOP,PAID_SEARCH,1603.91,0
SES_00004771,40,1520,3,DESKTOP,ORGANIC,745.24,1
SES_00004772,25,1075,9,DESKTOP,EMAIL,1657.9,1
SES_00004773,34,1700,7,DESKTOP,PAID_SEARCH,1808.63,1
SES_00004774,17,408,5,TABLET,SOCIAL_MEDIA,686.98,1
SES_00004775,15,825,6,MOBILE,AFFILIATE,1639.64,1
SES_00004776,9,540,3,TABLET,EMAIL,113.85,1
SES_00004777,24,1440,3,TABLET,PAID_SEARCH,1102.27,0
SES_00004778,5,120,0,DESKTOP,AFFILIATE,0.0,0
SES_00004779,12,324,9,DESKTOP,DIRECT,3606.25,1
SES_00004780,28,812,2,MOBILE,AFFILIATE,293.39,1
SES_00004781,27,864,10,DESKTOP,EMAIL,974.6,0
SES_00004782,20,1020,8,MOBILE,EMAIL,405.23,1
SES_00004783,43,688,2,TABLET,SOCIAL_MEDIA,64.32,1
SES_00004784,16,832,4,MOBILE,EMAIL,1372.0,1
SES_00004785,27,1377,10,TABLET,ORGANIC,3631.53,0
SES_00004786,3,123,2,TABLET,ORGANIC,147.34,1
SES_00004787,16,848,3,DESKTOP,AFFILIATE,904.23,1
SES_00004788,4,104,0,MOBILE,ORGANIC,0.0,0
SES_00004789,7,406,6,MOBILE,EMAIL,1628.02,1
SES_00004790,22,1122,6,DESKTOP,DIRECT,2363.44,0
SES_00004791,32,1888,10,MOBILE,DIRECT,3343.73,1
SES_00004792,8,352,5,MOBILE,PAID_SEARCH,136.95,1
SES_00004793,9,423,2,MOBILE,AFFILIATE,392.12,0
SES_00004794,22,968,3,TABLET,ORGANIC,92.14,0
SES_00004795,12,348,10,MOBILE,ORGANIC,2858.73,1
SES_00004796,20,940,9,MOBILE,EMAIL,3460.76,1
SES_00004797,15,495,4,MOBILE,EMAIL,970.52,1
SES_00004798,32,736,8,TABLET,ORGANIC,2281.7,0
SES_00004799,37,1258,7,MOBILE,PAID_SEARCH,2962.55,1
SES_00004800,13,208,1,MOBILE,DIRECT,406.05,1
SES_00004801,8,424,4,DESKTOP,AFFILIATE,1556.17,1
SES_00004802,43,989,3,MOBILE,ORGANIC,708.58,0
SES_00004803,30,1050,0,TABLET,AFFILIATE,0.0,0
SES_00004804,19,475,2,DESKTOP,AFFILIATE,274.94,1
SES_00004805,22,1232,5,DESKTOP,PAID_SEARCH,252.6,1
SES_00004806,39,2340,5,DESKTOP,SOCIAL_MEDIA,1493.18,0
SES_00004807,27,999,0,TABLET,SOCIAL_MEDIA,0.0,0
SES_00004808,9,162,8,DESKTOP,ORGANIC,3177.67,0
SES_00004809,29,754,8,DESKTOP,DIRECT,3152.2,1
SES_00004810,19,741,9,DESKTOP,AFFILIATE,844.91,0
SES_00004811,41,779,3,TABLET,ORGANIC,519.95,0
SES_00004812,37,1850,6,TABLET,EMAIL,1175.31,1
SES_00004813,21,693,2,MOBILE,EMAIL,437.26,1
SES_00004814,2,100,1,DESKTOP,EMAIL,45.04,0
SES_00004815,37,851,8,TABLET,ORGANIC,3250.36,1
SES_00004816,19,494,7,MOBILE,ORGANIC,842.48,1
SES_00004817,17,748,8,DESKTOP,ORGANIC,2186.0,1
SES_00004818,34,1258,3,MOBILE,SOCIAL_MEDIA,648.96,0
SES_00004819,41,2378,2,TABLET,AFFILIATE,500.76,0
SES_00004820,5,90,4,MOBILE,SOCIAL_MEDIA,288.9,1
SES_00004821,10,510,7,DESKTOP,PAID_SEARCH,2681.05,1
SES_00004822,33,858,7,MOBILE,AFFILIATE,2287.2,1
SES_00004823,12,708,3,TABLET,AFFILIATE,277.77,1
SES_00004824,26,858,3,MOBILE,PAID_SEARCH,205.02,1
SES_00004825,2,32,2,TABLET,PAID_SEARCH,128.06,1
SES_00004826,41,902,3,TABLET,DIRECT,853.67,0
SES_00004827,19,893,7,MOBILE,AFFILIATE,808.46,1
SES_00004828,8,216,1,MOBILE,AFFILIATE,138.35,1
SES_00004829,13,702,8,DESKTOP,PAID_SEARCH,1709.69,1
SES_00004830,5,105,1,TABLET,PAID_SEARCH,134.83,1
SES_00004831,29,1015,6,TABLET,DIRECT,632.66,0
SES_00004832,24,648,2,TABLET,ORGANIC,243.68,1
SES_00004833,31,527,9,DESKTOP,ORGANIC,1803.11,1
SES_00004834,28,1680,4,DESKTOP,SOCIAL_MEDIA,1014.72,1
SES_00004835,32,960,3,MOBILE,DIRECT,898.01,1
SES_00004836,24,1056,5,MOBILE,EMAIL,1488.6,1
SES_00004837,7,182,1,TABLET,AFFILIATE,388.52,1
SES_00004838,29,899,4,TABLET,PAID_SEARCH,671.72,0
SES_00004839,40,600,8,MOBILE,AFFILIATE,3476.59,1
SES_00004840,37,1406,7,DESKTOP,SOCIAL_MEDIA,758.93,1
SES_00004841,22,1012,2,TABLET,SOCIAL_MEDIA,340.1,1
SES_00004842,24,480,6,MOBILE,SOCIAL_MEDIA,880.88,1
SES_00004843,3,153,3,TABLET,DIRECT,737.53,1
SES_00004844,4,144,4,DESKTOP,PAID_SEARCH,800.56,1
SES_00004845,22,1122,10,MOBILE,SOCIAL_MEDIA,2639.14,1
SES_00004846,2,102,1,MOBILE,DIRECT,355.19,0
SES_00004847,13,416,10,TABLET,EMAIL,3987.72,1
SES_00004848,32,768,8,DESKTOP,ORGANIC,871.33,1
SES_00004849,39,1326,9,TABLET,EMAIL,270.29,0
SES_00004850,38,1216,3,TABLET,SOCIAL_MEDIA,827.9,1
SES_00004851,32,864,7,TABLET,SOCIAL_MEDIA,690.45,1
SES_00004852,17,544,8,TABLET,EMAIL,2103.49,1
SES_00004853,29,1363,6,DESKTOP,DIRECT,1967.89,1
SES_00004854,1,54,1,MOBILE,EMAIL,391.74,1
SES_00004855,44,2640,5,TABLET,EMAIL,867.54,1
SES_00004856,33,759,10,MOBILE,SOCIAL_MEDIA,1785.75,1
SES_00004857,30,570,9,MOBILE,ORGANIC,2633.18,1
SES_00004858,33,1485,8,MOBILE,SOCIAL_MEDIA,1910.52,1
SES_00004859,19,323,4,TABLET,EMAIL,178.19,1
SES_00004860,24,960,0,TABLET,EMAIL,0.0,0
SES_00004861,4,160,2,MOBILE,DIRECT,511.26,0
SES_00004862,39,2067,5,MOBILE,EMAIL,629.58,1
SES_00004863,2,82,0,TABLET,SOCIAL_MEDIA,0.0,0
SES_00004864,13,234,0,DESKTOP,PAID_SEARCH,0.0,0
SES_00004865,42,1680,5,DESKTOP,AFFILIATE,712.92,1
SES_00004866,43,2322,1,DESKTOP,AFFILIATE,39.42,1
SES_00004867,21,672,3,MOBILE,SOCIAL_MEDIA,1184.03,1
SES_00004868,26,676,3,TABLET,AFFILIATE,435.47,1
SES_00004869,26,1014,3,DESKTOP,AFFILIATE,1259.06,1
SES_00004870,24,744,3,TABLET,SOCIAL_MEDIA,1156.52,1
SES_00004871,18,882,0,DESKTOP,AFFILIATE,0.0,0
SES_00004872,11,451,1,DESKTOP,EMAIL,123.91,1
SES_00004873,39,858,8,MOBILE,SOCIAL_MEDIA,2721.26,1
SES_00004874,30,450,2,DESKTOP,EMAIL,332.07,1
SES_00004875,14,588,0,MOBILE,EMAIL,0.0,0
SES_00004876,28,672,0,TABLET,AFFILIATE,0.0,0
SES_00004877,3,135,1,TABLET,ORGANIC,37.27,1
SES_00004878,17,935,3,DESKTOP,EMAIL,388.67,1
SES_00004879,28,1428,9,MOBILE,DIRECT,299.45,1
SES_00004880,12,468,2,TABLET,AFFILIATE,576.61,1
SES_00004881,20,360,6,MOBILE,AFFILIATE,766.04,0
SES_00004882,36,1872,10,TABLET,SOCIAL_MEDIA,1301.95,1
SES_00004883,7,133,6,TABLET,PAID_SEARCH,956.38,1
SES_00004884,2,116,2,DESKTOP,EMAIL,704.18,0
SES_00004885,5,280,1,MOBILE,SOCIAL_MEDIA,415.12,1
SES_00004886,30,930,2,DESKTOP,EMAIL,258.99,0
SES_00004887,31,682,6,MOBILE,ORGANIC,1192.86,1
SES_00004888,17,952,5,MOBILE,EMAIL,985.85,0
SES_00004889,27,1404,0,TABLET,SOCIAL_MEDIA,0.0,0
SES_00004890,42,756,5,TABLET,SOCIAL_MEDIA,625.27,0
SES_00004891,5,125,4,TABLET,PAID_SEARCH,860.6,1
SES_00004892,20,320,8,TABLET,EMAIL,252.39,1
SES_00004893,32,544,6,DESKTOP,PAID_SEARCH,779.43,0
SES_00004894,30,1410,5,TABLET,SOCIAL_MEDIA,1805.37,1
SES_00004895,9,315,4,DESKTOP,ORGANIC,266.15,1
SES_00004896,6,360,6,TABLET,DIRECT,597.85,1
SES_00004897,15,600,0,DESKTOP,AFFILIATE,0.0,0
SES_00004898,30,1050,2,DESKTOP,PAID_SEARCH,89.03,0
SES_00004899,17,731,7,TABLET,SOCIAL_MEDIA,2385.84,0
SES_00004900,39,975,0,TABLET,AFFILIATE,0.0,0
SES_00004901,6,96,0,MOBILE,DIRECT,0.0,0
SES_00004902,20,660,10,MOBILE,EMAIL,665.38,1
SES_00004903,41,1681,2,DESKTOP,ORGANIC,196.56,1
SES_00004904,27,945,9,MOBILE,AFFILIATE,3203.74,1
SES_00004905,36,756,0,MOBILE,EMAIL,0.0,0
SES_00004906,32,544,1,MOBILE,PAID_SEARCH,121.38,1
SES_00004907,14,546,0,DESKTOP,DIRECT,0.0,0
SES_00004908,2,64,1,MOBILE,PAID_SEARCH,110.49,1
SES_00004909,30,1230,4,MOBILE,EMAIL,767.01,1
SES_00004910,40,2080,8,DESKTOP,ORGANIC,2167.16,1
SES_00004911,6,132,0,TABLET,PAID_SEARCH,0.0,0
SES_00004912,3,132,3,MOBILE,EMAIL,969.45,1
SES_00004913,42,1722,7,MOBILE,ORGANIC,2734.74,0
SES_00004914,8,232,2,DESKTOP,DIRECT,676.53,1
SES_00004915,18,1026,5,TABLET,PAID_SEARCH,861.45,1
SES_00004916,9,486,7,DESKTOP,DIRECT,1564.19,1
SES_00004917,3,120,1,MOBILE,PAID_SEARCH,240.26,1
SES_00004918,9,450,6,DESKTOP,PAID_SEARCH,2599.47,1
SES_00004919,16,672,2,DESKTOP,DIRECT,812.42,1
SES_00004920,31,1457,10,MOBILE,ORGANIC,2198.5,0
SES_00004921,23,552,7,MOBILE,SOCIAL_MEDIA,1339.41,1
SES_00004922,26,1144,5,MOBILE,DIRECT,787.64,0
SES_00004923,20,780,8,TABLET,ORGANIC,3022.6,1
SES_00004924,25,575,3,MOBILE,ORGANIC,988.77,1
SES_00004925,15,825,6,TABLET,DIRECT,2574.96,1
SES_00004926,32,1696,6,MOBILE,AFFILIATE,1022.98,0
SES_00004927,23,1012,8,MOBILE,EMAIL,1999.38,1
SES_00004928,2,40,2,DESKTOP,AFFILIATE,360.42,1
SES_00004929,28,1148,4,TABLET,DIRECT,1337.7,1
SES_00004930,23,1265,7,DESKTOP,EMAIL,1222.98,1
SES_00004931,34,1836,8,DESKTOP,SOCIAL_MEDIA,2732.62,1
SES_00004932,42,2100,9,DESKTOP,SOCIAL_MEDIA,3110.06,1
SES_00004933,32,1856,8,DESKTOP,PAID_SEARCH,2254.9,1
SES_00004934,30,1290,6,TABLET,ORGANIC,929.1,1
SES_00004935,24,576,6,MOBILE,DIRECT,1406.06,1
SES_00004936,37,1480,7,DESKTOP,SOCIAL_MEDIA,2584.3,1
SES_00004937,21,924,4,TABLET,AFFILIATE,941.04,1
SES_00004938,2,62,2,TABLET,DIRECT,289.46,1
SES_00004939,7,259,3,TABLET,SOCIAL_MEDIA,135.63,1
SES_00004940,33,693,8,MOBILE,DIRECT,1908.62,1
SES_00004941,38,1216,10,TABLET,EMAIL,486.96,1
SES_00004942,44,1496,7,TABLET,ORGANIC,2032.83,0
SES_00004943,2,116,0,TABLET,PAID_SEARCH,0.0,0
SES_00004944,12,312,3,TABLET,DIRECT,1108.8,1
SES_00004945,26,806,5,TABLET,PAID_SEARCH,1800.09,0
SES_00004946,1,42,1,TABLET,PAID_SEARCH,151.36,1
SES_00004947,41,2173,6,DESKTOP,PAID_SEARCH,560.09,1
SES_00004948,13,455,5,TABLET,DIRECT,2158.04,1
SES_00004949,33,1716,6,MOBILE,DIRECT,659.24,1
SES_00004950,29,957,9,TABLET,ORGANIC,3918.1,1
SES_00004951,32,1856,9,DESKTOP,AFFILIATE,2655.94,1
SES_00004952,28,1316,4,DESKTOP,ORGANIC,786.95,0
SES_00004953,28,672,10,DESKTOP,DIRECT,2682.8,1
SES_00004954,8,432,2,MOBILE,AFFILIATE,444.68,1
SES_00004955,35,1015,4,DESKTOP,DIRECT,951.09,1
SES_00004956,28,980,5,TABLET,PAID_SEARCH,648.06,1
SES_00004957,12,696,9,DESKTOP,SOCIAL_MEDIA,2504.35,1
SES_00004958,18,522,3,TABLET,ORGANIC,1246.22,1
SES_00004959,5,155,4,MOBILE,AFFILIATE,1006.16,1
SES_00004960,33,1518,0,DESKTOP,AFFILIATE,0.0,0
SES_00004961,33,1419,2,DESKTOP,ORGANIC,535.07,1
SES_00004962,37,2072,5,MOBILE,EMAIL,928.52,1
SES_00004963,31,558,9,MOBILE,PAID_SEARCH,3937.38,1
SES_00004964,12,504,9,DESKTOP,ORGANIC,2634.96,0
SES_00004965,20,900,4,DESKTOP,PAID_SEARCH,1733.52,1
SES_00004966,45,1260,8,DESKTOP,EMAIL,2914.27,1
SES_00004967,42,2268,5,MOBILE,ORGANIC,1097.16,0
SES_00004968,43,731,2,DESKTOP,PAID_SEARCH,626.81,1
SES_00004969,5,195,5,TABLET,EMAIL,463.2,1
SES_00004970,27,1107,7,DESKTOP,DIRECT,461.93,1
SES_00004971,28,1204,7,MOBILE,AFFILIATE,1242.23,1
SES_00004972,9,351,4,TABLET,PAID_SEARCH,1440.07,0
SES_00004973,18,648,2,TABLET,SOCIAL_MEDIA,104.99,0
SES_00004974,20,880,4,TABLET,EMAIL,1454.58,1
SES_00004975,23,552,3,DESKTOP,PAID_SEARCH,440.88,1
SES_00004976,38,2090,0,TABLET,ORGANIC,0.0,0
SES_00004977,13,416,9,DESKTOP,EMAIL,3545.73,1
SES_00004978,21,672,3,TABLET,AFFILIATE,840.86,1
SES_00004979,33,726,6,MOBILE,PAID_SEARCH,892.41,1
SES_00004980,16,896,0,MOBILE,ORGANIC,0.0,0
SES_00004981,18,774,4,TABLET,AFFILIATE,368.93,1
SES_00004982,5,95,4,MOBILE,PAID_SEARCH,1608.03,1
SES_00004983,35,1820,1,DESKTOP,AFFILIATE,130.49,0
SES_00004984,5,245,2,MOBILE,PAID_SEARCH,462.13,0
SES_00004985,29,435,3,TABLET,PAID_SEARCH,510.77,1
SES_00004986,22,858,8,MOBILE,ORGANIC,2964.55,1
SES_00004987,43,688,2,DESKTOP,AFFILIATE,695.5,1
SES_00004988,7,280,5,MOBILE,EMAIL,785.43,1
SES_00004989,2,32,0,TABLET,AFFILIATE,0.0,0
SES_00004990,45,2475,1,DESKTOP,PAID_SEARCH,104.68,1
SES_00004991,15,540,8,MOBILE,DIRECT,1273.79,1
SES_00004992,14,308,1,TABLET,PAID_SEARCH,289.14,0
SES_00004993,17,442,9,TABLET,EMAIL,1469.77,1
SES_00004994,16,496,10,DESKTOP,DIRECT,3033.95,1
SES_00004995,40,1520,4,MOBILE,DIRECT,1693.98,1
SES_00004996,9,198,9,DESKTOP,ORGANIC,1173.49,1
SES_00004997,33,759,6,MOBILE,SOCIAL_MEDIA,1833.39,0
SES_00004998,41,779,3,DESKTOP,EMAIL,602.24,1
SES_00004999,38,798,0,DESKTOP,EMAIL,0.0,0
SES_00005000,45,1170,0,TABLET,SOCIAL_MEDIA,0.0,0
SES_00005001,3,177,3,DESKTOP,PAID_SEARCH,866.23,1
SES_00005002,2,54,1,DESKTOP,AFFILIATE,27.61,1
SES_00005003,15,480,2,TABLET,PAID_SEARCH,869.68,1
SES_00005004,23,1265,3,MOBILE,SOCIAL_MEDIA,685.78,1
SES_00005005,7,133,3,DESKTOP,PAID_SEARCH,499.03,1
SES_00005006,3,69,1,TABLET,PAID_SEARCH,187.71,1
SES_00005007,33,759,8,MOBILE,PAID_SEARCH,1742.3,1
SES_00005008,5,255,4,TABLET,EMAIL,1289.4,1
SES_00005009,26,416,6,TABLET,AFFILIATE,551.37,1
SES_00005010,16,816,9,DESKTOP,EMAIL,1239.75,1
SES_00005011,12,480,9,TABLET,DIRECT,3568.5,0
SES_00005012,45,1440,8,DESKTOP,SOCIAL_MEDIA,302.57,1
SES_00005013,41,1886,3,TABLET,EMAIL,974.07,1
SES_00005014,45,2655,7,MOBILE,ORGANIC,2285.43,1
SES_00005015,35,1190,2,DESKTOP,ORGANIC,69.85,1
SES_00005016,1,30,0,MOBILE,AFFILIATE,0.0,0
SES_00005017,26,520,5,MOBILE,EMAIL,832.89,1
SES_00005018,16,544,2,TABLET,ORGANIC,178.38,0
SES_00005019,35,1330,2,TABLET,EMAIL,172.43,0
SES_00005020,5,265,0,MOBILE,EMAIL,0.0,0
SES_00005021,23,1265,5,TABLET,ORGANIC,1665.26,0
SES_00005022,3,123,2,DESKTOP,ORGANIC,642.31,1
SES_00005023,18,432,6,MOBILE,ORGANIC,1114.38,1
SES_00005024,12,504,10,DESKTOP,EMAIL,252.58,1
SES_00005025,6,132,1,MOBILE,DIRECT,448.11,1
SES_00005026,2,36,1,DESKTOP,DIRECT,302.26,1
SES_00005027,31,1085,4,DESKTOP,DIRECT,1031.43,1
SES_00005028,22,1144,4,TABLET,DIRECT,1609.15,0
SES_00005029,39,2340,4,TABLET,PAID_SEARCH,858.58,1
SES_00005030,22,1056,9,TABLET,ORGANIC,3822.28,1
SES_00005031,39,819,2,DESKTOP,AFFILIATE,156.29,1
SES_00005032,19,627,8,TABLET,SOCIAL_MEDIA,386.12,0
SES_00005033,38,1254,3,MOBILE,EMAIL,1179.24,0
SES_00005034,10,270,7,TABLET,EMAIL,2522.79,1
SES_00005035,4,104,3,MOBILE,PAID_SEARCH,689.0,1
SES_00005036,44,1188,9,TABLET,SOCIAL_MEDIA,2287.47,1
SES_00005037,19,1140,2,DESKTOP,DIRECT,463.53,0
SES_00005038,3,54,0,MOBILE,ORGANIC,0.0,0
SES_00005039,31,496,5,TABLET,ORGANIC,2008.26,0
SES_00005040,43,1634,2,MOBILE,AFFILIATE,130.73,1
SES_00005041,15,255,3,MOBILE,PAID_SEARCH,908.62,1
SES_00005042,5,215,5,DESKTOP,AFFILIATE,677.3,1
SES_00005043,7,182,2,TABLET,SOCIAL_MEDIA,435.06,0
SES_00005044,12,228,5,TABLET,PAID_SEARCH,2010.01,1
SES_00005045,14,350,2,TABLET,ORGANIC,260.41,1
SES_00005046,3,135,2,DESKTOP,DIRECT,583.57,1
SES_00005047,11,638,3,DESKTOP,EMAIL,319.83,1
SES_00005048,1,49,0,MOBILE,EMAIL,0.0,0
SES_00005049,39,1989,2,TABLET,DIRECT,860.07,1
SES_00005050,26,702,2,TABLET,DIRECT,409.79,1
SES_00005051,44,1760,8,TABLET,DIRECT,1258.68,1
SES_00005052,43,1978,4,MOBILE,EMAIL,181.74,0
SES_00005053,10,450,6,DESKTOP,ORGANIC,2025.78,1
SES_00005054,39,1248,4,DESKTOP,AFFILIATE,1765.99,1
SES_00005055,33,1650,4,MOBILE,PAID_SEARCH,859.19,1
SES_00005056,19,342,7,TABLET,ORGANIC,324.46,0
SES_00005057,43,2279,3,MOBILE,EMAIL,1275.72,1
SES_00005058,34,1156,8,TABLET,EMAIL,3126.01,1
SES_00005059,11,583,8,MOBILE,ORGANIC,3393.49,1
SES_00005060,17,357,10,TABLET,SOCIAL_MEDIA,1681.45,0
SES_00005061,22,704,2,DESKTOP,SOCIAL_MEDIA,611.01,1
SES_00005062,5,250,4,TABLET,DIRECT,869.73,0
SES_00005063,20,300,3,DESKTOP,PAID_SEARCH,555.67,1
SES_00005064,44,1232,8,TABLET,SOCIAL_MEDIA,898.7,0
SES_00005065,2,30,0,DESKTOP,ORGANIC,0.0,0
SES_00005066,18,972,0,TABLET,DIRECT,0.0,0
SES_00005067,12,600,1,DESKTOP,PAID_SEARCH,61.46,1
SES_00005068,28,812,9,DESKTOP,DIRECT,976.65,1
SES_00005069,15,720,7,TABLET,DIRECT,730.85,0
SES_00005070,34,1666,5,DESKTOP,DIRECT,2119.63,1
SES_00005071,39,1287,8,TABLET,DIRECT,2646.62,0
SES_00005072,28,1120,7,DESKTOP,PAID_SEARCH,1602.47,1
SES_00005073,6,348,1,TABLET,ORGANIC,370.94,1
SES_00005074,26,442,5,DESKTOP,DIRECT,306.23,0
SES_00005075,39,1560,7,TABLET,AFFILIATE,1220.17,1
SES_00005076,30,1410,5,DESKTOP,EMAIL,866.27,1
SES_00005077,31,1364,0,TABLET,ORGANIC,0.0,0
SES_00005078,37,1517,10,DESKTOP,SOCIAL_MEDIA,1553.71,1
SES_00005079,29,1421,1,MOBILE,PAID_SEARCH,95.35,0
SES_00005080,41,779,5,TABLET,DIRECT,1266.34,0
SES_00005081,30,1200,4,MOBILE,EMAIL,420.47,1
SES_00005082,28,784,10,DESKTOP,EMAIL,1446.52,1
SES_00005083,8,200,7,DESKTOP,SOCIAL_MEDIA,1226.19,0
SES_00005084,2,52,0,DESKTOP,EMAIL,0.0,0
SES_00005085,14,518,1,MOBILE,SOCIAL_MEDIA,198.03,1
SES_00005086,23,1288,0,DESKTOP,SOCIAL_MEDIA,0.0,0
SES_00005087,35,1890,5,MOBILE,AFFILIATE,1742.91,1
SES_00005088,7,126,0,TABLET,PAID_SEARCH,0.0,0
SES_00005089,41,1886,4,MOBILE,SOCIAL_MEDIA,480.74,1
SES_00005090,44,1760,5,TABLET,EMAIL,785.85,1
SES_00005091,4,140,2,MOBILE,EMAIL,811.65,0
SES_00005092,15,675,8,TABLET,PAID_SEARCH,2902.85,1
SES_00005093,21,546,2,TABLET,SOCIAL_MEDIA,590.89,1
SES_00005094,12,216,10,MOBILE,ORGANIC,2675.68,1
SES_00005095,22,726,10,MOBILE,PAID_SEARCH,3388.08,1
SES_00005096,44,924,7,TABLET,SOCIAL_MEDIA,1983.44,0
SES_00005097,1,31,1,DESKTOP,SOCIAL_MEDIA,98.9,1
SES_00005098,27,945,10,TABLET,AFFILIATE,3843.01,0
SES_00005099,44,2068,10,TABLET,PAID_SEARCH,2805.2,1
SES_00005100,26,468,8,DESKTOP,SOCIAL_MEDIA,2475.34,1
SES_00005101,12,672,8,TABLET,PAID_SEARCH,1099.5,1
SES_00005102,22,1188,3,DESKTOP,PAID_SEARCH,299.45,1
SES_00005103,12,216,7,DESKTOP,SOCIAL_MEDIA,536.84,1
SES_00005104,19,342,8,MOBILE,ORGANIC,2169.18,1
SES_00005105,12,636,8,TABLET,PAID_SEARCH,753.35,1
SES_00005106,41,697,2,MOBILE,SOCIAL_MEDIA,880.9,1
SES_00005107,45,1350,6,TABLET,EMAIL,2193.01,1
SES_00005108,9,432,1,TABLET,EMAIL,100.57,0
SES_00005109,37,1776,8,DESKTOP,DIRECT,1299.47,1
SES_00005110,15,510,10,TABLET,EMAIL,1115.04,0
SES_00005111,28,420,0,DESKTOP,AFFILIATE,0.0,0
SES_00005112,14,294,6,TABLET,PAID_SEARCH,1815.8,1
SES_00005113,14,462,4,MOBILE,DIRECT,324.19,1
SES_00005114,12,504,2,MOBILE,DIRECT,805.25,1
SES_00005115,25,525,6,MOBILE,EMAIL,2188.93,1
SES_00005116,1,23,0,DESKTOP,DIRECT,0.0,0
SES_00005117,14,266,0,MOBILE,PAID_SEARCH,0.0,0
SES_00005118,22,550,1,DESKTOP,ORGANIC,84.55,1
SES_00005119,23,736,6,TABLET,ORGANIC,2434.31,1
SES_00005120,23,575,6,MOBILE,SOCIAL_MEDIA,1300.71,1
SES_00005121,37,814,6,TABLET,EMAIL,1717.8,1
SES_00005122,19,779,1,DESKTOP,SOCIAL_MEDIA,167.93,1
SES_00005123,14,518,10,DESKTOP,DIRECT,1608.78,1
SES_00005124,23,851,1,MOBILE,DIRECT,101.2,1
SES_00005125,43,1634,7,TABLET,AFFILIATE,1359.15,1
SES_00005126,8,224,8,DESKTOP,SOCIAL_MEDIA,1412.63,1
SES_00005127,42,714,8,DESKTOP,SOCIAL_MEDIA,2435.11,1
SES_00005128,2,42,2,TABLET,PAID_SEARCH,128.16,0
SES_00005129,30,1470,7,DESKTOP,SOCIAL_MEDIA,1710.93,1
SES_00005130,37,814,7,MOBILE,EMAIL,283.46,1
SES_00005131,36,972,5,MOBILE,SOCIAL_MEDIA,1644.61,1
SES_00005132,19,665,1,TABLET,DIRECT,424.25,1
SES_00005133,17,799,2,TABLET,PAID_SEARCH,367.51,1
SES_00005134,45,2610,8,TABLET,ORGANIC,1991.96,1
SES_00005135,21,1113,4,DESKTOP,DIRECT,1685.16,0
SES_00005136,39,1482,10,DESKTOP,SOCIAL_MEDIA,966.74,1
SES_00005137,44,836,0,TABLET,SOCIAL_MEDIA,0.0,0
SES_00005138,8,304,3,TABLET,DIRECT,246.38,1
SES_00005139,26,676,9,DESKTOP,DIRECT,1065.68,1
SES_00005140,28,980,2,MOBILE,AFFILIATE,417.01,0
SES_00005141,3,168,2,MOBILE,EMAIL,631.5,0
SES_00005142,15,555,6,TABLET,DIRECT,2369.95,1
SES_00005143,18,522,10,MOBILE,EMAIL,2557.33,1
SES_00005144,17,816,10,MOBILE,DIRECT,588.91,1
SES_00005145,38,1824,7,TABLET,PAID_SEARCH,266.87,0
SES_00005146,12,504,1,MOBILE,DIRECT,61.05,1
SES_00005147,44,2464,2,MOBILE,DIRECT,830.91,1
SES_00005148,15,765,8,MOBILE,AFFILIATE,3281.43,1
SES_00005149,19,456,10,MOBILE,SOCIAL_MEDIA,3930.04,1
SES_00005150,16,928,8,DESKTOP,ORGANIC,2170.29,1
SES_00005151,7,259,0,DESKTOP,DIRECT,0.0,0
SES_00005152,13,312,1,DESKTOP,EMAIL,262.83,1
SES_00005153,24,1344,9,DESKTOP,DIRECT,2079.97,1
SES_00005154,38,1102,3,TABLET,EMAIL,1138.32,0
SES_00005155,34,1666,9,TABLET,DIRECT,498.84,1
SES_00005156,1,47,0,DESKTOP,SOCIAL_MEDIA,0.0,0
SES_00005157,15,435,8,MOBILE,AFFILIATE,761.17,1
SES_00005158,44,792,6,DESKTOP,DIRECT,436.62,1
SES_00005159,17,391,0,MOBILE,EMAIL,0.0,0
SES_00005160,26,1196,0,MOBILE,EMAIL,0.0,0
SES_00005161,20,1100,6,TABLET,SOCIAL_MEDIA,1041.33,1
SES_00005162,37,2183,1,TABLET,DIRECT,429.36,1
SES_00005163,22,1034,0,DESKTOP,DIRECT,0.0,0
SES_00005164,34,1190,7,MOBILE,PAID_SEARCH,363.63,1
SES_00005165,11,275,4,MOBILE,ORGANIC,1455.24,1
SES_00005166,8,464,6,DESKTOP,PAID_SEARCH,1235.02,1
SES_00005167,32,608,3,MOBILE,EMAIL,1039.86,1
SES_00005168,33,693,6,DESKTOP,DIRECT,902.96,1
SES_00005169,44,2112,4,DESKTOP,DIRECT,1200.38,1
SES_00005170,33,1287,6,MOBILE,SOCIAL_MEDIA,152.94,1
SES_00005171,30,570,3,MOBILE,PAID_SEARCH,1225.03,1
SES_00005172,16,496,3,TABLET,AFFILIATE,405.36,1
SES_00005173,6,324,2,MOBILE,SOCIAL_MEDIA,255.42,1
SES_00005174,26,1534,5,DESKTOP,EMAIL,799.86,1
SES_00005175,42,2478,0,TABLET,AFFILIATE,0.0,0
SES_00005176,33,759,10,TABLET,DIRECT,1777.62,1
SES_00005177,21,1113,5,DESKTOP,AFFILIATE,2112.52,0
SES_00005178,3,75,2,DESKTOP,EMAIL,59.74,1
SES_00005179,12,576,4,MOBILE,SOCIAL_MEDIA,183.69,0
SES_00005180,18,720,4,TABLET,PAID_SEARCH,1489.73,1
SES_00005181,5,280,5,TABLET,SOCIAL_MEDIA,1967.27,1
SES_00005182,5,145,0,MOBILE,DIRECT,0.0,0
SES_00005183,36,1728,10,MOBILE,DIRECT,270.77,1
SES_00005184,40,720,5,DESKTOP,SOCIAL_MEDIA,2147.38,1
SES_00005185,25,700,1,TABLET,AFFILIATE,428.09,0
SES_00005186,18,954,9,MOBILE,AFFILIATE,285.4,1
SES_00005187,34,1462,4,MOBILE,DIRECT,776.02,0
SES_00005188,27,1593,7,MOBILE,DIRECT,2875.73,0
SES_00005189,42,1008,2,TABLET,DIRECT,853.78,1
SES_00005190,30,930,2,DESKTOP,AFFILIATE,169.82,1
SES_00005191,40,640,1,DESKTOP,EMAIL,345.73,1
SES_00005192,4,144,3,DESKTOP,PAID_SEARCH,429.14,1
SES_00005193,17,799,8,TABLET,DIRECT,647.57,1
SES_00005194,27,621,9,TABLET,EMAIL,3583.69,0
SES_00005195,35,595,0,MOBILE,ORGANIC,0.0,0
SES_00005196,45,2250,8,TABLET,DIRECT,2628.77,1
SES_00005197,22,968,3,DESKTOP,ORGANIC,289.33,1
SES_00005198,16,496,9,TABLET,SOCIAL_MEDIA,560.47,1
SES_00005199,4,232,0,TABLET,SOCIAL_MEDIA,0.0,0
SES_00005200,35,980,10,MOBILE,PAID_SEARCH,4307.86,1
SES_00005201,41,2050,7,DESKTOP,AFFILIATE,2901.74,0
SES_00005202,14,252,4,MOBILE,SOCIAL_MEDIA,706.15,1
SES_00005203,13,221,9,MOBILE,AFFILIATE,2681.52,1
SES_00005204,26,520,0,MOBILE,AFFILIATE,0.0,0
SES_00005205,44,1804,8,MOBILE,DIRECT,3210.97,1
SES_00005206,43,1806,3,TABLET,AFFILIATE,1105.86,1
SES_00005207,3,108,3,MOBILE,PAID_SEARCH,1130.56,1
SES_00005208,27,729,1,TABLET,EMAIL,218.92,1
SES_00005209,12,408,5,DESKTOP,ORGANIC,1189.97,1
SES_00005210,15,870,0,DESKTOP,DIRECT,0.0,0
SES_00005211,34,918,4,MOBILE,SOCIAL_MEDIA,661.3,0
SES_00005212,41,656,5,MOBILE,SOCIAL_MEDIA,241.73,1
SES_00005213,27,459,5,MOBILE,PAID_SEARCH,834.12,1
SES_00005214,2,100,1,MOBILE,SOCIAL_MEDIA,288.06,1
SES_00005215,22,704,4,TABLET,ORGANIC,1577.79,1
SES_00005216,37,703,3,TABLET,DIRECT,533.86,1
SES_00005217,8,448,4,TABLET,SOCIAL_MEDIA,475.96,1
SES_00005218,9,333,3,MOBILE,EMAIL,643.89,1
SES_00005219,1,58,1,MOBILE,AFFILIATE,218.88,1
SES_00005220,14,840,7,TABLET,SOCIAL_MEDIA,1331.6,0
SES_00005221,14,602,5,TABLET,ORGANIC,1202.53,1
SES_00005222,7,371,4,TABLET,ORGANIC,1142.36,0
SES_00005223,28,1176,8,DESKTOP,ORGANIC,1129.49,0
SES_00005224,8,424,8,TABLET,DIRECT,2745.06,1
SES_00005225,45,900,0,MOBILE,ORGANIC,0.0,0
SES_00005226,14,420,3,MOBILE,AFFILIATE,572.17,0
SES_00005227,9,288,4,TABLET,DIRECT,393.85,1
SES_00005228,7,175,4,MOBILE,PAID_SEARCH,1416.25,1
SES_00005229,45,945,10,TABLET,DIRECT,3002.35,0
SES_00005230,35,1295,0,MOBILE,DIRECT,0.0,0
SES_00005231,39,1521,3,MOBILE,DIRECT,289.31,1
SES_00005232,31,1178,10,DESKTOP,AFFILIATE,2073.31,0
SES_00005233,18,882,8,TABLET,ORGANIC,2886.16,1
SES_00005234,13,455,2,DESKTOP,ORGANIC,558.01,1
SES_00005235,27,1620,3,TABLET,SOCIAL_MEDIA,835.96,1
SES_00005236,34,1258,8,MOBILE,AFFILIATE,1050.75,1
SES_00005237,19,399,0,TABLET,PAID_SEARCH,0.0,0
SES_00005238,9,378,2,MOBILE,SOCIAL_MEDIA,238.69,1
SES_00005239,9,180,3,TABLET,PAID_SEARCH,249.7,1
SES_00005240,40,2160,9,DESKTOP,SOCIAL_MEDIA,2668.37,1
SES_00005241,16,288,9,TABLET,PAID_SEARCH,532.76,1
SES_00005242,43,2107,7,TABLET,PAID_SEARCH,2671.41,0
SES_00005243,31,1023,7,MOBILE,ORGANIC,1438.3,1
SES_00005244,8,240,5,DESKTOP,SOCIAL_MEDIA,1981.72,1
SES_00005245,31,1519,0,TABLET,AFFILIATE,0.0,0
SES_00005246,37,1887,3,DESKTOP,AFFILIATE,444.55,0
SES_00005247,16,448,0,DESKTOP,ORGANIC,0.0,0
SES_00005248,12,444,4,TABLET,EMAIL,1422.19,1
SES_00005249,13,559,1,TABLET,DIRECT,38.31,1
SES_00005250,12,492,9,DESKTOP,DIRECT,2215.78,1
SES_00005251,15,660,9,DESKTOP,EMAIL,2035.86,0
SES_00005252,39,1560,5,DESKTOP,DIRECT,1095.92,1
SES_00005253,23,943,2,MOBILE,SOCIAL_MEDIA,591.6,1
SES_00005254,40,2080,3,MOBILE,SOCIAL_MEDIA,892.79,1
SES_00005255,24,1416,8,TABLET,ORGANIC,1464.28,1
SES_00005256,19,608,8,TABLET,EMAIL,865.74,1
SES_00005257,2,94,1,MOBILE,SOCIAL_MEDIA,345.84,1
SES_00005258,27,567,7,MOBILE,EMAIL,2876.2,0
SES_00005259,35,1505,4,TABLET,EMAIL,1481.81,1
SES_00005260,18,954,7,MOBILE,AFFILIATE,1359.0,1
SES_00005261,39,1209,5,TABLET,DIRECT,2247.24,0
SES_00005262,10,400,6,MOBILE,EMAIL,179.65,1
SES_00005263,30,1230,8,TABLET,AFFILIATE,3552.12,1
SES_00005264,14,826,5,DESKTOP,PAID_SEARCH,1755.0,0
SES_00005265,6,192,2,MOBILE,DIRECT,173.22,1
SES_00005266,28,504,6,DESKTOP,EMAIL,2423.26,1
SES_00005267,16,784,6,TABLET,PAID_SEARCH,2496.76,0
SES_00005268,28,896,1,MOBILE,PAID_SEARCH,295.84,1
SES_00005269,27,486,6,DESKTOP,DIRECT,1782.41,0
SES_00005270,40,1360,6,MOBILE,AFFILIATE,648.81,1
SES_00005271,42,1764,7,DESKTOP,DIRECT,2316.98,1
SES_00005272,35,1505,4,TABLET,AFFILIATE,869.42,1
SES_00005273,27,864,8,MOBILE,EMAIL,926.32,0
SES_00005274,19,304,0,TABLET,AFFILIATE,0.0,0
SES_00005275,44,1188,10,DESKTOP,SOCIAL_MEDIA,3301.03,1
SES_00005276,45,1620,2,DESKTOP,DIRECT,802.94,0
SES_00005277,16,848,4,TABLET,PAID_SEARCH,174.07,0
SES_00005278,19,836,8,DESKTOP,ORGANIC,1082.73,1
SES_00005279,27,837,5,MOBILE,DIRECT,1865.44,1
SES_00005280,6,186,0,DESKTOP,DIRECT,0.0,0
SES_00005281,32,1824,1,MOBILE,DIRECT,38.22,1
SES_00005282,21,987,5,MOBILE,DIRECT,1018.42,0
SES_00005283,7,301,7,TABLET,EMAIL,1504.42,1
SES_00005284,30,1590,0,TABLET,AFFILIATE,0.0,0
SES_00005285,37,1850,3,DESKTOP,ORGANIC,399.51,0
SES_00005286,41,1066,6,TABLET,DIRECT,2201.87,1
SES_00005287,1,39,1,DESKTOP,ORGANIC,202.75,1
SES_00005288,36,684,9,MOBILE,AFFILIATE,1315.91,1
SES_00005289,9,414,9,DESKTOP,DIRECT,3502.9,1
SES_00005290,11,462,10,TABLET,AFFILIATE,983.33,1
SES_00005291,7,168,5,TABLET,ORGANIC,251.23,1
SES_00005292,26,936,3,TABLET,PAID_SEARCH,1305.25,1
SES_00005293,29,1421,4,MOBILE,SOCIAL_MEDIA,878.12,1
SES_00005294,33,924,7,DESKTOP,ORGANIC,1315.05,1
SES_00005295,2,64,2,MOBILE,AFFILIATE,672.34,1
SES_00005296,7,238,1,TABLET,EMAIL,389.18,1
SES_00005297,15,510,7,DESKTOP,AFFILIATE,1641.92,1
SES_00005298,16,368,2,DESKTOP,EMAIL,453.9,0
SES_00005299,31,1395,6,MOBILE,ORGANIC,324.62,1
SES_00005300,32,736,10,DESKTOP,SOCIAL_MEDIA,1241.99,0
SES_00005301,4,96,3,MOBILE,PAID_SEARCH,681.51,1
SES_00005302,5,295,0,DESKTOP,ORGANIC,0.0,0
SES_00005303,20,560,4,MOBILE,AFFILIATE,1778.69,0
SES_00005304,9,468,3,TABLET,EMAIL,1098.77,1
SES_00005305,9,234,7,TABLET,EMAIL,3044.49,1
SES_00005306,22,924,2,TABLET,DIRECT,685.04,0
SES_00005307,10,160,1,MOBILE,ORGANIC,44.02,1
SES_00005308,42,2142,4,MOBILE,DIRECT,765.99,0
SES_00005309,35,1820,10,TABLET,AFFILIATE,718.53,0
SES_00005310,23,1242,9,DESKTOP,ORGANIC,723.62,0
SES_00005311,24,936,3,DESKTOP,PAID_SEARCH,1096.89,0
SES_00005312,9,252,6,DESKTOP,DIRECT,2072.4,1
SES_00005313,15,735,3,MOBILE,DIRECT,1058.76,0
SES_00005314,16,848,2,MOBILE,DIRECT,196.68,1
SES_00005315,39,1872,5,TABLET,ORGANIC,1611.71,1
SES_00005316,28,420,6,DESKTOP,ORGANIC,2087.46,1
SES_00005317,43,1935,9,TABLET,DIRECT,1547.38,0
SES_00005318,29,1421,3,DESKTOP,DIRECT,773.1,1
SES_00005319,13,689,1,MOBILE,DIRECT,176.68,1
SES_00005320,29,986,0,MOBILE,DIRECT,0.0,0
SES_00005321,9,216,9,TABLET,SOCIAL_MEDIA,925.01,1
SES_00005322,2,64,1,DESKTOP,EMAIL,406.14,1
SES_00005323,33,1650,2,MOBILE,AFFILIATE,740.64,0
SES_00005324,8,360,4,DESKTOP,ORGANIC,1622.85,1
SES_00005325,43,731,6,DESKTOP,AFFILIATE,2355.34,0
SES_00005326,23,575,1,TABLET,ORGANIC,351.89,1
SES_00005327,8,168,3,MOBILE,DIRECT,182.25,1
SES_00005328,2,82,2,DESKTOP,DIRECT,54.66,0
SES_00005329,27,1431,5,DESKTOP,DIRECT,1327.97,0
SES_00005330,8,144,5,TABLET,AFFILIATE,1516.98,1
SES_00005331,2,78,0,TABLET,EMAIL,0.0,0
SES_00005332,8,256,3,DESKTOP,EMAIL,323.17,1
SES_00005333,23,1127,5,DESKTOP,EMAIL,1474.53,1
SES_00005334,32,1632,9,DESKTOP,EMAIL,2611.98,0
SES_00005335,28,812,3,TABLET,DIRECT,1325.8,1
SES_00005336,22,1210,6,MOBILE,DIRECT,1124.28,1
SES_00005337,3,174,3,DESKTOP,AFFILIATE,514.48,1
SES_00005338,32,1184,0,TABLET,ORGANIC,0.0,0
SES_00005339,24,1152,1,DESKTOP,AFFILIATE,336.53,0
SES_00005340,19,513,1,DESKTOP,EMAIL,196.98,1
SES_00005341,5,235,5,TABLET,ORGANIC,2146.23,1
SES_00005342,18,774,2,DESKTOP,ORGANIC,180.99,1
SES_00005343,2,32,2,MOBILE,EMAIL,873.86,1
SES_00005344,31,868,6,TABLET,ORGANIC,2222.22,1
SES_00005345,18,522,8,TABLET,DIRECT,201.09,1
SES_00005346,23,368,3,TABLET,AFFILIATE,433.02,1
SES_00005347,22,1320,2,DESKTOP,SOCIAL_MEDIA,375.77,0
SES_00005348,19,551,5,DESKTOP,AFFILIATE,663.85,1
SES_00005349,32,928,4,MOBILE,AFFILIATE,956.97,0
SES_00005350,16,704,8,DESKTOP,ORGANIC,2576.16,1
SES_00005351,23,621,2,MOBILE,EMAIL,314.72,1
SES_00005352,35,805,7,TABLET,SOCIAL_MEDIA,2909.57,1
SES_00005353,13,741,2,DESKTOP,SOCIAL_MEDIA,409.1,0
SES_00005354,31,775,8,DESKTOP,EMAIL,2014.31,0
SES_00005355,20,700,5,TABLET,EMAIL,2108.79,1
SES_00005356,22,1144,4,TABLET,PAID_SEARCH,1164.99,1
SES_00005357,11,528,3,DESKTOP,DIRECT,611.51,1
SES_00005358,8,264,5,DESKTOP,EMAIL,1883.92,1
SES_00005359,26,1248,7,DESKTOP,EMAIL,1724.27,1
SES_00005360,35,1610,1,MOBILE,DIRECT,283.56,0
SES_00005361,20,1120,4,DESKTOP,PAID_SEARCH,271.54,1
SES_00005362,36,1836,10,DESKTOP,ORGANIC,3964.9,1
SES_00005363,20,1060,3,MOBILE,SOCIAL_MEDIA,800.64,1
SES_00005364,26,806,1,MOBILE,SOCIAL_MEDIA,27.7,1
SES_00005365,29,1044,5,TABLET,AFFILIATE,2194.86,1
SES_00005366,45,2205,7,DESKTOP,PAID_SEARCH,186.63,1
SES_00005367,27,1053,6,TABLET,ORGANIC,358.56,1
SES_00005368,24,624,3,DESKTOP,SOCIAL_MEDIA,390.27,1
SES_00005369,19,608,1,TABLET,DIRECT,296.06,1
SES_00005370,5,145,3,DESKTOP,SOCIAL_MEDIA,1096.58,1
SES_00005371,34,714,0,MOBILE,EMAIL,0.0,0
SES_00005372,40,640,10,TABLET,DIRECT,526.97,1
SES_00005373,7,196,1,DESKTOP,EMAIL,405.77,1
SES_00005374,12,456,4,MOBILE,EMAIL,710.24,1
SES_00005375,42,2142,5,TABLET,PAID_SEARCH,1286.84,1
SES_00005376,43,903,9,TABLET,AFFILIATE,1227.67,1
SES_00005377,10,360,10,MOBILE,AFFILIATE,3887.49,1
SES_00005378,2,82,1,MOBILE,DIRECT,100.15,0
SES_00005379,12,396,2,TABLET,AFFILIATE,506.65,1
SES_00005380,43,1720,5,TABLET,PAID_SEARCH,530.48,1
SES_00005381,14,630,4,DESKTOP,EMAIL,819.82,1
SES_00005382,37,1036,1,TABLET,ORGANIC,131.29,1
SES_00005383,38,1976,10,DESKTOP,SOCIAL_MEDIA,1408.52,1
SES_00005384,10,520,2,MOBILE,PAID_SEARCH,818.68,1
SES_00005385,15,645,3,DESKTOP,EMAIL,822.1,0
SES_00005386,30,540,6,DESKTOP,SOCIAL_MEDIA,653.24,0
SES_00005387,33,1287,4,TABLET,SOCIAL_MEDIA,1491.42,1
SES_00005388,21,861,6,MOBILE,EMAIL,1506.3,1
SES_00005389,38,1634,7,DESKTOP,ORGANIC,2384.44,1
SES_00005390,27,540,10,MOBILE,PAID_SEARCH,1760.0,1
SES_00005391,24,1056,9,DESKTOP,ORGANIC,3933.97,0
SES_00005392,27,810,0,DESKTOP,DIRECT,0.0,0
SES_00005393,44,748,0,DESKTOP,PAID_SEARCH,0.0,0
SES_00005394,30,1260,1,TABLET,SOCIAL_MEDIA,249.53,1
SES_00005395,10,270,5,DESKTOP,SOCIAL_MEDIA,1774.71,1
SES_00005396,42,1596,3,DESKTOP,EMAIL,574.31,1
SES_00005397,16,304,4,DESKTOP,SOCIAL_MEDIA,1440.46,0
SES_00005398,6,222,5,MOBILE,EMAIL,2028.93,1
SES_00005399,33,1452,2,MOBILE,EMAIL,859.81,1
SES_00005400,15,435,4,DESKTOP,AFFILIATE,1201.44,1
SES_00005401,45,2070,1,MOBILE,EMAIL,70.47,0
SES_00005402,9,459,5,DESKTOP,PAID_SEARCH,1911.1,1
SES_00005403,41,2091,7,MOBILE,SOCIAL_MEDIA,1606.75,1
SES_00005404,3,171,2,DESKTOP,ORGANIC,890.11,1
SES_00005405,16,576,0,MOBILE,EMAIL,0.0,0
SES_00005406,31,1271,2,TABLET,SOCIAL_MEDIA,883.85,1
SES_00005407,23,1242,1,TABLET,ORGANIC,266.27,1
SES_00005408,3,54,0,MOBILE,EMAIL,0.0,0
SES_00005409,19,1140,6,DESKTOP,EMAIL,2290.53,1
SES_00005410,2,60,1,DESKTOP,SOCIAL_MEDIA,380.7,1
SES_00005411,44,836,5,TABLET,EMAIL,570.88,1
SES_00005412,8,152,0,TABLET,ORGANIC,0.0,0
SES_00005413,38,570,8,MOBILE,EMAIL,1191.22,1
SES_00005414,4,136,3,DESKTOP,SOCIAL_MEDIA,935.83,1
SES_00005415,2,90,1,MOBILE,ORGANIC,122.53,1
SES_00005416,41,2091,9,TABLET,EMAIL,2964.63,1
SES_00005417,13,299,5,DESKTOP,DIRECT,1664.6,0
SES_00005418,35,595,5,DESKTOP,SOCIAL_MEDIA,1774.65,1
SES_00005419,10,150,8,TABLET,ORGANIC,1930.61,1
SES_00005420,20,360,1,MOBILE,ORGANIC,288.11,1
SES_00005421,16,688,5,MOBILE,AFFILIATE,1565.72,0
SES_00005422,5,270,4,TABLET,SOCIAL_MEDIA,1303.56,1
SES_00005423,44,1628,6,MOBILE,SOCIAL_MEDIA,2106.98,1
SES_00005424,16,448,2,MOBILE,AFFILIATE,731.75,1
SES_00005425,28,1428,5,TABLET,PAID_SEARCH,1347.54,1
SES_00005426,37,925,5,TABLET,PAID_SEARCH,1290.42,1
SES_00005427,28,812,2,DESKTOP,PAID_SEARCH,275.13,1
SES_00005428,22,660,1,DESKTOP,PAID_SEARCH,56.58,1
SES_00005429,35,1680,10,TABLET,EMAIL,802.74,0
SES_00005430,38,1862,2,TABLET,SOCIAL_MEDIA,681.0,1
SES_00005431,12,708,6,TABLET,PAID_SEARCH,913.49,1
SES_00005432,11,550,6,TABLET,SOCIAL_MEDIA,1510.02,1
SES_00005433,30,720,4,DESKTOP,DIRECT,1614.83,1
SES_00005434,12,720,7,TABLET,PAID_SEARCH,1624.1,0
SES_00005435,40,1760,3,DESKTOP,PAID_SEARCH,147.12,1
SES_00005436,41,2050,5,TABLET,EMAIL,1598.06,1
SES_00005437,33,1452,3,DESKTOP,PAID_SEARCH,306.26,1
SES_00005438,41,738,5,DESKTOP,DIRECT,1835.83,1
SES_00005439,14,588,10,TABLET,PAID_SEARCH,2428.18,1
SES_00005440,12,588,5,TABLET,PAID_SEARCH,854.66,1
SES_00005441,35,1330,5,TABLET,SOCIAL_MEDIA,1449.5,1
SES_00005442,5,205,5,DESKTOP,EMAIL,1645.8,1
SES_00005443,38,1254,8,TABLET,AFFILIATE,1534.64,1
SES_00005444,30,930,10,TABLET,EMAIL,4042.0,1
SES_00005445,33,1947,0,DESKTOP,SOCIAL_MEDIA,0.0,0
SES_00005446,35,1610,10,MOBILE,EMAIL,1521.96,1
SES_00005447,11,319,7,MOBILE,SOCIAL_MEDIA,206.23,1
SES_00005448,9,216,2,MOBILE,PAID_SEARCH,647.71,0
SES_00005449,17,357,9,DESKTOP,SOCIAL_MEDIA,3407.36,1
SES_00005450,10,480,1,DESKTOP,EMAIL,269.42,1
SES_00005451,4,132,2,DESKTOP,SOCIAL_MEDIA,626.77,0
SES_00005452,9,306,8,MOBILE,AFFILIATE,383.39,0
SES_00005453,43,2150,6,TABLET,SOCIAL_MEDIA,704.49,1
SES_00005454,21,1134,8,MOBILE,EMAIL,1719.31,1
SES_00005455,45,1485,9,MOBILE,EMAIL,2968.07,0
SES_00005456,37,1739,4,TABLET,ORGANIC,760.7,0
SES_00005457,5,255,2,TABLET,SOCIAL_MEDIA,355.2,1
SES_00005458,7,329,6,MOBILE,SOCIAL_MEDIA,166.73,1
SES_00005459,16,640,6,DESKTOP,AFFILIATE,1069.95,1
SES_00005460,39,2067,0,MOBILE,AFFILIATE,0.0,0
SES_00005461,3,72,3,MOBILE,SOCIAL_MEDIA,402.33,1
SES_00005462,39,1404,1,DESKTOP,AFFILIATE,229.03,1
SES_00005463,23,1150,6,TABLET,ORGANIC,777.53,1
SES_00005464,25,575,3,MOBILE,DIRECT,1093.51,1
SES_00005465,31,1674,5,MOBILE,EMAIL,2101.94,1
SES_00005466,4,88,4,MOBILE,PAID_SEARCH,1796.93,1
SES_00005467,38,1672,8,MOBILE,DIRECT,1929.62,0
SES_00005468,39,1287,6,TABLET,AFFILIATE,1016.6,0
SES_00005469,17,731,9,TABLET,ORGANIC,1683.79,1
SES_00005470,42,840,0,MOBILE,PAID_SEARCH,0.0,0
SES_00005471,13,780,5,DESKTOP,AFFILIATE,349.32,1
SES_00005472,27,1215,5,DESKTOP,SOCIAL_MEDIA,1912.37,0
SES_00005473,38,1216,0,TABLET,EMAIL,0.0,0
SES_00005474,24,888,7,DESKTOP,PAID_SEARCH,2154.79,0
SES_00005475,15,615,5,TABLET,SOCIAL_MEDIA,174.69,0
SES_00005476,16,464,2,TABLET,AFFILIATE,765.37,1
SES_00005477,30,1050,0,MOBILE,ORGANIC,0.0,0
SES_00005478,36,1656,8,DESKTOP,PAID_SEARCH,928.15,1
SES_00005479,1,57,0,MOBILE,SOCIAL_MEDIA,0.0,0
SES_00005480,43,1333,10,MOBILE,PAID_SEARCH,1357.17,1
SES_00005481,35,875,6,MOBILE,SOCIAL_MEDIA,2141.87,1
SES_00005482,26,390,5,TABLET,SOCIAL_MEDIA,1252.54,0
SES_00005483,14,756,7,MOBILE,SOCIAL_MEDIA,645.02,0
SES_00005484,34,1054,7,TABLET,DIRECT,799.39,0
SES_00005485,14,784,10,TABLET,AFFILIATE,2331.36,1
SES_00005486,7,378,5,MOBILE,PAID_SEARCH,908.4,1
SES_00005487,43,2494,6,MOBILE,EMAIL,2461.27,0
SES_00005488,28,868,2,DESKTOP,ORGANIC,702.49,1
SES_00005489,7,224,1,DESKTOP,DIRECT,381.03,1
SES_00005490,25,1025,4,TABLET,ORGANIC,693.6,1
SES_00005491,11,627,9,DESKTOP,AFFILIATE,903.46,0
SES_00005492,34,1224,1,DESKTOP,EMAIL,141.63,1
SES_00005493,41,2173,6,DESKTOP,DIRECT,2369.59,1
SES_00005494,4,236,0,DESKTOP,DIRECT,0.0,0
SES_00005495,12,480,8,MOBILE,SOCIAL_MEDIA,2300.13,0
SES_00005496,19,1140,0,DESKTOP,ORGANIC,0.0,0
SES_00005497,28,560,7,MOBILE,AFFILIATE,226.73,1
SES_00005498,14,392,8,MOBILE,PAID_SEARCH,2405.3,0
SES_00005499,19,988,0,MOBILE,SOCIAL_MEDIA,0.0,0
SES_00005500,42,1764,6,DESKTOP,SOCIAL_MEDIA,2191.4,1
SES_00005501,17,646,1,DESKTOP,AFFILIATE,421.22,0
SES_00005502,41,2009,1,MOBILE,SOCIAL_MEDIA,103.33,1
SES_00005503,5,180,1,TABLET,SOCIAL_MEDIA,388.38,1
SES_00005504,26,1170,7,MOBILE,DIRECT,1133.12,1
SES_00005505,37,555,5,MOBILE,PAID_SEARCH,1146.37,1
SES_00005506,36,1692,0,DESKTOP,AFFILIATE,0.0,0
SES_00005507,1,35,0,TABLET,ORGANIC,0.0,0
SES_00005508,45,1260,9,DESKTOP,AFFILIATE,1987.03,1
SES_00005509,39,1989,4,MOBILE,EMAIL,951.82,1
SES_00005510,27,1188,2,TABLET,SOCIAL_MEDIA,136.14,1
SES_00005511,41,2296,2,TABLET,AFFILIATE,571.65,1
SES_00005512,33,1188,4,TABLET,SOCIAL_MEDIA,292.01,1
SES_00005513,33,1188,10,TABLET,DIRECT,1031.08,1
SES_00005514,39,702,9,TABLET,ORGANIC,3311.67,1
SES_00005515,16,784,7,TABLET,PAID_SEARCH,193.93,1
SES_00005516,16,736,0,MOBILE,EMAIL,0.0,0
SES_00005517,31,992,7,DESKTOP,AFFILIATE,1177.85,1
SES_00005518,42,840,5,TABLET,ORGANIC,1971.87,0
SES_00005519,39,2106,3,TABLET,ORGANIC,344.44,1
SES_00005520,29,1015,6,TABLET,EMAIL,339.17,1
SES_00005521,28,1484,6,TABLET,SOCIAL_MEDIA,869.1,1
SES_00005522,11,187,4,MOBILE,ORGANIC,473.9,1
SES_00005523,4,80,2,TABLET,EMAIL,888.29,0
SES_00005524,29,870,0,MOBILE,ORGANIC,0.0,0
SES_00005525,32,1696,9,TABLET,AFFILIATE,2435.63,1
SES_00005526,34,1870,5,MOBILE,PAID_SEARCH,727.3,1
SES_00005527,21,1008,5,DESKTOP,AFFILIATE,540.27,1
SES_00005528,26,494,4,TABLET,SOCIAL_MEDIA,1330.27,1
SES_00005529,20,440,1,DESKTOP,AFFILIATE,430.24,1
SES_00005530,41,1681,1,DESKTOP,AFFILIATE,229.97,0
SES_00005531,39,1482,6,TABLET,SOCIAL_MEDIA,935.53,1
SES_00005532,41,902,5,DESKTOP,AFFILIATE,221.98,1
SES_00005533,36,1044,9,DESKTOP,ORGANIC,2460.7,1
SES_00005534,13,663,7,TABLET,ORGANIC,1910.21,0
SES_00005535,33,693,8,DESKTOP,SOCIAL_MEDIA,705.39,0
SES_00005536,4,96,1,TABLET,ORGANIC,250.44,1
SES_00005537,20,1020,5,MOBILE,DIRECT,1161.34,1
SES_00005538,6,342,6,DESKTOP,SOCIAL_MEDIA,1816.04,0
SES_00005539,43,2193,1,TABLET,PAID_SEARCH,109.8,1
SES_00005540,2,56,0,MOBILE,AFFILIATE,0.0,0
SES_00005541,38,2166,9,TABLET,AFFILIATE,1911.86,1
SES_00005542,23,920,8,TABLET,PAID_SEARCH,2448.5,1
SES_00005543,14,826,6,TABLET,ORGANIC,825.21,0
SES_00005544,2,78,2,DESKTOP,SOCIAL_MEDIA,536.33,1
SES_00005545,23,1288,10,MOBILE,AFFILIATE,807.17,0
SES_00005546,26,1430,9,MOBILE,EMAIL,639.42,1
SES_00005547,11,495,7,DESKTOP,PAID_SEARCH,1574.05,0
SES_00005548,14,238,8,MOBILE,DIRECT,2567.39,1
SES_00005549,24,1224,5,TABLET,SOCIAL_MEDIA,1589.16,0
SES_00005550,17,323,9,TABLET,SOCIAL_MEDIA,2486.53,1
SES_00005551,27,675,8,MOBILE,DIRECT,1287.24,1
SES_00005552,5,75,2,MOBILE,SOCIAL_MEDIA,631.85,1
SES_00005553,12,708,0,DESKTOP,SOCIAL_MEDIA,0.0,0
SES_00005554,18,504,10,MOBILE,AFFILIATE,3911.23,0
SES_00005555,21,1197,10,DESKTOP,EMAIL,4428.49,1
SES_00005556,27,1296,10,MOBILE,PAID_SEARCH,966.19,1
SES_00005557,26,1352,3,MOBILE,EMAIL,1303.49,1
SES_00005558,15,420,4,MOBILE,PAID_SEARCH,439.07,1
SES_00005559,8,392,8,TABLET,EMAIL,2848.33,1
SES_00005560,3,141,3,MOBILE,DIRECT,624.84,0
SES_00005561,29,609,3,DESKTOP,ORGANIC,845.61,0
SES_00005562,10,320,7,DESKTOP,SOCIAL_MEDIA,345.87,1
SES_00005563,2,90,1,MOBILE,DIRECT,124.25,1
SES_00005564,15,900,8,DESKTOP,AFFILIATE,1269.89,0
SES_00005565,11,330,4,TABLET,EMAIL,963.58,1
SES_00005566,26,1326,5,DESKTOP,ORGANIC,2021.27,0
SES_00005567,35,1470,10,MOBILE,DIRECT,4461.0,0
SES_00005568,31,1798,2,MOBILE,AFFILIATE,496.72,1
SES_00005569,18,306,2,DESKTOP,ORGANIC,700.23,1
SES_00005570,45,2295,7,TABLET,SOCIAL_MEDIA,2819.09,1
SES_00005571,27,891,0,MOBILE,PAID_SEARCH,0.0,0
SES_00005572,20,380,1,MOBILE,EMAIL,47.24,1
SES_00005573,26,1196,2,DESKTOP,PAID_SEARCH,214.93,1
SES_00005574,31,1767,5,DESKTOP,SOCIAL_MEDIA,424.57,1
SES_00005575,33,858,8,DESKTOP,PAID_SEARCH,1008.36,1
SES_00005576,28,1652,7,MOBILE,ORGANIC,1348.36,1
SES_00005577,8,408,6,MOBILE,SOCIAL_MEDIA,675.92,1
SES_00005578,14,756,8,DESKTOP,DIRECT,2891.84,1
SES_00005579,4,80,3,MOBILE,EMAIL,1329.13,1
SES_00005580,9,153,4,DESKTOP,EMAIL,149.54,1
SES_00005581,8,344,8,MOBILE,ORGANIC,572.98,0
SES_00005582,10,160,4,DESKTOP,EMAIL,142.95,0
SES_00005583,38,2242,2,MOBILE,DIRECT,522.29,0
SES_00005584,28,420,10,TABLET,ORGANIC,3107.24,1
SES_00005585,24,1416,7,DESKTOP,DIRECT,2861.02,1
SES_00005586,3,156,3,TABLET,SOCIAL_MEDIA,183.16,1
SES_00005587,43,1763,3,DESKTOP,EMAIL,208.73,1
SES_00005588,37,888,4,DESKTOP,SOCIAL_MEDIA,1138.41,1
SES_00005589,2,96,1,TABLET,ORGANIC,436.33,1
SES_00005590,20,440,9,TABLET,ORGANIC,847.48,1
SES_00005591,4,180,4,DESKTOP,PAID_SEARCH,978.01,1
SES_00005592,22,1254,4,MOBILE,AFFILIATE,133.04,0
SES_00005593,35,1785,7,MOBILE,AFFILIATE,3088.02,1
SES_00005594,23,1127,2,DESKTOP,DIRECT,669.36,1
SES_00005595,43,2537,5,TABLET,DIRECT,1439.56,0
SES_00005596,6,246,2,DESKTOP,AFFILIATE,674.3,1
SES_00005597,18,522,6,DESKTOP,SOCIAL_MEDIA,507.56,1
SES_00005598,45,1620,6,TABLET,AFFILIATE,1623.44,1
SES_00005599,36,1044,2,TABLET,SOCIAL_MEDIA,144.21,1
SES_00005600,26,910,9,MOBILE,SOCIAL_MEDIA,1576.68,1
SES_00005601,17,969,1,MOBILE,SOCIAL_MEDIA,421.63,1
SES_00005602,40,1880,5,DESKTOP,PAID_SEARCH,1839.38,1
SES_00005603,5,85,5,MOBILE,ORGANIC,2052.12,0
SES_00005604,43,1849,3,DESKTOP,AFFILIATE,199.4,1
SES_00005605,40,2080,9,TABLET,ORGANIC,2098.17,1
SES_00005606,28,1428,3,TABLET,AFFILIATE,103.96,1
SES_00005607,2,50,2,MOBILE,DIRECT,244.44,1
SES_00005608,40,1120,0,DESKTOP,EMAIL,0.0,0
SES_00005609,14,266,1,DESKTOP,DIRECT,355.64,0
SES_00005610,10,270,6,MOBILE,PAID_SEARCH,1038.58,1
SES_00005611,5,120,3,DESKTOP,EMAIL,952.31,0
SES_00005612,12,576,7,TABLET,PAID_SEARCH,1102.18,1
SES_00005613,8,368,7,TABLET,AFFILIATE,2460.36,1
SES_00005614,42,1596,5,TABLET,DIRECT,2097.42,1
SES_00005615,1,21,0,DESKTOP,AFFILIATE,0.0,0
SES_00005616,19,494,5,DESKTOP,EMAIL,1362.68,1
SES_00005617,26,1248,7,TABLET,AFFILIATE,709.32,0
SES_00005618,9,198,3,MOBILE,SOCIAL_MEDIA,1002.92,1
SES_00005619,24,720,10,MOBILE,EMAIL,458.9,0
SES_00005620,44,1760,5,TABLET,DIRECT,996.09,1
SES_00005621,5,150,1,MOBILE,PAID_SEARCH,133.17,0
SES_00005622,33,1716,8,TABLET,DIRECT,3218.24,0
SES_00005623,8,304,7,TABLET,ORGANIC,781.36,1
SES_00005624,24,744,10,MOBILE,PAID_SEARCH,851.89,1
SES_00005625,40,1080,10,TABLET,DIRECT,3539.34,0
SES_00005626,30,1620,2,TABLET,EMAIL,612.33,0
SES_00005627,15,855,1,DESKTOP,AFFILIATE,434.88,1
SES_00005628,43,645,6,TABLET,DIRECT,295.85,0
SES_00005629,19,1083,8,MOBILE,PAID_SEARCH,779.58,0
SES_00005630,25,1200,10,MOBILE,EMAIL,808.07,0
SES_00005631,20,1140,5,DESKTOP,PAID_SEARCH,2177.14,1
SES_00005632,36,1692,6,TABLET,SOCIAL_MEDIA,1300.63,1
SES_00005633,2,120,2,DESKTOP,ORGANIC,361.32,1
SES_00005634,24,936,2,DESKTOP,DIRECT,861.55,1
SES_00005635,3,138,3,TABLET,SOCIAL_MEDIA,1180.8,1
SES_00005636,42,672,4,MOBILE,ORGANIC,101.73,0
SES_00005637,33,1749,8,DESKTOP,DIRECT,1817.85,1
SES_00005638,39,1170,5,DESKTOP,SOCIAL_MEDIA,1378.55,0
SES_00005639,2,116,2,TABLET,AFFILIATE,451.01,1
SES_00005640,20,500,3,TABLET,AFFILIATE,562.73,0
SES_00005641,23,552,7,TABLET,PAID_SEARCH,1680.23,1
SES_00005642,33,924,8,MOBILE,EMAIL,804.61,1
SES_00005643,28,1120,2,MOBILE,EMAIL,63.64,1
SES_00005644,23,690,9,DESKTOP,AFFILIATE,776.65,0
SES_00005645,43,2408,4,TABLET,ORGANIC,510.61,1
SES_00005646,31,1581,9,MOBILE,AFFILIATE,1140.42,1
SES_00005647,30,870,6,DESKTOP,EMAIL,652.5,1
SES_00005648,12,660,3,MOBILE,AFFILIATE,1075.3,1
SES_00005649,36,1656,8,TABLET,DIRECT,1741.29,0
SES_00005650,11,660,5,TABLET,SOCIAL_MEDIA,992.22,1
SES_00005651,3,117,0,TABLET,DIRECT,0.0,0
SES_00005652,21,735,5,MOBILE,SOCIAL_MEDIA,1005.04,1
SES_00005653,32,1344,3,DESKTOP,PAID_SEARCH,779.56,1
SES_00005654,22,814,2,TABLET,DIRECT,743.61,1
SES_00005655,22,528,9,DESKTOP,EMAIL,987.27,1
SES_00005656,7,371,7,DESKTOP,AFFILIATE,1386.08,1
SES_00005657,1,38,0,DESKTOP,DIRECT,0.0,0
SES_00005658,19,1064,2,TABLET,SOCIAL_MEDIA,226.37,1
SES_00005659,4,128,1,DESKTOP,DIRECT,372.87,1
SES_00005660,10,230,1,DESKTOP,SOCIAL_MEDIA,223.31,0
SES_00005661,28,504,0,TABLET,AFFILIATE,0.0,0
SES_00005662,20,680,1,DESKTOP,EMAIL,220.1,0
SES_00005663,15,600,0,MOBILE,SOCIAL_MEDIA,0.0,0
SES_00005664,32,896,10,TABLET,DIRECT,1029.8,1
SES_00005665,21,672,7,TABLET,AFFILIATE,2203.7,0
SES_00005666,1,22,0,MOBILE,SOCIAL_MEDIA,0.0,0
SES_00005667,8,280,4,TABLET,PAID_SEARCH,1156.16,1
SES_00005668,24,960,3,MOBILE,AFFILIATE,246.73,0
SES_00005669,21,840,7,TABLET,EMAIL,1852.28,1
SES_00005670,42,672,9,TABLET,PAID_SEARCH,307.65,1
SES_00005671,18,360,2,TABLET,DIRECT,792.22,1
SES_00005672,13,754,2,MOBILE,AFFILIATE,214.41,0
SES_00005673,40,1560,10,MOBILE,AFFILIATE,974.34,1
SES_00005674,32,512,9,TABLET,PAID_SEARCH,2071.03,0
SES_00005675,8,152,7,MOBILE,SOCIAL_MEDIA,2004.35,1
SES_00005676,5,90,0,TABLET,ORGANIC,0.0,0
SES_00005677,45,1395,7,MOBILE,SOCIAL_MEDIA,1943.92,1
SES_00005678,41,1230,10,MOBILE,SOCIAL_MEDIA,1958.24,1
SES_00005679,23,1357,1,TABLET,PAID_SEARCH,356.98,0
SES_00005680,23,1012,8,DESKTOP,DIRECT,1873.4,1
SES_00005681,45,2520,2,MOBILE,SOCIAL_MEDIA,101.41,1
SES_00005682,39,897,10,MOBILE,ORGANIC,2200.11,1
SES_00005683,41,1558,9,TABLET,ORGANIC,3351.17,1
SES_00005684,41,1394,10,DESKTOP,EMAIL,389.74,1
SES_00005685,7,392,0,TABLET,AFFILIATE,0.0,0
SES_00005686,20,660,8,TABLET,EMAIL,3056.62,1
SES_00005687,18,810,3,MOBILE,PAID_SEARCH,490.53,1
SES_00005688,32,864,10,MOBILE,ORGANIC,2939.91,1
SES_00005689,45,2070,10,MOBILE,SOCIAL_MEDIA,3871.21,1
SES_00005690,4,80,3,TABLET,DIRECT,561.31,1
SES_00005691,31,1271,3,TABLET,DIRECT,110.4,0
SES_00005692,16,384,2,MOBILE,PAID_SEARCH,686.56,1
SES_00005693,7,203,5,MOBILE,AFFILIATE,2111.48,1
SES_00005694,3,144,1,TABLET,ORGANIC,117.5,1
SES_00005695,6,162,0,TABLET,SOCIAL_MEDIA,0.0,0
SES_00005696,12,228,0,DESKTOP,SOCIAL_MEDIA,0.0,0
SES_00005697,45,1620,3,MOBILE,SOCIAL_MEDIA,682.21,1
SES_00005698,19,304,6,MOBILE,ORGANIC,1258.53,1
SES_00005699,37,1554,4,MOBILE,SOCIAL_MEDIA,766.15,1
SES_00005700,9,144,1,MOBILE,PAID_SEARCH,241.3,1
SES_00005701,27,1026,10,TABLET,DIRECT,3136.54,1
SES_00005702,16,944,10,TABLET,ORGANIC,3167.69,1
SES_00005703,11,374,3,DESKTOP,DIRECT,1101.89,1
SES_00005704,41,1722,7,MOBILE,AFFILIATE,1988.61,1
SES_00005705,41,2378,4,MOBILE,EMAIL,825.96,0
SES_00005706,15,570,3,MOBILE,EMAIL,865.41,1
SES_00005707,38,684,6,MOBILE,PAID_SEARCH,2268.46,1
SES_00005708,18,900,9,TABLET,EMAIL,1444.72,0
SES_00005709,33,660,6,MOBILE,EMAIL,2466.68,1
SES_00005710,25,825,1,MOBILE,EMAIL,363.2,1
SES_00005711,16,784,3,TABLET,PAID_SEARCH,308.51,0
SES_00005712,40,1480,9,TABLET,DIRECT,3621.33,0
SES_00005713,6,180,3,DESKTOP,ORGANIC,419.23,1
SES_00005714,9,441,5,TABLET,AFFILIATE,396.22,1
SES_00005715,23,874,7,MOBILE,SOCIAL_MEDIA,2591.65,1
SES_00005716,45,1080,3,DESKTOP,ORGANIC,1233.82,1
SES_00005717,41,2255,0,TABLET,PAID_SEARCH,0.0,0
SES_00005718,22,814,5,MOBILE,SOCIAL_MEDIA,1751.96,0
SES_00005719,7,105,6,TABLET,DIRECT,2696.42,0
SES_00005720,25,750,10,MOBILE,EMAIL,2011.56,1
SES_00005721,18,468,2,MOBILE,PAID_SEARCH,530.98,1
SES_00005722,43,1462,8,MOBILE,SOCIAL_MEDIA,3247.14,1
SES_00005723,39,1911,8,DESKTOP,EMAIL,656.24,1
SES_00005724,11,517,4,TABLET,ORGANIC,691.92,1
SES_00005725,30,1680,5,DESKTOP,PAID_SEARCH,1599.63,1
SES_00005726,36,756,5,DESKTOP,ORGANIC,1919.09,1
SES_00005727,37,592,1,MOBILE,ORGANIC,180.13,1
SES_00005728,19,1083,6,DESKTOP,AFFILIATE,805.24,1
SES_00005729,43,1290,9,MOBILE,EMAIL,2492.42,1
SES_00005730,13,442,0,TABLET,PAID_SEARCH,0.0,0
SES_00005731,14,266,8,MOBILE,EMAIL,1634.47,0
SES_00005732,33,957,5,MOBILE,PAID_SEARCH,1316.62,1
SES_00005733,3,57,3,TABLET,DIRECT,1030.75,1
SES_00005734,38,1216,9,MOBILE,ORGANIC,2260.62,1
SES_00005735,40,1360,1,TABLET,SOCIAL_MEDIA,421.4,1
SES_00005736,9,486,0,TABLET,ORGANIC,0.0,0
SES_00005737,23,1242,2,MOBILE,EMAIL,102.5,1
SES_00005738,40,1600,6,DESKTOP,AFFILIATE,822.91,0
SES_00005739,31,1767,4,TABLET,DIRECT,685.9,1
SES_00005740,16,416,4,MOBILE,PAID_SEARCH,1653.09,0
SES_00005741,5,120,3,MOBILE,AFFILIATE,757.0,1
SES_00005742,27,1350,9,DESKTOP,SOCIAL_MEDIA,2091.15,1
SES_00005743,36,1764,10,DESKTOP,SOCIAL_MEDIA,839.08,1
SES_00005744,12,588,4,MOBILE,PAID_SEARCH,1768.0,1
SES_00005745,43,688,7,DESKTOP,ORGANIC,930.89,1
SES_00005746,30,780,3,TABLET,DIRECT,624.51,0
SES_00005747,22,836,5,TABLET,DIRECT,1557.68,1
SES_00005748,4,196,0,MOBILE,AFFILIATE,0.0,0
SES_00005749,31,775,6,MOBILE,PAID_SEARCH,977.81,1
SES_00005750,13,273,10,DESKTOP,ORGANIC,817.51,0
SES_00005751,43,1849,0,MOBILE,ORGANIC,0.0,0
SES_00005752,27,486,7,MOBILE,EMAIL,2937.65,1
SES_00005753,45,1710,6,TABLET,AFFILIATE,1491.83,1
SES_00005754,40,1840,6,DESKTOP,ORGANIC,306.84,1
SES_00005755,10,560,8,MOBILE,AFFILIATE,2430.93,1
SES_00005756,9,216,0,MOBILE,PAID_SEARCH,0.0,0
SES_00005757,12,216,1,DESKTOP,DIRECT,246.41,1
SES_00005758,27,756,8,MOBILE,EMAIL,2508.74,1
SES_00005759,36,1008,3,MOBILE,EMAIL,831.52,1
SES_00005760,1,50,1,DESKTOP,ORGANIC,376.12,1
SES_00005761,42,2058,7,TABLET,DIRECT,2124.52,1
SES_00005762,36,1152,10,TABLET,ORGANIC,1877.04,1
SES_00005763,41,2460,1,MOBILE,EMAIL,352.01,1
SES_00005764,22,770,9,MOBILE,EMAIL,690.87,1
SES_00005765,4,84,0,DESKTOP,AFFILIATE,0.0,0
SES_00005766,16,624,5,DESKTOP,AFFILIATE,1294.03,1
SES_00005767,22,462,8,DESKTOP,AFFILIATE,3202.74,1
SES_00005768,24,1272,4,TABLET,EMAIL,226.92,1
SES_00005769,25,550,3,MOBILE,AFFILIATE,472.25,1
SES_00005770,31,1302,10,DESKTOP,AFFILIATE,1441.28,1
SES_00005771,30,1110,10,MOBILE,EMAIL,2550.03,1
SES_00005772,41,779,2,MOBILE,SOCIAL_MEDIA,668.34,1
SES_00005773,3,69,1,MOBILE,DIRECT,320.07,0
SES_00005774,39,1560,4,DESKTOP,EMAIL,1264.82,1
SES_00005775,23,644,8,MOBILE,DIRECT,1988.13,1
SES_00005776,22,1100,3,MOBILE,AFFILIATE,749.63,1
SES_00005777,14,476,0,TABLET,EMAIL,0.0,0
SES_00005778,7,350,0,TABLET,EMAIL,0.0,0
SES_00005779,7,210,0,DESKTOP,ORGANIC,0.0,0
SES_00005780,11,286,3,MOBILE,PAID_SEARCH,1228.96,0
SES_00005781,5,90,1,TABLET,AFFILIATE,283.23,1
SES_00005782,41,738,5,DESKTOP,DIRECT,798.86,0
SES_00005783,17,306,0,DESKTOP,PAID_SEARCH,0.0,0
SES_00005784,34,850,3,DESKTOP,ORGANIC,1086.67,1
SES_00005785,19,380,1,DESKTOP,SOCIAL_MEDIA,165.93,0
SES_00005786,4,200,3,DESKTOP,DIRECT,991.74,1
SES_00005787,15,420,10,MOBILE,EMAIL,4490.35,1
SES_00005788,30,1230,10,DESKTOP,ORGANIC,2515.93,1
SES_00005789,20,560,2,TABLET,PAID_SEARCH,324.37,0
SES_00005790,7,266,0,TABLET,ORGANIC,0.0,0
SES_00005791,22,990,7,MOBILE,SOCIAL_MEDIA,3113.3,1
SES_00005792,44,1584,10,TABLET,PAID_SEARCH,2826.3,0
SES_00005793,35,1155,10,MOBILE,DIRECT,1379.39,0
SES_00005794,6,360,2,MOBILE,SOCIAL_MEDIA,731.58,1
SES_00005795,19,665,8,DESKTOP,AFFILIATE,771.58,1
SES_00005796,30,1470,9,DESKTOP,PAID_SEARCH,2758.26,1
SES_00005797,43,1548,4,MOBILE,ORGANIC,924.91,0
SES_00005798,22,1298,2,DESKTOP,SOCIAL_MEDIA,365.68,1
SES_00005799,2,36,2,DESKTOP,SOCIAL_MEDIA,842.78,1
SES_00005800,24,1176,10,DESKTOP,PAID_SEARCH,1183.37,1
SES_00005801,37,2035,1,TABLET,EMAIL,294.8,1
SES_00005802,12,228,9,DESKTOP,SOCIAL_MEDIA,4049.77,1
SES_00005803,25,1500,4,MOBILE,PAID_SEARCH,532.31,1
SES_00005804,11,473,4,DESKTOP,PAID_SEARCH,967.03,1
SES_00005805,16,336,2,MOBILE,DIRECT,243.49,1
SES_00005806,31,1612,9,TABLET,EMAIL,3021.64,1
SES_00005807,45,1215,10,MOBILE,SOCIAL_MEDIA,4124.6,0
SES_00005808,16,240,9,DESKTOP,EMAIL,3472.67,1
SES_00005809,9,225,3,MOBILE,DIRECT,297.81,1
SES_00005810,5,300,4,TABLET,EMAIL,835.25,1
SES_00005811,7,126,6,MOBILE,DIRECT,1336.32,1
SES_00005812,17,272,0,TABLET,PAID_SEARCH,0.0,0
SES_00005813,41,1066,2,TABLET,DIRECT,393.22,1
SES_00005814,8,472,4,DESKTOP,EMAIL,426.46,1
SES_00005815,22,1056,4,TABLET,EMAIL,125.89,1
SES_00005816,38,836,9,TABLET,SOCIAL_MEDIA,2208.75,1
SES_00005817,23,713,8,MOBILE,AFFILIATE,3472.84,0
SES_00005818,28,1260,10,DESKTOP,AFFILIATE,1193.75,0
SES_00005819,44,968,8,MOBILE,PAID_SEARCH,1146.21,0
SES_00005820,27,1431,4,DESKTOP,SOCIAL_MEDIA,728.02,1
SES_00005821,38,760,3,MOBILE,ORGANIC,370.79,0
SES_00005822,13,403,3,TABLET,DIRECT,894.41,1
SES_00005823,40,1320,8,MOBILE,SOCIAL_MEDIA,3066.5,1
SES_00005824,28,1176,4,TABLET,EMAIL,843.37,1
SES_00005825,13,273,10,DESKTOP,PAID_SEARCH,3439.73,1
SES_00005826,19,874,1,DESKTOP,AFFILIATE,215.27,1
SES_00005827,5,270,2,MOBILE,DIRECT,162.64,1
SES_00005828,26,468,5,DESKTOP,DIRECT,689.1,1
SES_00005829,38,1520,8,TABLET,SOCIAL_MEDIA,715.44,1
SES_00005830,24,528,3,DESKTOP,AFFILIATE,349.02,0
SES_00005831,2,108,0,DESKTOP,AFFILIATE,0.0,0
SES_00005832,1,26,1,DESKTOP,SOCIAL_MEDIA,326.99,1
SES_00005833,27,1134,4,TABLET,EMAIL,611.09,1
SES_00005834,19,1045,10,MOBILE,SOCIAL_MEDIA,2384.0,1
SES_00005835,12,384,4,MOBILE,AFFILIATE,540.44,1
SES_00005836,30,1470,4,MOBILE,DIRECT,463.54,0
SES_00005837,2,110,1,MOBILE,PAID_SEARCH,242.46,1
SES_00005838,12,516,1,MOBILE,DIRECT,205.4,0
SES_00005839,11,297,9,TABLET,ORGANIC,765.56,1
SES_00005840,6,330,0,TABLET,AFFILIATE,0.0,0
SES_00005841,15,480,3,TABLET,PAID_SEARCH,96.77,1
SES_00005842,36,1440,8,TABLET,EMAIL,1042.45,1
SES_00005843,4,236,0,DESKTOP,SOCIAL_MEDIA,0.0,0
SES_00005844,38,1748,5,DESKTOP,AFFILIATE,698.15,1
SES_00005845,4,148,1,TABLET,PAID_SEARCH,300.0,1
SES_00005846,42,1176,10,TABLET,EMAIL,1844.37,1
SES_00005847,24,1008,1,DESKTOP,PAID_SEARCH,296.13,1
SES_00005848,35,1855,10,TABLET,ORGANIC,2611.77,1
SES_00005849,14,420,8,MOBILE,ORGANIC,974.51,0
SES_00005850,15,705,10,TABLET,AFFILIATE,684.28,1
SES_00005851,26,390,4,TABLET,ORGANIC,180.74,1
SES_00005852,22,1144,9,TABLET,PAID_SEARCH,318.71,1
SES_00005853,22,748,10,MOBILE,EMAIL,2696.99,0
SES_00005854,38,722,0,MOBILE,EMAIL,0.0,0
SES_00005855,12,528,5,DESKTOP,SOCIAL_MEDIA,269.28,1
SES_00005856,17,629,9,MOBILE,AFFILIATE,3119.27,1
SES_00005857,25,1275,2,MOBILE,SOCIAL_MEDIA,283.03,1
SES_00005858,42,2436,5,MOBILE,EMAIL,946.68,1
SES_00005859,29,754,8,MOBILE,EMAIL,2909.37,1
SES_00005860,24,960,7,MOBILE,EMAIL,1904.88,0
SES_00005861,44,1804,9,DESKTOP,DIRECT,1939.5,1
SES_00005862,41,1353,6,TABLET,DIRECT,1187.27,1
SES_00005863,26,1482,10,DESKTOP,AFFILIATE,4004.86,0
SES_00005864,11,638,5,DESKTOP,SOCIAL_MEDIA,178.91,1
SES_00005865,26,468,2,MOBILE,PAID_SEARCH,655.89,1
SES_00005866,12,540,2,TABLET,PAID_SEARCH,877.8,1
SES_00005867,20,340,10,MOBILE,SOCIAL_MEDIA,3570.8,0
SES_00005868,34,1462,0,TABLET,EMAIL,0.0,0
SES_00005869,1,21,1,DESKTOP,PAID_SEARCH,188.42,1
SES_00005870,23,529,5,MOBILE,EMAIL,1617.54,1
SES_00005871,39,2067,6,TABLET,DIRECT,815.3,0
SES_00005872,23,805,10,MOBILE,PAID_SEARCH,2201.67,1
SES_00005873,11,539,2,MOBILE,SOCIAL_MEDIA,803.92,1
SES_00005874,27,621,7,MOBILE,EMAIL,1532.76,1
SES_00005875,17,323,6,DESKTOP,PAID_SEARCH,479.61,1
SES_00005876,1,60,1,MOBILE,AFFILIATE,303.59,0
SES_00005877,7,252,5,DESKTOP,EMAIL,783.47,0
SES_00005878,6,342,2,MOBILE,AFFILIATE,616.14,1
SES_00005879,9,450,7,MOBILE,DIRECT,502.37,1
SES_00005880,12,588,0,DESKTOP,AFFILIATE,0.0,0
SES_00005881,32,1408,4,MOBILE,ORGANIC,1768.33,1
SES_00005882,30,480,10,TABLET,DIRECT,3397.61,0
SES_00005883,40,1480,6,MOBILE,AFFILIATE,2391.11,1
SES_00005884,3,63,0,DESKTOP,AFFILIATE,0.0,0
SES_00005885,3,66,0,TABLET,AFFILIATE,0.0,0
SES_00005886,40,2320,7,MOBILE,SOCIAL_MEDIA,1424.62,1
SES_00005887,7,350,1,TABLET,PAID_SEARCH,408.47,1
SES_00005888,31,1798,5,MOBILE,PAID_SEARCH,643.06,0
SES_00005889,12,336,10,DESKTOP,AFFILIATE,1338.04,0
SES_00005890,9,207,9,TABLET,PAID_SEARCH,1707.33,1
SES_00005891,20,1140,7,MOBILE,PAID_SEARCH,2825.01,1
SES_00005892,12,180,4,TABLET,SOCIAL_MEDIA,1644.6,1
SES_00005893,21,651,7,TABLET,SOCIAL_MEDIA,2565.61,0
SES_00005894,28,868,10,DESKTOP,AFFILIATE,4205.62,1
SES_00005895,4,124,3,MOBILE,SOCIAL_MEDIA,949.4,1
SES_00005896,16,592,0,DESKTOP,DIRECT,0.0,0
SES_00005897,42,1554,2,MOBILE,ORGANIC,252.82,1
SES_00005898,3,96,2,DESKTOP,DIRECT,838.2,1
SES_00005899,30,540,9,TABLET,SOCIAL_MEDIA,1957.34,1
SES_00005900,30,1620,6,TABLET,DIRECT,825.87,0
SES_00005901,12,276,6,TABLET,EMAIL,1515.17,1
SES_00005902,13,364,8,DESKTOP,SOCIAL_MEDIA,1420.22,0
SES_00005903,13,702,1,DESKTOP,EMAIL,146.17,1
SES_00005904,35,1050,7,TABLET,EMAIL,1671.97,1
SES_00005905,39,1092,1,TABLET,PAID_SEARCH,144.63,1
SES_00005906,12,360,2,DESKTOP,ORGANIC,861.35,1
SES_00005907,10,180,0,DESKTOP,ORGANIC,0.0,0
SES_00005908,13,351,7,TABLET,AFFILIATE,2539.07,0
SES_00005909,2,114,2,MOBILE,EMAIL,309.96,0
SES_00005910,29,609,10,MOBILE,SOCIAL_MEDIA,1141.68,1
SES_00005911,43,1720,5,MOBILE,AFFILIATE,641.62,1
SES_00005912,5,150,2,TABLET,SOCIAL_MEDIA,101.32,1
SES_00005913,45,2295,4,TABLET,SOCIAL_MEDIA,430.75,1
SES_00005914,5,185,3,TABLET,EMAIL,445.56,0
SES_00005915,20,1040,6,TABLET,ORGANIC,2570.09,1
SES_00005916,9,216,0,DESKTOP,PAID_SEARCH,0.0,0
SES_00005917,43,2494,6,TABLET,PAID_SEARCH,2473.47,1
SES_00005918,18,918,4,MOBILE,DIRECT,1087.35,1
SES_00005919,25,1375,4,DESKTOP,PAID_SEARCH,851.86,0
SES_00005920,32,896,10,MOBILE,PAID_SEARCH,3753.38,0
SES_00005921,39,1014,1,TABLET,PAID_SEARCH,88.61,1
SES_00005922,3,75,1,DESKTOP,ORGANIC,68.34,1
SES_00005923,17,850,5,TABLET,EMAIL,960.3,1
SES_00005924,8,200,4,DESKTOP,PAID_SEARCH,596.34,1
SES_00005925,44,1936,0,TABLET,ORGANIC,0.0,0
SES_00005926,17,731,1,DESKTOP,DIRECT,285.13,1
SES_00005927,32,480,3,DESKTOP,SOCIAL_MEDIA,276.89,0
SES_00005928,33,1089,10,TABLET,SOCIAL_MEDIA,818.85,1
SES_00005929,34,646,10,TABLET,EMAIL,2975.02,1
SES_00005930,11,506,1,DESKTOP,ORGANIC,88.29,1
SES_00005931,9,297,3,DESKTOP,DIRECT,904.48,0
SES_00005932,4,152,4,TABLET,DIRECT,1637.88,1
SES_00005933,12,300,3,DESKTOP,PAID_SEARCH,412.77,1
SES_00005934,23,529,8,TABLET,AFFILIATE,1290.85,1
SES_00005935,27,972,10,TABLET,ORGANIC,747.99,0
SES_00005936,35,1820,10,MOBILE,PAID_SEARCH,2296.94,1
SES_00005937,21,462,7,DESKTOP,EMAIL,1006.14,0
SES_00005938,33,1650,0,DESKTOP,ORGANIC,0.0,0
SES_00005939,9,180,9,MOBILE,ORGANIC,751.19,1
SES_00005940,1,42,0,MOBILE,AFFILIATE,0.0,0
SES_00005941,10,190,1,TABLET,EMAIL,82.96,1
SES_00005942,7,385,4,TABLET,AFFILIATE,120.64,1
SES_00005943,20,1140,6,DESKTOP,SOCIAL_MEDIA,277.68,1
SES_00005944,43,1634,0,TABLET,EMAIL,0.0,0
SES_00005945,9,522,2,MOBILE,PAID_SEARCH,777.21,1
SES_00005946,29,1508,2,MOBILE,ORGANIC,385.66,1
SES_00005947,14,252,1,MOBILE,EMAIL,344.74,1
SES_00005948,22,1188,7,MOBILE,DIRECT,1248.2,1
SES_00005949,18,306,0,DESKTOP,PAID_SEARCH,0.0,0
SES_00005950,9,378,7,MOBILE,EMAIL,568.17,1
SES_00005951,19,342,0,DESKTOP,ORGANIC,0.0,0
SES_00005952,36,1872,6,TABLET,EMAIL,2219.9,0
SES_00005953,4,204,0,TABLET,PAID_SEARCH,0.0,0
SES_00005954,24,936,4,DESKTOP,DIRECT,1510.49,1
SES_00005955,8,176,8,TABLET,EMAIL,481.79,1
SES_00005956,3,141,2,TABLET,AFFILIATE,74.75,0
SES_00005957,28,812,0,TABLET,SOCIAL_MEDIA,0.0,0
SES_00005958,16,416,6,DESKTOP,DIRECT,1130.2,1
SES_00005959,19,323,2,TABLET,ORGANIC,238.21,1
SES_00005960,30,1020,8,MOBILE,SOCIAL_MEDIA,2646.0,1
SES_00005961,31,465,8,DESKTOP,EMAIL,1887.07,0
SES_00005962,43,1763,1,MOBILE,PAID_SEARCH,95.07,0
SES_00005963,8,448,0,MOBILE,AFFILIATE,0.0,0
SES_00005964,41,1722,9,DESKTOP,PAID_SEARCH,1047.84,0
SES_00005965,10,370,1,TABLET,PAID_SEARCH,184.52,1
SES_00005966,34,1292,7,TABLET,AFFILIATE,1151.52,1
SES_00005967,41,1517,5,DESKTOP,DIRECT,999.13,1
SES_00005968,7,336,1,MOBILE,SOCIAL_MEDIA,125.43,0
SES_00005969,38,2242,4,TABLET,SOCIAL_MEDIA,1230.42,1
SES_00005970,1,55,1,DESKTOP,DIRECT,258.03,0
SES_00005971,17,850,5,TABLET,SOCIAL_MEDIA,1915.37,0
SES_00005972,38,1482,5,TABLET,PAID_SEARCH,168.04,1
SES_00005973,16,512,3,DESKTOP,DIRECT,1265.95,1
SES_00005974,8,448,7,DESKTOP,PAID_SEARCH,413.44,1
SES_00005975,8,472,3,TABLET,EMAIL,438.17,1
SES_00005976,15,615,0,DESKTOP,PAID_SEARCH,0.0,0
SES_00005977,13,234,0,MOBILE,EMAIL,0.0,0
SES_00005978,16,656,3,DESKTOP,ORGANIC,662.04,0
SES_00005979,19,836,5,DESKTOP,PAID_SEARCH,2015.74,1
SES_00005980,44,2640,8,MOBILE,DIRECT,1095.43,0
SES_00005981,2,104,2,DESKTOP,SOCIAL_MEDIA,637.57,0
SES_00005982,43,1333,10,TABLET,PAID_SEARCH,3543.33,0
SES_00005983,31,1705,2,MOBILE,PAID_SEARCH,523.54,1
SES_00005984,35,1155,10,DESKTOP,AFFILIATE,3131.51,1
SES_00005985,42,1722,8,DESKTOP,DIRECT,1861.49,1
SES_00005986,5,75,4,DESKTOP,AFFILIATE,974.88,1
SES_00005987,13,676,3,DESKTOP,AFFILIATE,1183.92,1
SES_00005988,43,1720,10,MOBILE,ORGANIC,2613.76,1
SES_00005989,6,300,2,TABLET,ORGANIC,458.97,1
SES_00005990,6,342,3,DESKTOP,SOCIAL_MEDIA,125.36,0
SES_00005991,27,486,2,TABLET,DIRECT,656.61,1
SES_00005992,11,297,9,MOBILE,PAID_SEARCH,2734.12,0
SES_00005993,30,1350,9,TABLET,EMAIL,2957.84,0
SES_00005994,26,884,9,MOBILE,EMAIL,3377.68,1
SES_00005995,26,1040,6,DESKTOP,AFFILIATE,2053.89,1
SES_00005996,19,912,9,MOBILE,SOCIAL_MEDIA,1916.91,1
SES_00005997,14,602,6,MOBILE,DIRECT,611.96,1
SES_00005998,5,260,5,MOBILE,DIRECT,1190.63,0
SES_00005999,20,960,4,TABLET,DIRECT,947.53,1
SES_00006000,16,464,5,MOBILE,PAID_SEARCH,526.35,1
SES_00006001,11,440,10,DESKTOP,SOCIAL_MEDIA,2029.65,1
SES_00006002,34,1632,5,TABLET,ORGANIC,2118.14,1
SES_00006003,5,95,0,TABLET,EMAIL,0.0,0
SES_00006004,9,522,4,TABLET,DIRECT,1508.47,1
SES_00006005,37,999,0,DESKTOP,PAID_SEARCH,0.0,0
SES_00006006,29,928,9,TABLET,PAID_SEARCH,1310.69,1
SES_00006007,35,1435,0,DESKTOP,EMAIL,0.0,0
SES_00006008,16,800,0,DESKTOP,EMAIL,0.0,0
SES_00006009,26,702,10,MOBILE,PAID_SEARCH,2659.27,1
SES_00006010,18,612,6,DESKTOP,DIRECT,2660.48,1
SES_00006011,17,952,6,MOBILE,SOCIAL_MEDIA,1220.44,0
SES_00006012,15,495,8,MOBILE,AFFILIATE,2937.8,1
SES_00006013,15,645,0,DESKTOP,SOCIAL_MEDIA,0.0,0
SES_00006014,8,472,3,DESKTOP,DIRECT,1160.06,0
SES_00006015,14,798,3,MOBILE,ORGANIC,230.35,1
SES_00006016,20,460,0,DESKTOP,AFFILIATE,0.0,0
SES_00006017,40,1960,5,MOBILE,EMAIL,532.94,1
SES_00006018,37,1665,0,TABLET,AFFILIATE,0.0,0
SES_00006019,38,608,6,MOBILE,DIRECT,1386.17,1
SES_00006020,11,396,2,DESKTOP,PAID_SEARCH,387.8,1
SES_00006021,43,1849,10,MOBILE,SOCIAL_MEDIA,2368.19,1
SES_00006022,17,459,3,TABLET,DIRECT,652.44,0
SES_00006023,2,70,1,DESKTOP,DIRECT,159.83,1
SES_00006024,16,416,6,DESKTOP,EMAIL,1241.29,1
SES_00006025,24,1080,10,TABLET,ORGANIC,2008.28,1
SES_00006026,44,1364,1,DESKTOP,EMAIL,75.77,0
SES_00006027,37,999,4,MOBILE,AFFILIATE,899.52,1
SES_00006028,39,936,0,DESKTOP,PAID_SEARCH,0.0,0
SES_00006029,31,620,3,TABLET,SOCIAL_MEDIA,189.94,1
SES_00006030,44,792,0,TABLET,ORGANIC,0.0,0
SES_00006031,34,1122,4,DESKTOP,DIRECT,1577.34,1
SES_00006032,41,1763,10,TABLET,AFFILIATE,3162.99,1
SES_00006033,41,1804,0,TABLET,SOCIAL_MEDIA,0.0,0
SES_00006034,21,966,4,TABLET,ORGANIC,1423.08,1
SES_00006035,34,1836,4,MOBILE,ORGANIC,606.02,0
SES_00006036,5,225,0,MOBILE,ORGANIC,0.0,0
SES_00006037,36,1548,7,TABLET,EMAIL,1003.12,1
SES_00006038,24,504,10,MOBILE,PAID_SEARCH,3528.31,0
SES_00006039,30,1020,0,DESKTOP,ORGANIC,0.0,0
SES_00006040,21,336,3,TABLET,EMAIL,249.99,1
SES_00006041,27,810,1,MOBILE,AFFILIATE,343.33,1
SES_00006042,43,1118,4,MOBILE,AFFILIATE,557.61,1
SES_00006043,22,902,2,TABLET,AFFILIATE,359.33,0
SES_00006044,38,1254,7,MOBILE,SOCIAL_MEDIA,520.59,1
SES_00006045,8,320,0,DESKTOP,ORGANIC,0.0,0
SES_00006046,37,1443,0,MOBILE,SOCIAL_MEDIA,0.0,0
SES_00006047,25,1400,9,MOBILE,AFFILIATE,3260.82,1
SES_00006048,32,960,10,TABLET,AFFILIATE,1811.87,1
SES_00006049,37,1887,8,MOBILE,EMAIL,869.72,1
SES_00006050,40,1680,6,MOBILE,AFFILIATE,2460.53,0
SES_00006051,36,936,2,DESKTOP,DIRECT,327.34,1
SES_00006052,24,1368,1,MOBILE,EMAIL,306.23,0
SES_00006053,12,636,9,DESKTOP,EMAIL,4042.14,1
SES_00006054,9,153,5,TABLET,DIRECT,246.33,0
SES_00006055,21,945,9,TABLET,EMAIL,387.06,1
SES_00006056,6,264,6,MOBILE,EMAIL,776.71,0
SES_00006057,33,1716,2,MOBILE,EMAIL,770.32,0
SES_00006058,28,728,7,MOBILE,AFFILIATE,2761.01,1
SES_00006059,33,1782,2,TABLET,ORGANIC,309.12,1
SES_00006060,43,1376,2,TABLET,AFFILIATE,310.92,0
SES_00006061,4,124,1,DESKTOP,AFFILIATE,204.64,1
SES_00006062,12,228,1,MOBILE,DIRECT,284.5,1
SES_00006063,36,1080,10,TABLET,AFFILIATE,567.14,1
SES_00006064,26,1222,0,TABLET,ORGANIC,0.0,0
SES_00006065,31,1767,8,TABLET,DIRECT,2898.43,1
SES_00006066,2,112,1,DESKTOP,SOCIAL_MEDIA,380.12,0
SES_00006067,41,2255,6,MOBILE,PAID_SEARCH,1507.7,1
SES_00006068,13,312,10,DESKTOP,DIRECT,984.78,1
SES_00006069,20,680,5,TABLET,EMAIL,1472.3,0
SES_00006070,30,1770,0,DESKTOP,SOCIAL_MEDIA,0.0,0
SES_00006071,29,1537,8,TABLET,DIRECT,2221.86,0
SES_00006072,39,1755,3,MOBILE,EMAIL,776.43,0
SES_00006073,26,1482,3,DESKTOP,EMAIL,476.75,1
SES_00006074,35,2100,9,MOBILE,AFFILIATE,3772.69,0
SES_00006075,34,1054,0,MOBILE,EMAIL,0.0,0
SES_00006076,30,1020,4,DESKTOP,DIRECT,1285.76,1
SES_00006077,13,364,4,TABLET,ORGANIC,411.49,0
SES_00006078,16,336,4,TABLET,AFFILIATE,361.49,1
SES_00006079,6,192,2,MOBILE,EMAIL,548.59,1
SES_00006080,11,374,4,TABLET,ORGANIC,939.56,1
SES_00006081,29,1015,3,TABLET,AFFILIATE,511.76,0
SES_00006082,18,828,5,DESKTOP,PAID_SEARCH,282.99,1
SES_00006083,1,59,0,MOBILE,ORGANIC,0.0,0
SES_00006084,43,1462,6,DESKTOP,SOCIAL_MEDIA,2260.06,1
SES_00006085,5,95,1,MOBILE,PAID_SEARCH,355.57,1
SES_00006086,39,1560,8,MOBILE,SOCIAL_MEDIA,2939.33,1
SES_00006087,6,246,0,TABLET,SOCIAL_MEDIA,0.0,0
SES_00006088,7,196,0,MOBILE,DIRECT,0.0,0
SES_00006089,10,450,0,TABLET,ORGANIC,0.0,0
SES_00006090,39,1833,6,MOBILE,SOCIAL_MEDIA,2017.15,1
SES_00006091,31,1457,10,TABLET,ORGANIC,1130.28,1
SES_00006092,25,550,9,MOBILE,SOCIAL_MEDIA,1621.18,1
SES_00006093,27,567,4,DESKTOP,AFFILIATE,1503.85,0
SES_00006094,24,504,5,MOBILE,SOCIAL_MEDIA,1761.81,1
SES_00006095,41,1476,8,MOBILE,ORGANIC,958.52,1
SES_00006096,41,1353,1,DESKTOP,ORGANIC,150.1,0
SES_00006097,2,120,1,TABLET,EMAIL,397.27,0
SES_00006098,24,600,5,MOBILE,DIRECT,1259.73,1
SES_00006099,13,299,9,TABLET,EMAIL,2421.98,0
SES_00006100,21,798,0,MOBILE,ORGANIC,0.0,0
SES_00006101,38,1748,8,TABLET,EMAIL,2248.01,1
SES_00006102,1,42,1,TABLET,PAID_SEARCH,92.02,1
SES_00006103,35,560,0,MOBILE,PAID_SEARCH,0.0,0
SES_00006104,10,320,1,MOBILE,DIRECT,297.33,1
SES_00006105,31,744,10,TABLET,PAID_SEARCH,539.27,1
SES_00006106,14,588,0,MOBILE,ORGANIC,0.0,0
SES_00006107,16,384,5,DESKTOP,ORGANIC,1857.61,1
SES_00006108,5,295,1,MOBILE,DIRECT,119.82,0
SES_00006109,27,1080,5,DESKTOP,AFFILIATE,1578.21,1
SES_00006110,45,1665,0,DESKTOP,PAID_SEARCH,0.0,0
SES_00006111,37,1184,8,TABLET,SOCIAL_MEDIA,1428.15,1
SES_00006112,2,46,0,MOBILE,ORGANIC,0.0,0
SES_00006113,36,1260,8,TABLET,AFFILIATE,2225.72,1
SES_00006114,6,240,3,DESKTOP,SOCIAL_MEDIA,418.8,1
SES_00006115,43,2365,3,MOBILE,ORGANIC,246.08,0
SES_00006116,36,2124,1,DESKTOP,PAID_SEARCH,407.4,1
SES_00006117,36,540,7,DESKTOP,ORGANIC,1201.38,0
SES_00006118,1,34,0,MOBILE,PAID_SEARCH,0.0,0
SES_00006119,30,930,1,MOBILE,ORGANIC,43.81,0
SES_00006120,31,1178,4,TABLET,SOCIAL_MEDIA,1724.86,0
SES_00006121,8,432,5,DESKTOP,AFFILIATE,315.47,1
SES_00006122,25,925,9,TABLET,SOCIAL_MEDIA,2291.67,1
SES_00006123,37,740,10,MOBILE,DIRECT,3468.02,1
SES_00006124,38,1368,7,MOBILE,EMAIL,570.42,1
SES_00006125,4,88,2,MOBILE,AFFILIATE,376.94,1
SES_00006126,30,600,3,DESKTOP,ORGANIC,1335.66,0
SES_00006127,43,2064,1,MOBILE,DIRECT,383.95,1
SES_00006128,20,300,10,DESKTOP,SOCIAL_MEDIA,3606.98,0
SES_00006129,29,928,0,MOBILE,EMAIL,0.0,0
SES_00006130,17,595,3,MOBILE,ORGANIC,251.43,1
SES_00006131,16,528,4,MOBILE,EMAIL,403.13,1
SES_00006132,11,583,0,TABLET,PAID_SEARCH,0.0,0
SES_00006133,37,962,0,DESKTOP,PAID_SEARCH,0.0,0
SES_00006134,29,435,10,MOBILE,PAID_SEARCH,1774.52,1
SES_00006135,36,972,0,TABLET,PAID_SEARCH,0.0,0
SES_00006136,9,450,6,TABLET,AFFILIATE,1115.5,0
SES_00006137,41,2337,1,TABLET,ORGANIC,443.64,1
SES_00006138,27,1323,6,MOBILE,EMAIL,2502.87,1
SES_00006139,1,19,1,TABLET,AFFILIATE,256.28,0
SES_00006140,13,234,9,DESKTOP,DIRECT,1826.23,1
SES_00006141,18,828,0,MOBILE,PAID_SEARCH,0.0,0
SES_00006142,22,682,3,MOBILE,PAID_SEARCH,882.84,1
SES_00006143,38,1482,6,DESKTOP,SOCIAL_MEDIA,957.12,1
SES_00006144,37,999,5,DESKTOP,ORGANIC,1189.34,1
SES_00006145,16,896,5,DESKTOP,DIRECT,1666.68,0
SES_00006146,2,76,1,MOBILE,EMAIL,370.6,1
SES_00006147,35,700,5,MOBILE,DIRECT,492.27,1
SES_00006148,20,860,10,TABLET,DIRECT,263.53,0
SES_00006149,44,2508,8,DESKTOP,ORGANIC,1537.33,1
SES_00006150,33,726,10,MOBILE,EMAIL,3160.71,0
SES_00006151,36,1368,7,TABLET,PAID_SEARCH,1690.38,1
SES_00006152,33,1221,3,DESKTOP,EMAIL,629.03,1
SES_00006153,8,352,3,DESKTOP,EMAIL,333.68,1
SES_00006154,23,437,4,MOBILE,AFFILIATE,1562.39,1
SES_00006155,42,2016,5,DESKTOP,SOCIAL_MEDIA,708.27,0
SES_00006156,20,840,0,TABLET,AFFILIATE,0.0,0
SES_00006157,7,140,3,TABLET,DIRECT,541.91,1
SES_00006158,24,1368,3,DESKTOP,PAID_SEARCH,884.73,0
SES_00006159,1,19,0,TABLET,AFFILIATE,0.0,0
SES_00006160,39,819,5,DESKTOP,AFFILIATE,236.9,1
SES_00006161,24,1056,4,MOBILE,AFFILIATE,1080.52,1
SES_00006162,28,700,2,TABLET,SOCIAL_MEDIA,255.34,1
SES_00006163,23,575,7,TABLET,AFFILIATE,1003.79,1
SES_00006164,26,598,8,TABLET,PAID_SEARCH,819.48,0
SES_00006165,29,1073,8,DESKTOP,SOCIAL_MEDIA,403.46,1
SES_00006166,15,315,10,MOBILE,ORGANIC,1841.91,0
SES_00006167,36,2052,1,MOBILE,EMAIL,360.17,0
SES_00006168,29,580,3,TABLET,ORGANIC,127.38,1
SES_00006169,6,138,1,DESKTOP,AFFILIATE,288.89,1
SES_00006170,37,1628,10,TABLET,EMAIL,3255.12,1
SES_00006171,11,363,6,MOBILE,SOCIAL_MEDIA,217.06,0
SES_00006172,42,2394,1,TABLET,DIRECT,76.21,1
SES_00006173,17,782,8,DESKTOP,SOCIAL_MEDIA,2291.92,1
SES_00006174,10,340,8,TABLET,ORGANIC,985.47,1
SES_00006175,3,132,0,DESKTOP,PAID_SEARCH,0.0,0
SES_00006176,20,980,0,TABLET,AFFILIATE,0.0,0
SES_00006177,42,966,6,TABLET,EMAIL,1245.71,1
SES_00006178,28,616,2,TABLET,PAID_SEARCH,619.39,0
SES_00006179,38,722,10,TABLET,DIRECT,4238.11,0
SES_00006180,7,217,7,MOBILE,AFFILIATE,1296.21,1
SES_00006181,30,1380,0,TABLET,AFFILIATE,0.0,0
SES_00006182,28,1372,2,MOBILE,SOCIAL_MEDIA,411.8,1
SES_00006183,4,68,3,DESKTOP,PAID_SEARCH,1202.63,1
SES_00006184,14,798,9,MOBILE,ORGANIC,2622.43,1
SES_00006185,4,124,2,MOBILE,ORGANIC,70.87,1
SES_00006186,33,1551,4,DESKTOP,SOCIAL_MEDIA,1660.48,1
SES_00006187,45,900,0,MOBILE,DIRECT,0.0,0
SES_00006188,22,572,4,DESKTOP,DIRECT,261.74,0
SES_00006189,36,2160,5,DESKTOP,PAID_SEARCH,260.69,0
SES_00006190,3,153,1,TABLET,EMAIL,146.36,1
SES_00006191,17,782,6,MOBILE,SOCIAL_MEDIA,299.32,1
SES_00006192,36,2088,4,MOBILE,EMAIL,449.42,1
SES_00006193,31,682,7,TABLET,SOCIAL_MEDIA,1085.61,1
SES_00006194,2,114,0,TABLET,DIRECT,0.0,0
SES_00006195,5,230,3,MOBILE,DIRECT,202.84,1
SES_00006196,40,1400,6,MOBILE,PAID_SEARCH,1865.77,0
SES_00006197,6,318,4,TABLET,SOCIAL_MEDIA,1128.7,1
SES_00006198,8,160,2,TABLET,DIRECT,273.9,1
SES_00006199,25,950,3,TABLET,ORGANIC,409.4,1
SES_00006200,32,1536,7,MOBILE,PAID_SEARCH,1193.57,1
SES_00006201,42,1932,6,MOBILE,ORGANIC,2207.15,1
SES_00006202,26,1014,8,DESKTOP,AFFILIATE,1693.47,1
SES_00006203,5,250,0,DESKTOP,ORGANIC,0.0,0
SES_00006204,21,1134,1,DESKTOP,PAID_SEARCH,217.14,1
SES_00006205,22,1232,10,TABLET,EMAIL,427.06,1
SES_00006206,19,988,0,DESKTOP,AFFILIATE,0.0,0
SES_00006207,21,840,1,TABLET,EMAIL,83.28,1
SES_00006208,16,880,10,DESKTOP,DIRECT,1387.17,1
SES_00006209,11,165,3,MOBILE,DIRECT,1228.49,1
SES_00006210,31,1178,5,MOBILE,EMAIL,437.53,1
SES_00006211,40,1880,10,DESKTOP,ORGANIC,333.37,1
SES_00006212,41,2296,8,MOBILE,ORGANIC,2169.36,1
SES_00006213,43,731,1,DESKTOP,ORGANIC,195.27,1
SES_00006214,17,816,5,MOBILE,ORGANIC,2215.26,1
SES_00006215,28,1316,4,DESKTOP,PAID_SEARCH,209.23,1
SES_00006216,28,924,1,TABLET,EMAIL,80.79,0
SES_00006217,13,325,0,TABLET,SOCIAL_MEDIA,0.0,0
SES_00006218,37,1998,10,TABLET,EMAIL,677.06,1
SES_00006219,38,1710,6,MOBILE,SOCIAL_MEDIA,782.13,0
SES_00006220,15,540,10,MOBILE,AFFILIATE,792.83,1
SES_00006221,30,600,1,MOBILE,SOCIAL_MEDIA,203.35,1
SES_00006222,32,1536,1,DESKTOP,AFFILIATE,137.84,0
SES_00006223,6,360,6,MOBILE,PAID_SEARCH,1467.43,1
SES_00006224,3,87,2,MOBILE,DIRECT,477.87,1
SES_00006225,38,2052,5,DESKTOP,AFFILIATE,1502.97,1
SES_00006226,29,1015,10,MOBILE,EMAIL,2582.88,1
SES_00006227,4,156,0,MOBILE,PAID_SEARCH,0.0,0
SES_00006228,16,688,4,MOBILE,PAID_SEARCH,344.26,1
SES_00006229,40,920,8,TABLET,ORGANIC,912.98,1
SES_00006230,22,968,10,TABLET,AFFILIATE,3325.55,1
SES_00006231,23,644,8,DESKTOP,DIRECT,2082.61,1
SES_00006232,13,624,3,DESKTOP,DIRECT,589.21,1
SES_00006233,26,1482,1,MOBILE,DIRECT,220.18,1
SES_00006234,4,152,0,TABLET,AFFILIATE,0.0,0
SES_00006235,24,1272,0,DESKTOP,SOCIAL_MEDIA,0.0,0
SES_00006236,20,920,10,DESKTOP,AFFILIATE,2318.48,1
SES_00006237,45,1350,6,DESKTOP,PAID_SEARCH,1778.74,1
SES_00006238,31,1829,0,TABLET,PAID_SEARCH,0.0,0
SES_00006239,9,342,1,DESKTOP,PAID_SEARCH,108.42,1
SES_00006240,12,540,2,MOBILE,AFFILIATE,157.07,1
SES_00006241,34,578,1,TABLET,ORGANIC,128.13,1
SES_00006242,26,728,0,MOBILE,SOCIAL_MEDIA,0.0,0
SES_00006243,23,1012,10,DESKTOP,DIRECT,3909.94,0
SES_00006244,8,120,0,TABLET,DIRECT,0.0,0
SES_00006245,17,680,7,MOBILE,DIRECT,1948.28,1
SES_00006246,36,792,6,TABLET,SOCIAL_MEDIA,2088.05,1
SES_00006247,17,595,6,TABLET,SOCIAL_MEDIA,1860.2,1
SES_00006248,14,308,7,TABLET,PAID_SEARCH,1980.6,1
SES_00006249,17,612,9,DESKTOP,DIRECT,1290.76,1
SES_00006250,18,522,10,DESKTOP,EMAIL,4030.59,1
SES_00006251,19,608,4,DESKTOP,AFFILIATE,322.95,1
SES_00006252,45,1395,7,DESKTOP,EMAIL,2840.07,1
SES_00006253,38,1406,4,MOBILE,DIRECT,682.64,0
SES_00006254,34,782,9,DESKTOP,AFFILIATE,3589.0,1
SES_00006255,8,296,5,DESKTOP,AFFILIATE,1327.31,0
SES_00006256,18,1008,7,TABLET,AFFILIATE,1003.86,0
SES_00006257,23,828,6,MOBILE,AFFILIATE,2292.8,0
SES_00006258,28,1288,0,MOBILE,EMAIL,0.0,0
SES_00006259,39,975,1,MOBILE,EMAIL,159.96,1
SES_00006260,23,575,5,DESKTOP,ORGANIC,545.7,1
SES_00006261,18,900,1,DESKTOP,SOCIAL_MEDIA,434.77,1
SES_00006262,5,150,0,MOBILE,ORGANIC,0.0,0
SES_00006263,16,560,5,DESKTOP,EMAIL,1215.18,0
SES_00006264,11,407,2,DESKTOP,AFFILIATE,494.8,1
SES_00006265,18,756,10,MOBILE,EMAIL,2252.07,1
SES_00006266,20,780,9,MOBILE,EMAIL,2337.31,1
SES_00006267,8,232,8,TABLET,ORGANIC,807.22,1
SES_00006268,42,2268,6,TABLET,SOCIAL_MEDIA,2104.98,1
SES_00006269,19,513,8,MOBILE,AFFILIATE,2212.2,0
SES_00006270,30,1800,8,DESKTOP,ORGANIC,2038.11,1
SES_00006271,28,840,7,TABLET,DIRECT,2107.27,1
SES_00006272,32,576,6,DESKTOP,DIRECT,1111.37,0
SES_00006273,16,480,7,TABLET,EMAIL,1640.79,0
SES_00006274,45,675,6,TABLET,PAID_SEARCH,880.68,1
SES_00006275,29,1479,6,TABLET,EMAIL,239.96,1
SES_00006276,29,1044,3,DESKTOP,ORGANIC,1247.96,0
SES_00006277,16,384,2,TABLET,AFFILIATE,526.55,1
SES_00006278,35,1015,6,DESKTOP,PAID_SEARCH,1469.0,1
SES_00006279,15,660,4,MOBILE,PAID_SEARCH,1142.33,1
SES_00006280,28,1008,3,DESKTOP,PAID_SEARCH,1012.02,1
SES_00006281,12,312,1,MOBILE,ORGANIC,55.23,0
SES_00006282,34,510,4,MOBILE,SOCIAL_MEDIA,1611.89,1
SES_00006283,31,1581,8,MOBILE,ORGANIC,3528.41,1
SES_00006284,16,688,3,MOBILE,DIRECT,513.38,0
SES_00006285,31,899,8,DESKTOP,PAID_SEARCH,1763.38,1
SES_00006286,22,396,9,MOBILE,ORGANIC,989.43,0
SES_00006287,3,168,2,MOBILE,ORGANIC,272.07,1
SES_00006288,3,165,2,DESKTOP,AFFILIATE,804.12,1
SES_00006289,10,490,5,MOBILE,PAID_SEARCH,1643.2,0
SES_00006290,41,2337,5,TABLET,ORGANIC,249.46,1
SES_00006291,35,2100,4,TABLET,EMAIL,322.14,0
SES_00006292,18,1026,3,TABLET,EMAIL,1180.44,1
SES_00006293,11,374,10,DESKTOP,AFFILIATE,3312.59,1
SES_00006294,41,1189,10,TABLET,ORGANIC,3044.18,1
SES_00006295,26,416,0,TABLET,AFFILIATE,0.0,0
SES_00006296,27,459,2,DESKTOP,DIRECT,352.33,0
SES_00006297,44,880,9,TABLET,SOCIAL_MEDIA,2355.1,1
SES_00006298,37,1406,4,MOBILE,ORGANIC,1276.35,1
SES_00006299,33,1485,2,MOBILE,AFFILIATE,650.56,0
SES_00006300,32,768,10,MOBILE,PAID_SEARCH,943.37,0
SES_00006301,34,1326,0,TABLET,ORGANIC,0.0,0
SES_00006302,31,713,3,TABLET,DIRECT,115.59,0
SES_00006303,8,376,7,DESKTOP,DIRECT,670.94,1
SES_00006304,23,368,8,MOBILE,PAID_SEARCH,1145.44,0
SES_00006305,38,1900,8,DESKTOP,PAID_SEARCH,413.58,1
SES_00006306,3,84,2,MOBILE,DIRECT,467.39,1
SES_00006307,3,72,3,DESKTOP,AFFILIATE,749.75,1
SES_00006308,7,406,2,DESKTOP,PAID_SEARCH,741.36,1
SES_00006309,33,594,0,MOBILE,SOCIAL_MEDIA,0.0,0
SES_00006310,39,1404,4,DESKTOP,EMAIL,618.17,0
SES_00006311,37,777,10,TABLET,PAID_SEARCH,4323.35,1
SES_00006312,28,1260,0,TABLET,SOCIAL_MEDIA,0.0,0
SES_00006313,38,1786,5,TABLET,SOCIAL_MEDIA,1257.93,1
SES_00006314,26,598,0,DESKTOP,ORGANIC,0.0,0
SES_00006315,28,1344,7,TABLET,DIRECT,368.56,0
SES_00006316,40,1600,3,TABLET,ORGANIC,823.69,0
SES_00006317,18,954,0,TABLET,PAID_SEARCH,0.0,0
SES_00006318,27,1134,0,DESKTOP,DIRECT,0.0,0
SES_00006319,16,912,5,DESKTOP,EMAIL,1910.92,1
SES_00006320,5,115,3,DESKTOP,PAID_SEARCH,458.56,0
SES_00006321,28,448,3,TABLET,SOCIAL_MEDIA,858.46,0
SES_00006322,17,595,7,DESKTOP,SOCIAL_MEDIA,2340.43,0
SES_00006323,31,558,3,MOBILE,SOCIAL_MEDIA,646.68,1
SES_00006324,2,56,0,TABLET,ORGANIC,0.0,0
SES_00006325,10,410,2,MOBILE,DIRECT,227.73,0
SES_00006326,41,697,1,DESKTOP,PAID_SEARCH,122.68,1
SES_00006327,34,578,0,DESKTOP,PAID_SEARCH,0.0,0
SES_00006328,22,1254,0,DESKTOP,DIRECT,0.0,0
SES_00006329,41,984,1,TABLET,AFFILIATE,326.3,0
SES_00006330,4,168,4,DESKTOP,SOCIAL_MEDIA,454.96,0
SES_00006331,33,1617,8,DESKTOP,AFFILIATE,3333.16,1
SES_00006332,23,1196,9,TABLET,SOCIAL_MEDIA,997.61,1
SES_00006333,29,899,3,MOBILE,DIRECT,473.26,1
SES_00006334,21,1113,3,DESKTOP,AFFILIATE,547.31,1
SES_00006335,4,136,4,DESKTOP,DIRECT,694.32,1
SES_00006336,13,468,5,MOBILE,PAID_SEARCH,791.7,0
SES_00006337,1,30,1,DESKTOP,PAID_SEARCH,384.62,1
SES_00006338,14,434,8,MOBILE,ORGANIC,1624.83,1
SES_00006339,3,177,2,DESKTOP,EMAIL,287.18,1
SES_00006340,34,1938,1,TABLET,EMAIL,95.44,1
SES_00006341,40,800,8,MOBILE,ORGANIC,628.57,1
SES_00006342,41,1722,6,TABLET,EMAIL,2137.13,1
SES_00006343,23,1311,0,MOBILE,PAID_SEARCH,0.0,0
SES_00006344,24,888,9,MOBILE,EMAIL,3809.67,1
SES_00006345,8,200,1,DESKTOP,SOCIAL_MEDIA,49.95,1
SES_00006346,26,1456,7,DESKTOP,EMAIL,2029.32,0
SES_00006347,31,1085,1,TABLET,DIRECT,143.56,1
SES_00006348,29,1740,7,DESKTOP,ORGANIC,740.34,0
SES_00006349,44,1012,2,TABLET,ORGANIC,318.61,1
SES_00006350,43,1247,7,MOBILE,EMAIL,1252.89,0
SES_00006351,38,1520,8,MOBILE,PAID_SEARCH,1779.21,1
SES_00006352,38,1938,6,MOBILE,EMAIL,1285.01,0
SES_00006353,14,238,4,DESKTOP,PAID_SEARCH,623.94,1
SES_00006354,30,600,5,DESKTOP,ORGANIC,2169.09,0
SES_00006355,15,690,2,TABLET,AFFILIATE,438.79,1
SES_00006356,14,490,7,DESKTOP,SOCIAL_MEDIA,1793.33,1
SES_00006357,17,323,7,DESKTOP,EMAIL,1412.56,0
SES_00006358,10,210,10,TABLET,EMAIL,3769.7,1
SES_00006359,13,520,1,TABLET,PAID_SEARCH,310.5,0
SES_00006360,5,250,1,TABLET,ORGANIC,122.37,1
SES_00006361,5,190,5,DESKTOP,AFFILIATE,231.13,1
SES_00006362,31,1240,4,MOBILE,SOCIAL_MEDIA,548.77,1
SES_00006363,1,55,0,MOBILE,PAID_SEARCH,0.0,0
SES_00006364,12,456,3,MOBILE,AFFILIATE,321.15,1
SES_00006365,41,1681,7,TABLET,DIRECT,2056.68,1
SES_00006366,35,1575,5,MOBILE,ORGANIC,1545.25,1
SES_00006367,38,1064,5,DESKTOP,SOCIAL_MEDIA,531.9,1
SES_00006368,11,594,8,DESKTOP,EMAIL,1175.26,1
SES_00006369,12,456,10,TABLET,SOCIAL_MEDIA,646.04,1
SES_00006370,15,555,6,TABLET,AFFILIATE,656.0,1
SES_00006371,32,1024,7,MOBILE,PAID_SEARCH,783.6,1
SES_00006372,34,1802,0,MOBILE,EMAIL,0.0,0
SES_00006373,43,1419,10,DESKTOP,SOCIAL_MEDIA,514.31,1
SES_00006374,15,900,8,TABLET,SOCIAL_MEDIA,1713.01,1
SES_00006375,15,555,8,MOBILE,SOCIAL_MEDIA,3491.04,0
SES_00006376,40,1280,10,DESKTOP,DIRECT,604.67,0
SES_00006377,4,144,3,MOBILE,ORGANIC,158.68,1
SES_00006378,28,1260,8,TABLET,AFFILIATE,2695.86,1
SES_00006379,41,2296,5,DESKTOP,AFFILIATE,728.03,1
SES_00006380,18,288,0,TABLET,PAID_SEARCH,0.0,0
SES_00006381,6,342,1,MOBILE,ORGANIC,130.46,1
SES_00006382,5,80,4,TABLET,EMAIL,207.0,1
SES_00006383,27,756,2,MOBILE,ORGANIC,531.17,0
SES_00006384,32,832,7,TABLET,DIRECT,1369.94,1
SES_00006385,33,1749,3,TABLET,PAID_SEARCH,897.42,1
SES_00006386,28,980,5,TABLET,EMAIL,1726.18,1
SES_00006387,38,1330,0,MOBILE,SOCIAL_MEDIA,0.0,0
SES_00006388,19,665,3,MOBILE,DIRECT,824.68,1
SES_00006389,21,630,6,DESKTOP,PAID_SEARCH,481.8,1
SES_00006390,35,1225,0,TABLET,AFFILIATE,0.0,0
SES_00006391,33,1716,1,DESKTOP,SOCIAL_MEDIA,263.05,1
SES_00006392,3,114,1,MOBILE,ORGANIC,54.2,1
SES_00006393,14,700,1,DESKTOP,AFFILIATE,257.18,0
SES_00006394,1,19,0,TABLET,EMAIL,0.0,0
SES_00006395,17,969,10,MOBILE,DIRECT,2723.24,1
SES_00006396,4,200,2,DESKTOP,DIRECT,326.14,1
SES_00006397,42,924,8,MOBILE,ORGANIC,2602.79,1
SES_00006398,8,264,3,MOBILE,AFFILIATE,708.78,1
SES_00006399,44,968,10,DESKTOP,PAID_SEARCH,1714.12,1
SES_00006400,14,840,0,TABLET,PAID_SEARCH,0.0,0
SES_00006401,18,306,5,TABLET,AFFILIATE,780.59,0
SES_00006402,30,1770,2,MOBILE,SOCIAL_MEDIA,379.26,1
SES_00006403,3,153,1,MOBILE,SOCIAL_MEDIA,104.19,0
SES_00006404,30,840,9,TABLET,DIRECT,3364.17,0
SES_00006405,44,1012,6,MOBILE,DIRECT,568.11,1
SES_00006406,45,1665,5,TABLET,DIRECT,1347.15,0
SES_00006407,23,1058,1,TABLET,EMAIL,290.26,1
SES_00006408,20,620,2,DESKTOP,PAID_SEARCH,527.8,1
SES_00006409,27,1296,10,DESKTOP,PAID_SEARCH,4468.95,1
SES_00006410,36,1044,6,MOBILE,DIRECT,849.0,0
SES_00006411,34,1156,1,TABLET,EMAIL,102.42,0
SES_00006412,16,864,10,DESKTOP,SOCIAL_MEDIA,821.75,1
SES_00006413,32,1344,3,TABLET,DIRECT,764.57,1
SES_00006414,36,1944,1,DESKTOP,EMAIL,373.32,1
SES_00006415,17,935,10,MOBILE,SOCIAL_MEDIA,2857.69,1
SES_00006416,16,608,4,DESKTOP,DIRECT,1137.16,1
SES_00006417,38,608,0,DESKTOP,PAID_SEARCH,0.0,0
SES_00006418,27,810,4,MOBILE,AFFILIATE,224.92,1
SES_00006419,9,243,9,MOBILE,SOCIAL_MEDIA,3209.36,1
SES_00006420,10,300,0,TABLET,PAID_SEARCH,0.0,0
SES_00006421,36,1728,5,DESKTOP,AFFILIATE,923.35,0
SES_00006422,29,1160,1,DESKTOP,AFFILIATE,47.73,1
SES_00006423,18,1080,8,MOBILE,SOCIAL_MEDIA,1639.89,1
SES_00006424,24,1056,5,DESKTOP,ORGANIC,334.93,1
SES_00006425,38,912,4,MOBILE,EMAIL,1609.99,1
SES_00006426,36,1980,5,TABLET,PAID_SEARCH,1788.55,1
SES_00006427,31,1147,7,TABLET,PAID_SEARCH,3094.63,1
SES_00006428,15,270,5,MOBILE,AFFILIATE,1565.34,0
SES_00006429,45,1395,2,DESKTOP,DIRECT,774.1,1
SES_00006430,40,2080,8,MOBILE,SOCIAL_MEDIA,2971.08,1
SES_00006431,35,2030,2,MOBILE,DIRECT,604.57,1
SES_00006432,37,1369,3,MOBILE,PAID_SEARCH,865.64,1
SES_00006433,37,1295,10,TABLET,AFFILIATE,1706.8,0
SES_00006434,15,825,0,DESKTOP,ORGANIC,0.0,0
SES_00006435,29,1595,2,DESKTOP,DIRECT,567.38,1
SES_00006436,26,520,9,MOBILE,AFFILIATE,1296.58,1
SES_00006437,38,2204,0,DESKTOP,DIRECT,0.0,0
SES_00006438,10,270,5,MOBILE,EMAIL,1476.78,1
SES_00006439,17,646,0,DESKTOP,DIRECT,0.0,0
SES_00006440,15,495,10,TABLET,SOCIAL_MEDIA,1425.67,1
SES_00006441,26,1352,8,MOBILE,PAID_SEARCH,1153.72,1
SES_00006442,38,1368,4,DESKTOP,DIRECT,299.49,0
SES_00006443,5,100,5,TABLET,SOCIAL_MEDIA,184.19,0
SES_00006444,30,1680,9,DESKTOP,AFFILIATE,417.78,1
SES_00006445,27,702,5,DESKTOP,EMAIL,1326.83,0
SES_00006446,36,972,4,DESKTOP,SOCIAL_MEDIA,1133.1,1
SES_00006447,21,546,10,TABLET,SOCIAL_MEDIA,1513.09,1
SES_00006448,30,450,3,TABLET,ORGANIC,719.53,1
SES_00006449,25,1500,9,MOBILE,ORGANIC,500.79,0
SES_00006450,37,1517,0,TABLET,ORGANIC,0.0,0
SES_00006451,17,765,7,TABLET,AFFILIATE,246.06,1
SES_00006452,2,30,0,TABLET,PAID_SEARCH,0.0,0
SES_00006453,9,396,5,DESKTOP,AFFILIATE,1411.82,1
SES_00006454,16,272,9,TABLET,SOCIAL_MEDIA,1105.96,0
SES_00006455,7,196,1,TABLET,EMAIL,99.41,0
SES_00006456,32,576,3,TABLET,PAID_SEARCH,716.74,1
SES_00006457,10,310,0,MOBILE,ORGANIC,0.0,0
SES_00006458,33,924,10,MOBILE,SOCIAL_MEDIA,2134.78,1
SES_00006459,38,722,7,TABLET,AFFILIATE,1438.03,0
SES_00006460,34,1054,8,MOBILE,PAID_SEARCH,2006.68,1
SES_00006461,6,258,3,DESKTOP,PAID_SEARCH,914.54,0
SES_00006462,26,1352,4,TABLET,PAID_SEARCH,1227.45,1
SES_00006463,25,650,1,MOBILE,ORGANIC,165.14,1
SES_00006464,8,200,5,DESKTOP,PAID_SEARCH,272.12,1
SES_00006465,4,208,0,DESKTOP,PAID_SEARCH,0.0,0
SES_00006466,38,1140,10,TABLET,ORGANIC,3790.49,0
SES_00006467,43,1634,4,TABLET,EMAIL,452.17,0
SES_00006468,38,570,0,DESKTOP,DIRECT,0.0,0
SES_00006469,30,1410,5,TABLET,PAID_SEARCH,2235.54,1
SES_00006470,41,1886,7,DESKTOP,ORGANIC,1638.67,1
SES_00006471,3,114,1,TABLET,ORGANIC,168.03,0
SES_00006472,16,784,9,MOBILE,AFFILIATE,1697.14,0
SES_00006473,30,1320,7,MOBILE,AFFILIATE,1835.7,1
SES_00006474,37,2183,7,DESKTOP,PAID_SEARCH,889.43,1
SES_00006475,26,1118,0,DESKTOP,DIRECT,0.0,0
SES_00006476,16,256,6,MOBILE,PAID_SEARCH,1811.74,1
SES_00006477,13,481,4,MOBILE,PAID_SEARCH,770.67,1
SES_00006478,45,1890,1,TABLET,SOCIAL_MEDIA,63.0,0
SES_00006479,43,1419,0,TABLET,PAID_SEARCH,0.0,0
SES_00006480,36,828,5,DESKTOP,DIRECT,1088.18,1
SES_00006481,31,806,1,DESKTOP,PAID_SEARCH,221.47,1
SES_00006482,28,1456,5,DESKTOP,SOCIAL_MEDIA,1779.3,0
SES_00006483,45,2655,5,MOBILE,ORGANIC,2084.68,1
SES_00006484,27,621,10,TABLET,SOCIAL_MEDIA,286.84,1
SES_00006485,26,1378,5,DESKTOP,EMAIL,1062.04,1
SES_00006486,16,624,4,DESKTOP,EMAIL,1641.84,1
SES_00006487,9,459,6,DESKTOP,DIRECT,2461.93,0
SES_00006488,16,576,0,MOBILE,PAID_SEARCH,0.0,0
SES_00006489,30,1350,3,TABLET,AFFILIATE,214.14,1
SES_00006490,6,198,1,DESKTOP,DIRECT,281.65,1
SES_00006491,21,1071,6,DESKTOP,PAID_SEARCH,2453.54,1
SES_00006492,10,500,8,MOBILE,ORGANIC,2786.44,1
SES_00006493,12,276,2,TABLET,ORGANIC,720.13,1
SES_00006494,30,780,3,DESKTOP,DIRECT,688.74,1
SES_00006495,9,324,8,TABLET,SOCIAL_MEDIA,2592.08,0
SES_00006496,3,102,3,TABLET,SOCIAL_MEDIA,1263.07,1
SES_00006497,45,2430,8,MOBILE,AFFILIATE,2979.17,1
SES_00006498,25,1225,0,TABLET,PAID_SEARCH,0.0,0
SES_00006499,44,1716,6,DESKTOP,ORGANIC,2046.4,1
SES_00006500,42,1344,10,DESKTOP,ORGANIC,2542.44,1
SES_00006501,6,318,5,DESKTOP,PAID_SEARCH,704.05,1
SES_00006502,37,2146,9,DESKTOP,ORGANIC,3649.74,1
SES_00006503,14,252,2,DESKTOP,ORGANIC,801.74,1
SES_00006504,13,598,10,MOBILE,AFFILIATE,573.22,1
SES_00006505,2,72,0,DESKTOP,PAID_SEARCH,0.0,0
SES_00006506,16,352,7,TABLET,EMAIL,2427.95,1
SES_00006507,35,2030,7,DESKTOP,PAID_SEARCH,2074.34,1
SES_00006508,33,759,6,TABLET,ORGANIC,786.44,1
SES_00006509,34,1904,1,DESKTOP,SOCIAL_MEDIA,256.41,1
SES_00006510,18,954,2,TABLET,ORGANIC,716.42,0
SES_00006511,25,1275,5,TABLET,ORGANIC,1268.79,0
SES_00006512,16,304,9,MOBILE,EMAIL,3893.71,1
SES_00006513,8,328,6,MOBILE,DIRECT,1878.67,1
SES_00006514,14,742,4,MOBILE,ORGANIC,493.43,1
SES_00006515,43,1548,1,TABLET,DIRECT,282.92,1
SES_00006516,34,1972,5,TABLET,ORGANIC,125.58,1
SES_00006517,39,741,8,TABLET,AFFILIATE,675.68,1
SES_00006518,19,741,5,MOBILE,DIRECT,2159.69,0
SES_00006519,18,810,8,DESKTOP,ORGANIC,3429.69,1
SES_00006520,45,1035,6,MOBILE,DIRECT,406.63,1
SES_00006521,39,1482,10,DESKTOP,PAID_SEARCH,2596.72,0
SES_00006522,25,1475,7,DESKTOP,DIRECT,1867.7,1
SES_00006523,37,1850,8,TABLET,ORGANIC,2937.94,1
SES_00006524,32,640,10,TABLET,AFFILIATE,4497.2,1
SES_00006525,11,429,8,DESKTOP,ORGANIC,298.57,0
SES_00006526,35,1400,9,MOBILE,ORGANIC,2880.35,1
SES_00006527,5,100,2,DESKTOP,ORGANIC,852.42,0
SES_00006528,35,945,1,DESKTOP,AFFILIATE,125.66,0
SES_00006529,42,1470,6,MOBILE,AFFILIATE,857.53,1
SES_00006530,7,189,3,MOBILE,PAID_SEARCH,981.14,0
SES_00006531,31,1302,10,DESKTOP,ORGANIC,4006.48,1
SES_00006532,45,1170,6,MOBILE,ORGANIC,304.28,0
SES_00006533,26,1430,7,TABLET,ORGANIC,923.96,1
SES_00006534,33,627,0,MOBILE,PAID_SEARCH,0.0,0
SES_00006535,38,1444,3,TABLET,SOCIAL_MEDIA,651.29,1
SES_00006536,7,182,4,TABLET,DIRECT,1491.28,1
SES_00006537,23,736,5,TABLET,AFFILIATE,411.72,0
SES_00006538,18,738,1,TABLET,AFFILIATE,326.56,1
SES_00006539,19,418,10,DESKTOP,ORGANIC,944.32,0
SES_00006540,26,1352,3,MOBILE,DIRECT,1088.18,1
SES_00006541,1,55,0,MOBILE,AFFILIATE,0.0,0
SES_00006542,6,324,2,TABLET,AFFILIATE,406.68,1
SES_00006543,17,731,10,MOBILE,ORGANIC,3745.14,1
SES_00006544,10,270,0,TABLET,AFFILIATE,0.0,0
SES_00006545,29,1450,10,DESKTOP,PAID_SEARCH,894.14,1
SES_00006546,14,616,10,DESKTOP,AFFILIATE,602.59,1
SES_00006547,36,1440,5,TABLET,DIRECT,2033.19,1
SES_00006548,35,1820,7,DESKTOP,EMAIL,2573.09,1
SES_00006549,11,242,0,TABLET,EMAIL,0.0,0
SES_00006550,19,703,8,TABLET,ORGANIC,839.86,0
SES_00006551,9,288,2,MOBILE,PAID_SEARCH,664.59,1
SES_00006552,21,1050,5,DESKTOP,AFFILIATE,1361.52,1
SES_00006553,3,135,1,MOBILE,PAID_SEARCH,156.5,0
SES_00006554,1,56,0,DESKTOP,PAID_SEARCH,0.0,0
SES_00006555,24,360,10,MOBILE,SOCIAL_MEDIA,3751.85,1
SES_00006556,24,1368,8,TABLET,SOCIAL_MEDIA,3199.04,1
SES_00006557,28,1092,10,TABLET,DIRECT,2272.12,1
SES_00006558,22,352,0,MOBILE,PAID_SEARCH,0.0,0
SES_00006559,16,944,4,DESKTOP,AFFILIATE,1541.71,1
SES_00006560,16,336,0,DESKTOP,AFFILIATE,0.0,0
SES_00006561,14,490,9,DESKTOP,PAID_SEARCH,2315.91,1
SES_00006562,39,1872,6,TABLET,DIRECT,1022.88,0
SES_00006563,4,208,3,MOBILE,EMAIL,1320.28,1
SES_00006564,20,600,10,MOBILE,PAID_SEARCH,1418.68,0
SES_00006565,30,1800,1,DESKTOP,EMAIL,148.59,1
SES_00006566,36,720,5,DESKTOP,PAID_SEARCH,912.8,1
SES_00006567,11,561,4,DESKTOP,DIRECT,219.2,1
SES_00006568,13,221,1,DESKTOP,ORGANIC,430.47,0
SES_00006569,14,644,3,TABLET,SOCIAL_MEDIA,1089.72,1
SES_00006570,19,1140,10,DESKTOP,SOCIAL_MEDIA,3289.3,1
SES_00006571,45,2205,8,DESKTOP,SOCIAL_MEDIA,570.89,1
SES_00006572,28,1344,4,DESKTOP,SOCIAL_MEDIA,1689.76,0
SES_00006573,33,1188,9,MOBILE,SOCIAL_MEDIA,676.55,1
SES_00006574,10,350,7,DESKTOP,DIRECT,1156.9,1
SES_00006575,30,960,1,MOBILE,PAID_SEARCH,329.8,1
SES_00006576,28,896,3,DESKTOP,PAID_SEARCH,884.14,1
SES_00006577,20,500,5,DESKTOP,ORGANIC,2046.5,1
SES_00006578,3,66,3,MOBILE,AFFILIATE,109.32,1
SES_00006579,40,680,2,MOBILE,EMAIL,218.95,1
SES_00006580,35,1645,4,DESKTOP,ORGANIC,1117.19,1
SES_00006581,37,1184,5,DESKTOP,ORGANIC,1653.08,1
SES_00006582,12,564,3,MOBILE,ORGANIC,865.25,1
SES_00006583,25,425,3,DESKTOP,ORGANIC,558.94,1
SES_00006584,18,306,9,TABLET,PAID_SEARCH,1615.96,1
SES_00006585,29,1131,4,TABLET,SOCIAL_MEDIA,1129.29,1
SES_00006586,20,380,6,TABLET,SOCIAL_MEDIA,974.01,0
SES_00006587,5,90,0,MOBILE,EMAIL,0.0,0
SES_00006588,37,2035,0,TABLET,ORGANIC,0.0,0
SES_00006589,7,406,0,MOBILE,ORGANIC,0.0,0
SES_00006590,24,1056,0,MOBILE,ORGANIC,0.0,0
SES_00006591,35,1785,0,TABLET,PAID_SEARCH,0.0,0
SES_00006592,27,1377,1,TABLET,PAID_SEARCH,397.99,1
SES_00006593,20,640,5,MOBILE,SOCIAL_MEDIA,519.29,1
SES_00006594,30,1710,6,MOBILE,AFFILIATE,2468.12,1
SES_00006595,1,24,0,MOBILE,EMAIL,0.0,0
SES_00006596,19,646,2,TABLET,PAID_SEARCH,94.27,0
SES_00006597,24,1416,2,TABLET,AFFILIATE,877.24,0
SES_00006598,28,1680,8,TABLET,DIRECT,781.15,1
SES_00006599,34,1088,3,DESKTOP,DIRECT,776.76,1
SES_00006600,13,559,4,MOBILE,PAID_SEARCH,1680.48,1
SES_00006601,30,480,7,DESKTOP,PAID_SEARCH,1316.85,0
SES_00006602,17,510,10,TABLET,PAID_SEARCH,1079.13,1
SES_00006603,22,660,7,TABLET,SOCIAL_MEDIA,3113.38,1
SES_00006604,24,744,0,DESKTOP,SOCIAL_MEDIA,0.0,0
SES_00006605,36,1116,4,DESKTOP,SOCIAL_MEDIA,1075.01,0
SES_00006606,30,1800,3,DESKTOP,EMAIL,82.53,1
SES_00006607,30,1020,0,TABLET,DIRECT,0.0,0
SES_00006608,42,1344,5,MOBILE,SOCIAL_MEDIA,229.52,0
SES_00006609,10,210,4,TABLET,DIRECT,1150.49,1
SES_00006610,37,2183,4,TABLET,DIRECT,372.15,1
SES_00006611,15,420,6,TABLET,PAID_SEARCH,1302.13,1
SES_00006612,42,1806,3,DESKTOP,PAID_SEARCH,383.94,1
SES_00006613,22,704,1,TABLET,ORGANIC,138.33,0
SES_00006614,19,323,4,DESKTOP,DIRECT,954.64,0
SES_00006615,32,1024,1,DESKTOP,AFFILIATE,144.21,1
SES_00006616,32,768,4,TABLET,SOCIAL_MEDIA,1112.94,1
SES_00006617,20,460,3,TABLET,SOCIAL_MEDIA,1313.37,0
SES_00006618,26,1456,8,TABLET,AFFILIATE,842.07,1
SES_00006619,39,2106,6,MOBILE,DIRECT,1067.45,0
SES_00006620,38,1368,6,TABLET,PAID_SEARCH,1199.44,0
SES_00006621,24,528,6,DESKTOP,SOCIAL_MEDIA,1764.11,1
SES_00006622,34,1972,10,DESKTOP,ORGANIC,1083.58,1
SES_00006623,24,1416,9,TABLET,PAID_SEARCH,3332.17,1
SES_00006624,20,1160,10,TABLET,ORGANIC,3968.37,0
SES_00006625,31,1333,7,MOBILE,ORGANIC,316.26,1
SES_00006626,33,1881,7,TABLET,ORGANIC,208.05,0
SES_00006627,22,1166,8,TABLET,DIRECT,2818.51,1
SES_00006628,31,558,3,MOBILE,AFFILIATE,154.29,1
SES_00006629,9,162,0,TABLET,EMAIL,0.0,0
SES_00006630,5,255,2,DESKTOP,AFFILIATE,596.06,1
SES_00006631,28,896,7,TABLET,SOCIAL_MEDIA,2976.47,1
SES_00006632,2,56,0,MOBILE,ORGANIC,0.0,0
SES_00006633,7,406,3,TABLET,EMAIL,1263.65,0
SES_00006634,2,58,1,MOBILE,AFFILIATE,152.61,1
SES_00006635,35,1890,5,MOBILE,DIRECT,1096.46,0
SES_00006636,44,1936,1,DESKTOP,PAID_SEARCH,269.01,1
SES_00006637,37,1147,4,MOBILE,PAID_SEARCH,965.89,0
SES_00006638,33,858,10,MOBILE,SOCIAL_MEDIA,3110.42,0
SES_00006639,3,123,2,DESKTOP,SOCIAL_MEDIA,516.7,1
SES_00006640,7,231,7,MOBILE,ORGANIC,575.61,1
SES_00006641,30,1230,9,DESKTOP,AFFILIATE,1271.87,1
SES_00006642,16,688,5,MOBILE,PAID_SEARCH,1253.56,1
SES_00006643,12,180,7,TABLET,PAID_SEARCH,2144.71,1
SES_00006644,16,752,5,DESKTOP,EMAIL,840.69,1
SES_00006645,13,403,6,TABLET,SOCIAL_MEDIA,299.99,1
SES_00006646,19,513,9,MOBILE,PAID_SEARCH,2332.36,0
SES_00006647,25,900,5,MOBILE,PAID_SEARCH,977.85,1
SES_00006648,25,1150,3,MOBILE,EMAIL,926.49,1
SES_00006649,38,1254,7,DESKTOP,PAID_SEARCH,2965.16,1
SES_00006650,36,1980,2,MOBILE,AFFILIATE,721.0,1
SES_00006651,38,2166,2,DESKTOP,ORGANIC,430.53,0
SES_00006652,1,59,1,TABLET,ORGANIC,255.81,1
SES_00006653,13,377,10,MOBILE,SOCIAL_MEDIA,3201.93,1
SES_00006654,8,312,4,DESKTOP,DIRECT,1011.77,1
SES_00006655,24,1056,3,TABLET,PAID_SEARCH,448.13,0
SES_00006656,32,1184,10,TABLET,AFFILIATE,3180.62,0
SES_00006657,21,756,4,DESKTOP,DIRECT,1289.59,0
SES_00006658,43,1032,4,MOBILE,EMAIL,886.67,1
SES_00006659,31,1364,9,DESKTOP,EMAIL,3963.29,1
SES_00006660,35,1995,0,TABLET,SOCIAL_MEDIA,0.0,0
SES_00006661,32,896,5,MOBILE,EMAIL,1895.5,1
SES_00006662,2,116,1,DESKTOP,SOCIAL_MEDIA,259.21,1
SES_00006663,9,144,6,TABLET,ORGANIC,313.67,1
SES_00006664,43,1419,10,MOBILE,EMAIL,1815.85,0
SES_00006665,44,1364,0,DESKTOP,EMAIL,0.0,0
SES_00006666,21,945,5,TABLET,SOCIAL_MEDIA,1431.14,1
SES_00006667,12,504,0,TABLET,SOCIAL_MEDIA,0.0,0
SES_00006668,18,504,9,DESKTOP,EMAIL,3479.78,1
SES_00006669,6,324,6,TABLET,DIRECT,2422.14,1
SES_00006670,34,1734,3,TABLET,PAID_SEARCH,344.78,1
SES_00006671,43,1505,8,DESKTOP,DIRECT,405.9,1
SES_00006672,15,765,10,TABLET,PAID_SEARCH,2689.75,1
SES_00006673,35,665,3,MOBILE,SOCIAL_MEDIA,873.8,1
SES_00006674,31,1705,5,TABLET,ORGANIC,1251.96,1
SES_00006675,9,135,7,MOBILE,SOCIAL_MEDIA,2308.66,0
SES_00006676,19,285,9,MOBILE,SOCIAL_MEDIA,2753.09,1
SES_00006677,9,396,2,TABLET,DIRECT,329.62,1
SES_00006678,31,837,0,TABLET,PAID_SEARCH,0.0,0
SES_00006679,16,912,7,MOBILE,AFFILIATE,1966.88,1
SES_00006680,23,1104,2,DESKTOP,DIRECT,741.38,0
SES_00006681,11,363,8,DESKTOP,SOCIAL_MEDIA,2166.48,1
SES_00006682,18,738,7,TABLET,PAID_SEARCH,1419.4,0
SES_00006683,45,1035,2,MOBILE,DIRECT,472.94,1
SES_00006684,31,465,3,DESKTOP,ORGANIC,1333.55,0
SES_00006685,25,1400,0,TABLET,PAID_SEARCH,0.0,0
SES_00006686,28,1232,5,MOBILE,DIRECT,1667.69,1
SES_00006687,1,17,0,MOBILE,ORGANIC,0.0,0
SES_00006688,13,598,0,DESKTOP,ORGANIC,0.0,0
SES_00006689,33,1188,9,TABLET,AFFILIATE,3711.45,0
SES_00006690,39,1209,5,MOBILE,EMAIL,191.19,1
SES_00006691,31,899,8,TABLET,AFFILIATE,634.61,0
SES_00006692,6,336,4,MOBILE,SOCIAL_MEDIA,1690.93,1
SES_00006693,17,901,9,MOBILE,DIRECT,2385.73,0
SES_00006694,2,80,2,DESKTOP,EMAIL,868.91,1
SES_00006695,12,624,3,DESKTOP,AFFILIATE,830.78,1
SES_00006696,29,464,0,DESKTOP,SOCIAL_MEDIA,0.0,0
SES_00006697,40,2280,3,MOBILE,SOCIAL_MEDIA,1218.71,1
SES_00006698,22,924,5,TABLET,AFFILIATE,365.92,0
SES_00006699,39,1989,5,MOBILE,AFFILIATE,1579.99,1
SES_00006700,14,434,3,TABLET,AFFILIATE,232.78,1
SES_00006701,23,1265,1,TABLET,ORGANIC,411.31,1
SES_00006702,19,1083,0,TABLET,PAID_SEARCH,0.0,0
SES_00006703,4,236,1,DESKTOP,ORGANIC,49.08,0
SES_00006704,9,162,6,DESKTOP,AFFILIATE,2639.21,1
SES_00006705,14,378,8,DESKTOP,EMAIL,2934.36,1
SES_00006706,43,2064,9,DESKTOP,AFFILIATE,474.34,1
SES_00006707,19,1007,9,TABLET,DIRECT,3586.58,1
SES_00006708,9,387,8,MOBILE,DIRECT,2794.57,0
SES_00006709,22,330,8,MOBILE,EMAIL,468.89,1
SES_00006710,6,138,4,MOBILE,PAID_SEARCH,689.04,0
SES_00006711,19,665,5,TABLET,SOCIAL_MEDIA,1472.01,1
SES_00006712,37,629,4,TABLET,EMAIL,597.41,1
SES_00006713,9,207,0,MOBILE,PAID_SEARCH,0.0,0
SES_00006714,39,1755,5,TABLET,PAID_SEARCH,375.52,0
SES_00006715,45,2205,0,TABLET,PAID_SEARCH,0.0,0
SES_00006716,26,858,2,DESKTOP,DIRECT,774.85,0
SES_00006717,12,588,7,TABLET,PAID_SEARCH,2577.77,1
SES_00006718,17,612,10,DESKTOP,AFFILIATE,3920.95,1
SES_00006719,26,754,5,TABLET,ORGANIC,1735.9,1
SES_00006720,18,468,6,TABLET,DIRECT,2117.05,0
SES_00006721,15,225,6,TABLET,DIRECT,1232.95,1
SES_00006722,6,96,5,DESKTOP,ORGANIC,1995.16,1
SES_00006723,45,1755,4,TABLET,DIRECT,1163.04,1
SES_00006724,13,559,4,MOBILE,AFFILIATE,1675.67,1
SES_00006725,16,368,5,TABLET,PAID_SEARCH,2197.32,1
SES_00006726,40,1000,8,TABLET,DIRECT,837.21,0
SES_00006727,15,405,7,TABLET,ORGANIC,1469.03,1
SES_00006728,7,203,2,MOBILE,PAID_SEARCH,382.37,1
SES_00006729,45,1350,10,MOBILE,AFFILIATE,573.28,1
SES_00006730,26,676,4,DESKTOP,EMAIL,144.28,1
SES_00006731,21,672,6,DESKTOP,AFFILIATE,1747.9,1
SES_00006732,23,1196,10,TABLET,EMAIL,2768.86,1
SES_00006733,29,1276,8,TABLET,AFFILIATE,1006.55,0
SES_00006734,40,1600,4,MOBILE,AFFILIATE,1365.08,0
SES_00006735,30,690,1,TABLET,AFFILIATE,218.51,1
SES_00006736,38,2052,5,DESKTOP,SOCIAL_MEDIA,1368.54,1
SES_00006737,28,476,5,DESKTOP,ORGANIC,1073.04,1
SES_00006738,29,609,2,TABLET,EMAIL,436.67,1
SES_00006739,9,540,9,MOBILE,PAID_SEARCH,2545.72,0
SES_00006740,6,234,1,DESKTOP,EMAIL,191.79,1
SES_00006741,24,1152,8,DESKTOP,EMAIL,2918.29,1
SES_00006742,5,200,2,DESKTOP,ORGANIC,555.13,1
SES_00006743,4,132,4,MOBILE,DIRECT,483.64,1
SES_00006744,44,1100,5,TABLET,SOCIAL_MEDIA,1271.99,1
SES_00006745,41,2337,10,DESKTOP,ORGANIC,2618.61,0
SES_00006746,27,837,1,MOBILE,PAID_SEARCH,228.65,1
SES_00006747,39,1833,7,MOBILE,ORGANIC,3035.1,1
SES_00006748,21,315,10,DESKTOP,DIRECT,1597.58,1
SES_00006749,26,442,3,MOBILE,EMAIL,427.7,0
SES_00006750,15,495,4,TABLET,ORGANIC,391.88,1
SES_00006751,28,924,1,DESKTOP,ORGANIC,35.96,1
SES_00006752,16,576,0,DESKTOP,SOCIAL_MEDIA,0.0,0
SES_00006753,1,27,1,MOBILE,DIRECT,60.32,1
SES_00006754,9,396,5,DESKTOP,SOCIAL_MEDIA,1777.27,1
SES_00006755,17,850,7,DESKTOP,PAID_SEARCH,692.37,1
SES_00006756,6,162,5,MOBILE,DIRECT,1856.05,0
SES_00006757,24,360,8,DESKTOP,EMAIL,1885.28,0
SES_00006758,3,114,1,DESKTOP,PAID_SEARCH,373.59,1
SES_00006759,8,432,7,MOBILE,AFFILIATE,1726.72,1
SES_00006760,18,972,1,TABLET,SOCIAL_MEDIA,264.88,1
SES_00006761,25,725,5,TABLET,PAID_SEARCH,2057.34,1
SES_00006762,35,735,1,MOBILE,EMAIL,372.84,1
SES_00006763,30,1350,5,TABLET,EMAIL,2065.23,1
SES_00006764,7,133,4,DESKTOP,PAID_SEARCH,1423.62,1
SES_00006765,43,1849,2,MOBILE,PAID_SEARCH,131.45,0
SES_00006766,20,700,9,MOBILE,ORGANIC,3017.7,1
SES_00006767,5,270,1,TABLET,AFFILIATE,359.09,1
SES_00006768,40,1880,10,TABLET,SOCIAL_MEDIA,4478.7,1
SES_00006769,17,850,0,MOBILE,DIRECT,0.0,0
SES_00006770,15,540,1,MOBILE,PAID_SEARCH,151.56,1
SES_00006771,42,2436,6,TABLET,AFFILIATE,1839.94,0
SES_00006772,27,1134,3,DESKTOP,SOCIAL_MEDIA,330.07,1
SES_00006773,42,1386,1,TABLET,AFFILIATE,262.08,1
SES_00006774,2,114,1,TABLET,PAID_SEARCH,338.27,0
SES_00006775,43,1935,4,DESKTOP,AFFILIATE,506.29,0
SES_00006776,17,969,0,TABLET,AFFILIATE,0.0,0
SES_00006777,4,196,0,TABLET,ORGANIC,0.0,0
SES_00006778,33,1782,7,MOBILE,AFFILIATE,1543.72,0
SES_00006779,2,74,2,TABLET,AFFILIATE,161.77,1
SES_00006780,33,1452,9,TABLET,ORGANIC,2159.87,1
SES_00006781,10,470,5,TABLET,PAID_SEARCH,292.89,1
SES_00006782,42,2352,1,DESKTOP,AFFILIATE,262.38,1
SES_00006783,7,322,3,DESKTOP,DIRECT,896.04,1
SES_00006784,40,1840,0,DESKTOP,EMAIL,0.0,0
SES_00006785,9,504,6,TABLET,DIRECT,2310.5,1
SES_00006786,6,234,0,TABLET,DIRECT,0.0,0
SES_00006787,27,945,3,MOBILE,EMAIL,427.75,1
SES_00006788,38,912,1,DESKTOP,SOCIAL_MEDIA,352.08,1
SES_00006789,40,1800,2,TABLET,DIRECT,405.52,1
SES_00006790,37,1924,2,TABLET,SOCIAL_MEDIA,790.2,1
SES_00006791,20,340,8,TABLET,DIRECT,215.52,0
SES_00006792,28,756,7,TABLET,DIRECT,2219.42,0
SES_00006793,19,988,10,MOBILE,SOCIAL_MEDIA,4100.21,1
SES_00006794,33,495,6,DESKTOP,DIRECT,780.83,1
SES_00006795,2,120,2,MOBILE,ORGANIC,156.66,1
SES_00006796,39,2262,8,DESKTOP,PAID_SEARCH,1308.72,1
SES_00006797,1,60,0,DESKTOP,DIRECT,0.0,0
SES_00006798,21,756,3,DESKTOP,AFFILIATE,939.32,1
SES_00006799,5,265,4,DESKTOP,SOCIAL_MEDIA,170.08,0
SES_00006800,26,702,5,MOBILE,PAID_SEARCH,1391.9,0
SES_00006801,17,816,5,DESKTOP,DIRECT,158.42,0
SES_00006802,21,399,3,MOBILE,PAID_SEARCH,285.33,1
SES_00006803,19,855,0,TABLET,PAID_SEARCH,0.0,0
SES_00006804,11,418,6,TABLET,EMAIL,2262.72,0
SES_00006805,22,528,8,MOBILE,EMAIL,895.98,1
SES_00006806,24,768,0,DESKTOP,SOCIAL_MEDIA,0.0,0
SES_00006807,23,552,1,TABLET,EMAIL,197.93,1
SES_00006808,5,235,4,MOBILE,SOCIAL_MEDIA,1106.56,1
SES_00006809,10,380,4,MOBILE,AFFILIATE,903.57,1
SES_00006810,44,1936,2,TABLET,ORGANIC,572.66,1
SES_00006811,40,720,2,MOBILE,DIRECT,717.92,0
SES_00006812,11,319,2,TABLET,DIRECT,122.9,1
SES_00006813,2,114,0,TABLET,AFFILIATE,0.0,0
SES_00006814,11,176,10,TABLET,PAID_SEARCH,1129.17,1
SES_00006815,41,1107,5,TABLET,PAID_SEARCH,1893.42,1
SES_00006816,43,1505,10,MOBILE,ORGANIC,2204.26,1
SES_00006817,20,680,0,TABLET,DIRECT,0.0,0
SES_00006818,19,627,4,MOBILE,ORGANIC,665.62,0
SES_00006819,34,714,3,TABLET,DIRECT,881.29,1
SES_00006820,6,210,6,DESKTOP,ORGANIC,2367.13,1
SES_00006821,29,899,8,MOBILE,DIRECT,2317.97,1
SES_00006822,4,152,1,DESKTOP,DIRECT,234.11,0
SES_00006823,6,276,1,TABLET,SOCIAL_MEDIA,308.77,1
SES_00006824,25,1300,9,MOBILE,PAID_SEARCH,474.06,1
SES_00006825,37,1184,0,MOBILE,AFFILIATE,0.0,0
SES_00006826,43,1333,1,DESKTOP,SOCIAL_MEDIA,334.58,1
SES_00006827,17,544,4,DESKTOP,EMAIL,508.99,0
SES_00006828,39,2106,10,TABLET,SOCIAL_MEDIA,1330.86,0
SES_00006829,37,1739,8,DESKTOP,SOCIAL_MEDIA,1363.19,1
SES_00006830,4,76,1,DESKTOP,AFFILIATE,133.33,1
SES_00006831,18,486,8,DESKTOP,PAID_SEARCH,1213.35,1
SES_00006832,13,234,10,TABLET,ORGANIC,4377.39,1
SES_00006833,41,2173,8,TABLET,DIRECT,885.18,1
SES_00006834,5,175,3,TABLET,EMAIL,113.9,0
SES_00006835,41,2132,10,MOBILE,EMAIL,2121.61,0
SES_00006836,17,1003,4,TABLET,AFFILIATE,1420.2,1
SES_00006837,1,23,0,DESKTOP,DIRECT,0.0,0
SES_00006838,30,1770,0,MOBILE,PAID_SEARCH,0.0,0
SES_00006839,34,1768,6,DESKTOP,SOCIAL_MEDIA,292.35,0
SES_00006840,44,1716,4,MOBILE,SOCIAL_MEDIA,712.58,0
SES_00006841,29,1131,10,TABLET,ORGANIC,2605.32,0
SES_00006842,45,1845,6,MOBILE,DIRECT,601.87,1
SES_00006843,32,800,10,TABLET,EMAIL,2492.34,1
SES_00006844,24,624,9,TABLET,ORGANIC,2823.52,1
SES_00006845,1,50,1,DESKTOP,SOCIAL_MEDIA,251.02,1
SES_00006846,44,1232,1,MOBILE,SOCIAL_MEDIA,402.0,1
SES_00006847,15,720,0,MOBILE,EMAIL,0.0,0
SES_00006848,45,2520,2,DESKTOP,SOCIAL_MEDIA,418.74,1
SES_00006849,8,240,7,TABLET,AFFILIATE,1879.62,1
SES_00006850,20,380,8,TABLET,EMAIL,3044.6,0
SES_00006851,34,1938,0,TABLET,PAID_SEARCH,0.0,0
SES_00006852,9,180,2,MOBILE,PAID_SEARCH,62.79,1
SES_00006853,45,2070,8,MOBILE,EMAIL,934.96,1
SES_00006854,20,820,6,MOBILE,SOCIAL_MEDIA,2500.43,1
SES_00006855,26,676,2,TABLET,DIRECT,382.77,0
SES_00006856,31,1240,9,TABLET,ORGANIC,860.51,1
SES_00006857,34,1938,10,MOBILE,ORGANIC,835.09,0
SES_00006858,9,522,3,MOBILE,PAID_SEARCH,1105.57,1
SES_00006859,37,888,1,TABLET,SOCIAL_MEDIA,229.65,1
SES_00006860,34,1904,10,DESKTOP,ORGANIC,2891.32,0
SES_00006861,30,660,3,MOBILE,ORGANIC,1219.75,1
SES_00006862,24,864,2,DESKTOP,DIRECT,580.04,1
SES_00006863,29,1537,5,TABLET,SOCIAL_MEDIA,1387.87,1
SES_00006864,12,240,4,DESKTOP,SOCIAL_MEDIA,571.36,0
SES_00006865,7,294,2,DESKTOP,EMAIL,824.23,1
SES_00006866,44,1848,2,DESKTOP,DIRECT,247.67,1
SES_00006867,30,1410,5,TABLET,PAID_SEARCH,591.88,1
SES_00006868,13,208,7,MOBILE,ORGANIC,1866.9,1
SES_00006869,4,168,4,MOBILE,SOCIAL_MEDIA,700.39,1
SES_00006870,21,546,3,MOBILE,AFFILIATE,693.99,1
SES_00006871,13,767,2,TABLET,DIRECT,636.02,1
SES_00006872,10,340,8,TABLET,PAID_SEARCH,2813.81,1
SES_00006873,24,1272,9,MOBILE,ORGANIC,3319.77,1
SES_00006874,34,2006,4,MOBILE,AFFILIATE,665.64,0
SES_00006875,36,720,1,DESKTOP,PAID_SEARCH,182.84,0
SES_00006876,32,672,2,MOBILE,PAID_SEARCH,74.75,1
SES_00006877,1,47,1,MOBILE,EMAIL,46.71,0
SES_00006878,44,660,0,MOBILE,DIRECT,0.0,0
SES_00006879,5,185,1,TABLET,AFFILIATE,267.5,0
SES_00006880,45,2115,4,DESKTOP,ORGANIC,643.82,1
SES_00006881,18,468,3,DESKTOP,ORGANIC,118.22,1
SES_00006882,18,486,0,MOBILE,EMAIL,0.0,0
SES_00006883,16,528,10,DESKTOP,DIRECT,3624.53,1
SES_00006884,27,1350,9,MOBILE,ORGANIC,3106.32,1
SES_00006885,34,1224,3,MOBILE,DIRECT,541.86,1
SES_00006886,6,288,2,TABLET,SOCIAL_MEDIA,375.35,0
SES_00006887,12,396,1,DESKTOP,AFFILIATE,54.81,1
SES_00006888,31,1178,6,TABLET,SOCIAL_MEDIA,390.92,0
SES_00006889,19,1026,7,MOBILE,SOCIAL_MEDIA,480.39,0
SES_00006890,27,1566,7,MOBILE,PAID_SEARCH,2290.52,1
SES_00006891,10,570,4,TABLET,EMAIL,451.57,1
SES_00006892,16,528,1,DESKTOP,AFFILIATE,208.28,1
SES_00006893,16,656,8,TABLET,PAID_SEARCH,607.01,0
SES_00006894,33,1782,1,DESKTOP,SOCIAL_MEDIA,259.56,1
SES_00006895,7,385,5,TABLET,ORGANIC,1897.29,1
SES_00006896,15,870,3,MOBILE,EMAIL,153.38,1
SES_00006897,13,195,3,DESKTOP,DIRECT,447.36,0
SES_00006898,3,153,2,MOBILE,AFFILIATE,738.53,0
SES_00006899,22,880,5,MOBILE,AFFILIATE,216.13,0
SES_00006900,44,704,6,MOBILE,SOCIAL_MEDIA,2044.55,1
SES_00006901,23,621,3,TABLET,AFFILIATE,702.59,0
SES_00006902,42,1554,2,TABLET,PAID_SEARCH,640.01,0
SES_00006903,33,1023,9,TABLET,ORGANIC,667.13,1
SES_00006904,29,1276,7,DESKTOP,EMAIL,2791.33,1
SES_00006905,36,1152,3,MOBILE,AFFILIATE,554.35,1
SES_00006906,25,1075,4,TABLET,AFFILIATE,833.81,1
SES_00006907,38,1520,3,TABLET,PAID_SEARCH,309.33,1
SES_00006908,9,279,4,TABLET,EMAIL,889.65,1
SES_00006909,2,44,0,DESKTOP,ORGANIC,0.0,0
SES_00006910,1,22,1,DESKTOP,DIRECT,47.3,1
SES_00006911,43,1032,9,DESKTOP,AFFILIATE,2737.18,1
SES_00006912,26,1560,3,TABLET,PAID_SEARCH,884.37,1
SES_00006913,18,360,5,TABLET,EMAIL,473.14,1
SES_00006914,16,672,10,TABLET,DIRECT,803.97,1
SES_00006915,37,592,7,DESKTOP,PAID_SEARCH,1366.14,1
SES_00006916,43,1634,2,DESKTOP,EMAIL,66.82,0
SES_00006917,17,680,8,MOBILE,DIRECT,2569.48,0
SES_00006918,10,460,10,MOBILE,EMAIL,1712.25,1
SES_00006919,20,1100,4,TABLET,AFFILIATE,163.35,1
SES_00006920,29,1305,3,DESKTOP,EMAIL,598.58,0
SES_00006921,17,544,1,MOBILE,ORGANIC,138.41,1
SES_00006922,11,407,6,TABLET,EMAIL,238.88,0
SES_00006923,29,1334,8,TABLET,AFFILIATE,918.56,1
SES_00006924,5,175,4,DESKTOP,SOCIAL_MEDIA,1383.68,1
SES_00006925,27,1242,3,DESKTOP,DIRECT,352.0,0
SES_00006926,9,333,8,TABLET,ORGANIC,812.9,1
SES_00006927,7,399,1,DESKTOP,ORGANIC,334.59,1
SES_00006928,6,228,2,MOBILE,AFFILIATE,227.4,0
SES_00006929,36,792,10,DESKTOP,PAID_SEARCH,2066.97,1
SES_00006930,16,704,9,DESKTOP,PAID_SEARCH,3612.76,1
SES_00006931,2,84,2,TABLET,SOCIAL_MEDIA,768.08,1
SES_00006932,21,1260,5,MOBILE,ORGANIC,1563.65,1
SES_00006933,24,672,10,TABLET,DIRECT,3388.19,1
SES_00006934,9,450,6,DESKTOP,ORGANIC,2137.73,1
SES_00006935,15,720,0,MOBILE,EMAIL,0.0,0
SES_00006936,18,468,0,MOBILE,SOCIAL_MEDIA,0.0,0
SES_00006937,27,1431,8,MOBILE,SOCIAL_MEDIA,3179.57,1
SES_00006938,26,650,2,TABLET,ORGANIC,794.02,0
SES_00006939,26,1456,3,TABLET,EMAIL,641.51,1
SES_00006940,3,87,0,MOBILE,EMAIL,0.0,0
SES_00006941,23,1380,5,DESKTOP,ORGANIC,831.97,0
SES_00006942,20,1120,3,MOBILE,PAID_SEARCH,916.78,1
SES_00006943,16,352,8,MOBILE,SOCIAL_MEDIA,1312.01,1
SES_00006944,17,697,8,MOBILE,AFFILIATE,2101.78,1
SES_00006945,34,918,10,DESKTOP,PAID_SEARCH,1342.68,0
SES_00006946,13,728,8,TABLET,SOCIAL_MEDIA,1920.48,0
SES_00006947,42,2352,3,DESKTOP,PAID_SEARCH,1192.49,0
SES_00006948,21,1113,6,MOBILE,DIRECT,2565.52,1
SES_00006949,9,495,2,MOBILE,SOCIAL_MEDIA,124.59,1
SES_00006950,21,1134,2,DESKTOP,EMAIL,568.68,1
SES_00006951,23,1081,1,DESKTOP,SOCIAL_MEDIA,160.84,1
SES_00006952,38,684,9,DESKTOP,EMAIL,2056.66,1
SES_00006953,32,1856,1,DESKTOP,SOCIAL_MEDIA,73.19,1
SES_00006954,17,340,5,DESKTOP,SOCIAL_MEDIA,297.52,1
SES_00006955,6,96,2,DESKTOP,AFFILIATE,227.2,1
SES_00006956,37,1739,3,TABLET,ORGANIC,879.48,1
SES_00006957,12,360,4,TABLET,PAID_SEARCH,1012.12,1
SES_00006958,32,1792,1,MOBILE,AFFILIATE,129.76,1
SES_00006959,27,1053,10,DESKTOP,PAID_SEARCH,1840.33,1
SES_00006960,43,2236,7,TABLET,AFFILIATE,2717.21,0
SES_00006961,16,352,8,TABLET,AFFILIATE,1630.91,1
SES_00006962,33,1221,7,MOBILE,PAID_SEARCH,2954.4,1
SES_00006963,24,528,7,DESKTOP,ORGANIC,616.59,1
SES_00006964,37,1702,10,DESKTOP,PAID_SEARCH,400.17,0
SES_00006965,22,1034,8,TABLET,SOCIAL_MEDIA,761.82,0
SES_00006966,27,891,10,TABLET,PAID_SEARCH,723.31,1
SES_00006967,31,682,9,TABLET,EMAIL,815.59,0
SES_00006968,38,1368,10,MOBILE,AFFILIATE,3373.8,1
SES_00006969,7,252,0,MOBILE,ORGANIC,0.0,0
SES_00006970,36,1296,3,DESKTOP,SOCIAL_MEDIA,120.72,1
SES_00006971,6,180,1,MOBILE,ORGANIC,191.62,1
SES_00006972,41,1312,10,TABLET,EMAIL,4232.32,1
SES_00006973,21,924,0,TABLET,AFFILIATE,0.0,0
SES_00006974,36,1080,0,DESKTOP,PAID_SEARCH,0.0,0
SES_00006975,44,968,6,TABLET,SOCIAL_MEDIA,856.26,1
SES_00006976,10,590,2,TABLET,ORGANIC,329.48,0
SES_00006977,3,108,3,DESKTOP,EMAIL,1222.95,1
SES_00006978,41,1763,1,DESKTOP,PAID_SEARCH,318.98,1
SES_00006979,12,612,6,MOBILE,SOCIAL_MEDIA,2055.97,1
SES_00006980,29,754,9,DESKTOP,EMAIL,3263.64,1
SES_00006981,41,1804,5,TABLET,SOCIAL_MEDIA,411.89,1
SES_00006982,21,504,8,DESKTOP,SOCIAL_MEDIA,2292.1,0
SES_00006983,44,1364,0,MOBILE,PAID_SEARCH,0.0,0
SES_00006984,18,1080,7,DESKTOP,DIRECT,2777.79,1
SES_00006985,12,228,8,TABLET,AFFILIATE,1079.36,0
SES_00006986,3,87,3,MOBILE,EMAIL,304.72,1
SES_00006987,43,2451,4,DESKTOP,PAID_SEARCH,1759.15,0
SES_00006988,18,810,8,MOBILE,AFFILIATE,2733.05,1
SES_00006989,44,2200,7,MOBILE,EMAIL,933.7,1
SES_00006990,9,207,3,DESKTOP,ORGANIC,183.1,0
SES_00006991,36,828,5,DESKTOP,DIRECT,1099.1,1
SES_00006992,42,1932,0,TABLET,PAID_SEARCH,0.0,0
SES_00006993,25,825,7,TABLET,PAID_SEARCH,1069.12,1
SES_00006994,23,943,10,MOBILE,EMAIL,2329.36,1
SES_00006995,36,2016,7,MOBILE,ORGANIC,2446.59,0
SES_00006996,17,680,4,MOBILE,AFFILIATE,755.26,1
SES_00006997,11,319,0,TABLET,ORGANIC,0.0,0
SES_00006998,14,798,10,TABLET,PAID_SEARCH,1255.22,1
SES_00006999,26,962,6,DESKTOP,DIRECT,1268.42,1
SES_00007000,16,448,10,DESKTOP,AFFILIATE,3153.76,1
SES_00007001,23,575,6,TABLET,SOCIAL_MEDIA,2308.84,0
SES_00007002,36,1260,6,MOBILE,ORGANIC,1698.39,1
SES_00007003,1,60,0,TABLET,ORGANIC,0.0,0
SES_00007004,15,690,0,DESKTOP,PAID_SEARCH,0.0,0
SES_00007005,29,1566,10,TABLET,ORGANIC,2320.41,1
SES_00007006,23,920,6,TABLET,EMAIL,1357.73,1
SES_00007007,9,306,2,MOBILE,PAID_SEARCH,396.2,0
SES_00007008,25,725,5,DESKTOP,SOCIAL_MEDIA,2201.95,0
SES_00007009,34,816,1,MOBILE,DIRECT,295.76,0
SES_00007010,39,1170,4,MOBILE,PAID_SEARCH,1085.99,1
SES_00007011,44,660,0,MOBILE,SOCIAL_MEDIA,0.0,0
SES_00007012,13,442,7,TABLET,EMAIL,1624.02,1
SES_00007013,1,20,1,MOBILE,EMAIL,178.96,1
SES_00007014,21,966,7,MOBILE,SOCIAL_MEDIA,1874.52,0
SES_00007015,24,552,3,DESKTOP,SOCIAL_MEDIA,1230.98,1
SES_00007016,11,594,7,TABLET,DIRECT,1077.35,1
SES_00007017,6,174,6,MOBILE,AFFILIATE,2479.18,0
SES_00007018,4,216,3,MOBILE,DIRECT,699.98,1
SES_00007019,2,106,0,TABLET,EMAIL,0.0,0
SES_00007020,33,1221,2,DESKTOP,EMAIL,358.21,0
SES_00007021,10,260,0,TABLET,AFFILIATE,0.0,0
SES_00007022,1,25,1,DESKTOP,AFFILIATE,63.34,0
SES_00007023,43,1892,4,TABLET,EMAIL,744.3,1
SES_00007024,3,48,2,TABLET,ORGANIC,176.3,1
SES_00007025,30,1050,7,DESKTOP,PAID_SEARCH,1027.98,1
SES_00007026,22,484,0,MOBILE,PAID_SEARCH,0.0,0
SES_00007027,38,1710,10,MOBILE,ORGANIC,1371.52,1
SES_00007028,3,162,3,MOBILE,PAID_SEARCH,819.39,1
SES_00007029,39,936,2,MOBILE,SOCIAL_MEDIA,364.07,0
SES_00007030,23,1081,6,MOBILE,SOCIAL_MEDIA,863.62,1
SES_00007031,24,528,8,DESKTOP,DIRECT,3145.92,1
SES_00007032,4,228,3,TABLET,SOCIAL_MEDIA,217.47,1
SES_00007033,9,468,1,MOBILE,DIRECT,61.84,1
SES_00007034,19,1102,1,MOBILE,SOCIAL_MEDIA,53.39,0
SES_00007035,6,108,6,MOBILE,PAID_SEARCH,2219.29,1
SES_00007036,44,2420,9,TABLET,SOCIAL_MEDIA,838.65,1
SES_00007037,9,252,8,TABLET,PAID_SEARCH,784.63,1
SES_00007038,19,494,1,DESKTOP,PAID_SEARCH,300.97,0
SES_00007039,40,2000,1,DESKTOP,ORGANIC,103.27,1
SES_00007040,17,901,0,TABLET,EMAIL,0.0,0
SES_00007041,43,2064,9,MOBILE,EMAIL,843.07,1
SES_00007042,11,539,3,MOBILE,SOCIAL_MEDIA,627.46,1
SES_00007043,32,1536,6,MOBILE,AFFILIATE,1345.26,1
SES_00007044,24,816,5,MOBILE,PAID_SEARCH,973.08,1
SES_00007045,14,462,9,TABLET,AFFILIATE,1195.55,0
SES_00007046,5,145,3,DESKTOP,EMAIL,997.13,1
SES_00007047,20,320,8,DESKTOP,EMAIL,1194.73,0
SES_00007048,28,1036,0,MOBILE,ORGANIC,0.0,0
SES_00007049,25,1100,2,DESKTOP,DIRECT,472.23,1
SES_00007050,42,1008,6,DESKTOP,EMAIL,1872.74,1
SES_00007051,42,1092,3,DESKTOP,DIRECT,1245.63,0
SES_00007052,17,374,8,DESKTOP,EMAIL,1502.39,1
SES_00007053,14,350,7,MOBILE,DIRECT,1808.44,1
SES_00007054,19,608,10,DESKTOP,PAID_SEARCH,3678.47,0
SES_00007055,27,1485,2,DESKTOP,SOCIAL_MEDIA,755.1,0
SES_00007056,17,306,3,MOBILE,EMAIL,1067.04,1
SES_00007057,44,1936,6,DESKTOP,AFFILIATE,1805.6,1
SES_00007058,28,448,8,MOBILE,SOCIAL_MEDIA,2250.13,1
SES_00007059,22,880,8,MOBILE,AFFILIATE,1590.86,0
SES_00007060,41,1230,4,DESKTOP,DIRECT,1530.82,0
SES_00007061,41,2296,3,DESKTOP,EMAIL,219.9,1
SES_00007062,19,722,2,MOBILE,EMAIL,818.46,1
SES_00007063,18,306,6,TABLET,EMAIL,2178.65,1
SES_00007064,6,138,6,MOBILE,SOCIAL_MEDIA,2422.46,1
SES_00007065,4,208,0,MOBILE,PAID_SEARCH,0.0,0
SES_00007066,19,912,10,TABLET,PAID_SEARCH,3758.78,1
SES_00007067,8,264,1,DESKTOP,DIRECT,189.24,0
SES_00007068,32,1920,2,DESKTOP,EMAIL,379.97,1
SES_00007069,17,731,1,MOBILE,SOCIAL_MEDIA,174.24,1
SES_00007070,27,432,2,MOBILE,AFFILIATE,58.23,0
SES_00007071,17,629,8,DESKTOP,DIRECT,1415.37,0
SES_00007072,20,1100,10,TABLET,ORGANIC,986.76,0
SES_00007073,16,400,2,DESKTOP,DIRECT,214.37,1
SES_00007074,32,832,8,DESKTOP,DIRECT,3496.89,0
SES_00007075,28,644,2,MOBILE,PAID_SEARCH,708.65,0
SES_00007076,30,1470,8,DESKTOP,PAID_SEARCH,1277.11,1
SES_00007077,33,693,6,MOBILE,SOCIAL_MEDIA,188.13,0
SES_00007078,3,114,3,MOBILE,PAID_SEARCH,173.98,1
SES_00007079,22,1210,2,MOBILE,SOCIAL_MEDIA,842.27,1
SES_00007080,4,136,0,MOBILE,AFFILIATE,0.0,0
SES_00007081,45,765,1,TABLET,ORGANIC,186.23,1
SES_00007082,25,500,8,TABLET,ORGANIC,466.64,1
SES_00007083,29,435,3,DESKTOP,AFFILIATE,443.04,0
SES_00007084,29,1247,5,TABLET,EMAIL,2169.76,1
SES_00007085,8,176,1,DESKTOP,ORGANIC,134.47,0
SES_00007086,27,459,9,DESKTOP,AFFILIATE,2308.76,1
SES_00007087,30,540,6,TABLET,SOCIAL_MEDIA,972.09,1
SES_00007088,37,592,1,TABLET,AFFILIATE,56.23,1
SES_00007089,21,462,10,MOBILE,AFFILIATE,2111.93,0
SES_00007090,8,432,7,DESKTOP,ORGANIC,708.82,1
SES_00007091,19,399,7,DESKTOP,ORGANIC,2830.27,1
SES_00007092,14,350,3,MOBILE,PAID_SEARCH,1018.59,1
SES_00007093,39,2067,0,TABLET,SOCIAL_MEDIA,0.0,0
SES_00007094,43,774,8,MOBILE,EMAIL,2627.07,1
SES_00007095,42,630,10,TABLET,SOCIAL_MEDIA,2508.45,1
SES_00007096,40,1760,8,DESKTOP,SOCIAL_MEDIA,1869.32,1
SES_00007097,9,252,6,TABLET,AFFILIATE,431.78,1
SES_00007098,19,456,9,TABLET,DIRECT,2993.72,1
SES_00007099,24,624,5,DESKTOP,DIRECT,206.85,1
SES_00007100,3,156,2,TABLET,SOCIAL_MEDIA,238.13,1
SES_00007101,14,728,8,TABLET,EMAIL,2642.88,1
SES_00007102,42,1932,0,DESKTOP,PAID_SEARCH,0.0,0
SES_00007103,1,57,1,MOBILE,EMAIL,141.62,1
SES_00007104,7,203,0,DESKTOP,EMAIL,0.0,0
SES_00007105,38,1938,9,TABLET,ORGANIC,2032.95,1
SES_00007106,40,1720,9,TABLET,PAID_SEARCH,413.21,1
SES_00007107,31,1271,9,DESKTOP,SOCIAL_MEDIA,3534.23,1
SES_00007108,32,576,7,DESKTOP,ORGANIC,551.0,1
SES_00007109,15,540,10,DESKTOP,ORGANIC,753.03,0
SES_00007110,27,1215,6,TABLET,ORGANIC,1414.87,1
SES_00007111,14,616,10,MOBILE,PAID_SEARCH,4316.11,0
SES_00007112,29,1102,8,DESKTOP,DIRECT,1420.15,1
SES_00007113,29,928,3,TABLET,ORGANIC,220.39,1
SES_00007114,37,2109,5,DESKTOP,ORGANIC,843.55,0
SES_00007115,4,156,0,MOBILE,ORGANIC,0.0,0
SES_00007116,38,1710,10,MOBILE,ORGANIC,3161.1,0
SES_00007117,16,960,1,MOBILE,EMAIL,119.66,1
SES_00007118,30,1050,6,TABLET,ORGANIC,1177.35,1
SES_00007119,4,96,1,TABLET,DIRECT,50.89,0
SES_00007120,1,25,0,MOBILE,DIRECT,0.0,0
SES_00007121,2,80,2,TABLET,DIRECT,607.82,0
SES_00007122,4,144,2,DESKTOP,PAID_SEARCH,51.8,1
SES_00007123,26,858,3,TABLET,SOCIAL_MEDIA,472.87,0
SES_00007124,24,768,8,MOBILE,AFFILIATE,2574.31,1
SES_00007125,34,1598,9,TABLET,PAID_SEARCH,2512.66,0
SES_00007126,23,483,0,DESKTOP,DIRECT,0.0,0
SES_00007127,18,774,6,TABLET,PAID_SEARCH,2315.79,1
SES_00007128,9,333,1,MOBILE,EMAIL,248.19,0
SES_00007129,3,72,1,MOBILE,EMAIL,31.45,1
SES_00007130,20,760,2,DESKTOP,SOCIAL_MEDIA,228.57,1
SES_00007131,36,1620,4,MOBILE,SOCIAL_MEDIA,681.18,1
SES_00007132,30,1110,1,TABLET,AFFILIATE,353.38,0
SES_00007133,30,1230,7,MOBILE,AFFILIATE,1660.09,1
SES_00007134,11,341,3,MOBILE,ORGANIC,573.2,1
SES_00007135,44,1760,9,DESKTOP,EMAIL,2336.26,0
SES_00007136,14,504,0,MOBILE,ORGANIC,0.0,0
SES_00007137,22,1056,2,DESKTOP,ORGANIC,217.94,1
SES_00007138,43,774,8,MOBILE,AFFILIATE,318.81,1
SES_00007139,45,900,8,TABLET,SOCIAL_MEDIA,2398.33,0
SES_00007140,19,513,7,MOBILE,ORGANIC,484.96,1
SES_00007141,6,198,4,TABLET,PAID_SEARCH,945.85,0
SES_00007142,16,320,3,TABLET,PAID_SEARCH,960.97,1
SES_00007143,41,1517,8,MOBILE,SOCIAL_MEDIA,934.11,1
SES_00007144,1,41,0,DESKTOP,AFFILIATE,0.0,0
SES_00007145,42,2100,6,DESKTOP,EMAIL,335.88,1
SES_00007146,14,686,8,TABLET,SOCIAL_MEDIA,846.2,0
SES_00007147,13,624,2,MOBILE,DIRECT,622.36,0
SES_00007148,43,1161,0,DESKTOP,AFFILIATE,0.0,0
SES_00007149,11,429,7,TABLET,ORGANIC,775.26,0
SES_00007150,9,279,8,TABLET,PAID_SEARCH,3530.9,1
SES_00007151,27,1296,9,MOBILE,PAID_SEARCH,2025.41,1
SES_00007152,22,330,7,TABLET,PAID_SEARCH,771.36,1
SES_00007153,17,969,4,MOBILE,AFFILIATE,1088.81,1
SES_00007154,44,704,9,TABLET,ORGANIC,3033.29,1
SES_00007155,42,2058,7,TABLET,DIRECT,869.78,1
SES_00007156,41,2132,8,DESKTOP,AFFILIATE,2625.3,1
SES_00007157,11,209,5,MOBILE,EMAIL,256.96,1
SES_00007158,34,1360,2,DESKTOP,ORGANIC,530.23,1
SES_00007159,15,765,6,MOBILE,ORGANIC,1807.71,0
SES_00007160,37,1110,6,DESKTOP,PAID_SEARCH,1741.74,0
SES_00007161,45,1530,1,TABLET,EMAIL,433.75,1
SES_00007162,16,928,4,MOBILE,SOCIAL_MEDIA,314.43,1
SES_00007163,7,245,2,TABLET,ORGANIC,442.85,1
SES_00007164,22,770,10,DESKTOP,EMAIL,2348.75,0
SES_00007165,26,676,7,DESKTOP,ORGANIC,2280.29,1
SES_00007166,29,1421,1,MOBILE,DIRECT,146.75,1
SES_00007167,3,51,0,TABLET,AFFILIATE,0.0,0
SES_00007168,7,154,4,DESKTOP,PAID_SEARCH,632.84,1
SES_00007169,20,560,3,DESKTOP,ORGANIC,1085.12,1
SES_00007170,17,850,8,MOBILE,AFFILIATE,724.85,0
SES_00007171,26,1222,4,TABLET,ORGANIC,443.24,1
SES_00007172,15,345,5,TABLET,PAID_SEARCH,411.42,1
SES_00007173,41,1927,6,TABLET,SOCIAL_MEDIA,2685.12,1
SES_00007174,23,1380,2,DESKTOP,PAID_SEARCH,834.28,0
SES_00007175,10,290,10,DESKTOP,DIRECT,4107.05,1
SES_00007176,24,1152,9,TABLET,SOCIAL_MEDIA,1232.41,1
SES_00007177,39,975,0,MOBILE,PAID_SEARCH,0.0,0
SES_00007178,36,972,3,DESKTOP,EMAIL,1054.63,1
SES_00007179,26,468,2,TABLET,ORGANIC,679.71,1
SES_00007180,4,172,2,TABLET,DIRECT,400.55,1
SES_00007181,27,405,2,DESKTOP,EMAIL,538.81,1
SES_00007182,16,544,2,MOBILE,PAID_SEARCH,794.56,0
SES_00007183,33,1188,1,MOBILE,AFFILIATE,51.34,0
SES_00007184,13,299,6,DESKTOP,DIRECT,2044.5,1
SES_00007185,13,481,3,DESKTOP,ORGANIC,310.66,1
SES_00007186,1,59,1,MOBILE,AFFILIATE,315.51,0
SES_00007187,13,624,3,TABLET,PAID_SEARCH,650.19,0
SES_00007188,35,1715,2,TABLET,DIRECT,243.23,1
SES_00007189,24,1032,1,DESKTOP,PAID_SEARCH,67.94,1
SES_00007190,38,2242,4,TABLET,DIRECT,693.45,0
SES_00007191,13,754,8,DESKTOP,ORGANIC,1414.41,1
SES_00007192,12,252,6,DESKTOP,AFFILIATE,2297.74,1
SES_00007193,40,1600,2,MOBILE,SOCIAL_MEDIA,851.37,0
SES_00007194,38,2090,3,TABLET,EMAIL,243.88,1
SES_00007195,18,522,1,DESKTOP,AFFILIATE,136.44,0
SES_00007196,26,1300,2,TABLET,SOCIAL_MEDIA,863.14,1
SES_00007197,14,742,8,MOBILE,DIRECT,1015.63,0
SES_00007198,5,90,0,MOBILE,EMAIL,0.0,0
SES_00007199,9,378,8,MOBILE,DIRECT,740.61,1
SES_00007200,8,440,6,MOBILE,SOCIAL_MEDIA,1921.8,1
SES_00007201,26,858,6,DESKTOP,AFFILIATE,421.37,1
SES_00007202,30,1230,9,MOBILE,EMAIL,3777.3,0
SES_00007203,4,176,0,TABLET,EMAIL,0.0,0
SES_00007204,29,522,5,TABLET,SOCIAL_MEDIA,582.22,1
SES_00007205,37,888,8,TABLET,DIRECT,2917.53,1
SES_00007206,40,2000,6,MOBILE,DIRECT,2325.84,1
SES_00007207,34,1564,8,DESKTOP,DIRECT,2926.88,1
SES_00007208,17,952,3,DESKTOP,EMAIL,297.97,1
SES_00007209,36,1008,6,TABLET,AFFILIATE,791.37,1
SES_00007210,2,76,0,MOBILE,AFFILIATE,0.0,0
SES_00007211,44,968,5,MOBILE,PAID_SEARCH,2079.37,1
SES_00007212,32,1760,10,DESKTOP,AFFILIATE,1454.09,1
SES_00007213,16,848,8,DESKTOP,ORGANIC,2205.61,0
SES_00007214,21,483,4,DESKTOP,AFFILIATE,978.12,1
SES_00007215,39,2028,4,MOBILE,DIRECT,969.59,1
SES_00007216,27,567,10,MOBILE,AFFILIATE,1121.53,1
SES_00007217,22,990,6,TABLET,DIRECT,1256.39,0
SES_00007218,40,1480,8,TABLET,PAID_SEARCH,2233.12,0
SES_00007219,42,1974,4,DESKTOP,SOCIAL_MEDIA,1105.75,0
SES_00007220,15,300,4,TABLET,PAID_SEARCH,1756.12,1
SES_00007221,32,1216,10,TABLET,AFFILIATE,1885.23,1
SES_00007222,1,21,1,MOBILE,ORGANIC,346.97,1
SES_00007223,35,1680,2,TABLET,DIRECT,683.23,1
SES_00007224,43,1204,3,DESKTOP,AFFILIATE,1020.0,1
SES_00007225,36,1656,7,DESKTOP,SOCIAL_MEDIA,386.73,1
SES_00007226,37,1110,7,MOBILE,SOCIAL_MEDIA,2735.51,0
SES_00007227,27,1242,6,TABLET,PAID_SEARCH,1093.34,1
SES_00007228,32,672,9,DESKTOP,PAID_SEARCH,1504.8,1
SES_00007229,29,1595,8,TABLET,AFFILIATE,753.75,1
SES_00007230,38,874,2,TABLET,PAID_SEARCH,677.38,1
SES_00007231,12,552,9,DESKTOP,AFFILIATE,1367.2,1
SES_00007232,28,756,5,TABLET,PAID_SEARCH,1308.58,1
SES_00007233,13,572,5,MOBILE,EMAIL,1729.03,0
SES_00007234,27,675,1,DESKTOP,PAID_SEARCH,299.81,1
SES_00007235,41,2419,9,TABLET,ORGANIC,2377.18,1
SES_00007236,45,1215,7,MOBILE,DIRECT,359.68,1
SES_00007237,13,507,7,TABLET,ORGANIC,325.32,0
SES_00007238,8,424,4,MOBILE,DIRECT,923.81,1
SES_00007239,45,1665,6,TABLET,ORGANIC,1426.9,1
SES_00007240,8,248,7,TABLET,SOCIAL_MEDIA,1555.74,1
SES_00007241,27,567,3,TABLET,PAID_SEARCH,1244.24,1
SES_00007242,26,936,10,TABLET,SOCIAL_MEDIA,847.86,1
SES_00007243,13,741,7,DESKTOP,ORGANIC,1556.64,1
SES_00007244,9,531,4,DESKTOP,PAID_SEARCH,724.27,1
SES_00007245,20,980,7,TABLET,EMAIL,262.6,0
SES_00007246,6,246,4,TABLET,SOCIAL_MEDIA,1104.22,1
SES_00007247,28,756,2,TABLET,DIRECT,658.5,1
SES_00007248,28,672,5,DESKTOP,DIRECT,140.55,0
SES_00007249,8,144,6,MOBILE,AFFILIATE,1172.37,1
SES_00007250,15,495,9,MOBILE,EMAIL,1107.62,1
SES_00007251,16,416,2,TABLET,SOCIAL_MEDIA,268.41,1
SES_00007252,35,2100,8,TABLET,DIRECT,2491.48,1
SES_00007253,19,817,3,MOBILE,SOCIAL_MEDIA,300.37,0
SES_00007254,4,148,3,MOBILE,ORGANIC,589.17,0
SES_00007255,1,37,1,TABLET,PAID_SEARCH,324.68,1
SES_00007256,9,207,8,DESKTOP,ORGANIC,2984.37,0
SES_00007257,40,840,1,DESKTOP,ORGANIC,255.86,1
SES_00007258,36,1080,0,MOBILE,SOCIAL_MEDIA,0.0,0
SES_00007259,1,60,0,MOBILE,EMAIL,0.0,0
SES_00007260,17,646,1,DESKTOP,SOCIAL_MEDIA,393.78,1
SES_00007261,4,128,4,DESKTOP,EMAIL,1214.63,1
SES_00007262,30,1680,2,TABLET,ORGANIC,130.31,1
SES_00007263,42,2142,3,TABLET,EMAIL,1222.52,1
SES_00007264,42,2310,9,DESKTOP,SOCIAL_MEDIA,3328.77,0
SES_00007265,34,748,2,MOBILE,ORGANIC,603.05,0
SES_00007266,11,275,9,DESKTOP,EMAIL,1798.38,1
SES_00007267,34,1054,2,DESKTOP,PAID_SEARCH,866.7,1
SES_00007268,29,522,3,MOBILE,ORGANIC,541.3,1
SES_00007269,12,360,0,TABLET,AFFILIATE,0.0,0
SES_00007270,16,448,10,MOBILE,AFFILIATE,1589.61,0
SES_00007271,37,1110,10,DESKTOP,SOCIAL_MEDIA,1764.51,1
SES_00007272,36,1152,3,TABLET,DIRECT,667.03,1
SES_00007273,38,1406,3,TABLET,PAID_SEARCH,92.46,1
SES_00007274,19,684,7,DESKTOP,PAID_SEARCH,1420.77,1
SES_00007275,40,920,5,DESKTOP,EMAIL,275.09,0
SES_00007276,21,1218,1,TABLET,AFFILIATE,440.52,1
SES_00007277,12,540,5,DESKTOP,EMAIL,1142.14,1
SES_00007278,24,1080,8,MOBILE,PAID_SEARCH,2523.19,1
SES_00007279,26,806,6,MOBILE,AFFILIATE,1595.58,1
SES_00007280,43,2537,2,MOBILE,AFFILIATE,745.85,1
SES_00007281,25,1500,4,DESKTOP,AFFILIATE,581.11,1
SES_00007282,13,520,0,TABLET,EMAIL,0.0,0
SES_00007283,9,153,8,TABLET,AFFILIATE,428.5,1
SES_00007284,28,1288,3,DESKTOP,DIRECT,1138.77,0
SES_00007285,22,968,4,DESKTOP,ORGANIC,1679.76,1
SES_00007286,40,1600,2,MOBILE,DIRECT,402.6,1
SES_00007287,22,462,7,TABLET,AFFILIATE,1081.66,1
SES_00007288,22,682,0,DESKTOP,ORGANIC,0.0,0
SES_00007289,22,440,6,MOBILE,AFFILIATE,1538.15,1
SES_00007290,23,1288,7,MOBILE,PAID_SEARCH,2754.72,1
SES_00007291,34,1462,5,MOBILE,PAID_SEARCH,435.67,1
SES_00007292,32,1088,4,MOBILE,ORGANIC,1190.15,0
SES_00007293,27,918,4,DESKTOP,DIRECT,206.23,0
SES_00007294,15,825,10,DESKTOP,ORGANIC,4435.52,1
SES_00007295,2,106,0,MOBILE,EMAIL,0.0,0
SES_00007296,18,720,0,DESKTOP,DIRECT,0.0,0
SES_00007297,40,1920,9,TABLET,PAID_SEARCH,2313.34,1
SES_00007298,14,560,10,MOBILE,AFFILIATE,2274.14,1
SES_00007299,12,348,1,TABLET,PAID_SEARCH,401.13,0
SES_00007300,24,384,1,DESKTOP,ORGANIC,211.17,1
SES_00007301,8,184,1,TABLET,PAID_SEARCH,399.31,1
SES_00007302,42,2352,1,DESKTOP,PAID_SEARCH,213.58,1
SES_00007303,35,1925,5,DESKTOP,ORGANIC,1355.21,0
SES_00007304,33,1188,0,TABLET,ORGANIC,0.0,0
SES_00007305,39,1365,10,TABLET,EMAIL,4478.73,1
SES_00007306,31,1705,5,DESKTOP,ORGANIC,1450.15,1
SES_00007307,12,264,7,TABLET,PAID_SEARCH,2966.05,0
SES_00007308,19,931,9,DESKTOP,EMAIL,3636.93,1
SES_00007309,25,1350,4,MOBILE,SOCIAL_MEDIA,293.94,1
SES_00007310,23,391,5,DESKTOP,PAID_SEARCH,514.58,1
SES_00007311,13,442,8,TABLET,AFFILIATE,1472.86,1
SES_00007312,44,1364,6,DESKTOP,DIRECT,2312.73,1
SES_00007313,5,210,0,DESKTOP,SOCIAL_MEDIA,0.0,0
SES_00007314,45,2655,4,MOBILE,EMAIL,1210.74,0
SES_00007315,29,609,3,DESKTOP,ORGANIC,462.79,1
SES_00007316,14,630,8,DESKTOP,SOCIAL_MEDIA,815.33,1
SES_00007317,43,1032,4,MOBILE,PAID_SEARCH,555.78,1
SES_00007318,43,2322,3,TABLET,PAID_SEARCH,780.02,1
SES_00007319,16,352,3,DESKTOP,EMAIL,99.85,1
SES_00007320,16,736,2,DESKTOP,SOCIAL_MEDIA,455.14,1
SES_00007321,38,1102,6,TABLET,EMAIL,1185.44,0
SES_00007322,5,265,4,TABLET,SOCIAL_MEDIA,699.68,0
SES_00007323,14,308,6,DESKTOP,DIRECT,1075.02,1
SES_00007324,2,62,2,TABLET,ORGANIC,132.33,0
SES_00007325,43,2580,10,MOBILE,DIRECT,4361.19,1
SES_00007326,36,1296,7,DESKTOP,PAID_SEARCH,2306.42,1
SES_00007327,45,1170,7,DESKTOP,EMAIL,2365.03,0
SES_00007328,24,1392,10,MOBILE,DIRECT,3004.66,1
SES_00007329,14,266,9,TABLET,EMAIL,945.2,1
SES_00007330,6,294,4,DESKTOP,AFFILIATE,175.69,1
SES_00007331,6,258,4,TABLET,EMAIL,1401.48,0
SES_00007332,16,528,7,TABLET,DIRECT,2017.64,1
SES_00007333,40,2120,6,MOBILE,ORGANIC,1282.91,1
SES_00007334,10,170,10,TABLET,EMAIL,1965.51,1
SES_00007335,19,1140,5,DESKTOP,AFFILIATE,363.59,1
SES_00007336,16,480,1,TABLET,SOCIAL_MEDIA,183.01,1
SES_00007337,33,1287,1,TABLET,AFFILIATE,109.82,1
SES_00007338,35,1435,0,DESKTOP,PAID_SEARCH,0.0,0
SES_00007339,12,300,4,MOBILE,EMAIL,1703.86,1
SES_00007340,1,44,0,TABLET,AFFILIATE,0.0,0
SES_00007341,39,585,8,MOBILE,SOCIAL_MEDIA,639.89,1
SES_00007342,36,1908,0,DESKTOP,PAID_SEARCH,0.0,0
SES_00007343,29,725,0,MOBILE,EMAIL,0.0,0
SES_00007344,31,620,10,DESKTOP,DIRECT,2502.03,0
SES_00007345,25,475,5,TABLET,DIRECT,771.62,1
SES_00007346,25,1400,3,DESKTOP,DIRECT,792.07,1
SES_00007347,22,528,4,DESKTOP,ORGANIC,1755.22,0
SES_00007348,36,1476,4,MOBILE,ORGANIC,721.69,1
SES_00007349,5,105,3,DESKTOP,AFFILIATE,588.78,0
SES_00007350,16,432,9,MOBILE,SOCIAL_MEDIA,2211.79,0
SES_00007351,17,901,2,DESKTOP,EMAIL,610.81,1
SES_00007352,17,731,3,DESKTOP,DIRECT,731.36,1
SES_00007353,36,1332,3,MOBILE,EMAIL,726.89,1
SES_00007354,24,552,1,TABLET,SOCIAL_MEDIA,356.68,1
SES_00007355,5,80,5,TABLET,ORGANIC,1395.22,1
SES_00007356,35,700,4,DESKTOP,SOCIAL_MEDIA,1338.47,1
SES_00007357,33,1023,3,DESKTOP,SOCIAL_MEDIA,1227.58,1
SES_00007358,22,1210,2,TABLET,EMAIL,724.94,1
SES_00007359,15,360,6,MOBILE,EMAIL,1022.57,0
SES_00007360,33,1254,1,TABLET,DIRECT,356.79,1
SES_00007361,36,1224,8,DESKTOP,AFFILIATE,2184.28,1
SES_00007362,26,1274,0,DESKTOP,EMAIL,0.0,0
SES_00007363,23,713,7,DESKTOP,PAID_SEARCH,2375.65,1
SES_00007364,3,45,3,DESKTOP,DIRECT,1017.59,0
SES_00007365,36,1224,9,MOBILE,DIRECT,1684.42,0
SES_00007366,9,207,8,DESKTOP,EMAIL,2352.3,1
SES_00007367,39,1287,5,TABLET,DIRECT,2037.1,1
SES_00007368,22,748,2,TABLET,AFFILIATE,384.2,0
SES_00007369,37,814,9,MOBILE,PAID_SEARCH,1842.37,1
SES_00007370,18,1044,8,TABLET,SOCIAL_MEDIA,677.05,1
SES_00007371,42,2184,5,TABLET,SOCIAL_MEDIA,1151.59,1
SES_00007372,13,442,4,DESKTOP,DIRECT,326.61,1
SES_00007373,12,408,6,DESKTOP,AFFILIATE,1819.88,1
SES_00007374,14,532,3,DESKTOP,PAID_SEARCH,179.79,1
SES_00007375,7,266,1,DESKTOP,PAID_SEARCH,183.66,1
SES_00007376,4,88,4,DESKTOP,PAID_SEARCH,1779.65,1
SES_00007377,3,114,1,MOBILE,SOCIAL_MEDIA,349.16,1
SES_00007378,37,2146,10,DESKTOP,DIRECT,2856.5,0
SES_00007379,31,1643,1,DESKTOP,DIRECT,281.08,1
SES_00007380,33,1353,7,DESKTOP,DIRECT,1772.88,1
SES_00007381,36,1476,0,DESKTOP,AFFILIATE,0.0,0
SES_00007382,9,477,9,DESKTOP,SOCIAL_MEDIA,275.39,1
SES_00007383,30,1590,2,TABLET,DIRECT,602.33,1
SES_00007384,25,1475,0,TABLET,PAID_SEARCH,0.0,0
SES_00007385,25,750,3,MOBILE,DIRECT,1327.61,1
SES_00007386,19,1026,7,MOBILE,ORGANIC,2164.33,1
SES_00007387,8,408,6,MOBILE,PAID_SEARCH,1892.17,1
SES_00007388,41,1066,1,DESKTOP,ORGANIC,304.25,0
SES_00007389,16,544,1,MOBILE,PAID_SEARCH,164.81,1
SES_00007390,1,49,1,MOBILE,AFFILIATE,41.77,1
SES_00007391,40,2040,2,TABLET,ORGANIC,878.61,1
SES_00007392,19,513,0,DESKTOP,AFFILIATE,0.0,0
SES_00007393,1,34,1,DESKTOP,DIRECT,26.25,1
SES_00007394,33,1155,4,MOBILE,SOCIAL_MEDIA,299.83,1
SES_00007395,17,612,3,MOBILE,SOCIAL_MEDIA,878.63,1
SES_00007396,19,931,6,DESKTOP,AFFILIATE,2251.33,1
SES_00007397,34,1326,6,MOBILE,ORGANIC,1187.87,0
SES_00007398,20,1160,5,TABLET,AFFILIATE,373.2,1
SES_00007399,24,1368,9,DESKTOP,AFFILIATE,1021.66,0
SES_00007400,15,435,6,TABLET,PAID_SEARCH,2247.57,0
SES_00007401,30,600,1,MOBILE,DIRECT,123.5,0
SES_00007402,33,528,5,MOBILE,EMAIL,993.48,0
SES_00007403,1,59,1,MOBILE,AFFILIATE,304.55,1
SES_00007404,40,2160,3,TABLET,DIRECT,627.94,1
SES_00007405,3,99,2,TABLET,AFFILIATE,126.94,1
SES_00007406,22,902,2,DESKTOP,PAID_SEARCH,801.68,1
SES_00007407,7,343,0,MOBILE,PAID_SEARCH,0.0,0
SES_00007408,25,600,5,TABLET,SOCIAL_MEDIA,645.83,1
SES_00007409,5,260,0,TABLET,DIRECT,0.0,0
SES_00007410,21,1050,1,DESKTOP,ORGANIC,351.07,1
SES_00007411,20,520,3,DESKTOP,SOCIAL_MEDIA,1082.42,1
SES_00007412,16,368,1,TABLET,SOCIAL_MEDIA,290.41,1
SES_00007413,4,68,3,TABLET,ORGANIC,437.32,1
SES_00007414,38,2052,9,MOBILE,SOCIAL_MEDIA,356.96,1
SES_00007415,35,1330,1,DESKTOP,AFFILIATE,329.09,1
SES_00007416,24,696,9,DESKTOP,ORGANIC,369.71,1
SES_00007417,14,742,1,MOBILE,SOCIAL_MEDIA,154.96,1
SES_00007418,34,646,5,TABLET,EMAIL,441.12,0
SES_00007419,4,152,1,TABLET,DIRECT,130.46,0
SES_00007420,18,792,3,DESKTOP,EMAIL,313.87,0
SES_00007421,9,396,0,DESKTOP,DIRECT,0.0,0
SES_00007422,43,1290,1,MOBILE,AFFILIATE,359.81,1
SES_00007423,25,900,1,DESKTOP,ORGANIC,306.39,0
SES_00007424,23,874,8,MOBILE,PAID_SEARCH,2232.38,1
SES_00007425,28,1568,0,MOBILE,DIRECT,0.0,0
SES_00007426,4,108,4,TABLET,AFFILIATE,1437.65,0
SES_00007427,25,775,7,DESKTOP,ORGANIC,2187.19,1
SES_00007428,44,2640,9,TABLET,SOCIAL_MEDIA,3126.53,1
SES_00007429,16,896,5,DESKTOP,SOCIAL_MEDIA,794.24,1
SES_00007430,16,576,7,DESKTOP,SOCIAL_MEDIA,2397.35,1
SES_00007431,14,588,0,DESKTOP,PAID_SEARCH,0.0,0
SES_00007432,20,720,8,MOBILE,EMAIL,1235.75,0
SES_00007433,27,837,2,TABLET,PAID_SEARCH,325.01,1
SES_00007434,13,299,1,MOBILE,ORGANIC,117.25,1
SES_00007435,26,1092,5,DESKTOP,SOCIAL_MEDIA,471.24,1
SES_00007436,31,1798,0,MOBILE,EMAIL,0.0,0
SES_00007437,23,1288,9,DESKTOP,DIRECT,2201.62,1
SES_00007438,25,750,5,TABLET,EMAIL,822.5,1
SES_00007439,27,567,8,MOBILE,AFFILIATE,223.54,1
SES_00007440,24,792,4,DESKTOP,ORGANIC,1778.66,1
SES_00007441,8,296,4,TABLET,EMAIL,1044.68,0
SES_00007442,30,1350,9,MOBILE,ORGANIC,716.14,1
SES_00007443,4,116,1,MOBILE,EMAIL,445.27,1
SES_00007444,32,704,9,TABLET,PAID_SEARCH,554.66,1
SES_00007445,25,975,0,TABLET,ORGANIC,0.0,0
SES_00007446,34,646,2,DESKTOP,DIRECT,621.56,1
SES_00007447,29,1392,5,TABLET,ORGANIC,705.08,1
SES_00007448,26,546,8,TABLET,EMAIL,3350.9,1
SES_00007449,37,555,9,TABLET,DIRECT,490.83,0
SES_00007450,41,820,8,MOBILE,PAID_SEARCH,688.57,1
SES_00007451,8,184,0,TABLET,EMAIL,0.0,0
SES_00007452,18,432,9,TABLET,DIRECT,1790.8,1
SES_00007453,14,770,1,MOBILE,EMAIL,142.93,1
SES_00007454,33,792,9,TABLET,SOCIAL_MEDIA,3495.9,0
SES_00007455,43,2193,9,DESKTOP,SOCIAL_MEDIA,3788.58,1
SES_00007456,35,1400,8,DESKTOP,EMAIL,611.91,1
SES_00007457,28,1176,9,TABLET,EMAIL,3649.96,1
SES_00007458,31,1023,10,DESKTOP,ORGANIC,810.86,1
SES_00007459,38,2128,3,TABLET,DIRECT,1055.08,1
SES_00007460,39,1872,1,TABLET,DIRECT,333.05,1
SES_00007461,12,216,4,TABLET,AFFILIATE,1404.69,0
SES_00007462,18,522,10,MOBILE,EMAIL,4434.13,1
SES_00007463,9,432,9,TABLET,ORGANIC,508.72,0
SES_00007464,14,462,8,TABLET,SOCIAL_MEDIA,1564.84,1
SES_00007465,16,784,1,MOBILE,AFFILIATE,198.73,0
SES_00007466,12,660,10,TABLET,PAID_SEARCH,1650.28,0
SES_00007467,24,600,6,DESKTOP,SOCIAL_MEDIA,268.29,1
SES_00007468,10,580,5,DESKTOP,SOCIAL_MEDIA,1787.35,0
SES_00007469,3,102,3,MOBILE,DIRECT,729.46,1
SES_00007470,30,600,2,DESKTOP,AFFILIATE,85.67,1
SES_00007471,19,285,0,TABLET,ORGANIC,0.0,0
SES_00007472,8,320,6,TABLET,SOCIAL_MEDIA,1409.57,1
SES_00007473,31,930,5,MOBILE,ORGANIC,1864.63,1
SES_00007474,26,910,6,TABLET,EMAIL,943.6,1
SES_00007475,24,1416,0,DESKTOP,EMAIL,0.0,0
SES_00007476,15,660,6,MOBILE,DIRECT,1044.36,1
SES_00007477,33,1683,4,TABLET,ORGANIC,1466.67,1
SES_00007478,39,819,6,TABLET,ORGANIC,906.29,1
SES_00007479,20,940,3,DESKTOP,DIRECT,861.95,1
SES_00007480,23,874,4,DESKTOP,DIRECT,1517.24,0
SES_00007481,20,1180,2,DESKTOP,ORGANIC,890.75,0
SES_00007482,5,290,4,DESKTOP,SOCIAL_MEDIA,641.0,1
SES_00007483,20,900,8,MOBILE,SOCIAL_MEDIA,3035.81,1
SES_00007484,37,1406,5,TABLET,AFFILIATE,1180.53,1
SES_00007485,5,100,0,MOBILE,AFFILIATE,0.0,0
SES_00007486,16,800,0,MOBILE,DIRECT,0.0,0
SES_00007487,1,31,0,DESKTOP,EMAIL,0.0,0
SES_00007488,11,539,1,MOBILE,AFFILIATE,296.07,0
SES_00007489,32,1056,9,DESKTOP,ORGANIC,3719.77,0
SES_00007490,27,648,2,DESKTOP,ORGANIC,715.72,1
SES_00007491,16,896,8,DESKTOP,EMAIL,2079.29,1
SES_00007492,35,665,10,TABLET,DIRECT,986.15,1
SES_00007493,33,924,8,DESKTOP,EMAIL,1433.4,1
SES_00007494,23,1196,2,TABLET,SOCIAL_MEDIA,296.03,1
SES_00007495,11,253,6,MOBILE,DIRECT,2610.87,1
SES_00007496,5,265,1,TABLET,DIRECT,103.54,1
SES_00007497,31,1581,3,DESKTOP,SOCIAL_MEDIA,716.31,0
SES_00007498,20,860,1,DESKTOP,DIRECT,362.61,0
SES_00007499,26,1144,6,TABLET,SOCIAL_MEDIA,1664.15,1
SES_00007500,42,2352,7,MOBILE,SOCIAL_MEDIA,3074.32,1
SES_00007501,26,780,10,TABLET,DIRECT,2140.04,1
SES_00007502,23,1196,0,MOBILE,DIRECT,0.0,0
SES_00007503,22,1254,4,DESKTOP,EMAIL,248.53,1
SES_00007504,36,1764,5,DESKTOP,ORGANIC,940.26,0
SES_00007505,32,960,1,MOBILE,AFFILIATE,205.47,1
SES_00007506,15,450,6,DESKTOP,ORGANIC,1621.04,1
SES_00007507,18,378,9,MOBILE,PAID_SEARCH,1579.8,0
SES_00007508,25,1400,2,MOBILE,AFFILIATE,350.56,1
SES_00007509,4,148,0,DESKTOP,AFFILIATE,0.0,0
SES_00007510,42,2352,6,TABLET,AFFILIATE,509.42,1
SES_00007511,4,116,3,MOBILE,ORGANIC,617.64,1
SES_00007512,7,378,6,MOBILE,DIRECT,524.5,1
SES_00007513,22,1254,3,DESKTOP,PAID_SEARCH,601.64,1
SES_00007514,29,1450,7,TABLET,EMAIL,2255.89,1
SES_00007515,5,295,5,DESKTOP,PAID_SEARCH,289.61,1
SES_00007516,8,176,8,MOBILE,AFFILIATE,1342.74,0
SES_00007517,3,138,2,MOBILE,AFFILIATE,881.27,1
SES_00007518,43,1075,4,DESKTOP,SOCIAL_MEDIA,1578.48,1
SES_00007519,2,34,2,TABLET,PAID_SEARCH,456.63,1
SES_00007520,20,500,0,MOBILE,SOCIAL_MEDIA,0.0,0
SES_00007521,27,1431,8,MOBILE,ORGANIC,736.86,1
SES_00007522,27,999,9,TABLET,SOCIAL_MEDIA,2434.16,1
SES_00007523,39,1053,6,MOBILE,DIRECT,1937.89,1
SES_00007524,27,1431,1,DESKTOP,PAID_SEARCH,426.47,1
SES_00007525,3,54,3,MOBILE,PAID_SEARCH,189.56,0
SES_00007526,10,560,5,DESKTOP,SOCIAL_MEDIA,1868.86,1
SES_00007527,13,273,5,TABLET,EMAIL,1059.02,1
SES_00007528,25,750,5,TABLET,DIRECT,1815.98,1
SES_00007529,5,255,1,DESKTOP,SOCIAL_MEDIA,410.4,1
SES_00007530,36,1116,1,MOBILE,PAID_SEARCH,297.65,0
SES_00007531,29,754,10,DESKTOP,DIRECT,1310.42,0
SES_00007532,27,1377,10,TABLET,SOCIAL_MEDIA,1916.89,1
SES_00007533,44,924,5,DESKTOP,ORGANIC,1008.26,1
SES_00007534,27,648,3,TABLET,PAID_SEARCH,855.17,1
SES_00007535,42,1134,5,MOBILE,ORGANIC,801.13,0
SES_00007536,18,702,4,MOBILE,SOCIAL_MEDIA,461.29,1
SES_00007537,34,2040,0,DESKTOP,SOCIAL_MEDIA,0.0,0
SES_00007538,34,1564,0,DESKTOP,EMAIL,0.0,0
SES_00007539,8,208,6,MOBILE,AFFILIATE,809.07,1
SES_00007540,33,1353,9,MOBILE,PAID_SEARCH,2760.08,1
SES_00007541,23,966,2,TABLET,SOCIAL_MEDIA,656.83,1
SES_00007542,33,1023,9,MOBILE,DIRECT,2574.9,1
SES_00007543,12,192,8,TABLET,PAID_SEARCH,1326.71,1
SES_00007544,36,1296,5,DESKTOP,SOCIAL_MEDIA,222.51,0
SES_00007545,24,720,9,MOBILE,SOCIAL_MEDIA,3858.98,1
SES_00007546,26,598,3,DESKTOP,SOCIAL_MEDIA,749.35,0
SES_00007547,41,1107,4,TABLET,EMAIL,325.53,1
SES_00007548,39,2028,0,DESKTOP,EMAIL,0.0,0
SES_00007549,12,312,0,TABLET,SOCIAL_MEDIA,0.0,0
SES_00007550,5,115,0,TABLET,PAID_SEARCH,0.0,0
SES_00007551,15,735,7,DESKTOP,AFFILIATE,375.8,1
SES_00007552,34,680,5,TABLET,ORGANIC,1549.59,1
SES_00007553,44,2024,3,MOBILE,SOCIAL_MEDIA,914.37,1
SES_00007554,15,570,7,DESKTOP,AFFILIATE,827.53,0
SES_00007555,27,594,9,TABLET,DIRECT,680.84,1
SES_00007556,32,1024,0,DESKTOP,ORGANIC,0.0,0
SES_00007557,34,1428,5,MOBILE,ORGANIC,833.64,1
SES_00007558,39,2223,7,TABLET,PAID_SEARCH,2082.1,1
SES_00007559,41,1189,0,DESKTOP,EMAIL,0.0,0
SES_00007560,4,148,1,DESKTOP,SOCIAL_MEDIA,259.24,0
SES_00007561,1,26,0,MOBILE,ORGANIC,0.0,0
SES_00007562,34,1496,1,DESKTOP,SOCIAL_MEDIA,342.5,1
SES_00007563,18,864,6,DESKTOP,SOCIAL_MEDIA,2369.07,1
SES_00007564,10,510,7,DESKTOP,SOCIAL_MEDIA,827.33,1
SES_00007565,43,2107,6,DESKTOP,PAID_SEARCH,1799.56,0
SES_00007566,29,1421,2,TABLET,DIRECT,723.97,1
SES_00007567,20,1040,0,TABLET,PAID_SEARCH,0.0,0
SES_00007568,42,2520,7,TABLET,PAID_SEARCH,1811.3,1
SES_00007569,44,2244,0,TABLET,SOCIAL_MEDIA,0.0,0
SES_00007570,38,1102,6,MOBILE,EMAIL,2500.55,1
SES_00007571,31,1550,6,MOBILE,ORGANIC,371.17,1
SES_00007572,16,640,8,TABLET,SOCIAL_MEDIA,1823.4,1
SES_00007573,6,138,1,TABLET,AFFILIATE,120.23,1
SES_00007574,13,767,8,TABLET,AFFILIATE,1994.62,0
SES_00007575,6,174,5,MOBILE,AFFILIATE,483.81,1
SES_00007576,45,2025,2,MOBILE,EMAIL,149.02,1
SES_00007577,20,500,6,MOBILE,AFFILIATE,2357.55,1
SES_00007578,26,624,5,TABLET,AFFILIATE,1099.73,0
SES_00007579,16,336,5,TABLET,AFFILIATE,1122.32,1
SES_00007580,23,943,10,MOBILE,DIRECT,3398.46,1
SES_00007581,20,920,10,DESKTOP,AFFILIATE,3149.92,0
SES_00007582,14,322,1,TABLET,AFFILIATE,30.06,1
SES_00007583,34,918,8,TABLET,PAID_SEARCH,352.31,1
SES_00007584,32,832,4,TABLET,EMAIL,231.95,1
SES_00007585,16,512,5,DESKTOP,AFFILIATE,1738.55,0
SES_00007586,18,270,0,MOBILE,SOCIAL_MEDIA,0.0,0
SES_00007587,31,1426,3,TABLET,SOCIAL_MEDIA,819.7,1
SES_00007588,44,2068,5,DESKTOP,AFFILIATE,1855.73,1
SES_00007589,35,1085,4,DESKTOP,SOCIAL_MEDIA,1246.75,0
SES_00007590,24,888,3,MOBILE,EMAIL,149.38,1
SES_00007591,22,1320,8,MOBILE,ORGANIC,780.7,1
SES_00007592,31,1581,4,DESKTOP,AFFILIATE,664.38,1
SES_00007593,30,1680,2,MOBILE,ORGANIC,587.33,1
SES_00007594,28,1680,2,MOBILE,ORGANIC,763.39,1
SES_00007595,17,408,1,DESKTOP,PAID_SEARCH,293.58,1
SES_00007596,12,696,1,DESKTOP,ORGANIC,57.06,1
SES_00007597,15,540,10,TABLET,PAID_SEARCH,4349.5,1
SES_00007598,28,1428,8,TABLET,ORGANIC,516.64,1
SES_00007599,7,287,7,MOBILE,AFFILIATE,1007.94,1
SES_00007600,37,1850,9,MOBILE,DIRECT,922.82,1
SES_00007601,1,52,0,MOBILE,PAID_SEARCH,0.0,0
SES_00007602,29,1189,2,DESKTOP,ORGANIC,358.91,1
SES_00007603,7,266,0,TABLET,SOCIAL_MEDIA,0.0,0
SES_00007604,4,128,4,MOBILE,ORGANIC,590.78,1
SES_00007605,34,1938,7,TABLET,EMAIL,943.68,1
SES_00007606,6,186,5,MOBILE,DIRECT,1242.82,1
SES_00007607,15,435,0,TABLET,DIRECT,0.0,0
SES_00007608,41,1025,7,MOBILE,ORGANIC,581.21,1
SES_00007609,9,351,0,TABLET,PAID_SEARCH,0.0,0
SES_00007610,32,1088,3,MOBILE,EMAIL,1171.29,0
SES_00007611,30,450,2,TABLET,DIRECT,500.23,1
SES_00007612,41,984,6,DESKTOP,ORGANIC,1989.15,1
SES_00007613,30,990,9,MOBILE,ORGANIC,2728.62,1
SES_00007614,39,1365,2,MOBILE,EMAIL,889.98,1
SES_00007615,5,250,2,DESKTOP,AFFILIATE,246.0,1
SES_00007616,37,1110,1,MOBILE,EMAIL,291.87,0
SES_00007617,11,297,7,TABLET,EMAIL,824.42,0
SES_00007618,2,34,1,DESKTOP,AFFILIATE,222.34,1
SES_00007619,6,306,1,DESKTOP,SOCIAL_MEDIA,167.67,1
SES_00007620,40,1680,5,TABLET,PAID_SEARCH,184.78,1
SES_00007621,9,414,2,TABLET,DIRECT,540.51,1
SES_00007622,15,900,0,TABLET,ORGANIC,0.0,0
SES_00007623,25,550,5,MOBILE,AFFILIATE,766.4,0
SES_00007624,28,1036,0,TABLET,EMAIL,0.0,0
SES_00007625,31,1271,0,TABLET,SOCIAL_MEDIA,0.0,0
SES_00007626,45,2250,2,TABLET,PAID_SEARCH,295.04,1
SES_00007627,2,106,0,MOBILE,EMAIL,0.0,0
SES_00007628,20,700,5,TABLET,PAID_SEARCH,570.36,0
SES_00007629,37,1036,6,DESKTOP,ORGANIC,2576.18,1
SES_00007630,15,900,5,MOBILE,PAID_SEARCH,886.07,0
SES_00007631,29,464,7,TABLET,SOCIAL_MEDIA,1139.15,1
SES_00007632,15,450,8,MOBILE,EMAIL,2961.31,1
SES_00007633,37,999,6,TABLET,ORGANIC,222.99,1
SES_00007634,23,1150,4,TABLET,SOCIAL_MEDIA,1531.06,1
SES_00007635,29,1160,10,TABLET,ORGANIC,1603.39,1
SES_00007636,24,480,3,MOBILE,AFFILIATE,1122.84,1
SES_00007637,14,532,4,MOBILE,SOCIAL_MEDIA,1452.36,0
SES_00007638,15,435,5,TABLET,EMAIL,431.86,1
SES_00007639,39,2067,1,TABLET,PAID_SEARCH,445.34,0
SES_00007640,4,216,0,MOBILE,ORGANIC,0.0,0
SES_00007641,4,88,3,DESKTOP,SOCIAL_MEDIA,318.7,1
SES_00007642,7,168,4,DESKTOP,DIRECT,1310.24,1
SES_00007643,20,460,0,TABLET,AFFILIATE,0.0,0
SES_00007644,21,693,4,MOBILE,ORGANIC,1454.26,0
SES_00007645,3,153,3,TABLET,PAID_SEARCH,1294.24,1
SES_00007646,22,858,10,TABLET,DIRECT,2834.19,0
SES_00007647,15,720,4,TABLET,AFFILIATE,1663.06,0
SES_00007648,2,90,0,TABLET,EMAIL,0.0,0
SES_00007649,37,1073,1,DESKTOP,PAID_SEARCH,305.8,1
SES_00007650,24,1032,7,MOBILE,EMAIL,1332.53,1
SES_00007651,28,476,2,DESKTOP,EMAIL,87.33,1
SES_00007652,35,980,0,DESKTOP,PAID_SEARCH,0.0,0
SES_00007653,44,1540,2,TABLET,AFFILIATE,109.05,1
SES_00007654,43,1634,4,TABLET,EMAIL,226.11,0
SES_00007655,8,448,2,MOBILE,DIRECT,295.63,1
SES_00007656,17,527,3,MOBILE,EMAIL,109.12,1
SES_00007657,8,296,5,DESKTOP,DIRECT,608.91,0
SES_00007658,18,1008,6,MOBILE,EMAIL,2456.91,1
SES_00007659,41,861,3,DESKTOP,DIRECT,147.92,1
SES_00007660,2,100,1,MOBILE,AFFILIATE,49.12,0
SES_00007661,26,780,5,MOBILE,SOCIAL_MEDIA,2206.27,1
SES_00007662,10,220,4,MOBILE,ORGANIC,535.11,0
SES_00007663,39,2067,5,TABLET,PAID_SEARCH,826.09,1
SES_00007664,2,88,2,TABLET,AFFILIATE,569.94,1
SES_00007665,9,423,4,MOBILE,ORGANIC,1535.72,1
SES_00007666,11,583,6,TABLET,SOCIAL_MEDIA,1227.62,1
SES_00007667,13,260,4,MOBILE,PAID_SEARCH,1156.66,1
SES_00007668,23,851,7,TABLET,EMAIL,939.01,0
SES_00007669,43,1505,1,DESKTOP,SOCIAL_MEDIA,314.81,1
SES_00007670,24,1224,4,DESKTOP,AFFILIATE,1511.4,1
SES_00007671,5,145,4,TABLET,PAID_SEARCH,1142.63,1
SES_00007672,10,340,0,DESKTOP,ORGANIC,0.0,0
SES_00007673,45,1845,3,TABLET,ORGANIC,85.65,1
SES_00007674,37,555,8,TABLET,SOCIAL_MEDIA,644.15,1
SES_00007675,12,492,10,MOBILE,SOCIAL_MEDIA,3502.57,0
SES_00007676,43,2580,0,TABLET,EMAIL,0.0,0
SES_00007677,1,30,0,DESKTOP,PAID_SEARCH,0.0,0
SES_00007678,1,28,0,DESKTOP,EMAIL,0.0,0
SES_00007679,25,1250,0,DESKTOP,ORGANIC,0.0,0
SES_00007680,34,578,10,DESKTOP,PAID_SEARCH,1506.9,1
SES_00007681,38,1976,3,TABLET,DIRECT,1199.59,1
SES_00007682,33,1452,0,MOBILE,SOCIAL_MEDIA,0.0,0
SES_00007683,43,1677,7,DESKTOP,SOCIAL_MEDIA,981.86,1
SES_00007684,33,1122,6,DESKTOP,SOCIAL_MEDIA,1463.57,1
SES_00007685,14,756,10,TABLET,ORGANIC,2255.69,1
SES_00007686,17,680,9,MOBILE,SOCIAL_MEDIA,1779.86,1
SES_00007687,44,2288,9,DESKTOP,PAID_SEARCH,2701.46,0
SES_00007688,42,1848,3,DESKTOP,SOCIAL_MEDIA,308.49,1
SES_00007689,38,1672,4,TABLET,DIRECT,722.11,1
SES_00007690,40,960,2,DESKTOP,PAID_SEARCH,190.13,1
SES_00007691,24,384,2,TABLET,EMAIL,258.22,0
SES_00007692,29,1479,6,TABLET,ORGANIC,998.82,0
SES_00007693,33,1122,5,MOBILE,AFFILIATE,1012.63,1
SES_00007694,5,170,3,DESKTOP,DIRECT,308.92,1
SES_00007695,42,630,6,TABLET,PAID_SEARCH,2581.84,0
SES_00007696,8,120,1,DESKTOP,SOCIAL_MEDIA,300.92,0
SES_00007697,14,392,5,DESKTOP,ORGANIC,522.43,0
SES_00007698,21,756,6,DESKTOP,AFFILIATE,330.46,1
SES_00007699,20,740,5,TABLET,PAID_SEARCH,2030.32,1
SES_00007700,20,780,1,TABLET,EMAIL,374.18,0
SES_00007701,34,1632,2,DESKTOP,PAID_SEARCH,685.48,1
SES_00007702,38,950,1,TABLET,PAID_SEARCH,255.74,0
SES_00007703,33,1122,5,MOBILE,PAID_SEARCH,2025.07,1
SES_00007704,18,486,1,DESKTOP,SOCIAL_MEDIA,399.18,1
SES_00007705,27,1080,4,TABLET,SOCIAL_MEDIA,782.71,0
SES_00007706,2,96,2,TABLET,PAID_SEARCH,273.41,0
SES_00007707,10,270,0,TABLET,AFFILIATE,0.0,0
SES_00007708,25,1225,7,DESKTOP,EMAIL,1755.95,1
SES_00007709,10,360,7,DESKTOP,AFFILIATE,2462.68,1
SES_00007710,42,1008,6,DESKTOP,PAID_SEARCH,1718.51,1
SES_00007711,6,138,1,MOBILE,DIRECT,401.64,0
SES_00007712,13,533,8,DESKTOP,EMAIL,867.33,1
SES_00007713,22,1210,2,TABLET,PAID_SEARCH,737.02,1
SES_00007714,3,75,3,MOBILE,ORGANIC,1263.01,1
SES_00007715,26,1300,10,DESKTOP,ORGANIC,2604.23,1
SES_00007716,6,180,6,DESKTOP,PAID_SEARCH,2254.57,1
SES_00007717,22,682,2,TABLET,DIRECT,720.89,0
SES_00007718,11,286,3,TABLET,DIRECT,693.49,1
SES_00007719,21,987,0,TABLET,DIRECT,0.0,0
SES_00007720,38,1482,9,DESKTOP,DIRECT,3714.25,0
SES_00007721,5,230,0,TABLET,EMAIL,0.0,0
SES_00007722,16,576,5,MOBILE,AFFILIATE,1340.64,1
SES_00007723,24,1056,7,DESKTOP,ORGANIC,2662.75,1
SES_00007724,29,986,4,DESKTOP,SOCIAL_MEDIA,215.65,1
SES_00007725,35,630,10,TABLET,EMAIL,2466.2,1
SES_00007726,36,1152,3,MOBILE,PAID_SEARCH,217.45,1
SES_00007727,7,329,0,MOBILE,EMAIL,0.0,0
SES_00007728,23,368,4,DESKTOP,DIRECT,973.25,1
SES_00007729,35,1155,6,MOBILE,DIRECT,2039.49,1
SES_00007730,5,200,4,MOBILE,ORGANIC,990.91,0
SES_00007731,16,736,3,MOBILE,DIRECT,835.67,1
SES_00007732,34,1122,2,MOBILE,PAID_SEARCH,531.82,1
SES_00007733,24,888,3,TABLET,PAID_SEARCH,534.39,1
SES_00007734,8,256,1,MOBILE,DIRECT,301.1,0
SES_00007735,38,1254,9,DESKTOP,SOCIAL_MEDIA,2750.5,1
SES_00007736,32,672,5,TABLET,AFFILIATE,759.87,1
SES_00007737,42,2352,9,MOBILE,SOCIAL_MEDIA,2022.38,1
SES_00007738,21,735,6,DESKTOP,ORGANIC,1837.27,0
SES_00007739,20,600,10,MOBILE,EMAIL,2709.25,1
SES_00007740,2,30,1,TABLET,ORGANIC,221.95,1
SES_00007741,4,64,4,TABLET,EMAIL,467.76,0
SES_00007742,36,1584,8,TABLET,EMAIL,2003.55,1
SES_00007743,1,48,1,MOBILE,SOCIAL_MEDIA,214.27,1
SES_00007744,12,696,3,DESKTOP,EMAIL,1180.39,1
SES_00007745,38,2090,0,MOBILE,SOCIAL_MEDIA,0.0,0
SES_00007746,23,1334,0,DESKTOP,EMAIL,0.0,0
SES_00007747,36,1080,7,DESKTOP,ORGANIC,1512.72,0
SES_00007748,29,522,8,TABLET,EMAIL,235.83,1
SES_00007749,7,385,2,MOBILE,DIRECT,253.09,1
SES_00007750,20,440,2,MOBILE,ORGANIC,510.45,0
SES_00007751,11,264,7,DESKTOP,ORGANIC,2109.75,1
SES_00007752,12,384,4,MOBILE,DIRECT,1009.0,1
SES_00007753,40,2080,6,MOBILE,ORGANIC,1321.93,0
SES_00007754,25,1300,3,TABLET,EMAIL,1098.34,1
SES_00007755,40,1440,6,DESKTOP,AFFILIATE,2050.81,0
SES_00007756,6,252,2,MOBILE,SOCIAL_MEDIA,659.98,1
SES_00007757,24,1128,7,MOBILE,AFFILIATE,836.5,1
SES_00007758,34,816,9,TABLET,ORGANIC,2689.52,1
SES_00007759,5,280,2,TABLET,SOCIAL_MEDIA,123.11,0
SES_00007760,9,540,8,DESKTOP,DIRECT,984.92,1
SES_00007761,31,589,7,MOBILE,EMAIL,1000.61,1
SES_00007762,27,1053,1,DESKTOP,PAID_SEARCH,237.82,1
SES_00007763,39,1443,9,TABLET,ORGANIC,254.54,1
SES_00007764,11,528,3,TABLET,PAID_SEARCH,662.55,1
SES_00007765,24,600,6,MOBILE,PAID_SEARCH,1823.08,0
SES_00007766,45,2025,9,MOBILE,PAID_SEARCH,2126.23,0
SES_00007767,44,2552,7,TABLET,PAID_SEARCH,2705.12,1
SES_00007768,32,704,0,TABLET,AFFILIATE,0.0,0
SES_00007769,43,946,0,DESKTOP,ORGANIC,0.0,0
SES_00007770,28,448,10,MOBILE,DIRECT,4430.36,1
SES_00007771,21,546,8,TABLET,PAID_SEARCH,3503.07,0
SES_00007772,25,475,7,TABLET,ORGANIC,2874.78,1
SES_00007773,30,870,6,MOBILE,ORGANIC,783.58,0
SES_00007774,10,340,1,TABLET,ORGANIC,169.01,0
SES_00007775,25,1325,0,MOBILE,ORGANIC,0.0,0
SES_00007776,40,2280,7,DESKTOP,PAID_SEARCH,2261.24,1
SES_00007777,38,1900,5,DESKTOP,AFFILIATE,1578.21,0
SES_00007778,27,1296,7,TABLET,DIRECT,2098.77,1
SES_00007779,34,884,4,TABLET,ORGANIC,798.28,0
SES_00007780,13,650,4,TABLET,ORGANIC,1684.84,1
SES_00007781,45,810,4,MOBILE,SOCIAL_MEDIA,1362.94,1
SES_00007782,8,384,2,MOBILE,SOCIAL_MEDIA,725.81,1
SES_00007783,14,532,4,TABLET,SOCIAL_MEDIA,1306.36,1
SES_00007784,26,520,1,MOBILE,DIRECT,438.37,0
SES_00007785,1,33,1,TABLET,PAID_SEARCH,265.63,1
SES_00007786,33,1716,1,DESKTOP,ORGANIC,25.74,1
SES_00007787,34,612,4,TABLET,AFFILIATE,938.35,1
SES_00007788,12,492,0,TABLET,SOCIAL_MEDIA,0.0,0
SES_00007789,39,897,6,TABLET,AFFILIATE,2691.78,0
SES_00007790,43,2537,4,TABLET,EMAIL,1737.58,1
SES_00007791,41,2009,4,TABLET,DIRECT,255.54,1
SES_00007792,20,300,10,TABLET,ORGANIC,2819.32,1
SES_00007793,36,1296,10,MOBILE,DIRECT,2454.16,0
SES_00007794,34,714,1,MOBILE,ORGANIC,59.03,1
SES_00007795,17,476,1,DESKTOP,ORGANIC,98.56,1
SES_00007796,20,760,7,TABLET,AFFILIATE,438.91,1
SES_00007797,27,756,7,TABLET,EMAIL,2442.67,1
SES_00007798,27,540,7,MOBILE,SOCIAL_MEDIA,1101.7,1
SES_00007799,19,760,4,TABLET,AFFILIATE,953.97,1
SES_00007800,21,819,1,TABLET,DIRECT,264.01,0
SES_00007801,41,697,4,MOBILE,AFFILIATE,952.91,1
SES_00007802,7,140,3,DESKTOP,EMAIL,832.05,0
SES_00007803,21,1008,2,TABLET,EMAIL,734.26,0
SES_00007804,11,616,3,DESKTOP,PAID_SEARCH,1240.39,0
SES_00007805,33,1287,3,DESKTOP,EMAIL,1037.88,0
SES_00007806,26,910,9,DESKTOP,ORGANIC,2107.58,0
SES_00007807,41,2460,9,TABLET,EMAIL,231.3,1
SES_00007808,41,1681,2,MOBILE,SOCIAL_MEDIA,793.53,1
SES_00007809,11,209,9,MOBILE,AFFILIATE,3670.05,1
SES_00007810,34,1972,8,MOBILE,ORGANIC,2938.74,1
SES_00007811,11,561,3,MOBILE,DIRECT,755.25,1
SES_00007812,22,1320,5,TABLET,ORGANIC,337.53,1
SES_00007813,34,1394,5,DESKTOP,ORGANIC,2118.95,0
SES_00007814,27,999,4,DESKTOP,DIRECT,574.82,1
SES_00007815,44,2376,4,DESKTOP,AFFILIATE,509.88,1
SES_00007816,41,1640,2,DESKTOP,ORGANIC,500.91,1
SES_00007817,37,888,8,MOBILE,AFFILIATE,2454.95,1
SES_00007818,28,1456,10,TABLET,DIRECT,3242.44,1
SES_00007819,12,252,9,MOBILE,EMAIL,2267.91,1
SES_00007820,10,500,7,TABLET,PAID_SEARCH,2466.38,1
SES_00007821,44,1496,6,TABLET,AFFILIATE,1161.51,0
SES_00007822,36,1908,6,MOBILE,SOCIAL_MEDIA,2549.23,1
SES_00007823,45,2430,2,TABLET,AFFILIATE,211.93,1
SES_00007824,40,840,9,TABLET,ORGANIC,453.68,0
SES_00007825,44,2420,0,MOBILE,PAID_SEARCH,0.0,0
SES_00007826,16,656,2,TABLET,DIRECT,690.23,1
SES_00007827,22,880,9,MOBILE,SOCIAL_MEDIA,3392.69,1
SES_00007828,7,420,0,DESKTOP,PAID_SEARCH,0.0,0
SES_00007829,37,2220,2,TABLET,ORGANIC,744.42,0
SES_00007830,9,405,6,MOBILE,ORGANIC,1710.24,0
SES_00007831,14,798,4,MOBILE,SOCIAL_MEDIA,236.57,1
SES_00007832,35,1960,1,TABLET,SOCIAL_MEDIA,87.76,1
SES_00007833,34,1802,1,MOBILE,SOCIAL_MEDIA,345.03,0
SES_00007834,19,1007,2,DESKTOP,ORGANIC,363.3,0
SES_00007835,34,816,9,TABLET,EMAIL,2795.79,0
SES_00007836,13,195,3,MOBILE,DIRECT,545.28,1
SES_00007837,44,1540,10,TABLET,AFFILIATE,1075.51,1
SES_00007838,23,759,5,MOBILE,DIRECT,1423.67,0
SES_00007839,35,1925,3,DESKTOP,AFFILIATE,789.36,1
SES_00007840,34,1734,6,TABLET,DIRECT,2607.63,1
SES_00007841,1,48,1,DESKTOP,ORGANIC,349.28,0
SES_00007842,12,564,6,MOBILE,AFFILIATE,1301.89,1
SES_00007843,30,1710,7,DESKTOP,DIRECT,2717.72,0
SES_00007844,3,168,0,DESKTOP,PAID_SEARCH,0.0,0
SES_00007845,11,220,8,DESKTOP,PAID_SEARCH,2766.43,1
SES_00007846,4,236,2,TABLET,DIRECT,137.79,1
SES_00007847,12,480,8,DESKTOP,SOCIAL_MEDIA,3325.27,1
SES_00007848,24,984,5,TABLET,SOCIAL_MEDIA,1910.95,0
SES_00007849,34,1360,3,TABLET,EMAIL,381.13,1
SES_00007850,31,1612,2,DESKTOP,PAID_SEARCH,883.21,1
SES_00007851,11,462,1,MOBILE,AFFILIATE,330.29,1
SES_00007852,18,1044,10,DESKTOP,PAID_SEARCH,3339.56,1
SES_00007853,25,1300,5,TABLET,SOCIAL_MEDIA,2045.51,1
SES_00007854,1,25,0,TABLET,SOCIAL_MEDIA,0.0,0
SES_00007855,19,551,1,MOBILE,AFFILIATE,142.25,1
SES_00007856,13,572,0,DESKTOP,SOCIAL_MEDIA,0.0,0
SES_00007857,8,264,7,DESKTOP,AFFILIATE,2635.48,1
SES_00007858,24,1272,0,DESKTOP,PAID_SEARCH,0.0,0
SES_00007859,33,1815,10,DESKTOP,ORGANIC,4470.87,0
SES_00007860,25,600,8,MOBILE,EMAIL,1280.57,1
SES_00007861,4,196,1,MOBILE,SOCIAL_MEDIA,29.24,1
SES_00007862,10,500,6,TABLET,SOCIAL_MEDIA,1455.81,1
SES_00007863,40,2000,9,TABLET,PAID_SEARCH,2555.93,0
SES_00007864,27,1566,10,MOBILE,DIRECT,4099.51,1
SES_00007865,43,1161,1,TABLET,PAID_SEARCH,280.5,1
SES_00007866,32,1568,2,DESKTOP,DIRECT,724.76,1
SES_00007867,33,1584,4,DESKTOP,DIRECT,234.87,1
SES_00007868,39,1794,5,DESKTOP,SOCIAL_MEDIA,2136.74,1
SES_00007869,34,1904,3,MOBILE,PAID_SEARCH,1176.64,0
SES_00007870,39,780,4,MOBILE,ORGANIC,658.66,1
SES_00007871,29,870,4,DESKTOP,ORGANIC,1639.03,1
SES_00007872,28,476,5,MOBILE,EMAIL,1744.3,0
SES_00007873,23,851,10,DESKTOP,SOCIAL_MEDIA,3982.65,1
SES_00007874,40,2080,0,TABLET,ORGANIC,0.0,0
SES_00007875,7,182,7,DESKTOP,PAID_SEARCH,1898.91,0
SES_00007876,39,1989,9,MOBILE,SOCIAL_MEDIA,791.79,1
SES_00007877,1,27,0,TABLET,PAID_SEARCH,0.0,0
SES_00007878,17,901,5,TABLET,DIRECT,1774.28,1
SES_00007879,31,651,8,TABLET,SOCIAL_MEDIA,343.76,1
SES_00007880,10,310,8,TABLET,AFFILIATE,2005.71,1
SES_00007881,28,924,8,DESKTOP,AFFILIATE,1892.61,1
SES_00007882,26,1300,7,MOBILE,PAID_SEARCH,1002.02,1
SES_00007883,4,152,1,DESKTOP,ORGANIC,354.54,0
SES_00007884,33,1551,10,DESKTOP,ORGANIC,3217.66,1
SES_00007885,19,1121,10,MOBILE,DIRECT,2414.99,1
SES_00007886,20,960,7,MOBILE,ORGANIC,1014.92,0
SES_00007887,16,288,4,TABLET,EMAIL,134.33,1
SES_00007888,20,840,7,MOBILE,ORGANIC,1331.26,1
SES_00007889,27,1134,2,TABLET,PAID_SEARCH,384.03,1
SES_00007890,43,2021,0,MOBILE,SOCIAL_MEDIA,0.0,0
SES_00007891,7,112,5,MOBILE,DIRECT,1860.56,1
SES_00007892,41,1353,6,MOBILE,AFFILIATE,1889.15,1
SES_00007893,20,800,8,DESKTOP,DIRECT,3290.48,1
SES_00007894,33,858,9,DESKTOP,EMAIL,1989.4,1
SES_00007895,17,867,1,MOBILE,EMAIL,172.8,0
SES_00007896,43,1720,2,DESKTOP,SOCIAL_MEDIA,314.81,0
SES_00007897,31,465,0,DESKTOP,PAID_SEARCH,0.0,0
SES_00007898,34,646,7,TABLET,ORGANIC,1579.34,1
SES_00007899,5,85,0,MOBILE,EMAIL,0.0,0
SES_00007900,42,2142,5,TABLET,SOCIAL_MEDIA,1976.31,1
SES_00007901,39,1755,2,DESKTOP,AFFILIATE,586.91,1
SES_00007902,2,118,1,TABLET,PAID_SEARCH,188.57,1
SES_00007903,24,1224,0,MOBILE,AFFILIATE,0.0,0
SES_00007904,29,1653,0,DESKTOP,PAID_SEARCH,0.0,0
SES_00007905,38,1596,6,DESKTOP,PAID_SEARCH,2197.8,0
SES_00007906,35,1295,5,DESKTOP,AFFILIATE,1858.39,1
SES_00007907,3,159,2,DESKTOP,ORGANIC,274.39,1
SES_00007908,7,203,7,MOBILE,ORGANIC,1774.84,1
SES_00007909,33,1155,0,TABLET,ORGANIC,0.0,0
SES_00007910,5,300,4,TABLET,PAID_SEARCH,644.74,1
SES_00007911,27,1620,7,TABLET,ORGANIC,470.4,1
SES_00007912,5,185,2,MOBILE,ORGANIC,444.58,0
SES_00007913,7,378,2,DESKTOP,PAID_SEARCH,642.78,1
SES_00007914,43,2236,0,TABLET,SOCIAL_MEDIA,0.0,0
SES_00007915,30,540,10,MOBILE,DIRECT,1366.0,1
SES_00007916,14,378,3,DESKTOP,PAID_SEARCH,402.08,1
SES_00007917,9,279,1,DESKTOP,PAID_SEARCH,67.03,0
SES_00007918,27,1566,9,DESKTOP,DIRECT,997.17,0
SES_00007919,14,560,0,TABLET,EMAIL,0.0,0
SES_00007920,7,133,5,TABLET,SOCIAL_MEDIA,247.2,1
SES_00007921,20,900,3,DESKTOP,EMAIL,1283.34,1
SES_00007922,9,180,6,MOBILE,EMAIL,2394.64,1
SES_00007923,2,78,2,MOBILE,EMAIL,168.01,0
SES_00007924,32,1312,10,TABLET,EMAIL,291.24,1
SES_00007925,10,550,2,TABLET,AFFILIATE,558.73,1
SES_00007926,10,240,8,MOBILE,PAID_SEARCH,1583.24,1
SES_00007927,21,1008,2,DESKTOP,PAID_SEARCH,252.41,1
SES_00007928,37,629,7,MOBILE,AFFILIATE,2764.63,1
SES_00007929,26,1430,4,TABLET,PAID_SEARCH,1103.43,1
SES_00007930,41,1025,6,MOBILE,SOCIAL_MEDIA,1293.68,1
SES_00007931,21,1029,5,MOBILE,EMAIL,675.57,1
SES_00007932,29,1218,4,DESKTOP,DIRECT,376.49,1
SES_00007933,40,1840,1,DESKTOP,ORGANIC,376.01,1
SES_00007934,5,180,5,DESKTOP,AFFILIATE,283.65,1
SES_00007935,7,385,7,TABLET,AFFILIATE,2490.5,1
SES_00007936,17,646,3,DESKTOP,EMAIL,1102.43,1
SES_00007937,14,518,5,TABLET,ORGANIC,985.96,1
SES_00007938,19,855,7,MOBILE,SOCIAL_MEDIA,2760.69,0
SES_00007939,8,424,8,DESKTOP,AFFILIATE,514.87,0
SES_00007940,23,621,4,TABLET,SOCIAL_MEDIA,220.41,1
SES_00007941,33,1848,1,MOBILE,SOCIAL_MEDIA,411.41,1
SES_00007942,35,1855,3,TABLET,DIRECT,812.05,0
SES_00007943,19,760,2,MOBILE,EMAIL,540.37,1
SES_00007944,41,1763,2,DESKTOP,SOCIAL_MEDIA,858.54,1
SES_00007945,14,546,7,MOBILE,PAID_SEARCH,1574.59,1
SES_00007946,7,273,5,TABLET,EMAIL,1612.36,1
SES_00007947,1,46,0,TABLET,AFFILIATE,0.0,0
SES_00007948,25,775,6,MOBILE,DIRECT,2637.88,1
SES_00007949,1,43,1,DESKTOP,ORGANIC,168.62,1
SES_00007950,41,2296,5,MOBILE,AFFILIATE,2135.51,1
SES_00007951,32,480,5,MOBILE,DIRECT,2126.97,1
SES_00007952,38,1330,2,TABLET,SOCIAL_MEDIA,128.76,1
SES_00007953,16,416,7,TABLET,SOCIAL_MEDIA,1422.37,1
SES_00007954,24,600,9,MOBILE,EMAIL,1590.74,1
SES_00007955,32,1024,9,MOBILE,EMAIL,1650.47,1
SES_00007956,1,51,0,TABLET,SOCIAL_MEDIA,0.0,0
SES_00007957,30,1260,5,TABLET,EMAIL,1397.26,0
SES_00007958,33,1947,8,DESKTOP,DIRECT,3520.65,0
SES_00007959,20,600,0,TABLET,DIRECT,0.0,0
SES_00007960,8,200,3,MOBILE,PAID_SEARCH,271.96,0
SES_00007961,9,189,6,MOBILE,PAID_SEARCH,2270.44,0
SES_00007962,40,1480,2,DESKTOP,EMAIL,669.86,0
SES_00007963,9,333,3,DESKTOP,AFFILIATE,1159.87,0
SES_00007964,39,2106,5,MOBILE,ORGANIC,1068.43,1
SES_00007965,15,450,7,DESKTOP,PAID_SEARCH,1336.13,1
SES_00007966,45,1125,4,MOBILE,SOCIAL_MEDIA,453.61,1
SES_00007967,41,1066,0,DESKTOP,ORGANIC,0.0,0
SES_00007968,26,572,7,DESKTOP,PAID_SEARCH,2500.99,0
SES_00007969,34,1938,3,MOBILE,ORGANIC,1118.85,0
SES_00007970,43,2322,9,TABLET,SOCIAL_MEDIA,1492.86,1
SES_00007971,21,819,6,DESKTOP,ORGANIC,294.14,0
SES_00007972,7,238,4,MOBILE,AFFILIATE,1586.04,0
SES_00007973,16,560,4,MOBILE,AFFILIATE,1713.2,1
SES_00007974,16,848,4,DESKTOP,EMAIL,916.05,1
SES_00007975,43,1032,3,DESKTOP,ORGANIC,479.94,1
SES_00007976,8,296,3,TABLET,SOCIAL_MEDIA,299.79,1
SES_00007977,43,2021,1,DESKTOP,DIRECT,360.85,0
SES_00007978,30,570,4,DESKTOP,SOCIAL_MEDIA,1127.14,0
SES_00007979,10,250,3,DESKTOP,ORGANIC,639.88,1
SES_00007980,16,240,0,TABLET,SOCIAL_MEDIA,0.0,0
SES_00007981,14,210,4,TABLET,ORGANIC,1309.68,1
SES_00007982,4,136,1,DESKTOP,PAID_SEARCH,274.58,1
SES_00007983,39,2301,1,DESKTOP,ORGANIC,432.04,1
SES_00007984,2,90,0,TABLET,AFFILIATE,0.0,0
SES_00007985,40,1760,7,TABLET,PAID_SEARCH,2207.24,0
SES_00007986,13,702,1,DESKTOP,SOCIAL_MEDIA,419.01,0
SES_00007987,45,675,2,DESKTOP,PAID_SEARCH,156.43,0
SES_00007988,40,2160,2,TABLET,ORGANIC,691.74,1
SES_00007989,23,943,7,DESKTOP,AFFILIATE,341.71,1
SES_00007990,3,78,3,MOBILE,PAID_SEARCH,1065.57,0
SES_00007991,38,1634,1,DESKTOP,EMAIL,251.27,1
SES_00007992,42,2352,1,DESKTOP,SOCIAL_MEDIA,39.21,0
SES_00007993,32,544,8,DESKTOP,DIRECT,349.28,1
SES_00007994,13,338,5,TABLET,SOCIAL_MEDIA,1279.26,1
SES_00007995,4,156,4,DESKTOP,PAID_SEARCH,462.43,0
SES_00007996,7,266,1,DESKTOP,DIRECT,273.24,1
SES_00007997,6,336,6,DESKTOP,SOCIAL_MEDIA,1443.94,0
SES_00007998,41,2132,9,TABLET,PAID_SEARCH,3921.24,1
SES_00007999,35,1225,6,MOBILE,AFFILIATE,1861.01,0
SES_00008000,35,1365,9,MOBILE,EMAIL,1063.87,1
