account_id,debt_to_income,revolving_utilization,delinquent_2yrs,open_credit_lines,derogatory_records,annual_revenue,default_event
ACC_00000001,0.69,1.042,2,15,1,244253,1
ACC_00000002,0.425,0.846,1,31,0,153344,0
ACC_00000003,0.468,0.984,4,23,0,252170,1
ACC_00000004,0.27,1.185,2,11,0,178935,1
ACC_00000005,0.774,0.361,4,12,1,204762,1
ACC_00000006,0.82,0.314,0,7,0,230656,1
ACC_00000007,0.607,0.751,4,17,0,55537,1
ACC_00000008,0.815,1.046,4,27,0,295297,1
ACC_00000009,0.22,0.019,0,17,0,276190,0
ACC_00000010,0.175,0.943,3,17,1,283207,1
ACC_00000011,0.239,0.97,4,6,0,76474,1
ACC_00000012,0.135,1.019,2,28,1,170158,1
ACC_00000013,0.13,0.654,4,4,0,104387,0
ACC_00000014,0.625,1.127,5,32,1,253907,1
ACC_00000015,0.699,0.185,2,2,0,118386,1
ACC_00000016,0.654,0.928,0,11,0,309387,1
ACC_00000017,0.183,0.776,0,5,0,75247,0
ACC_00000018,0.567,0.878,0,10,0,302779,1
ACC_00000019,0.175,0.532,2,16,0,215385,0
ACC_00000020,0.21,1.045,3,4,0,38429,1
ACC_00000021,0.434,0.673,2,20,0,203878,0
ACC_00000022,0.772,0.707,0,24,0,36199,1
ACC_00000023,0.651,0.376,4,3,1,51825,1
ACC_00000024,0.352,0.777,5,17,1,211959,1
ACC_00000025,0.478,0.935,1,30,0,243438,0
ACC_00000026,0.544,0.604,2,14,0,160919,1
ACC_00000027,0.386,0.562,0,19,0,265396,0
ACC_00000028,0.153,0.907,3,18,1,206404,1
ACC_00000029,0.665,1.201,1,25,1,72561,1
ACC_00000030,0.141,0.799,3,11,0,227391,0
ACC_00000031,0.251,1.094,4,4,0,243957,1
ACC_00000032,0.499,0.706,0,4,0,76932,0
ACC_00000033,0.221,0.295,2,3,0,31644,0
ACC_00000034,0.053,0.449,2,10,0,177942,0
ACC_00000035,0.693,0.714,2,17,0,276153,1
ACC_00000036,0.539,0.658,1,11,0,99297,1
ACC_00000037,0.075,0.111,0,25,0,299002,1
ACC_00000038,0.844,0.207,0,23,0,209283,1
ACC_00000039,0.35,0.962,2,9,0,133416,1
ACC_00000040,0.797,0.186,2,6,0,179012,1
ACC_00000041,0.812,0.091,4,20,1,145595,1
ACC_00000042,0.73,0.78,2,23,0,157128,1
ACC_00000043,0.456,0.494,3,2,1,167215,1
ACC_00000044,0.363,0.146,3,7,0,176569,0
ACC_00000045,0.13,0.78,5,25,0,314352,0
ACC_00000046,0.684,0.064,1,32,0,175455,1
ACC_00000047,0.787,0.746,0,3,0,165107,1
ACC_00000048,0.155,0.433,3,10,1,275876,1
ACC_00000049,0.302,0.978,0,25,0,127969,1
ACC_00000050,0.701,0.685,1,14,0,46619,1
ACC_00000051,0.672,0.215,0,28,0,30493,1
ACC_00000052,0.215,0.086,3,27,0,190028,0
ACC_00000053,0.087,0.424,5,32,0,41899,1
ACC_00000054,0.415,0.48,2,27,0,103278,0
ACC_00000055,0.284,0.98,3,17,1,66121,1
ACC_00000056,0.205,0.205,2,10,0,237862,0
ACC_00000057,0.428,1.245,0,25,0,344821,1
ACC_00000058,0.073,0.126,1,15,0,272346,0
ACC_00000059,0.217,0.213,2,19,0,219137,0
ACC_00000060,0.728,0.705,1,16,0,188465,1
ACC_00000061,0.731,0.116,0,29,0,279910,1
ACC_00000062,0.496,0.939,0,12,1,297983,1
ACC_00000063,0.2,0.705,4,19,0,101225,0
ACC_00000064,0.428,0.396,2,5,0,138276,0
ACC_00000065,0.33,0.11,3,20,1,285838,1
ACC_00000066,0.18,0.557,2,25,0,79893,0
ACC_00000067,0.649,1.206,4,7,1,167379,1
ACC_00000068,0.777,0.862,5,22,0,270603,1
ACC_00000069,0.252,0.3,2,12,0,105427,0
ACC_00000070,0.47,0.566,1,15,0,298928,0
ACC_00000071,0.112,1.095,5,28,1,213603,1
ACC_00000072,0.205,0.527,2,30,0,67761,0
ACC_00000073,0.801,1.058,4,28,1,125487,1
ACC_00000074,0.283,0.369,4,15,0,194220,0
ACC_00000075,0.279,0.905,4,11,0,207595,1
ACC_00000076,0.539,0.537,1,10,0,330025,1
ACC_00000077,0.581,0.949,4,3,0,223370,1
ACC_00000078,0.699,0.951,4,27,0,30596,1
ACC_00000079,0.167,0.923,4,21,1,197811,1
ACC_00000080,0.713,1.202,4,27,0,124025,1
ACC_00000081,0.073,0.269,2,4,0,188017,0
ACC_00000082,0.401,0.896,0,32,0,181251,0
ACC_00000083,0.423,0.773,4,18,0,324709,0
ACC_00000084,0.259,0.273,1,15,0,221625,1
ACC_00000085,0.828,0.671,0,24,0,310047,1
ACC_00000086,0.323,0.5,4,19,0,115521,0
ACC_00000087,0.561,1.225,3,15,1,116120,1
ACC_00000088,0.15,0.548,5,10,0,73186,0
ACC_00000089,0.613,0.474,5,17,0,169031,1
ACC_00000090,0.085,0.757,2,5,0,124464,0
ACC_00000091,0.498,0.852,2,13,0,167438,0
ACC_00000092,0.802,0.604,3,12,0,147376,1
ACC_00000093,0.43,0.717,1,22,0,124180,0
ACC_00000094,0.579,0.878,3,17,0,222098,1
ACC_00000095,0.557,0.324,1,27,0,91011,1
ACC_00000096,0.809,0.301,0,32,0,220342,1
ACC_00000097,0.134,0.788,4,3,0,318763,0
ACC_00000098,0.709,0.104,4,30,0,202302,1
ACC_00000099,0.68,0.205,5,22,0,177378,1
ACC_00000100,0.253,0.689,0,27,0,130281,0
ACC_00000101,0.54,0.083,3,12,1,234586,1
ACC_00000102,0.106,0.71,3,30,1,40782,1
ACC_00000103,0.161,0.421,3,32,0,184593,0
ACC_00000104,0.26,0.243,1,25,0,214226,0
ACC_00000105,0.602,0.329,3,27,0,304689,1
ACC_00000106,0.528,1.041,4,22,0,333749,1
ACC_00000107,0.549,0.346,4,18,1,277135,1
ACC_00000108,0.572,0.681,5,5,1,172208,1
ACC_00000109,0.473,0.198,3,28,0,282830,0
ACC_00000110,0.357,0.056,5,7,1,96088,1
ACC_00000111,0.847,1.07,1,32,0,186534,1
ACC_00000112,0.078,1.141,5,19,1,233840,1
ACC_00000113,0.747,0.746,5,8,1,65426,1
ACC_00000114,0.357,0.302,0,9,0,95774,0
ACC_00000115,0.398,0.027,4,14,0,274198,0
ACC_00000116,0.68,0.813,2,23,0,341881,1
ACC_00000117,0.402,0.71,2,24,0,141329,0
ACC_00000118,0.577,0.312,4,16,0,247658,1
ACC_00000119,0.642,0.299,2,2,0,185254,1
ACC_00000120,0.27,1.123,1,12,1,231032,1
ACC_00000121,0.289,0.254,1,30,0,211165,0
ACC_00000122,0.197,1.141,0,2,0,233269,1
ACC_00000123,0.458,0.265,4,11,0,240855,0
ACC_00000124,0.677,0.182,0,29,0,76083,1
ACC_00000125,0.5,0.475,2,10,0,166217,0
ACC_00000126,0.686,0.258,3,15,1,59248,1
ACC_00000127,0.171,0.286,3,11,1,223811,1
ACC_00000128,0.333,0.298,3,11,1,143710,1
ACC_00000129,0.617,0.538,2,11,0,81009,1
ACC_00000130,0.28,1.047,3,8,0,312650,1
ACC_00000131,0.296,0.925,5,27,0,189796,0
ACC_00000132,0.137,0.634,5,9,1,324546,1
ACC_00000133,0.674,0.39,4,23,0,132817,1
ACC_00000134,0.549,0.96,0,17,0,244419,1
ACC_00000135,0.427,0.849,0,2,0,92564,0
ACC_00000136,0.27,0.15,5,30,0,156225,0
ACC_00000137,0.664,1.156,3,12,1,267655,1
ACC_00000138,0.26,0.369,4,13,0,169393,0
ACC_00000139,0.341,0.937,1,30,1,317991,1
ACC_00000140,0.608,0.098,0,28,0,206129,1
ACC_00000141,0.128,0.471,3,31,1,343930,1
ACC_00000142,0.086,0.884,1,31,0,195635,1
ACC_00000143,0.371,0.213,1,9,0,30255,0
ACC_00000144,0.774,0.84,4,7,0,147099,1
ACC_00000145,0.297,1.211,2,16,1,203229,1
ACC_00000146,0.737,1.141,0,19,0,340705,1
ACC_00000147,0.335,0.551,3,22,0,45662,0
ACC_00000148,0.675,0.034,3,18,0,158393,1
ACC_00000149,0.313,0.525,4,24,1,133780,1
ACC_00000150,0.5,1.185,0,23,0,267189,1
ACC_00000151,0.265,1.133,0,25,1,102640,1
ACC_00000152,0.831,0.644,3,18,1,198546,1
ACC_00000153,0.562,1.02,5,10,0,268473,1
ACC_00000154,0.383,1.029,1,18,0,151198,1
ACC_00000155,0.626,0.331,1,32,0,76568,1
ACC_00000156,0.697,0.817,3,8,0,222449,1
ACC_00000157,0.724,0.775,3,3,1,280185,1
ACC_00000158,0.59,1.166,1,16,0,223035,1
ACC_00000159,0.734,0.115,3,21,0,182233,1
ACC_00000160,0.701,0.395,0,17,0,77208,1
ACC_00000161,0.753,0.41,5,17,0,58219,1
ACC_00000162,0.237,0.558,1,7,0,67036,1
ACC_00000163,0.741,0.386,5,13,0,166762,1
ACC_00000164,0.214,0.974,1,25,0,134140,1
ACC_00000165,0.752,0.521,4,4,0,116341,1
ACC_00000166,0.797,1.077,0,8,0,196877,1
ACC_00000167,0.108,1.174,5,27,0,336275,1
ACC_00000168,0.846,0.705,5,3,0,300900,1
ACC_00000169,0.73,1.156,5,18,0,260869,1
ACC_00000170,0.768,0.56,0,15,0,257097,1
ACC_00000171,0.414,1.111,1,27,1,319850,1
ACC_00000172,0.26,1.22,5,22,1,332837,1
ACC_00000173,0.206,0.734,0,3,0,246525,0
ACC_00000174,0.098,0.429,1,2,0,141786,0
ACC_00000175,0.159,1.107,5,15,0,30100,1
ACC_00000176,0.749,1.039,2,7,1,254629,1
ACC_00000177,0.518,0.988,1,3,0,249352,1
ACC_00000178,0.184,0.776,0,3,0,83078,0
ACC_00000179,0.202,0.113,5,18,1,283156,1
ACC_00000180,0.372,0.577,5,23,0,36299,0
ACC_00000181,0.538,0.797,4,27,1,215602,1
ACC_00000182,0.389,1.034,3,3,0,152129,1
ACC_00000183,0.699,0.435,5,21,1,322613,1
ACC_00000184,0.16,0.894,3,17,0,117275,0
ACC_00000185,0.578,0.89,2,28,0,228407,1
ACC_00000186,0.626,1.111,5,4,1,248352,1
ACC_00000187,0.434,0.385,1,10,0,332013,0
ACC_00000188,0.579,0.757,2,26,0,247601,1
ACC_00000189,0.16,0.823,4,3,1,113127,1
ACC_00000190,0.309,0.829,4,21,0,267272,0
ACC_00000191,0.293,0.664,4,24,0,313306,0
ACC_00000192,0.295,0.229,5,3,0,227085,0
ACC_00000193,0.086,0.802,3,25,1,332152,1
ACC_00000194,0.067,1.174,3,24,0,147165,1
ACC_00000195,0.051,0.812,3,22,0,268298,0
ACC_00000196,0.132,0.68,0,19,0,132597,0
ACC_00000197,0.222,0.522,2,24,0,276662,0
ACC_00000198,0.317,0.984,4,8,0,233614,1
ACC_00000199,0.8,1.028,1,13,1,315633,1
ACC_00000200,0.594,0.22,5,5,0,293733,1
ACC_00000201,0.054,0.409,5,9,1,245095,1
ACC_00000202,0.443,1.173,1,9,1,269096,1
ACC_00000203,0.731,0.738,4,11,1,113016,1
ACC_00000204,0.3,1.117,5,24,1,244525,1
ACC_00000205,0.135,1.175,1,25,1,331519,1
ACC_00000206,0.688,0.272,4,5,0,100531,1
ACC_00000207,0.181,0.321,5,6,0,271928,0
ACC_00000208,0.154,0.952,5,16,1,92887,1
ACC_00000209,0.052,0.31,2,2,0,337226,1
ACC_00000210,0.125,0.805,2,3,0,33524,0
ACC_00000211,0.449,1.167,0,13,0,52691,1
ACC_00000212,0.27,0.649,5,25,1,65702,1
ACC_00000213,0.579,0.198,1,18,0,317355,1
ACC_00000214,0.596,0.715,3,21,0,138261,1
ACC_00000215,0.534,1.173,4,12,0,341007,1
ACC_00000216,0.64,0.299,1,8,0,145232,1
ACC_00000217,0.577,1.249,4,9,1,228752,1
ACC_00000218,0.106,0.687,2,13,0,172832,0
ACC_00000219,0.254,1.105,1,27,1,343430,1
ACC_00000220,0.2,1.024,1,5,1,190587,1
ACC_00000221,0.092,0.561,0,29,0,118208,0
ACC_00000222,0.499,0.282,0,24,0,97345,0
ACC_00000223,0.479,0.647,3,31,0,331706,0
ACC_00000224,0.414,0.111,2,6,0,48380,0
ACC_00000225,0.8,0.803,2,11,0,209014,1
ACC_00000226,0.196,1.158,2,29,0,44793,1
ACC_00000227,0.58,0.595,1,13,0,294970,1
ACC_00000228,0.311,0.354,3,7,0,74920,0
ACC_00000229,0.572,1.015,3,30,0,121426,1
ACC_00000230,0.363,0.869,2,14,0,289674,0
ACC_00000231,0.399,0.846,1,8,0,349841,0
ACC_00000232,0.123,1.08,3,10,0,221909,1
ACC_00000233,0.478,1.103,0,22,1,169920,1
ACC_00000234,0.558,0.536,2,7,0,340060,1
ACC_00000235,0.635,1.069,4,25,1,149894,1
ACC_00000236,0.628,1.235,3,24,0,130541,1
ACC_00000237,0.083,1.228,0,21,0,199945,1
ACC_00000238,0.717,0.746,1,24,0,300844,1
ACC_00000239,0.342,0.526,3,19,0,112099,0
ACC_00000240,0.342,0.878,3,16,0,56866,0
ACC_00000241,0.439,0.765,0,26,0,196264,1
ACC_00000242,0.684,0.698,5,8,1,270459,1
ACC_00000243,0.583,0.266,4,10,0,306337,1
ACC_00000244,0.468,0.295,2,11,0,226829,1
ACC_00000245,0.82,0.485,4,20,0,130880,1
ACC_00000246,0.83,1.037,5,28,1,179041,1
ACC_00000247,0.742,0.69,1,25,0,120481,1
ACC_00000248,0.838,0.555,5,8,0,302102,1
ACC_00000249,0.583,0.054,3,31,0,199989,1
ACC_00000250,0.145,0.065,4,16,0,284369,0
ACC_00000251,0.823,0.29,0,30,0,287704,1
ACC_00000252,0.545,0.125,4,28,0,171676,1
ACC_00000253,0.745,0.119,1,2,0,173530,1
ACC_00000254,0.432,1.05,4,3,1,115674,1
ACC_00000255,0.4,0.596,0,29,0,143456,0
ACC_00000256,0.806,0.481,0,24,0,177755,1
ACC_00000257,0.208,0.593,2,26,0,222079,0
ACC_00000258,0.54,0.419,0,32,0,313898,1
ACC_00000259,0.662,0.4,0,30,0,254086,1
ACC_00000260,0.27,0.289,4,8,1,52126,1
ACC_00000261,0.676,0.843,0,22,0,144121,1
ACC_00000262,0.495,0.916,5,4,0,116754,0
ACC_00000263,0.654,0.801,2,27,0,76101,1
ACC_00000264,0.182,0.615,2,9,0,147819,0
ACC_00000265,0.623,0.753,4,12,1,210497,1
ACC_00000266,0.508,1.003,1,8,0,181684,1
ACC_00000267,0.602,1.062,4,18,0,103290,1
ACC_00000268,0.132,0.338,4,13,0,276637,0
ACC_00000269,0.696,0.085,1,32,0,65756,1
ACC_00000270,0.81,0.918,2,3,1,265779,1
ACC_00000271,0.803,1.125,0,29,0,330779,1
ACC_00000272,0.786,0.901,0,22,0,196277,1
ACC_00000273,0.847,0.95,1,7,1,86813,1
ACC_00000274,0.169,0.242,3,13,0,181280,0
ACC_00000275,0.698,0.638,1,2,0,305690,1
ACC_00000276,0.36,0.7,2,8,0,147015,0
ACC_00000277,0.162,0.675,0,17,0,293524,0
ACC_00000278,0.438,0.998,2,22,0,95072,1
ACC_00000279,0.731,0.311,3,18,0,284760,1
ACC_00000280,0.445,0.673,4,2,0,43388,0
ACC_00000281,0.54,1.034,4,21,0,290932,1
ACC_00000282,0.75,0.688,0,18,0,325880,1
ACC_00000283,0.273,0.836,2,32,0,103061,0
ACC_00000284,0.759,0.306,5,12,0,63732,1
ACC_00000285,0.378,1.074,2,12,0,238908,1
ACC_00000286,0.664,1.059,0,5,0,146670,1
ACC_00000287,0.754,0.432,0,16,0,175094,1
ACC_00000288,0.432,0.843,0,30,0,104523,0
ACC_00000289,0.735,0.825,1,28,0,299846,1
ACC_00000290,0.603,0.768,3,15,0,87043,1
ACC_00000291,0.274,0.601,4,8,1,148426,1
ACC_00000292,0.253,1.075,2,12,0,181998,1
ACC_00000293,0.79,0.581,3,28,0,307364,1
ACC_00000294,0.704,0.869,0,15,0,145283,1
ACC_00000295,0.763,0.543,2,20,0,253526,1
ACC_00000296,0.698,0.84,1,20,0,190065,1
ACC_00000297,0.282,0.793,1,16,0,160761,0
ACC_00000298,0.531,0.897,1,30,0,46317,1
ACC_00000299,0.402,0.92,2,27,1,114273,1
ACC_00000300,0.201,0.822,4,14,1,343173,1
ACC_00000301,0.177,0.999,4,29,0,172572,1
ACC_00000302,0.602,0.125,1,16,0,323588,1
ACC_00000303,0.136,0.135,3,11,0,151616,1
ACC_00000304,0.74,0.198,5,30,0,135712,1
ACC_00000305,0.425,0.94,0,13,0,234578,0
ACC_00000306,0.663,0.821,2,21,0,273168,1
ACC_00000307,0.485,0.517,4,3,0,198663,0
ACC_00000308,0.608,1.013,2,10,0,62360,1
ACC_00000309,0.131,0.253,3,5,1,302954,1
ACC_00000310,0.7,0.438,3,14,0,120330,1
ACC_00000311,0.752,0.949,2,17,0,157941,1
ACC_00000312,0.441,0.021,5,6,0,45429,0
ACC_00000313,0.494,1.202,1,2,1,200026,1
ACC_00000314,0.195,0.571,3,8,0,65169,0
ACC_00000315,0.41,0.677,5,23,0,146802,1
ACC_00000316,0.824,1.183,2,2,0,115206,1
ACC_00000317,0.319,0.867,0,24,0,281449,0
ACC_00000318,0.612,0.2,0,13,0,80359,1
ACC_00000319,0.152,1.112,5,14,0,100876,1
ACC_00000320,0.831,0.833,4,29,0,222775,1
ACC_00000321,0.108,0.418,3,16,1,34788,1
ACC_00000322,0.392,0.435,1,17,0,276835,0
ACC_00000323,0.684,0.22,2,29,0,302013,1
ACC_00000324,0.25,1.067,5,5,1,173128,1
ACC_00000325,0.834,0.962,5,4,0,169165,1
ACC_00000326,0.328,0.354,0,2,0,254392,0
ACC_00000327,0.144,0.531,3,30,1,205913,1
ACC_00000328,0.384,0.928,2,14,1,124144,1
ACC_00000329,0.435,0.166,4,4,1,88126,1
ACC_00000330,0.32,0.69,4,27,0,170316,0
ACC_00000331,0.617,0.861,5,12,0,332949,1
ACC_00000332,0.206,0.151,5,16,1,127153,1
ACC_00000333,0.431,1.042,5,22,1,326071,1
ACC_00000334,0.679,0.42,5,10,1,261639,1
ACC_00000335,0.418,0.89,2,30,0,130631,0
ACC_00000336,0.204,0.773,1,17,0,245935,0
ACC_00000337,0.449,0.042,1,2,0,90210,0
ACC_00000338,0.264,0.671,2,25,0,268129,1
ACC_00000339,0.647,1.029,0,4,0,316169,1
ACC_00000340,0.335,1.089,3,25,0,77652,1
ACC_00000341,0.241,0.16,2,32,0,232910,0
ACC_00000342,0.669,0.382,0,9,0,148898,1
ACC_00000343,0.144,0.935,1,8,1,232252,1
ACC_00000344,0.648,1.178,2,18,0,66593,1
ACC_00000345,0.374,0.795,3,18,1,109936,1
ACC_00000346,0.458,0.144,3,28,1,328175,1
ACC_00000347,0.548,0.729,2,2,0,37314,1
ACC_00000348,0.304,0.245,1,18,0,35104,0
ACC_00000349,0.519,0.907,1,12,1,146830,1
ACC_00000350,0.122,1.077,3,6,1,162678,1
ACC_00000351,0.713,0.915,4,16,0,141255,1
ACC_00000352,0.131,1.112,2,23,1,86387,1
ACC_00000353,0.415,0.122,0,28,0,258677,0
ACC_00000354,0.208,0.272,0,8,0,91798,0
ACC_00000355,0.294,0.819,2,16,0,303561,0
ACC_00000356,0.401,0.433,2,32,0,122696,0
ACC_00000357,0.783,0.137,2,26,0,91434,1
ACC_00000358,0.73,0.147,0,9,0,85113,1
ACC_00000359,0.273,0.252,1,26,0,242339,0
ACC_00000360,0.45,0.347,0,26,0,189738,0
ACC_00000361,0.207,1.016,0,24,1,193781,1
ACC_00000362,0.211,0.529,5,21,0,252350,0
ACC_00000363,0.275,1.018,2,17,1,232200,1
ACC_00000364,0.083,1.053,2,8,1,134185,1
ACC_00000365,0.155,0.809,2,30,0,167329,0
ACC_00000366,0.812,1.006,3,3,0,215930,1
ACC_00000367,0.371,0.548,5,12,1,76389,1
ACC_00000368,0.247,0.12,1,18,0,121710,0
ACC_00000369,0.194,0.502,0,32,0,329387,0
ACC_00000370,0.6,0.836,3,21,0,312690,1
ACC_00000371,0.363,0.487,3,24,0,36319,0
ACC_00000372,0.325,0.481,2,13,0,119055,0
ACC_00000373,0.328,0.592,0,3,0,42983,0
ACC_00000374,0.316,0.075,2,17,0,316873,0
ACC_00000375,0.815,0.754,2,4,0,165772,1
ACC_00000376,0.137,0.764,1,26,0,275049,0
ACC_00000377,0.097,0.358,4,12,1,266241,1
ACC_00000378,0.516,0.197,0,7,0,237551,1
ACC_00000379,0.531,0.419,0,3,0,56656,1
ACC_00000380,0.308,0.281,3,23,0,161801,0
ACC_00000381,0.278,0.523,5,25,0,130235,0
ACC_00000382,0.479,0.995,0,24,0,168676,1
ACC_00000383,0.464,0.328,1,13,0,247915,0
ACC_00000384,0.193,1.196,4,6,1,204787,1
ACC_00000385,0.633,0.803,2,3,0,52108,1
ACC_00000386,0.331,1.176,4,3,0,188763,1
ACC_00000387,0.129,1.124,1,13,1,323799,1
ACC_00000388,0.131,0.368,3,3,0,216958,0
ACC_00000389,0.719,0.455,2,16,0,331207,1
ACC_00000390,0.525,0.102,5,31,0,192592,1
ACC_00000391,0.324,0.827,1,7,0,218108,0
ACC_00000392,0.79,0.946,1,28,0,326951,1
ACC_00000393,0.722,0.546,1,16,0,339543,1
ACC_00000394,0.804,0.337,0,14,0,83327,1
ACC_00000395,0.327,0.769,1,22,0,72992,0
ACC_00000396,0.848,0.981,3,24,0,111190,1
ACC_00000397,0.61,0.582,1,32,0,226434,1
ACC_00000398,0.462,0.11,3,3,0,131145,0
ACC_00000399,0.404,0.24,2,19,0,235424,1
ACC_00000400,0.05,0.045,4,11,1,69427,1
ACC_00000401,0.659,0.507,1,5,0,321141,1
ACC_00000402,0.506,0.195,5,15,0,269735,1
ACC_00000403,0.104,0.969,4,2,0,165241,1
ACC_00000404,0.188,0.526,3,15,0,304385,1
ACC_00000405,0.108,0.301,4,26,0,159969,0
ACC_00000406,0.257,0.805,0,27,0,95508,0
ACC_00000407,0.148,1.146,1,19,1,103240,1
ACC_00000408,0.534,1.167,1,8,0,321483,1
ACC_00000409,0.606,1.171,2,30,1,69914,1
ACC_00000410,0.506,0.982,3,6,0,48949,1
ACC_00000411,0.109,0.521,0,15,0,221033,0
ACC_00000412,0.169,0.265,1,13,0,94145,0
ACC_00000413,0.253,0.974,4,6,0,165714,1
ACC_00000414,0.79,0.911,0,7,0,91519,1
ACC_00000415,0.749,0.891,4,31,1,345279,1
ACC_00000416,0.102,0.162,5,11,0,37083,0
ACC_00000417,0.585,0.975,1,15,1,148009,1
ACC_00000418,0.119,0.186,4,23,1,112605,1
ACC_00000419,0.561,0.432,4,6,1,185767,1
ACC_00000420,0.389,1.214,1,7,0,150010,1
ACC_00000421,0.066,1.018,2,4,1,248381,1
ACC_00000422,0.844,0.375,2,8,0,192970,1
ACC_00000423,0.747,0.563,2,10,0,124184,1
ACC_00000424,0.652,0.755,1,5,0,34674,1
ACC_00000425,0.273,0.682,5,24,0,231643,0
ACC_00000426,0.283,0.83,1,18,0,77564,0
ACC_00000427,0.371,0.026,2,14,0,204191,0
ACC_00000428,0.536,0.914,0,18,1,243673,1
ACC_00000429,0.457,0.064,5,8,1,132361,1
ACC_00000430,0.257,1.231,1,27,0,243378,1
ACC_00000431,0.147,1.035,5,7,1,258107,1
ACC_00000432,0.222,1.139,3,9,0,89582,1
ACC_00000433,0.787,0.774,1,2,0,244916,1
ACC_00000434,0.618,0.932,4,18,0,48863,1
ACC_00000435,0.593,0.255,4,23,1,203438,1
ACC_00000436,0.469,0.497,1,15,0,141380,0
ACC_00000437,0.089,0.792,4,24,0,321447,0
ACC_00000438,0.231,0.881,3,8,1,290398,1
ACC_00000439,0.541,0.072,2,30,0,346628,1
ACC_00000440,0.705,0.648,2,23,0,331313,1
ACC_00000441,0.536,0.739,1,16,0,32731,1
ACC_00000442,0.305,0.264,1,4,0,139744,0
ACC_00000443,0.616,0.869,1,11,0,276699,1
ACC_00000444,0.665,0.476,2,3,0,60980,1
ACC_00000445,0.54,0.862,1,21,0,184961,1
ACC_00000446,0.684,1.043,1,15,0,270068,1
ACC_00000447,0.282,0.023,1,24,0,174610,1
ACC_00000448,0.826,0.119,1,17,0,58755,1
ACC_00000449,0.665,0.398,5,14,1,54534,1
ACC_00000450,0.541,0.635,0,25,0,109745,1
ACC_00000451,0.51,0.648,0,19,0,118563,1
ACC_00000452,0.716,0.694,1,14,0,321715,1
ACC_00000453,0.51,0.294,3,30,0,307562,1
ACC_00000454,0.531,0.578,0,11,0,247182,1
ACC_00000455,0.366,0.355,5,4,0,175811,0
ACC_00000456,0.849,0.86,5,20,0,285851,1
ACC_00000457,0.092,0.376,4,21,0,109405,0
ACC_00000458,0.617,0.955,3,17,0,328679,1
ACC_00000459,0.351,0.782,5,22,1,37615,1
ACC_00000460,0.169,1.04,3,21,1,225786,1
ACC_00000461,0.467,1.106,1,4,1,237562,1
ACC_00000462,0.339,0.304,3,26,1,116774,1
ACC_00000463,0.203,0.363,0,10,0,96080,0
ACC_00000464,0.227,0.579,1,3,0,335111,0
ACC_00000465,0.681,0.027,0,24,0,182816,1
ACC_00000466,0.749,0.212,4,19,0,102842,1
ACC_00000467,0.756,0.901,5,27,0,296386,1
ACC_00000468,0.183,0.332,3,23,0,77367,0
ACC_00000469,0.412,0.266,5,31,0,298437,0
ACC_00000470,0.297,0.183,3,15,0,90881,1
ACC_00000471,0.419,0.142,0,8,0,270634,0
ACC_00000472,0.059,0.223,4,10,0,218142,0
ACC_00000473,0.794,0.917,5,30,0,101380,1
ACC_00000474,0.396,0.434,1,29,0,334859,0
ACC_00000475,0.165,0.539,3,23,1,256205,1
ACC_00000476,0.602,0.395,1,7,0,93964,1
ACC_00000477,0.169,1.003,5,25,1,191970,1
ACC_00000478,0.409,0.952,5,21,0,332839,1
ACC_00000479,0.109,0.392,2,7,0,106096,0
ACC_00000480,0.091,0.205,4,8,1,74513,1
ACC_00000481,0.288,0.724,5,18,1,239560,1
ACC_00000482,0.602,0.459,0,13,0,134511,1
ACC_00000483,0.677,0.543,0,19,0,253515,1
ACC_00000484,0.817,0.468,3,27,0,280572,1
ACC_00000485,0.664,0.726,1,18,0,331816,1
ACC_00000486,0.349,0.79,3,32,0,88361,0
ACC_00000487,0.099,0.48,4,26,0,85369,0
ACC_00000488,0.543,1.221,4,22,1,33880,1
ACC_00000489,0.147,0.553,0,12,0,158788,0
ACC_00000490,0.217,0.294,1,10,0,241171,0
ACC_00000491,0.711,0.636,4,3,1,40219,1
ACC_00000492,0.06,0.374,4,8,0,155291,0
ACC_00000493,0.799,0.136,0,21,0,66950,1
ACC_00000494,0.52,0.891,0,17,0,325196,1
ACC_00000495,0.652,0.844,1,29,0,102762,1
ACC_00000496,0.527,0.746,4,24,1,166151,1
ACC_00000497,0.412,0.317,0,20,0,292441,0
ACC_00000498,0.598,0.807,3,12,1,55494,1
ACC_00000499,0.419,0.255,0,15,0,152905,0
ACC_00000500,0.335,0.494,2,6,0,289134,0
ACC_00000501,0.338,0.194,0,23,0,137973,1
ACC_00000502,0.825,1.031,2,30,1,159686,1
ACC_00000503,0.714,0.481,0,16,0,166262,1
ACC_00000504,0.439,0.805,4,31,1,229904,1
ACC_00000505,0.227,1.068,4,16,0,46939,1
ACC_00000506,0.812,1.017,1,28,0,282857,1
ACC_00000507,0.459,1.001,0,8,0,282627,1
ACC_00000508,0.398,0.957,0,2,1,218519,1
ACC_00000509,0.479,1.153,1,7,1,232095,1
ACC_00000510,0.548,1.207,0,26,0,41648,1
ACC_00000511,0.276,1.038,3,7,0,141610,1
ACC_00000512,0.145,0.461,4,25,1,172147,1
ACC_00000513,0.32,0.701,0,24,0,178452,1
ACC_00000514,0.774,0.305,1,17,0,295522,1
ACC_00000515,0.625,0.544,0,19,0,291316,1
ACC_00000516,0.266,0.29,0,29,0,228569,0
ACC_00000517,0.161,0.488,1,3,0,65289,0
ACC_00000518,0.103,0.5,3,5,0,327848,0
ACC_00000519,0.393,0.263,3,10,0,87148,0
ACC_00000520,0.307,0.12,0,28,0,149945,0
ACC_00000521,0.167,0.549,2,7,0,302867,0
ACC_00000522,0.755,0.778,0,17,0,249137,1
ACC_00000523,0.272,1.077,2,20,0,241501,1
ACC_00000524,0.391,0.578,5,32,0,83735,0
ACC_00000525,0.46,0.752,5,10,0,63230,0
ACC_00000526,0.821,0.191,1,10,0,131441,1
ACC_00000527,0.729,0.208,5,13,0,53142,1
ACC_00000528,0.436,0.801,4,4,0,333181,0
ACC_00000529,0.476,0.741,3,16,1,142047,1
ACC_00000530,0.196,0.296,5,3,1,220459,1
ACC_00000531,0.471,0.668,1,22,0,287555,0
ACC_00000532,0.8,0.226,0,16,0,62881,1
ACC_00000533,0.252,1.212,4,28,1,52949,1
ACC_00000534,0.645,0.474,5,30,0,46017,1
ACC_00000535,0.802,0.682,5,10,1,344940,1
ACC_00000536,0.333,0.365,0,17,0,189266,0
ACC_00000537,0.646,0.087,3,9,1,257995,1
ACC_00000538,0.387,0.033,5,13,0,193909,0
ACC_00000539,0.447,1.012,4,7,0,154754,1
ACC_00000540,0.244,0.295,5,15,1,127512,1
ACC_00000541,0.744,0.345,5,19,0,295777,1
ACC_00000542,0.097,0.457,0,4,0,330474,0
ACC_00000543,0.709,1.207,0,4,0,156748,1
ACC_00000544,0.306,0.823,4,11,1,180736,1
ACC_00000545,0.716,1.178,5,18,0,116679,1
ACC_00000546,0.64,0.655,1,29,0,323848,1
ACC_00000547,0.746,1.193,2,32,0,59107,1
ACC_00000548,0.746,0.981,1,19,0,334042,1
ACC_00000549,0.4,0.631,2,16,0,117587,0
ACC_00000550,0.553,0.698,2,23,0,221362,1
ACC_00000551,0.347,0.537,1,29,0,272177,0
ACC_00000552,0.717,0.587,3,15,1,256511,1
ACC_00000553,0.496,0.812,0,8,0,322359,0
ACC_00000554,0.687,1.087,1,10,0,339087,1
ACC_00000555,0.261,0.474,4,21,1,114932,1
ACC_00000556,0.054,1.14,5,3,1,231221,1
ACC_00000557,0.821,0.159,4,9,1,67745,1
ACC_00000558,0.674,1.109,4,17,1,280246,1
ACC_00000559,0.177,0.416,4,22,1,165118,1
ACC_00000560,0.209,0.365,3,28,0,183787,0
ACC_00000561,0.649,0.682,4,12,0,234790,1
ACC_00000562,0.248,1.211,1,23,1,296004,1
ACC_00000563,0.192,0.245,2,15,0,209756,1
ACC_00000564,0.549,0.456,0,19,0,302422,1
ACC_00000565,0.391,0.041,1,12,0,111313,0
ACC_00000566,0.742,1.076,5,23,1,149297,1
ACC_00000567,0.456,0.407,1,4,0,144283,0
ACC_00000568,0.291,0.759,1,22,0,296774,0
ACC_00000569,0.482,0.769,4,26,1,54412,1
ACC_00000570,0.315,0.075,2,26,0,230748,0
ACC_00000571,0.616,0.271,4,9,0,252764,1
ACC_00000572,0.7,0.429,0,17,0,97437,1
ACC_00000573,0.759,1.162,2,12,0,71756,1
ACC_00000574,0.783,0.337,3,12,1,152001,1
ACC_00000575,0.735,0.112,5,25,0,196960,1
ACC_00000576,0.599,0.048,5,18,1,217355,1
ACC_00000577,0.512,1.009,4,29,0,119327,1
ACC_00000578,0.729,0.174,1,32,0,178387,1
ACC_00000579,0.399,0.313,3,24,1,283240,1
ACC_00000580,0.412,0.102,0,23,0,169437,0
ACC_00000581,0.615,0.69,0,20,0,256017,1
ACC_00000582,0.729,0.895,1,21,0,191000,1
ACC_00000583,0.577,0.419,4,19,0,44248,1
ACC_00000584,0.358,0.395,5,28,1,301001,1
ACC_00000585,0.508,1.15,1,12,0,291257,1
ACC_00000586,0.389,0.495,5,9,0,280031,0
ACC_00000587,0.4,1.124,3,2,1,33510,1
ACC_00000588,0.491,1.143,0,2,0,269297,1
ACC_00000589,0.457,1.037,1,13,0,62037,1
ACC_00000590,0.282,1.048,5,31,0,138610,1
ACC_00000591,0.637,0.348,0,21,0,60113,1
ACC_00000592,0.672,0.667,2,26,0,156915,1
ACC_00000593,0.353,0.258,5,17,1,200348,1
ACC_00000594,0.327,0.161,0,31,0,69862,0
ACC_00000595,0.553,1.079,1,32,1,247648,1
ACC_00000596,0.471,0.361,5,12,1,274108,1
ACC_00000597,0.29,0.899,1,23,0,264986,0
ACC_00000598,0.298,0.822,5,12,1,206393,1
ACC_00000599,0.115,1.249,0,17,0,256261,1
ACC_00000600,0.11,0.421,1,5,0,246990,0
ACC_00000601,0.112,0.209,3,15,1,293178,1
ACC_00000602,0.55,0.043,2,8,0,312269,1
ACC_00000603,0.315,0.781,1,9,0,349996,0
ACC_00000604,0.344,0.414,0,17,0,339205,0
ACC_00000605,0.343,1.046,4,19,1,254417,1
ACC_00000606,0.539,0.148,0,30,0,260355,1
ACC_00000607,0.395,0.783,0,32,0,340357,0
ACC_00000608,0.358,0.367,2,9,0,182891,1
ACC_00000609,0.213,0.231,5,6,0,60129,0
ACC_00000610,0.11,0.205,1,23,0,141357,0
ACC_00000611,0.456,1.074,4,31,1,296497,1
ACC_00000612,0.319,0.633,2,16,0,115202,0
ACC_00000613,0.742,0.748,3,27,1,71708,1
ACC_00000614,0.558,0.028,3,15,0,198858,1
ACC_00000615,0.601,0.817,0,19,0,268134,1
ACC_00000616,0.481,0.961,0,24,1,213275,1
ACC_00000617,0.251,0.149,0,15,0,293014,0
ACC_00000618,0.429,0.61,1,13,0,273028,0
ACC_00000619,0.298,0.073,5,2,1,218909,1
ACC_00000620,0.439,0.868,2,31,0,96620,0
ACC_00000621,0.823,0.224,1,23,0,101685,1
ACC_00000622,0.391,0.373,1,8,0,99205,0
ACC_00000623,0.774,1.244,0,18,1,131511,1
ACC_00000624,0.136,0.204,4,16,0,273992,0
ACC_00000625,0.757,0.785,2,4,0,317651,1
ACC_00000626,0.254,0.215,5,16,0,240165,0
ACC_00000627,0.252,0.757,0,22,0,46881,0
ACC_00000628,0.253,0.21,0,6,0,187187,0
ACC_00000629,0.487,0.115,2,29,0,240541,0
ACC_00000630,0.704,0.478,3,18,0,164625,1
ACC_00000631,0.849,0.632,5,24,0,218076,1
ACC_00000632,0.434,0.199,0,15,0,284175,0
ACC_00000633,0.474,0.034,4,18,0,78573,0
ACC_00000634,0.557,0.86,2,3,0,206014,1
ACC_00000635,0.343,1.207,3,14,0,115026,1
ACC_00000636,0.176,0.605,0,16,0,304488,0
ACC_00000637,0.702,0.949,4,24,0,247886,1
ACC_00000638,0.247,0.237,4,23,0,36740,0
ACC_00000639,0.163,0.923,0,20,0,87868,0
ACC_00000640,0.257,0.236,5,9,1,307002,1
ACC_00000641,0.846,0.587,2,24,0,122774,1
ACC_00000642,0.094,0.123,0,5,0,101717,0
ACC_00000643,0.522,0.121,0,18,0,279181,1
ACC_00000644,0.125,0.332,2,29,0,133326,0
ACC_00000645,0.292,0.825,0,30,0,167249,0
ACC_00000646,0.119,0.475,0,19,0,313400,1
ACC_00000647,0.716,0.95,2,19,0,41991,1
ACC_00000648,0.661,0.766,2,6,0,245800,1
ACC_00000649,0.729,1.227,2,3,0,235490,1
ACC_00000650,0.73,1.2,2,30,0,302348,1
ACC_00000651,0.296,0.939,4,22,0,45340,1
ACC_00000652,0.405,0.074,4,19,0,344694,0
ACC_00000653,0.6,0.554,1,27,0,344383,1
ACC_00000654,0.629,0.944,1,11,0,238768,1
ACC_00000655,0.716,0.14,5,26,0,114720,1
ACC_00000656,0.085,0.414,2,17,0,113819,0
ACC_00000657,0.053,0.524,3,2,0,101609,1
ACC_00000658,0.67,0.463,2,32,0,42038,1
ACC_00000659,0.323,0.303,2,25,0,325684,0
ACC_00000660,0.305,0.325,2,21,0,78902,0
ACC_00000661,0.179,0.526,1,14,0,192434,0
ACC_00000662,0.526,0.36,4,2,0,104582,1
ACC_00000663,0.13,0.483,5,20,0,166282,0
ACC_00000664,0.384,0.064,2,31,0,342947,0
ACC_00000665,0.192,0.122,4,16,1,108640,1
ACC_00000666,0.714,0.777,1,24,0,298697,1
ACC_00000667,0.429,0.714,0,6,0,83537,0
ACC_00000668,0.217,1.167,2,25,0,290948,1
ACC_00000669,0.576,0.257,1,7,0,348421,1
ACC_00000670,0.454,0.488,0,3,0,110977,0
ACC_00000671,0.155,1.054,5,14,1,38237,1
ACC_00000672,0.231,0.043,1,24,0,58798,0
ACC_00000673,0.59,0.889,3,22,0,241037,1
ACC_00000674,0.713,0.657,5,13,0,317939,1
ACC_00000675,0.405,0.355,5,8,0,154013,0
ACC_00000676,0.434,0.088,3,31,0,161261,0
ACC_00000677,0.12,0.326,4,4,1,105404,1
ACC_00000678,0.76,0.498,0,3,0,331101,1
ACC_00000679,0.771,0.228,5,8,1,99007,1
ACC_00000680,0.748,0.342,4,23,0,274015,1
ACC_00000681,0.683,0.193,2,4,0,234158,1
ACC_00000682,0.214,0.62,1,2,0,215681,0
ACC_00000683,0.759,0.277,3,26,1,312436,1
ACC_00000684,0.384,0.865,4,24,0,85772,0
ACC_00000685,0.283,1.187,3,9,1,292708,1
ACC_00000686,0.399,0.267,1,7,0,87443,1
ACC_00000687,0.6,0.289,5,15,1,317093,1
ACC_00000688,0.316,0.919,3,7,0,199453,0
ACC_00000689,0.312,0.436,2,5,0,149486,0
ACC_00000690,0.509,1.073,1,8,0,250402,1
ACC_00000691,0.614,0.326,3,14,0,296104,1
ACC_00000692,0.054,0.962,1,17,0,77337,1
ACC_00000693,0.505,0.364,3,10,1,257054,1
ACC_00000694,0.675,0.37,1,23,0,255444,1
ACC_00000695,0.361,1.058,3,4,1,306352,1
ACC_00000696,0.628,0.974,0,4,1,128491,1
ACC_00000697,0.702,0.95,2,22,0,109188,1
ACC_00000698,0.535,0.275,0,31,0,231120,1
ACC_00000699,0.29,0.867,4,2,1,277113,1
ACC_00000700,0.627,0.301,0,11,0,254513,1
ACC_00000701,0.276,0.742,1,21,0,186338,0
ACC_00000702,0.078,1.173,2,7,0,151959,1
ACC_00000703,0.203,0.387,1,15,0,178966,0
ACC_00000704,0.46,1.17,2,31,0,111860,1
ACC_00000705,0.405,1.191,0,31,0,263320,1
ACC_00000706,0.663,1.248,2,4,1,245740,1
ACC_00000707,0.42,0.787,3,10,0,304952,0
ACC_00000708,0.192,0.86,4,2,1,183531,1
ACC_00000709,0.498,0.796,4,32,1,232678,1
ACC_00000710,0.125,0.701,1,14,0,124426,0
ACC_00000711,0.111,0.057,2,30,0,266859,0
ACC_00000712,0.658,0.928,3,10,0,113097,1
ACC_00000713,0.692,0.722,3,7,1,34149,1
ACC_00000714,0.688,0.421,0,23,0,191923,1
ACC_00000715,0.672,0.995,0,21,0,120491,1
ACC_00000716,0.077,1.07,2,4,1,183036,1
ACC_00000717,0.181,0.423,0,16,0,106478,0
ACC_00000718,0.805,0.7,4,31,0,178675,1
ACC_00000719,0.823,0.07,3,6,1,331456,1
ACC_00000720,0.088,1.057,5,15,1,267371,1
ACC_00000721,0.308,0.409,3,11,1,66070,1
ACC_00000722,0.182,0.965,1,11,0,256381,1
ACC_00000723,0.806,0.118,4,10,1,160943,1
ACC_00000724,0.775,0.706,0,6,0,219436,1
ACC_00000725,0.277,0.158,3,5,1,139909,1
ACC_00000726,0.565,0.468,5,23,0,66451,1
ACC_00000727,0.065,0.593,5,5,1,67181,1
ACC_00000728,0.656,0.986,3,12,1,347314,1
ACC_00000729,0.624,0.763,3,8,0,135120,1
ACC_00000730,0.759,0.218,4,29,0,279998,1
ACC_00000731,0.281,0.01,4,31,0,76709,0
ACC_00000732,0.605,0.455,2,12,0,218741,1
ACC_00000733,0.802,0.404,0,5,0,307776,1
ACC_00000734,0.504,0.996,1,15,0,78910,1
ACC_00000735,0.064,1.018,5,20,0,170684,1
ACC_00000736,0.084,0.839,5,30,0,226805,0
ACC_00000737,0.342,0.585,3,12,0,71212,0
ACC_00000738,0.402,1.209,5,19,0,260611,1
ACC_00000739,0.3,0.17,1,31,0,245150,0
ACC_00000740,0.253,0.42,4,7,0,267020,0
ACC_00000741,0.83,1.09,5,27,1,186059,1
ACC_00000742,0.573,0.958,3,22,0,122482,1
ACC_00000743,0.632,1.249,4,7,0,92138,1
ACC_00000744,0.764,0.814,2,32,0,63603,1
ACC_00000745,0.093,0.072,2,15,0,174207,0
ACC_00000746,0.511,0.355,5,24,0,334461,1
ACC_00000747,0.433,1.083,2,29,1,191982,1
ACC_00000748,0.495,1.193,0,8,0,55910,1
ACC_00000749,0.618,1.052,1,14,0,294567,1
ACC_00000750,0.128,1.156,0,30,1,293339,1
ACC_00000751,0.156,0.121,0,27,0,334181,0
ACC_00000752,0.328,0.776,4,24,0,317632,0
ACC_00000753,0.234,0.649,2,9,0,254714,0
ACC_00000754,0.294,0.168,4,26,1,320241,1
ACC_00000755,0.597,0.321,4,15,1,168471,1
ACC_00000756,0.182,0.628,2,27,0,36180,0
ACC_00000757,0.751,0.97,0,18,0,69837,1
ACC_00000758,0.803,0.428,3,21,0,207425,1
ACC_00000759,0.345,0.027,3,22,1,50138,1
ACC_00000760,0.284,0.19,2,30,0,235533,0
ACC_00000761,0.483,0.319,3,30,1,270036,1
ACC_00000762,0.446,0.252,1,21,0,176309,0
ACC_00000763,0.146,1.14,2,2,0,336187,1
ACC_00000764,0.381,0.812,4,28,0,61690,0
ACC_00000765,0.493,1.182,4,18,0,237557,1
ACC_00000766,0.535,0.511,0,13,0,290299,1
ACC_00000767,0.749,1.122,4,13,0,111609,1
ACC_00000768,0.543,1.031,5,31,0,266574,1
ACC_00000769,0.373,0.79,5,18,1,67626,1
ACC_00000770,0.62,0.942,5,3,1,322787,1
ACC_00000771,0.385,0.499,0,11,0,36032,0
ACC_00000772,0.656,0.87,1,19,0,278081,1
ACC_00000773,0.218,0.875,4,3,0,72429,0
ACC_00000774,0.281,0.478,5,10,0,322561,0
ACC_00000775,0.162,0.556,5,2,0,56613,0
ACC_00000776,0.773,0.353,2,28,0,275748,1
ACC_00000777,0.275,0.926,1,2,0,108816,0
ACC_00000778,0.365,0.195,5,26,1,142352,1
ACC_00000779,0.665,0.225,5,31,1,306423,1
ACC_00000780,0.088,0.086,0,5,0,189264,0
ACC_00000781,0.095,0.047,3,28,1,80038,1
ACC_00000782,0.388,1.184,1,19,0,254586,1
ACC_00000783,0.503,0.273,3,26,1,271019,1
ACC_00000784,0.568,0.996,3,22,1,191547,1
ACC_00000785,0.092,0.629,5,8,0,175010,0
ACC_00000786,0.108,0.896,4,23,1,179808,1
ACC_00000787,0.506,1.139,2,6,0,76753,1
ACC_00000788,0.265,0.14,0,4,0,231375,1
ACC_00000789,0.339,0.439,3,22,0,103740,0
ACC_00000790,0.537,0.422,4,16,0,327051,1
ACC_00000791,0.785,0.608,1,11,0,276623,1
ACC_00000792,0.156,0.752,1,8,0,244004,0
ACC_00000793,0.772,0.055,2,3,0,133980,1
ACC_00000794,0.229,0.89,3,4,0,221780,0
ACC_00000795,0.372,0.833,3,24,1,148384,1
ACC_00000796,0.478,0.39,0,21,0,318430,0
ACC_00000797,0.787,0.232,0,8,0,285803,1
ACC_00000798,0.406,0.739,2,31,0,249243,0
ACC_00000799,0.429,0.707,0,28,0,337383,0
ACC_00000800,0.464,1.238,0,16,0,147552,1
ACC_00000801,0.395,0.202,2,14,0,77259,0
ACC_00000802,0.418,0.892,1,16,0,200042,0
ACC_00000803,0.832,0.886,5,22,0,329455,1
ACC_00000804,0.478,0.48,2,14,0,93760,0
ACC_00000805,0.236,0.443,5,3,1,145634,1
ACC_00000806,0.517,1.181,5,25,0,88275,1
ACC_00000807,0.529,0.568,4,28,0,125978,1
ACC_00000808,0.76,0.786,0,30,0,150854,1
ACC_00000809,0.455,1.066,2,31,1,308262,1
ACC_00000810,0.107,0.916,2,14,0,84608,0
ACC_00000811,0.089,0.426,2,15,0,149651,0
ACC_00000812,0.399,0.578,2,18,0,103459,0
ACC_00000813,0.536,0.772,2,6,0,310581,1
ACC_00000814,0.089,1.007,3,21,1,321820,1
ACC_00000815,0.703,0.356,3,2,1,35795,1
ACC_00000816,0.487,0.484,0,10,0,269789,0
ACC_00000817,0.35,1.181,2,14,0,246827,1
ACC_00000818,0.415,0.919,3,15,1,65448,1
ACC_00000819,0.683,0.798,2,8,0,312144,1
ACC_00000820,0.309,0.493,1,16,0,330655,0
ACC_00000821,0.277,0.055,0,12,0,248781,0
ACC_00000822,0.718,1.168,0,13,1,51703,1
ACC_00000823,0.443,0.523,4,11,1,135838,1
ACC_00000824,0.642,0.365,4,11,0,178779,1
ACC_00000825,0.214,0.748,3,26,0,166579,0
ACC_00000826,0.089,0.555,0,6,0,304868,0
ACC_00000827,0.499,1.135,0,9,1,156077,1
ACC_00000828,0.354,1.237,2,10,1,172689,1
ACC_00000829,0.473,1.105,2,31,0,186953,1
ACC_00000830,0.171,0.833,4,22,1,123026,1
ACC_00000831,0.225,0.914,4,15,0,144290,1
ACC_00000832,0.582,0.625,0,13,0,336542,1
ACC_00000833,0.085,1.221,3,24,1,174707,1
ACC_00000834,0.828,0.162,4,17,0,173806,1
ACC_00000835,0.495,0.391,4,4,0,36670,0
ACC_00000836,0.731,0.292,5,15,1,32285,1
ACC_00000837,0.675,0.767,0,19,0,278799,1
ACC_00000838,0.293,0.976,5,25,0,237681,1
ACC_00000839,0.807,0.16,5,21,0,67096,1
ACC_00000840,0.638,0.602,3,23,0,118342,1
ACC_00000841,0.237,0.759,0,3,0,45857,1
ACC_00000842,0.563,0.326,2,5,0,251870,1
ACC_00000843,0.482,0.663,3,2,1,222429,1
ACC_00000844,0.7,0.104,4,2,1,114220,1
ACC_00000845,0.143,0.739,3,32,1,89162,1
ACC_00000846,0.516,1.174,2,23,1,163721,1
ACC_00000847,0.546,0.398,3,31,1,267283,1
ACC_00000848,0.356,1.202,0,26,0,254899,1
ACC_00000849,0.461,0.631,0,24,0,348228,0
ACC_00000850,0.497,0.04,2,25,0,71453,0
ACC_00000851,0.139,0.029,3,12,0,239734,0
ACC_00000852,0.462,0.323,1,12,0,307566,0
ACC_00000853,0.262,0.515,5,7,0,170694,0
ACC_00000854,0.224,1.048,5,25,1,149873,1
ACC_00000855,0.344,0.148,1,24,0,53867,0
ACC_00000856,0.699,0.564,4,11,0,257310,1
ACC_00000857,0.526,0.08,2,19,0,341069,1
ACC_00000858,0.185,1.126,3,25,1,31208,1
ACC_00000859,0.253,0.304,5,28,0,35104,0
ACC_00000860,0.334,1.128,1,18,0,266506,1
ACC_00000861,0.05,0.239,4,14,1,119316,1
ACC_00000862,0.374,0.594,2,8,0,217091,0
ACC_00000863,0.22,0.849,0,17,0,119776,0
ACC_00000864,0.476,0.45,4,7,0,216103,0
ACC_00000865,0.425,0.901,3,16,1,106377,1
ACC_00000866,0.561,1.098,3,28,0,103621,1
ACC_00000867,0.292,0.435,0,24,0,318186,0
ACC_00000868,0.33,1.128,0,27,0,322087,1
ACC_00000869,0.511,0.747,2,9,0,229338,1
ACC_00000870,0.288,0.054,4,26,0,88989,0
ACC_00000871,0.308,1.026,4,11,1,158734,1
ACC_00000872,0.738,1.147,0,4,0,243780,1
ACC_00000873,0.758,0.901,0,15,0,308034,1
ACC_00000874,0.434,1.066,4,27,0,131243,1
ACC_00000875,0.713,0.718,3,19,1,186472,1
ACC_00000876,0.633,0.054,4,23,1,284893,1
ACC_00000877,0.108,0.374,3,19,0,267932,0
ACC_00000878,0.379,0.583,5,20,1,30248,1
ACC_00000879,0.629,0.117,2,15,0,57038,1
ACC_00000880,0.615,0.636,5,2,0,91606,1
ACC_00000881,0.842,0.86,2,11,0,182620,1
ACC_00000882,0.493,1.08,1,3,0,54789,1
ACC_00000883,0.113,0.054,0,13,0,241544,0
ACC_00000884,0.444,0.126,3,32,0,161873,0
ACC_00000885,0.483,0.719,0,21,0,119661,0
ACC_00000886,0.296,0.85,3,31,1,338810,1
ACC_00000887,0.445,0.851,3,9,0,265335,0
ACC_00000888,0.801,0.881,1,6,0,262115,1
ACC_00000889,0.07,0.095,4,11,1,62156,1
ACC_00000890,0.782,0.245,2,12,0,242780,1
ACC_00000891,0.64,0.386,2,2,0,200867,1
ACC_00000892,0.154,0.3,0,4,0,37247,0
ACC_00000893,0.31,0.119,0,18,0,297730,0
ACC_00000894,0.632,0.985,1,10,0,54727,1
ACC_00000895,0.46,0.189,4,26,0,273925,0
ACC_00000896,0.849,0.875,0,19,0,129608,1
ACC_00000897,0.688,0.225,3,19,1,322093,1
ACC_00000898,0.431,0.295,4,18,1,45214,1
ACC_00000899,0.194,0.744,3,18,0,319682,0
ACC_00000900,0.47,0.89,5,10,0,250301,0
ACC_00000901,0.404,0.822,2,13,0,186551,0
ACC_00000902,0.799,1.232,1,24,1,151221,1
ACC_00000903,0.644,0.625,1,14,0,184186,1
ACC_00000904,0.819,0.583,5,8,1,309971,1
ACC_00000905,0.791,0.647,4,11,0,86124,1
ACC_00000906,0.085,1.106,1,17,1,221024,1
ACC_00000907,0.711,0.605,5,10,1,214816,1
ACC_00000908,0.149,0.514,5,11,1,231536,1
ACC_00000909,0.118,0.167,3,5,1,173818,1
ACC_00000910,0.471,0.882,1,32,0,60740,0
ACC_00000911,0.054,1.139,0,21,1,257249,1
ACC_00000912,0.185,0.119,5,16,0,92950,0
ACC_00000913,0.461,1.04,0,32,1,140305,1
ACC_00000914,0.596,1.055,3,27,1,64410,1
ACC_00000915,0.27,0.757,2,4,0,346818,0
ACC_00000916,0.596,0.291,5,7,0,203233,1
ACC_00000917,0.636,0.404,1,8,0,218454,1
ACC_00000918,0.498,0.828,3,6,0,116910,0
ACC_00000919,0.114,0.485,4,2,0,63346,0
ACC_00000920,0.608,0.868,0,10,0,279234,1
ACC_00000921,0.246,0.014,4,15,1,179374,1
ACC_00000922,0.284,1.058,0,21,1,317409,1
ACC_00000923,0.309,1.03,3,16,0,326725,1
ACC_00000924,0.825,0.866,3,32,0,292633,1
ACC_00000925,0.779,0.505,0,30,0,86401,1
ACC_00000926,0.399,0.081,5,13,0,208865,0
ACC_00000927,0.187,0.735,2,21,0,316306,0
ACC_00000928,0.268,0.231,0,25,0,109752,0
ACC_00000929,0.679,0.043,2,30,0,189910,1
ACC_00000930,0.394,0.579,4,29,0,65804,0
ACC_00000931,0.826,0.221,2,26,0,120336,1
ACC_00000932,0.38,0.615,3,28,0,126939,1
ACC_00000933,0.439,0.416,1,13,0,74558,0
ACC_00000934,0.373,0.752,4,5,0,39767,0
ACC_00000935,0.273,0.732,0,30,0,59002,0
ACC_00000936,0.344,0.044,2,6,0,322376,0
ACC_00000937,0.791,0.179,0,26,0,117893,1
ACC_00000938,0.591,0.886,2,6,0,159466,1
ACC_00000939,0.385,0.534,2,23,0,71389,1
ACC_00000940,0.651,0.891,3,31,0,205884,1
ACC_00000941,0.227,0.688,3,22,1,61083,1
ACC_00000942,0.306,0.478,0,22,0,324611,0
ACC_00000943,0.732,0.971,2,15,0,69080,1
ACC_00000944,0.807,0.295,1,27,0,161824,1
ACC_00000945,0.583,1.229,0,27,0,191834,1
ACC_00000946,0.433,0.532,2,26,0,268436,0
ACC_00000947,0.142,0.422,4,16,0,187361,0
ACC_00000948,0.22,0.842,2,15,0,186604,0
ACC_00000949,0.508,0.762,3,19,1,57755,1
ACC_00000950,0.189,0.567,1,3,0,344058,0
ACC_00000951,0.39,0.769,5,10,1,320457,1
ACC_00000952,0.064,0.492,1,22,0,174066,0
ACC_00000953,0.175,1.094,1,3,1,279772,1
ACC_00000954,0.671,0.773,2,26,0,89251,1
ACC_00000955,0.305,1.244,2,23,1,323702,1
ACC_00000956,0.429,0.589,0,5,0,342073,0
ACC_00000957,0.098,0.73,1,11,0,43579,0
ACC_00000958,0.369,1.063,3,27,1,90908,1
ACC_00000959,0.448,0.155,1,31,0,205000,0
ACC_00000960,0.241,1.145,4,21,0,308620,1
ACC_00000961,0.712,0.025,4,3,1,331847,1
ACC_00000962,0.519,0.203,5,16,0,96931,1
ACC_00000963,0.5,0.026,4,18,0,137399,1
ACC_00000964,0.387,0.963,2,13,0,264348,1
ACC_00000965,0.26,1.144,1,22,1,223176,1
ACC_00000966,0.334,0.527,0,17,0,51796,0
ACC_00000967,0.23,1.1,0,5,0,257098,1
ACC_00000968,0.65,0.294,4,17,0,304710,1
ACC_00000969,0.247,0.091,2,30,0,44391,0
ACC_00000970,0.818,0.713,2,10,0,247117,1
ACC_00000971,0.052,0.874,4,24,1,329378,1
ACC_00000972,0.486,0.128,2,24,0,269626,0
ACC_00000973,0.087,1.135,0,24,0,38453,1
ACC_00000974,0.337,0.115,0,14,0,72061,0
ACC_00000975,0.342,0.058,4,14,1,193207,1
ACC_00000976,0.736,0.612,1,14,0,182991,1
ACC_00000977,0.774,0.483,5,20,0,69487,1
ACC_00000978,0.818,0.4,4,15,1,246808,1
ACC_00000979,0.669,0.248,2,23,0,213021,1
ACC_00000980,0.16,0.703,1,2,0,248678,0
ACC_00000981,0.736,0.783,5,3,1,143921,1
ACC_00000982,0.211,0.217,1,3,0,223296,1
ACC_00000983,0.512,1.107,1,5,0,266210,1
ACC_00000984,0.603,0.942,3,6,1,284659,1
ACC_00000985,0.44,0.81,4,10,0,278185,0
ACC_00000986,0.496,0.106,2,31,0,101278,0
ACC_00000987,0.791,0.136,2,24,0,209652,1
ACC_00000988,0.8,0.602,0,20,0,237631,1
ACC_00000989,0.766,0.113,4,9,1,53074,1
ACC_00000990,0.775,0.458,5,19,0,222349,1
ACC_00000991,0.437,0.67,4,23,1,140679,1
ACC_00000992,0.271,0.152,2,2,0,201607,0
ACC_00000993,0.181,1.217,5,3,0,92385,1
ACC_00000994,0.127,0.248,2,21,0,181466,0
ACC_00000995,0.149,0.98,4,6,0,252630,1
ACC_00000996,0.54,1.195,5,26,0,340983,1
ACC_00000997,0.122,0.165,0,13,0,326428,0
ACC_00000998,0.692,0.37,5,10,0,70034,1
ACC_00000999,0.648,0.517,0,27,0,317450,1
ACC_00001000,0.374,0.286,3,9,1,242524,1
ACC_00001001,0.361,0.889,2,6,0,329391,1
ACC_00001002,0.105,1.237,0,28,0,96963,1
ACC_00001003,0.163,0.119,0,30,0,89295,0
ACC_00001004,0.232,0.124,2,5,0,259399,0
ACC_00001005,0.133,1.034,5,23,0,30397,1
ACC_00001006,0.372,0.842,4,16,0,321015,0
ACC_00001007,0.663,0.436,3,32,0,47230,1
ACC_00001008,0.755,0.396,3,10,1,173474,1
ACC_00001009,0.151,0.81,5,21,1,264052,1
ACC_00001010,0.372,1.128,5,32,0,294579,1
ACC_00001011,0.156,0.875,4,31,1,346581,1
ACC_00001012,0.564,0.529,2,31,0,313932,1
ACC_00001013,0.435,0.548,3,3,0,294890,0
ACC_00001014,0.846,1.114,5,8,1,320999,1
ACC_00001015,0.653,0.045,4,16,1,226801,1
ACC_00001016,0.398,0.155,5,20,0,125111,0
ACC_00001017,0.768,0.142,0,21,0,201316,1
ACC_00001018,0.548,0.943,2,17,1,349644,1
ACC_00001019,0.607,0.605,3,19,0,326167,1
ACC_00001020,0.751,0.213,4,7,1,78744,1
ACC_00001021,0.804,1.065,4,26,0,251733,1
ACC_00001022,0.592,0.635,5,21,0,341306,1
ACC_00001023,0.079,0.54,2,14,0,201422,1
ACC_00001024,0.604,0.979,5,21,0,347100,1
ACC_00001025,0.306,0.268,2,14,0,57066,0
ACC_00001026,0.689,0.663,4,17,0,289304,1
ACC_00001027,0.172,0.898,4,13,1,246673,1
ACC_00001028,0.351,0.491,0,22,0,121681,0
ACC_00001029,0.179,0.759,4,13,0,33639,0
ACC_00001030,0.261,0.723,2,13,0,127538,0
ACC_00001031,0.423,0.685,2,25,0,52597,0
ACC_00001032,0.284,0.397,3,6,0,347743,0
ACC_00001033,0.087,1.162,4,29,1,64141,1
ACC_00001034,0.794,0.833,4,27,0,274469,1
ACC_00001035,0.197,0.165,4,3,0,305151,0
ACC_00001036,0.32,1.012,1,16,0,160942,1
ACC_00001037,0.324,1.082,3,15,1,115548,1
ACC_00001038,0.146,0.315,5,15,0,79799,0
ACC_00001039,0.601,0.291,4,11,0,320519,1
ACC_00001040,0.488,1.233,2,3,1,198486,1
ACC_00001041,0.4,0.686,5,13,1,207265,1
ACC_00001042,0.304,0.913,5,9,0,306962,0
ACC_00001043,0.413,0.605,1,26,0,285382,0
ACC_00001044,0.256,0.396,2,10,0,100995,0
ACC_00001045,0.154,1.098,3,11,1,270325,1
ACC_00001046,0.737,0.916,2,16,0,221356,1
ACC_00001047,0.374,1.108,4,22,1,238528,1
ACC_00001048,0.707,1.035,3,18,0,253643,1
ACC_00001049,0.662,0.5,4,31,0,105128,1
ACC_00001050,0.749,0.174,3,3,0,164554,1
ACC_00001051,0.555,0.488,5,6,1,308133,1
ACC_00001052,0.401,1.224,4,17,1,227587,1
ACC_00001053,0.644,1.248,0,13,0,278065,1
ACC_00001054,0.745,0.431,4,22,0,210043,1
ACC_00001055,0.204,1.128,4,25,1,159090,1
ACC_00001056,0.131,1.21,0,25,0,144250,1
ACC_00001057,0.209,1.096,4,19,0,57955,1
ACC_00001058,0.399,0.041,0,28,0,118406,0
ACC_00001059,0.843,0.745,3,7,0,83212,1
ACC_00001060,0.152,0.332,0,12,0,211589,0
ACC_00001061,0.122,0.771,0,16,0,212934,0
ACC_00001062,0.843,0.425,0,19,0,117783,1
ACC_00001063,0.069,0.122,2,18,0,39072,0
ACC_00001064,0.101,1.034,1,16,1,276224,1
ACC_00001065,0.688,1.183,5,24,1,73423,1
ACC_00001066,0.46,0.708,4,11,1,295342,1
ACC_00001067,0.847,0.712,0,14,0,146397,1
ACC_00001068,0.223,0.992,2,25,0,268243,1
ACC_00001069,0.757,0.302,4,31,0,276559,1
ACC_00001070,0.166,0.235,2,16,0,310381,0
ACC_00001071,0.5,1.018,1,14,0,213908,1
ACC_00001072,0.398,0.713,0,10,0,83749,0
ACC_00001073,0.431,0.785,5,18,0,279960,1
ACC_00001074,0.456,0.14,5,18,0,210565,0
ACC_00001075,0.528,1.198,5,21,1,80887,1
ACC_00001076,0.304,0.357,3,27,0,63414,0
ACC_00001077,0.109,0.243,5,30,0,215686,1
ACC_00001078,0.689,0.469,1,3,0,334047,1
ACC_00001079,0.32,0.576,2,4,0,106080,0
ACC_00001080,0.776,1.224,1,31,0,123443,1
ACC_00001081,0.107,0.318,0,2,0,310566,1
ACC_00001082,0.621,0.308,2,16,0,77455,1
ACC_00001083,0.785,0.629,4,11,1,272801,1
ACC_00001084,0.14,0.422,4,20,1,38399,1
ACC_00001085,0.532,1.25,3,12,0,65357,1
ACC_00001086,0.521,0.54,4,27,0,59329,1
ACC_00001087,0.378,0.101,1,21,0,235424,0
ACC_00001088,0.77,1.08,0,5,0,290015,1
ACC_00001089,0.394,0.871,5,31,1,310993,1
ACC_00001090,0.077,0.528,1,16,0,99748,1
ACC_00001091,0.271,0.168,5,19,0,105240,0
ACC_00001092,0.235,0.653,1,21,0,173570,1
ACC_00001093,0.259,0.491,3,30,0,270637,1
ACC_00001094,0.077,0.163,4,7,0,275597,0
ACC_00001095,0.449,0.313,0,6,0,311588,0
ACC_00001096,0.564,0.747,4,27,0,134831,1
ACC_00001097,0.562,0.166,1,23,0,334351,1
ACC_00001098,0.401,1.162,1,2,0,170934,1
ACC_00001099,0.259,1.211,3,11,0,94130,1
ACC_00001100,0.612,0.54,3,6,0,228134,1
ACC_00001101,0.562,0.966,2,16,0,140021,1
ACC_00001102,0.194,0.734,4,3,0,319959,0
ACC_00001103,0.747,0.106,3,30,1,158196,1
ACC_00001104,0.069,1.128,5,12,0,156852,1
ACC_00001105,0.801,0.451,3,22,0,264096,1
ACC_00001106,0.58,1.098,1,22,1,53004,1
ACC_00001107,0.353,0.25,1,30,0,116412,0
ACC_00001108,0.519,0.789,0,24,0,254474,1
ACC_00001109,0.801,0.696,1,9,0,341306,1
ACC_00001110,0.199,0.376,0,31,0,332107,0
ACC_00001111,0.558,0.713,1,5,0,208556,1
ACC_00001112,0.664,0.125,5,32,0,41664,1
ACC_00001113,0.559,0.727,5,3,1,125047,1
ACC_00001114,0.674,0.327,4,29,0,347695,1
ACC_00001115,0.125,0.21,1,22,0,339559,0
ACC_00001116,0.461,0.711,0,27,0,258251,0
ACC_00001117,0.507,0.288,0,2,0,170384,1
ACC_00001118,0.466,0.419,3,13,0,294897,0
ACC_00001119,0.455,0.166,4,16,0,188688,0
ACC_00001120,0.618,0.807,5,25,0,159955,1
ACC_00001121,0.845,0.316,2,16,0,205597,1
ACC_00001122,0.151,0.492,5,23,0,308963,0
ACC_00001123,0.614,0.915,2,25,1,192174,1
ACC_00001124,0.061,0.373,2,11,0,171770,0
ACC_00001125,0.299,0.467,2,19,0,297737,0
ACC_00001126,0.734,1.074,5,15,1,86407,1
ACC_00001127,0.678,1.045,0,22,1,116623,1
ACC_00001128,0.582,0.746,3,10,0,320460,1
ACC_00001129,0.426,0.779,1,23,0,215236,0
ACC_00001130,0.51,0.746,2,16,0,245296,1
ACC_00001131,0.184,0.579,1,15,0,124420,0
ACC_00001132,0.057,0.565,0,7,0,236637,0
ACC_00001133,0.479,1.223,5,3,1,162046,1
ACC_00001134,0.435,1.197,2,17,1,214291,1
ACC_00001135,0.342,1.103,4,28,1,243760,1
ACC_00001136,0.208,0.104,4,12,0,146730,0
ACC_00001137,0.831,0.827,3,18,0,257698,1
ACC_00001138,0.237,0.871,2,9,0,294533,0
ACC_00001139,0.344,1.077,5,21,0,49518,1
ACC_00001140,0.54,0.308,5,18,0,184222,1
ACC_00001141,0.454,0.399,3,9,0,249668,1
ACC_00001142,0.631,0.18,1,26,0,194838,1
ACC_00001143,0.426,0.663,4,31,1,182302,1
ACC_00001144,0.783,1.015,0,24,0,181686,1
ACC_00001145,0.24,1.117,3,31,1,166284,1
ACC_00001146,0.758,0.129,1,22,0,315782,1
ACC_00001147,0.731,1.004,4,30,1,297716,1
ACC_00001148,0.551,1.242,3,25,0,122889,1
ACC_00001149,0.435,1.115,0,26,0,57489,1
ACC_00001150,0.066,0.911,2,32,0,93105,0
ACC_00001151,0.106,0.947,3,32,1,195645,1
ACC_00001152,0.272,0.38,3,15,0,254116,0
ACC_00001153,0.071,0.578,2,27,0,344728,0
ACC_00001154,0.192,0.967,2,31,1,150200,1
ACC_00001155,0.092,0.683,4,3,1,110981,1
ACC_00001156,0.759,0.604,3,9,0,37818,1
ACC_00001157,0.379,1.085,1,22,1,290697,1
ACC_00001158,0.639,0.451,2,14,0,267059,1
ACC_00001159,0.246,0.306,5,2,0,60345,0
ACC_00001160,0.848,0.532,4,18,0,144465,1
ACC_00001161,0.382,1.02,0,16,0,169607,1
ACC_00001162,0.091,0.557,2,20,0,47361,0
ACC_00001163,0.277,0.111,5,13,0,49764,0
ACC_00001164,0.053,1.041,4,20,0,226986,1
ACC_00001165,0.602,1.145,0,8,0,132426,1
ACC_00001166,0.306,1.04,3,4,0,289830,1
ACC_00001167,0.671,0.412,4,12,0,106382,1
ACC_00001168,0.371,0.348,1,4,0,268085,0
ACC_00001169,0.459,1.049,3,22,0,155581,1
ACC_00001170,0.331,0.935,4,28,0,48391,0
ACC_00001171,0.253,0.501,2,26,0,75135,0
ACC_00001172,0.499,0.978,2,20,0,286138,1
ACC_00001173,0.412,0.421,0,8,0,289263,0
ACC_00001174,0.461,0.072,3,27,0,50054,0
ACC_00001175,0.623,0.759,0,9,0,136017,1
ACC_00001176,0.343,0.676,3,10,1,271121,1
ACC_00001177,0.099,0.755,2,12,0,166213,0
ACC_00001178,0.603,1.057,0,25,1,55439,1
ACC_00001179,0.449,0.375,5,22,1,188068,1
ACC_00001180,0.545,0.066,1,27,0,320107,1
ACC_00001181,0.818,1.245,3,15,1,343260,1
ACC_00001182,0.318,0.516,1,20,0,114362,0
ACC_00001183,0.522,0.954,4,11,0,303757,1
ACC_00001184,0.506,0.015,5,5,0,101553,1
ACC_00001185,0.379,0.264,5,11,1,261238,1
ACC_00001186,0.646,0.858,3,27,1,90544,1
ACC_00001187,0.321,0.18,3,3,0,106832,0
ACC_00001188,0.28,1.205,5,4,1,57276,1
ACC_00001189,0.261,1.095,3,17,0,115608,1
ACC_00001190,0.339,0.734,0,2,0,205978,0
ACC_00001191,0.068,0.045,0,7,0,203850,0
ACC_00001192,0.064,0.104,1,14,0,271629,1
ACC_00001193,0.053,0.181,2,12,0,316089,0
ACC_00001194,0.829,1.25,3,7,1,239963,1
ACC_00001195,0.359,0.607,1,30,0,89917,0
ACC_00001196,0.479,0.396,2,10,0,199917,0
ACC_00001197,0.381,0.944,5,25,1,138166,1
ACC_00001198,0.665,0.071,2,19,0,67374,1
ACC_00001199,0.48,0.989,5,18,1,164721,1
ACC_00001200,0.113,0.066,5,14,1,304952,1
ACC_00001201,0.519,0.152,5,29,1,142392,1
ACC_00001202,0.636,0.731,0,27,0,111131,1
ACC_00001203,0.659,0.013,5,16,0,126387,1
ACC_00001204,0.307,0.231,1,15,0,113060,0
ACC_00001205,0.637,0.483,2,5,0,109324,1
ACC_00001206,0.115,0.561,2,32,0,73146,0
ACC_00001207,0.43,0.523,0,32,0,233768,0
ACC_00001208,0.076,1.183,0,20,0,284663,1
ACC_00001209,0.649,1.071,4,28,0,258327,1
ACC_00001210,0.795,1.084,3,27,1,294513,1
ACC_00001211,0.67,0.928,5,24,0,53010,1
ACC_00001212,0.542,0.446,3,5,1,190573,1
ACC_00001213,0.309,1.065,0,32,0,114445,1
ACC_00001214,0.108,0.688,3,9,0,344437,0
ACC_00001215,0.425,0.073,1,16,0,216955,0
ACC_00001216,0.454,0.414,4,29,1,255259,1
ACC_00001217,0.299,0.539,2,10,0,153649,0
ACC_00001218,0.71,0.164,5,15,0,65465,1
ACC_00001219,0.8,1.027,1,14,1,303234,1
ACC_00001220,0.579,0.973,1,32,1,105142,1
ACC_00001221,0.491,0.121,5,7,0,128641,0
ACC_00001222,0.756,0.394,1,4,0,309446,1
ACC_00001223,0.416,0.859,3,14,1,221525,1
ACC_00001224,0.303,0.337,4,28,0,270979,0
ACC_00001225,0.813,0.198,0,28,0,80448,1
ACC_00001226,0.723,0.308,0,32,0,52312,1
ACC_00001227,0.793,0.456,3,16,0,65302,1
ACC_00001228,0.76,0.421,0,20,0,321795,1
ACC_00001229,0.425,0.43,0,30,0,278914,0
ACC_00001230,0.566,0.43,3,28,0,139555,1
ACC_00001231,0.053,0.992,1,20,0,46255,1
ACC_00001232,0.329,0.187,1,20,0,63042,0
ACC_00001233,0.704,0.366,5,2,1,45020,1
ACC_00001234,0.052,0.356,0,13,0,268129,1
ACC_00001235,0.708,0.797,3,18,0,63369,1
ACC_00001236,0.31,1.187,1,26,1,48088,1
ACC_00001237,0.393,0.808,1,3,0,201646,0
ACC_00001238,0.055,0.772,0,17,0,193069,0
ACC_00001239,0.126,0.447,3,30,1,201139,1
ACC_00001240,0.176,1.242,2,29,0,269286,1
ACC_00001241,0.712,0.149,3,10,1,72518,1
ACC_00001242,0.157,1.218,4,26,1,99901,1
ACC_00001243,0.745,0.522,2,32,0,36252,1
ACC_00001244,0.548,0.01,1,13,0,79772,1
ACC_00001245,0.575,0.378,2,12,0,285715,1
ACC_00001246,0.182,0.241,5,26,0,150034,0
ACC_00001247,0.582,0.668,4,2,0,273572,1
ACC_00001248,0.247,0.086,4,11,1,281059,1
ACC_00001249,0.265,0.203,4,27,1,349525,1
ACC_00001250,0.737,0.365,5,29,0,199770,1
ACC_00001251,0.228,0.536,1,24,0,130023,0
ACC_00001252,0.55,1.113,3,5,0,162928,1
ACC_00001253,0.196,0.32,4,18,0,182073,0
ACC_00001254,0.374,0.51,4,20,0,71652,0
ACC_00001255,0.78,1.138,3,19,1,49443,1
ACC_00001256,0.475,0.89,5,30,0,257611,0
ACC_00001257,0.125,0.744,1,8,0,234047,1
ACC_00001258,0.627,0.792,5,6,1,217817,1
ACC_00001259,0.395,0.18,3,23,0,167434,0
ACC_00001260,0.794,0.763,5,26,1,278944,1
ACC_00001261,0.603,0.132,3,20,0,263958,1
ACC_00001262,0.564,1.229,4,21,1,250383,1
ACC_00001263,0.156,0.938,3,8,1,269351,1
ACC_00001264,0.846,0.249,1,3,0,217057,1
ACC_00001265,0.13,0.628,0,7,0,35892,0
ACC_00001266,0.663,0.102,1,15,0,243722,1
ACC_00001267,0.717,0.54,5,16,0,309154,1
ACC_00001268,0.663,0.092,2,15,0,292227,1
ACC_00001269,0.465,0.015,2,25,0,260595,0
ACC_00001270,0.564,0.39,1,19,0,80585,1
ACC_00001271,0.36,0.734,5,24,0,86604,0
ACC_00001272,0.563,0.03,5,13,1,145088,1
ACC_00001273,0.093,0.745,5,15,1,347060,1
ACC_00001274,0.477,0.39,5,13,0,116976,0
ACC_00001275,0.105,0.011,2,9,0,274062,0
ACC_00001276,0.608,0.572,3,27,0,302732,1
ACC_00001277,0.675,0.389,3,27,1,94675,1
ACC_00001278,0.738,1.01,2,11,1,220117,1
ACC_00001279,0.116,0.812,3,32,1,247003,1
ACC_00001280,0.61,0.434,4,14,1,272581,1
ACC_00001281,0.091,0.549,0,24,0,74118,0
ACC_00001282,0.406,0.617,3,28,0,219245,0
ACC_00001283,0.524,0.951,1,6,0,138287,1
ACC_00001284,0.405,1.246,4,11,0,71814,1
ACC_00001285,0.445,0.75,5,22,0,168891,0
ACC_00001286,0.629,0.739,3,28,1,262631,1
ACC_00001287,0.367,0.733,2,2,0,44048,0
ACC_00001288,0.577,0.354,1,26,0,349507,1
ACC_00001289,0.343,0.996,4,7,1,140483,1
ACC_00001290,0.075,0.256,2,23,0,150286,0
ACC_00001291,0.379,1.025,5,30,0,60148,1
ACC_00001292,0.555,0.313,4,30,1,218105,1
ACC_00001293,0.826,0.367,3,9,0,326329,1
ACC_00001294,0.78,1.087,2,4,1,247784,1
ACC_00001295,0.753,0.487,2,15,0,237132,1
ACC_00001296,0.523,0.953,4,24,1,318919,1
ACC_00001297,0.407,0.457,1,7,0,70020,0
ACC_00001298,0.1,1.03,2,24,0,262408,1
ACC_00001299,0.564,0.161,2,29,0,108800,1
ACC_00001300,0.678,0.974,2,22,1,320406,1
ACC_00001301,0.541,0.628,3,3,0,86658,1
ACC_00001302,0.827,0.496,5,12,1,216925,1
ACC_00001303,0.63,0.633,2,18,0,188510,1
ACC_00001304,0.849,1.031,5,20,0,173219,1
ACC_00001305,0.747,0.64,4,29,0,266613,1
ACC_00001306,0.787,1.043,0,21,1,215602,1
ACC_00001307,0.136,0.365,1,26,0,210345,0
ACC_00001308,0.075,0.944,1,25,0,245680,0
ACC_00001309,0.497,0.744,3,26,0,140956,0
ACC_00001310,0.588,0.399,3,10,1,348131,1
ACC_00001311,0.254,0.062,0,8,0,259154,0
ACC_00001312,0.341,0.338,3,21,0,193455,0
ACC_00001313,0.262,0.585,4,20,1,337056,1
ACC_00001314,0.78,0.97,3,14,1,245526,1
ACC_00001315,0.679,1.184,0,20,0,78619,1
ACC_00001316,0.503,0.908,5,9,1,325862,1
ACC_00001317,0.724,1.203,5,16,1,212313,1
ACC_00001318,0.425,0.145,0,21,0,171035,0
ACC_00001319,0.355,0.491,0,18,0,145151,0
ACC_00001320,0.281,1.245,4,17,1,128202,1
ACC_00001321,0.811,0.148,4,15,1,74035,1
ACC_00001322,0.262,0.864,5,3,0,257025,0
ACC_00001323,0.666,0.457,3,15,1,173040,1
ACC_00001324,0.455,1.078,0,19,0,253917,1
ACC_00001325,0.682,0.517,3,26,0,332811,1
ACC_00001326,0.702,1.228,1,23,0,292163,1
ACC_00001327,0.718,1.232,3,9,1,125001,1
ACC_00001328,0.149,0.104,2,11,0,241645,0
ACC_00001329,0.792,0.059,4,25,0,275466,1
ACC_00001330,0.307,0.811,0,19,0,72504,0
ACC_00001331,0.182,1.011,2,29,0,307442,1
ACC_00001332,0.505,0.754,1,32,0,263802,1
ACC_00001333,0.774,1.218,2,21,1,222221,1
ACC_00001334,0.18,1.193,4,31,0,159403,1
ACC_00001335,0.277,0.945,5,15,0,264057,0
ACC_00001336,0.406,1.061,4,8,0,71839,1
ACC_00001337,0.812,0.615,0,5,0,62275,1
ACC_00001338,0.146,1.161,4,16,0,142055,1
ACC_00001339,0.294,0.05,5,12,0,250473,0
ACC_00001340,0.105,0.67,1,22,0,170576,0
ACC_00001341,0.597,0.377,3,4,0,285645,1
ACC_00001342,0.535,0.452,3,8,1,87834,1
ACC_00001343,0.811,0.977,1,31,0,228657,1
ACC_00001344,0.434,0.912,2,17,0,300544,0
ACC_00001345,0.402,0.155,1,8,0,237943,0
ACC_00001346,0.184,1.061,1,26,1,252451,1
ACC_00001347,0.589,0.139,1,7,0,67634,1
ACC_00001348,0.379,0.363,5,29,1,100963,1
ACC_00001349,0.383,0.183,1,3,0,321052,1
ACC_00001350,0.497,0.044,4,32,0,346854,0
ACC_00001351,0.338,0.238,2,3,0,63274,0
ACC_00001352,0.612,1.067,2,29,1,297093,1
ACC_00001353,0.539,0.459,2,23,0,119552,1
ACC_00001354,0.536,0.605,4,11,0,316029,1
ACC_00001355,0.327,0.639,5,13,1,285038,1
ACC_00001356,0.457,0.059,0,14,0,309828,0
ACC_00001357,0.844,0.182,4,20,0,86544,1
ACC_00001358,0.823,0.693,3,20,1,188356,1
ACC_00001359,0.814,0.939,0,17,1,135258,1
ACC_00001360,0.216,0.202,0,14,0,218302,0
ACC_00001361,0.428,1.011,5,14,1,84128,1
ACC_00001362,0.786,0.437,4,4,0,279190,1
ACC_00001363,0.614,1.046,2,13,1,253393,1
ACC_00001364,0.251,0.472,2,26,0,297589,0
ACC_00001365,0.717,0.351,1,23,0,192372,1
ACC_00001366,0.781,0.342,0,14,0,201093,1
ACC_00001367,0.663,0.412,1,18,0,139332,1
ACC_00001368,0.416,1.134,1,30,0,267403,1
ACC_00001369,0.821,1.111,2,15,1,234205,1
ACC_00001370,0.775,0.935,0,19,1,304466,1
ACC_00001371,0.671,0.759,4,17,0,146794,1
ACC_00001372,0.706,1.212,4,8,0,294432,1
ACC_00001373,0.165,1.138,1,7,0,223116,1
ACC_00001374,0.766,0.273,2,10,0,150482,1
ACC_00001375,0.331,0.132,3,10,1,193709,1
ACC_00001376,0.456,0.604,3,25,1,50584,1
ACC_00001377,0.589,0.546,5,21,1,265119,1
ACC_00001378,0.591,0.077,2,27,0,260165,1
ACC_00001379,0.788,1.031,4,28,0,303422,1
ACC_00001380,0.812,0.946,0,9,0,301569,1
ACC_00001381,0.418,0.823,2,31,0,218685,0
ACC_00001382,0.346,0.684,4,25,0,261598,0
ACC_00001383,0.174,0.401,0,17,0,196835,1
ACC_00001384,0.711,0.665,3,2,1,173441,1
ACC_00001385,0.346,0.921,5,14,1,99969,1
ACC_00001386,0.516,1.098,5,11,1,311935,1
ACC_00001387,0.478,0.178,2,29,0,330676,0
ACC_00001388,0.667,0.138,1,32,0,177570,1
ACC_00001389,0.312,1.122,4,30,1,193373,1
ACC_00001390,0.433,0.303,5,19,1,317156,1
ACC_00001391,0.573,0.032,2,15,0,328537,1
ACC_00001392,0.424,0.421,4,11,1,119677,1
ACC_00001393,0.473,0.614,3,26,0,193151,0
ACC_00001394,0.207,1.198,4,2,0,103893,1
ACC_00001395,0.626,0.884,5,11,1,308959,1
ACC_00001396,0.065,0.524,4,8,1,38307,1
ACC_00001397,0.281,0.381,4,17,0,224788,0
ACC_00001398,0.399,0.188,3,27,1,285929,1
ACC_00001399,0.242,0.549,2,11,0,30351,1
ACC_00001400,0.307,0.377,2,16,0,145860,0
ACC_00001401,0.494,0.932,4,5,0,268904,0
ACC_00001402,0.316,0.4,2,15,0,89431,0
ACC_00001403,0.545,0.237,1,8,0,32324,1
ACC_00001404,0.343,0.291,2,5,0,241530,0
ACC_00001405,0.688,1.175,0,15,0,271436,1
ACC_00001406,0.761,0.986,4,20,1,218532,1
ACC_00001407,0.277,0.271,2,5,0,266800,0
ACC_00001408,0.681,0.118,0,30,0,125939,1
ACC_00001409,0.074,0.158,4,8,1,239633,1
ACC_00001410,0.364,1.171,0,6,0,333792,1
ACC_00001411,0.741,0.529,3,15,1,222696,1
ACC_00001412,0.72,0.308,2,24,0,36435,1
ACC_00001413,0.598,0.388,1,23,0,173772,1
ACC_00001414,0.616,1.112,2,30,1,51932,1
ACC_00001415,0.397,0.618,2,7,0,279158,0
ACC_00001416,0.793,0.366,5,12,0,82326,1
ACC_00001417,0.742,0.872,5,22,0,160154,1
ACC_00001418,0.668,0.662,0,31,0,280746,1
ACC_00001419,0.786,0.632,0,24,0,182383,1
ACC_00001420,0.19,1.025,1,31,0,73955,1
ACC_00001421,0.164,1.067,0,14,0,125233,1
ACC_00001422,0.169,1.114,2,26,0,231146,1
ACC_00001423,0.091,0.459,4,15,1,220990,1
ACC_00001424,0.124,0.194,5,2,1,307245,1
ACC_00001425,0.138,1.211,3,13,0,150976,1
ACC_00001426,0.11,0.558,5,7,1,246719,1
ACC_00001427,0.41,1.079,0,4,1,310104,1
ACC_00001428,0.18,0.921,5,22,0,54362,0
ACC_00001429,0.527,0.849,5,22,0,118924,1
ACC_00001430,0.384,0.459,5,30,0,344551,0
ACC_00001431,0.148,0.313,3,18,1,166392,1
ACC_00001432,0.198,0.512,3,25,0,78579,0
ACC_00001433,0.262,1.103,4,18,0,334099,1
ACC_00001434,0.405,0.475,2,6,0,213520,0
ACC_00001435,0.515,0.565,1,28,0,253198,1
ACC_00001436,0.609,1.199,2,19,0,101007,1
ACC_00001437,0.677,0.3,0,4,0,102488,1
ACC_00001438,0.6,0.334,4,7,0,186483,1
ACC_00001439,0.193,0.88,0,4,0,260198,0
ACC_00001440,0.524,1.008,2,8,1,61221,1
ACC_00001441,0.465,0.207,3,9,0,83097,0
ACC_00001442,0.684,0.659,2,16,0,329267,1
ACC_00001443,0.813,1.016,3,14,1,55577,1
ACC_00001444,0.651,0.108,0,31,0,124673,1
ACC_00001445,0.805,1.171,1,24,1,219857,1
ACC_00001446,0.582,1.091,5,23,0,300390,1
ACC_00001447,0.108,0.126,0,21,0,172841,0
ACC_00001448,0.179,0.952,0,2,0,36960,1
ACC_00001449,0.816,1.123,1,3,1,167081,1
ACC_00001450,0.594,0.172,0,25,0,279997,1
ACC_00001451,0.473,0.528,0,31,0,269392,0
ACC_00001452,0.583,0.03,2,28,0,247709,1
ACC_00001453,0.65,0.327,2,6,0,197538,1
ACC_00001454,0.696,0.052,1,2,0,110587,1
ACC_00001455,0.582,0.669,4,3,1,223149,1
ACC_00001456,0.766,1.12,0,10,0,344034,1
ACC_00001457,0.177,0.525,0,32,0,258451,0
ACC_00001458,0.407,0.421,1,17,0,113772,0
ACC_00001459,0.778,0.666,1,27,0,336884,1
ACC_00001460,0.112,0.451,4,7,0,70619,0
ACC_00001461,0.492,0.382,0,20,0,215695,0
ACC_00001462,0.808,0.421,5,14,1,171187,1
ACC_00001463,0.823,0.891,2,28,0,144535,1
ACC_00001464,0.524,0.039,2,25,0,68551,1
ACC_00001465,0.762,0.236,5,9,0,210383,1
ACC_00001466,0.68,0.231,5,14,0,267989,1
ACC_00001467,0.174,0.063,3,11,1,85318,1
ACC_00001468,0.574,0.616,4,16,0,286479,1
ACC_00001469,0.699,0.871,5,16,0,76427,1
ACC_00001470,0.502,1.027,2,27,1,218470,1
ACC_00001471,0.333,0.098,1,15,0,139381,0
ACC_00001472,0.195,1.182,4,23,0,335434,1
ACC_00001473,0.484,0.157,5,29,0,252643,0
ACC_00001474,0.572,0.341,3,15,1,311023,1
ACC_00001475,0.636,0.477,2,8,0,274295,1
ACC_00001476,0.795,0.095,4,20,0,235783,1
ACC_00001477,0.629,0.64,0,5,0,316629,1
ACC_00001478,0.387,1.196,0,3,0,270850,1
ACC_00001479,0.469,0.388,0,31,0,301521,0
ACC_00001480,0.698,0.834,1,8,0,73657,1
ACC_00001481,0.079,0.405,2,25,0,199284,0
ACC_00001482,0.825,0.742,0,32,0,137002,1
ACC_00001483,0.646,0.194,4,19,0,181612,1
ACC_00001484,0.351,0.959,1,31,0,53376,1
ACC_00001485,0.487,0.389,1,12,0,222013,0
ACC_00001486,0.498,0.298,4,3,0,139338,0
ACC_00001487,0.169,1.001,5,16,1,253819,1
ACC_00001488,0.508,1.158,5,16,0,266760,1
ACC_00001489,0.155,0.865,4,9,0,277785,1
ACC_00001490,0.496,0.607,2,8,0,238558,0
ACC_00001491,0.172,0.535,1,2,0,183602,0
ACC_00001492,0.751,0.701,2,22,0,56651,1
ACC_00001493,0.752,0.902,0,10,1,293293,1
ACC_00001494,0.38,0.591,1,21,0,307361,0
ACC_00001495,0.506,1.08,0,7,0,264754,1
ACC_00001496,0.296,0.657,4,4,0,89394,0
ACC_00001497,0.381,0.457,1,16,0,110771,0
ACC_00001498,0.337,0.671,3,10,0,182869,1
ACC_00001499,0.156,0.974,3,6,0,123588,1
ACC_00001500,0.137,0.969,3,5,1,252735,1
ACC_00001501,0.171,0.569,4,16,0,57156,1
ACC_00001502,0.663,1.17,5,16,1,191655,1
ACC_00001503,0.199,0.664,4,2,1,128404,1
ACC_00001504,0.213,0.318,2,29,0,44719,0
ACC_00001505,0.806,0.851,2,26,0,47345,1
ACC_00001506,0.503,0.027,3,31,0,89828,1
ACC_00001507,0.559,0.638,0,11,0,251716,1
ACC_00001508,0.187,0.832,0,29,0,34525,1
ACC_00001509,0.381,0.233,3,5,0,238304,0
ACC_00001510,0.114,0.919,3,2,1,200380,1
ACC_00001511,0.749,0.822,3,31,1,74697,1
ACC_00001512,0.464,0.808,0,18,0,94986,0
ACC_00001513,0.329,0.185,3,16,0,71267,0
ACC_00001514,0.512,0.905,0,30,1,259635,1
ACC_00001515,0.727,0.172,3,14,0,56175,1
ACC_00001516,0.26,0.927,0,21,0,205237,0
ACC_00001517,0.578,1.102,1,8,0,37880,1
ACC_00001518,0.581,0.307,3,18,0,197427,1
ACC_00001519,0.328,0.514,4,10,1,310433,1
ACC_00001520,0.415,0.132,3,25,0,139757,0
ACC_00001521,0.148,0.578,0,11,0,95973,0
ACC_00001522,0.636,1.213,5,26,1,283002,1
ACC_00001523,0.387,0.293,2,24,0,160694,0
ACC_00001524,0.571,1.077,4,7,0,196981,1
ACC_00001525,0.575,0.884,2,31,0,314631,1
ACC_00001526,0.738,0.123,1,21,0,343181,1
ACC_00001527,0.398,0.154,4,21,0,216390,0
ACC_00001528,0.764,1.187,1,16,1,97309,1
ACC_00001529,0.244,0.366,4,27,1,248554,1
ACC_00001530,0.083,0.502,1,6,0,159093,0
ACC_00001531,0.316,0.465,2,24,0,100715,0
ACC_00001532,0.805,0.427,3,21,0,294208,1
ACC_00001533,0.705,0.932,1,12,0,192543,1
ACC_00001534,0.603,1.238,1,15,0,254132,1
ACC_00001535,0.844,0.204,1,29,0,106523,1
ACC_00001536,0.682,0.235,2,11,0,265826,1
ACC_00001537,0.846,1.042,0,24,0,134898,1
ACC_00001538,0.627,0.247,5,28,0,246080,1
ACC_00001539,0.683,1.096,1,6,1,42463,1
ACC_00001540,0.484,0.796,1,21,0,35907,0
ACC_00001541,0.091,0.164,0,12,0,325769,0
ACC_00001542,0.747,0.533,3,7,0,155584,1
ACC_00001543,0.463,0.998,0,26,1,319027,1
ACC_00001544,0.761,0.394,0,31,0,333818,1
ACC_00001545,0.618,0.674,1,6,0,237507,1
ACC_00001546,0.507,0.992,2,6,0,133038,1
ACC_00001547,0.318,0.111,5,11,0,213433,0
ACC_00001548,0.797,0.491,4,15,1,145208,1
ACC_00001549,0.369,0.834,3,2,0,218883,0
ACC_00001550,0.086,1.124,5,32,0,268694,1
ACC_00001551,0.497,0.792,1,21,0,43787,0
ACC_00001552,0.793,0.842,5,20,1,169947,1
ACC_00001553,0.42,0.056,3,32,1,117979,1
ACC_00001554,0.768,0.806,5,11,0,325481,1
ACC_00001555,0.591,0.427,2,13,0,121071,1
ACC_00001556,0.669,1.178,5,7,1,298543,1
ACC_00001557,0.367,0.233,0,18,0,310266,0
ACC_00001558,0.052,0.544,3,10,0,305156,0
ACC_00001559,0.277,0.247,1,18,0,118321,0
ACC_00001560,0.564,0.629,5,29,0,264874,1
ACC_00001561,0.069,1.073,0,4,0,91875,1
ACC_00001562,0.314,1.158,5,2,0,124828,1
ACC_00001563,0.058,0.669,0,18,0,145102,0
ACC_00001564,0.07,0.174,2,18,0,250691,0
ACC_00001565,0.583,0.996,0,7,0,62748,1
ACC_00001566,0.453,0.505,2,4,0,111037,0
ACC_00001567,0.449,1.024,4,20,0,68579,1
ACC_00001568,0.503,0.189,0,19,0,294464,1
ACC_00001569,0.095,1.025,3,15,0,337856,1
ACC_00001570,0.346,0.391,3,13,1,30661,1
ACC_00001571,0.392,0.271,2,18,0,49946,0
ACC_00001572,0.29,0.208,4,13,1,174341,1
ACC_00001573,0.787,0.038,4,8,0,335963,1
ACC_00001574,0.191,1.175,0,28,0,159263,1
ACC_00001575,0.395,0.591,2,26,0,135836,0
ACC_00001576,0.833,0.335,1,28,0,34023,1
ACC_00001577,0.117,0.537,5,20,1,85954,1
ACC_00001578,0.611,0.905,3,11,1,131188,1
ACC_00001579,0.449,1.033,4,3,0,331585,1
ACC_00001580,0.821,0.293,2,25,0,89045,1
ACC_00001581,0.449,0.914,0,4,0,80374,0
ACC_00001582,0.452,0.242,1,15,0,309145,0
ACC_00001583,0.567,1.081,4,4,0,228898,1
ACC_00001584,0.479,0.292,5,22,1,286705,1
ACC_00001585,0.606,0.071,4,5,0,224817,1
ACC_00001586,0.464,0.107,2,27,0,100770,0
ACC_00001587,0.76,0.852,5,14,0,223212,1
ACC_00001588,0.748,1.074,4,28,1,101979,1
ACC_00001589,0.175,0.743,0,22,0,129993,0
ACC_00001590,0.43,0.562,2,17,0,258820,0
ACC_00001591,0.694,0.396,4,18,0,43264,1
ACC_00001592,0.76,0.96,1,10,0,147680,1
ACC_00001593,0.5,0.308,1,9,0,302485,0
ACC_00001594,0.407,0.062,4,6,0,246048,0
ACC_00001595,0.201,0.946,3,10,1,143465,1
ACC_00001596,0.834,1.248,4,2,1,58686,1
ACC_00001597,0.256,0.182,3,32,0,318608,1
ACC_00001598,0.091,0.877,3,3,1,202926,1
ACC_00001599,0.178,1.004,0,23,1,102148,1
ACC_00001600,0.705,0.866,4,17,0,114017,1
ACC_00001601,0.393,0.216,2,6,0,31322,0
ACC_00001602,0.11,1.008,3,10,1,82706,1
ACC_00001603,0.259,0.07,3,26,1,163851,1
ACC_00001604,0.109,0.142,2,6,0,335956,0
ACC_00001605,0.44,0.19,2,14,0,132008,0
ACC_00001606,0.533,0.549,1,14,0,301182,1
ACC_00001607,0.733,0.997,5,11,1,257542,1
ACC_00001608,0.227,0.667,2,4,0,121504,0
ACC_00001609,0.671,1.118,1,17,1,123615,1
ACC_00001610,0.266,1.152,0,10,1,230166,1
ACC_00001611,0.226,0.544,5,24,1,180339,1
ACC_00001612,0.309,0.156,5,12,0,45056,0
ACC_00001613,0.44,1.066,1,21,0,229722,1
ACC_00001614,0.089,0.126,3,13,1,334743,1
ACC_00001615,0.39,1.041,1,16,0,187860,1
ACC_00001616,0.193,1.169,5,29,1,283325,1
ACC_00001617,0.718,0.111,1,15,0,228253,1
ACC_00001618,0.769,0.077,3,32,0,279780,1
ACC_00001619,0.544,0.341,0,2,0,222581,1
ACC_00001620,0.091,0.744,3,6,1,314522,1
ACC_00001621,0.257,0.616,2,22,0,165155,0
ACC_00001622,0.226,0.446,1,27,0,117843,0
ACC_00001623,0.291,0.671,3,28,0,175159,0
ACC_00001624,0.141,0.772,3,25,0,213374,1
ACC_00001625,0.421,0.744,4,14,0,219452,0
ACC_00001626,0.225,0.889,4,18,0,89278,1
ACC_00001627,0.671,1.055,2,8,0,169717,1
ACC_00001628,0.227,1.186,3,30,0,240602,1
ACC_00001629,0.726,0.119,2,28,0,199868,1
ACC_00001630,0.841,0.137,4,7,0,237670,1
ACC_00001631,0.7,0.91,3,13,0,231805,1
ACC_00001632,0.162,0.387,5,5,0,224706,1
ACC_00001633,0.287,0.479,0,7,0,313218,0
ACC_00001634,0.704,0.426,3,31,0,315216,1
ACC_00001635,0.645,0.823,0,25,0,189553,1
ACC_00001636,0.509,0.66,0,19,0,329247,1
ACC_00001637,0.606,0.594,1,16,0,163824,1
ACC_00001638,0.817,1.225,0,2,1,265773,1
ACC_00001639,0.845,0.482,2,13,0,309135,1
ACC_00001640,0.559,0.039,5,28,0,57225,1
ACC_00001641,0.496,0.091,0,26,0,256205,0
ACC_00001642,0.612,1.177,5,9,1,33248,1
ACC_00001643,0.132,1.199,3,5,0,284609,1
ACC_00001644,0.218,0.578,4,18,0,260201,0
ACC_00001645,0.383,0.868,5,18,0,78681,0
ACC_00001646,0.597,0.274,0,5,0,95003,1
ACC_00001647,0.053,0.37,3,16,0,249492,0
ACC_00001648,0.286,0.562,5,8,1,214369,1
ACC_00001649,0.597,1.026,1,21,0,67840,1
ACC_00001650,0.259,0.502,4,28,1,195895,1
ACC_00001651,0.343,0.716,2,32,0,187431,0
ACC_00001652,0.382,0.281,2,17,0,328632,1
ACC_00001653,0.205,0.942,5,3,1,32246,1
ACC_00001654,0.121,0.14,3,17,1,233837,1
ACC_00001655,0.207,1.152,3,16,1,118553,1
ACC_00001656,0.113,1.183,1,14,0,145285,1
ACC_00001657,0.349,0.354,4,7,1,261721,1
ACC_00001658,0.557,0.16,2,23,0,308086,1
ACC_00001659,0.635,0.622,3,32,1,338829,1
ACC_00001660,0.109,0.931,5,4,0,46348,0
ACC_00001661,0.628,1.149,1,14,0,227452,1
ACC_00001662,0.623,0.282,3,23,0,67930,1
ACC_00001663,0.601,0.882,0,29,0,78333,1
ACC_00001664,0.623,0.21,3,29,0,348026,1
ACC_00001665,0.346,1.241,0,6,0,32907,1
ACC_00001666,0.387,0.465,2,29,0,328269,0
ACC_00001667,0.269,0.029,2,28,0,251908,0
ACC_00001668,0.552,1.203,5,26,0,73925,1
ACC_00001669,0.692,0.684,4,3,1,185886,1
ACC_00001670,0.214,1.073,5,4,0,286273,1
ACC_00001671,0.097,0.552,5,19,0,167685,1
ACC_00001672,0.538,0.099,4,11,0,337759,1
ACC_00001673,0.561,0.585,5,17,1,186528,1
ACC_00001674,0.183,0.62,4,19,0,96571,0
ACC_00001675,0.575,0.515,1,13,0,264952,1
ACC_00001676,0.143,0.746,4,28,0,212368,0
ACC_00001677,0.094,0.466,0,18,0,67718,0
ACC_00001678,0.154,0.152,4,8,0,229896,0
ACC_00001679,0.084,1.241,1,8,0,91299,1
ACC_00001680,0.804,0.193,1,31,0,332530,1
ACC_00001681,0.373,1.176,0,11,0,250038,1
ACC_00001682,0.698,1.056,2,31,0,182605,1
ACC_00001683,0.628,0.578,3,29,0,211866,1
ACC_00001684,0.262,0.51,3,14,0,298236,0
ACC_00001685,0.381,0.623,3,4,0,339539,0
ACC_00001686,0.316,0.246,5,27,0,89520,0
ACC_00001687,0.057,0.596,4,5,0,185712,0
ACC_00001688,0.077,0.395,1,5,0,67323,0
ACC_00001689,0.412,0.287,5,2,1,183911,1
ACC_00001690,0.805,0.363,3,4,1,75998,1
ACC_00001691,0.121,0.493,2,11,0,242713,0
ACC_00001692,0.733,0.463,4,12,1,85447,1
ACC_00001693,0.23,0.021,1,26,0,302567,0
ACC_00001694,0.78,0.642,5,23,0,163845,1
ACC_00001695,0.319,0.3,3,18,0,81262,0
ACC_00001696,0.54,0.964,0,29,0,56814,1
ACC_00001697,0.811,0.117,2,29,0,321420,1
ACC_00001698,0.748,0.634,2,14,0,293129,1
ACC_00001699,0.368,0.448,2,27,0,158045,0
ACC_00001700,0.804,0.393,3,31,0,333809,1
ACC_00001701,0.138,0.732,1,24,0,261094,0
ACC_00001702,0.568,1.026,0,23,1,297696,1
ACC_00001703,0.252,0.706,2,12,0,334792,0
ACC_00001704,0.183,0.865,3,5,0,84597,0
ACC_00001705,0.35,0.344,0,18,0,125067,0
ACC_00001706,0.647,0.868,3,15,1,165195,1
ACC_00001707,0.481,0.851,4,22,0,311438,0
ACC_00001708,0.339,0.714,2,9,0,217532,0
ACC_00001709,0.512,0.434,5,10,1,269794,1
ACC_00001710,0.814,0.321,3,11,1,90638,1
ACC_00001711,0.24,0.056,5,28,0,42727,0
ACC_00001712,0.821,0.375,1,27,0,329836,1
ACC_00001713,0.58,1.082,4,31,0,44678,1
ACC_00001714,0.753,0.116,0,10,0,289013,1
ACC_00001715,0.48,0.936,1,19,0,283486,0
ACC_00001716,0.206,1.221,4,3,0,125355,1
ACC_00001717,0.737,0.06,2,22,0,280606,1
ACC_00001718,0.302,0.65,5,20,1,265347,1
ACC_00001719,0.095,0.677,3,28,0,127753,0
ACC_00001720,0.266,0.381,3,17,0,229718,0
ACC_00001721,0.54,0.994,4,22,1,125681,1
ACC_00001722,0.139,1.114,0,27,1,111900,1
ACC_00001723,0.234,0.975,5,25,0,94252,1
ACC_00001724,0.742,0.789,1,20,0,255371,1
ACC_00001725,0.228,0.627,5,13,0,38028,0
ACC_00001726,0.266,0.878,2,25,0,293623,0
ACC_00001727,0.589,1.053,2,24,0,132101,1
ACC_00001728,0.34,0.025,4,20,1,73711,1
ACC_00001729,0.164,0.317,3,17,1,92750,1
ACC_00001730,0.305,1.155,5,25,0,318004,1
ACC_00001731,0.068,0.207,3,12,0,66467,1
ACC_00001732,0.804,0.172,5,14,0,174863,1
ACC_00001733,0.361,0.404,2,31,0,337502,1
ACC_00001734,0.447,0.507,2,28,0,190137,1
ACC_00001735,0.314,0.818,3,26,1,76039,1
ACC_00001736,0.244,0.938,5,24,0,289544,0
ACC_00001737,0.115,1.117,0,29,0,103411,1
ACC_00001738,0.204,0.772,1,17,0,39941,0
ACC_00001739,0.283,1.16,2,15,1,291046,1
ACC_00001740,0.737,0.304,2,25,0,34303,1
ACC_00001741,0.107,0.078,3,9,0,333741,0
ACC_00001742,0.673,1.007,5,30,1,63236,1
ACC_00001743,0.418,1.171,4,19,1,106426,1
ACC_00001744,0.137,0.825,2,18,0,326205,0
ACC_00001745,0.524,1.163,1,23,0,90866,1
ACC_00001746,0.071,0.936,5,26,0,314619,0
ACC_00001747,0.659,0.532,0,10,0,164396,1
ACC_00001748,0.441,0.038,1,16,0,319950,0
ACC_00001749,0.228,1.211,0,8,0,130030,1
ACC_00001750,0.754,1.065,1,5,1,318559,1
ACC_00001751,0.338,0.076,4,31,1,92827,1
ACC_00001752,0.223,0.653,1,29,0,219958,0
ACC_00001753,0.486,0.534,3,29,0,261925,0
ACC_00001754,0.475,0.386,1,11,0,258063,0
ACC_00001755,0.481,1.208,2,12,1,189932,1
ACC_00001756,0.73,0.924,0,23,1,325726,1
ACC_00001757,0.629,0.681,1,18,0,201818,1
ACC_00001758,0.69,0.864,2,30,0,322301,1
ACC_00001759,0.098,0.752,1,24,0,129254,0
ACC_00001760,0.288,0.723,0,6,0,87010,0
ACC_00001761,0.34,0.81,2,22,0,348193,0
ACC_00001762,0.821,0.473,3,23,0,272752,1
ACC_00001763,0.655,0.176,5,15,0,338484,1
ACC_00001764,0.424,0.383,1,5,0,77767,1
ACC_00001765,0.468,0.153,0,28,0,185435,0
ACC_00001766,0.056,0.526,0,32,0,335244,0
ACC_00001767,0.205,0.027,2,28,0,240354,0
ACC_00001768,0.726,1.199,2,11,1,274658,1
ACC_00001769,0.416,0.902,4,12,1,57003,1
ACC_00001770,0.481,0.084,3,19,0,196362,0
ACC_00001771,0.375,0.727,1,2,0,159953,1
ACC_00001772,0.303,0.512,1,26,0,48912,0
ACC_00001773,0.306,0.332,5,5,0,95928,0
ACC_00001774,0.079,0.076,5,21,0,236847,0
ACC_00001775,0.394,0.018,4,23,0,304645,0
ACC_00001776,0.075,0.373,0,15,0,334521,0
ACC_00001777,0.814,0.395,3,7,0,182171,1
ACC_00001778,0.796,1.177,1,30,1,295018,1
ACC_00001779,0.353,0.818,4,31,0,157217,1
ACC_00001780,0.825,0.524,0,12,0,85587,1
ACC_00001781,0.443,0.284,2,25,0,64602,0
ACC_00001782,0.627,0.806,1,5,0,192454,1
ACC_00001783,0.826,0.176,0,8,0,32638,1
ACC_00001784,0.295,0.134,3,31,0,141419,0
ACC_00001785,0.59,0.724,3,25,0,271232,1
ACC_00001786,0.841,0.139,0,4,0,241598,1
ACC_00001787,0.474,0.608,4,23,0,252723,0
ACC_00001788,0.216,0.706,5,27,1,131128,1
ACC_00001789,0.511,0.884,5,25,0,332344,1
ACC_00001790,0.729,1.088,2,2,0,176806,1
ACC_00001791,0.336,0.265,5,12,1,301212,1
ACC_00001792,0.798,0.912,4,7,0,101248,1
ACC_00001793,0.188,0.284,1,10,0,261092,0
ACC_00001794,0.337,1.011,2,8,0,55454,1
ACC_00001795,0.306,1.202,1,25,0,311031,1
ACC_00001796,0.324,0.953,0,25,0,296313,1
ACC_00001797,0.635,0.287,0,5,0,336101,1
ACC_00001798,0.457,0.346,4,12,0,84793,0
ACC_00001799,0.805,0.249,4,19,0,196158,1
ACC_00001800,0.079,0.212,5,12,0,77861,0
ACC_00001801,0.653,1.159,4,8,0,192975,1
ACC_00001802,0.514,0.816,1,14,0,91778,1
ACC_00001803,0.848,0.026,3,17,0,202694,1
ACC_00001804,0.186,0.661,1,21,0,231321,0
ACC_00001805,0.336,0.496,5,2,1,284731,1
ACC_00001806,0.373,0.121,4,28,0,113901,0
ACC_00001807,0.344,0.465,2,6,0,141779,0
ACC_00001808,0.192,1.222,5,27,1,165073,1
ACC_00001809,0.624,0.596,0,32,0,268246,1
ACC_00001810,0.55,0.844,3,8,0,203346,1
ACC_00001811,0.41,0.962,2,25,1,190399,1
ACC_00001812,0.459,0.526,3,2,0,81152,0
ACC_00001813,0.428,0.775,1,28,0,338422,1
ACC_00001814,0.686,1.224,2,32,0,180603,1
ACC_00001815,0.531,0.997,5,12,0,115024,1
ACC_00001816,0.377,1.094,1,11,0,321141,1
ACC_00001817,0.404,0.091,2,25,0,287403,0
ACC_00001818,0.18,0.139,3,4,1,161030,1
ACC_00001819,0.514,0.37,1,24,0,32472,1
ACC_00001820,0.294,0.182,1,30,0,96142,0
ACC_00001821,0.815,0.383,2,12,0,127021,1
ACC_00001822,0.235,1.026,4,18,1,230362,1
ACC_00001823,0.688,0.989,5,32,1,343588,1
ACC_00001824,0.608,0.724,4,7,1,334221,1
ACC_00001825,0.305,0.047,0,23,0,244783,1
ACC_00001826,0.056,0.123,4,19,0,320079,0
ACC_00001827,0.13,0.692,1,5,0,78975,0
ACC_00001828,0.839,1.244,5,14,0,64943,1
ACC_00001829,0.715,1.156,4,5,0,324491,1
ACC_00001830,0.774,0.937,2,18,1,229156,1
ACC_00001831,0.453,0.922,3,17,0,321840,1
ACC_00001832,0.838,0.366,0,23,0,325304,1
ACC_00001833,0.627,0.802,0,8,0,124011,1
ACC_00001834,0.511,1.217,1,4,1,92095,1
ACC_00001835,0.133,0.376,1,7,0,270356,0
ACC_00001836,0.516,0.324,0,18,0,123866,1
ACC_00001837,0.617,0.258,3,8,0,99213,1
ACC_00001838,0.513,0.623,3,32,0,268367,1
ACC_00001839,0.557,0.041,0,3,0,91835,1
ACC_00001840,0.61,0.545,3,13,0,104893,1
ACC_00001841,0.843,0.745,3,13,0,319416,1
ACC_00001842,0.381,1.111,4,16,1,77152,1
ACC_00001843,0.455,0.655,2,20,0,247732,0
ACC_00001844,0.669,0.376,1,23,0,265343,1
ACC_00001845,0.055,0.774,2,10,0,182835,0
ACC_00001846,0.503,1.105,1,29,0,283849,1
ACC_00001847,0.483,0.378,3,9,0,226497,0
ACC_00001848,0.434,0.039,0,27,0,326596,0
ACC_00001849,0.819,0.536,4,28,0,216768,1
ACC_00001850,0.731,0.765,0,13,0,205699,1
ACC_00001851,0.21,0.417,1,8,0,50115,0
ACC_00001852,0.137,1.013,1,17,1,340889,1
ACC_00001853,0.63,0.051,4,28,1,122284,1
ACC_00001854,0.664,0.039,3,14,1,137830,1
ACC_00001855,0.254,0.625,1,12,0,320460,0
ACC_00001856,0.407,0.461,2,30,0,274515,0
ACC_00001857,0.805,0.123,1,29,0,326865,1
ACC_00001858,0.605,0.169,5,6,0,127940,1
ACC_00001859,0.321,0.938,0,18,1,139041,1
ACC_00001860,0.098,0.99,0,11,1,164962,1
ACC_00001861,0.351,1.137,1,5,0,52916,1
ACC_00001862,0.249,1.108,2,31,0,95355,1
ACC_00001863,0.407,1.25,2,21,1,237424,1
ACC_00001864,0.309,0.895,4,10,1,192653,1
ACC_00001865,0.108,1.082,3,24,0,59938,1
ACC_00001866,0.079,0.59,2,32,0,165901,0
ACC_00001867,0.19,0.722,3,21,0,269170,0
ACC_00001868,0.296,1.224,5,13,0,72177,1
ACC_00001869,0.748,0.706,0,28,0,134478,1
ACC_00001870,0.738,0.494,3,7,0,274091,1
ACC_00001871,0.739,0.722,3,3,1,171684,1
ACC_00001872,0.729,0.885,2,9,0,68740,1
ACC_00001873,0.16,1.129,3,24,0,187762,1
ACC_00001874,0.284,0.689,2,27,0,109951,0
ACC_00001875,0.598,0.187,5,30,0,159601,1
ACC_00001876,0.58,0.707,0,15,0,289947,1
ACC_00001877,0.421,0.307,1,28,0,176658,1
ACC_00001878,0.398,0.634,5,27,0,102376,0
ACC_00001879,0.068,0.47,0,7,0,336227,0
ACC_00001880,0.397,0.494,5,17,0,336468,0
ACC_00001881,0.821,0.493,2,30,0,84197,1
ACC_00001882,0.469,0.929,0,17,0,96222,1
ACC_00001883,0.349,0.444,3,27,0,240682,1
ACC_00001884,0.616,0.984,5,15,1,151839,1
ACC_00001885,0.266,0.847,0,29,0,227230,0
ACC_00001886,0.624,0.673,0,22,0,39034,1
ACC_00001887,0.687,0.23,0,28,0,333029,1
ACC_00001888,0.225,0.38,4,12,0,118534,1
ACC_00001889,0.611,0.823,1,12,0,111506,1
ACC_00001890,0.29,0.433,4,10,0,310409,0
ACC_00001891,0.72,0.676,4,4,0,290074,1
ACC_00001892,0.115,1.066,2,18,0,347216,1
ACC_00001893,0.555,1.093,0,18,0,239465,1
ACC_00001894,0.159,0.763,1,23,0,344696,0
ACC_00001895,0.121,0.347,1,30,0,107622,0
ACC_00001896,0.817,0.342,3,12,1,99501,1
ACC_00001897,0.702,0.203,3,32,0,328227,1
ACC_00001898,0.548,0.123,0,23,0,35700,1
ACC_00001899,0.454,0.525,4,11,1,79437,1
ACC_00001900,0.626,0.15,0,28,0,79992,1
ACC_00001901,0.589,0.997,5,25,0,219338,1
ACC_00001902,0.378,1.188,3,8,1,215438,1
ACC_00001903,0.079,0.115,0,2,0,340496,0
ACC_00001904,0.31,0.174,1,14,0,225140,0
ACC_00001905,0.342,0.242,0,3,0,83890,0
ACC_00001906,0.5,0.044,5,14,1,78927,1
ACC_00001907,0.11,0.735,2,21,0,220346,0
ACC_00001908,0.259,0.373,2,16,0,229886,0
ACC_00001909,0.313,1.149,5,15,1,161070,1
ACC_00001910,0.408,0.738,0,26,0,55612,0
ACC_00001911,0.478,0.319,2,31,0,189589,0
ACC_00001912,0.253,0.109,4,30,0,226509,0
ACC_00001913,0.412,0.686,4,8,1,165891,1
ACC_00001914,0.325,0.734,3,21,0,78264,0
ACC_00001915,0.397,0.913,1,14,1,120396,1
ACC_00001916,0.458,0.711,3,21,0,325250,0
ACC_00001917,0.246,0.819,5,14,1,88551,1
ACC_00001918,0.187,0.918,5,29,1,158823,1
ACC_00001919,0.105,1.031,1,29,0,227891,1
ACC_00001920,0.824,0.054,1,5,0,137324,1
ACC_00001921,0.836,0.969,1,11,0,184600,1
ACC_00001922,0.512,1.194,0,29,0,294086,1
ACC_00001923,0.83,0.343,2,27,0,219636,1
ACC_00001924,0.599,0.376,5,7,0,157506,1
ACC_00001925,0.414,0.244,2,12,0,60307,0
ACC_00001926,0.219,1.144,3,16,1,303537,1
ACC_00001927,0.236,0.814,3,31,0,154508,0
ACC_00001928,0.499,0.935,1,20,0,114841,0
ACC_00001929,0.197,1.182,0,9,1,95346,1
ACC_00001930,0.775,0.864,1,32,0,147311,1
ACC_00001931,0.781,0.116,3,32,0,207001,1
ACC_00001932,0.495,0.147,5,6,0,107187,0
ACC_00001933,0.492,0.995,4,25,1,284395,1
ACC_00001934,0.566,0.057,0,25,0,164403,1
ACC_00001935,0.746,0.904,2,12,1,349388,1
ACC_00001936,0.501,0.07,2,10,0,174112,1
ACC_00001937,0.47,1.145,0,20,0,57356,1
ACC_00001938,0.668,0.335,5,18,1,320376,1
ACC_00001939,0.698,0.846,5,4,0,191113,1
ACC_00001940,0.237,1.03,1,10,1,224255,1
ACC_00001941,0.651,1.072,5,11,0,245428,1
ACC_00001942,0.493,0.934,0,3,1,291621,1
ACC_00001943,0.241,1.067,2,6,0,238456,1
ACC_00001944,0.127,0.877,4,15,1,167297,1
ACC_00001945,0.567,0.734,2,5,0,123423,1
ACC_00001946,0.354,0.269,0,12,0,287933,0
ACC_00001947,0.216,0.831,3,9,1,175839,1
ACC_00001948,0.59,1.165,4,29,1,126528,1
ACC_00001949,0.719,0.912,2,25,1,322128,1
ACC_00001950,0.646,1.234,2,15,1,196286,1
ACC_00001951,0.113,0.594,5,27,1,296044,1
ACC_00001952,0.283,1.004,3,4,0,95264,1
ACC_00001953,0.311,0.51,2,22,0,119669,0
ACC_00001954,0.615,1.027,3,32,0,143689,1
ACC_00001955,0.122,0.659,5,22,0,105839,0
ACC_00001956,0.491,0.956,0,24,1,297185,1
ACC_00001957,0.793,0.379,0,28,0,101538,1
ACC_00001958,0.621,0.5,4,15,1,93682,1
ACC_00001959,0.415,0.685,2,12,0,38432,1
ACC_00001960,0.524,0.821,3,18,1,117246,1
ACC_00001961,0.154,0.794,0,26,0,176846,0
ACC_00001962,0.077,0.153,5,32,1,68751,1
ACC_00001963,0.25,0.516,5,3,0,232101,1
ACC_00001964,0.127,1.218,4,9,1,261246,1
ACC_00001965,0.091,0.758,2,8,0,300789,0
ACC_00001966,0.777,0.595,2,15,0,95364,1
ACC_00001967,0.093,0.399,1,21,0,263499,0
ACC_00001968,0.144,0.864,3,27,0,251720,0
ACC_00001969,0.191,1.049,2,30,0,53443,1
ACC_00001970,0.235,0.772,4,23,0,85756,0
ACC_00001971,0.184,1.049,3,8,0,259708,1
ACC_00001972,0.243,0.714,5,2,0,280620,0
ACC_00001973,0.595,0.66,1,25,0,288247,1
ACC_00001974,0.059,0.436,4,23,1,328850,1
ACC_00001975,0.783,1.125,5,16,0,244311,1
ACC_00001976,0.824,0.888,5,32,0,244072,1
ACC_00001977,0.677,0.103,2,27,0,88278,1
ACC_00001978,0.151,0.823,1,21,0,297167,0
ACC_00001979,0.381,1.105,0,2,1,41582,1
ACC_00001980,0.373,0.068,1,8,0,199532,0
ACC_00001981,0.207,0.611,2,17,0,79487,0
ACC_00001982,0.211,0.869,3,23,1,204495,1
ACC_00001983,0.732,1.123,5,25,0,336732,1
ACC_00001984,0.538,0.28,3,3,0,275514,1
ACC_00001985,0.634,0.726,5,2,1,240094,1
ACC_00001986,0.484,0.165,2,3,0,267994,0
ACC_00001987,0.314,0.289,2,4,0,74967,1
ACC_00001988,0.249,1.156,1,26,0,238255,1
ACC_00001989,0.323,0.834,5,17,0,233049,0
ACC_00001990,0.644,0.856,0,31,0,197984,1
ACC_00001991,0.111,1.043,5,19,0,307888,1
ACC_00001992,0.776,0.516,0,25,0,34077,1
ACC_00001993,0.401,0.247,4,5,1,72211,1
ACC_00001994,0.086,0.24,5,18,0,289849,0
ACC_00001995,0.484,0.427,0,6,0,136967,1
ACC_00001996,0.505,0.974,5,18,0,36329,1
ACC_00001997,0.683,0.313,5,28,0,243295,1
ACC_00001998,0.473,0.643,0,31,0,168433,0
ACC_00001999,0.322,0.766,3,28,0,213272,0
ACC_00002000,0.255,0.873,4,4,0,335899,1
ACC_00002001,0.7,0.988,5,21,1,175207,1
ACC_00002002,0.781,1.217,1,8,0,215197,1
ACC_00002003,0.48,0.672,5,23,1,65388,1
ACC_00002004,0.385,0.94,0,4,0,56782,0
ACC_00002005,0.686,0.638,2,22,0,236921,1
ACC_00002006,0.62,0.318,4,21,0,63586,1
ACC_00002007,0.555,1.146,2,19,1,142421,1
ACC_00002008,0.835,0.465,1,18,0,149010,1
ACC_00002009,0.212,0.214,4,28,1,106982,1
ACC_00002010,0.84,0.575,5,30,0,248273,1
ACC_00002011,0.507,0.394,5,32,1,274440,1
ACC_00002012,0.205,0.823,3,29,1,333367,1
ACC_00002013,0.311,1.204,3,13,1,291259,1
ACC_00002014,0.734,0.606,4,14,0,326512,1
ACC_00002015,0.8,0.85,3,5,0,105296,1
ACC_00002016,0.066,0.443,0,30,0,330594,0
ACC_00002017,0.337,0.183,3,19,1,55487,1
ACC_00002018,0.64,0.809,4,28,0,332649,1
ACC_00002019,0.72,0.548,4,27,1,65239,1
ACC_00002020,0.065,0.652,0,5,0,65434,0
ACC_00002021,0.435,0.05,3,2,0,293103,0
ACC_00002022,0.71,0.857,1,13,0,118617,1
ACC_00002023,0.08,0.996,5,25,1,148780,1
ACC_00002024,0.255,1.13,0,8,0,238266,1
ACC_00002025,0.221,0.667,1,22,0,118019,0
ACC_00002026,0.449,0.299,5,19,1,312355,1
ACC_00002027,0.346,0.475,1,10,0,140172,0
ACC_00002028,0.739,0.312,5,24,1,61424,1
ACC_00002029,0.118,0.097,2,2,0,57983,0
ACC_00002030,0.165,0.643,1,3,0,99270,0
ACC_00002031,0.487,0.825,3,32,1,95699,1
ACC_00002032,0.103,1.241,3,10,0,340101,1
ACC_00002033,0.835,1.165,5,24,1,53708,1
ACC_00002034,0.567,0.072,5,11,0,34302,1
ACC_00002035,0.559,0.326,4,29,1,300441,1
ACC_00002036,0.763,0.596,0,13,0,143410,1
ACC_00002037,0.124,0.41,4,4,1,165585,1
ACC_00002038,0.082,0.862,3,30,0,42624,0
ACC_00002039,0.183,0.119,0,32,0,275016,0
ACC_00002040,0.418,1.045,2,3,0,308759,1
ACC_00002041,0.587,0.161,3,14,0,118971,1
ACC_00002042,0.508,0.857,0,12,0,78485,1
ACC_00002043,0.481,0.829,2,3,0,181685,0
ACC_00002044,0.338,1.224,0,14,1,143544,1
ACC_00002045,0.423,0.722,3,11,0,77074,0
ACC_00002046,0.093,0.738,2,4,0,329600,0
ACC_00002047,0.481,0.834,0,18,0,65862,0
ACC_00002048,0.533,0.949,5,3,0,195277,1
ACC_00002049,0.782,0.613,4,18,0,133049,1
ACC_00002050,0.651,0.862,5,18,0,58774,1
ACC_00002051,0.409,1.124,4,12,1,169328,1
ACC_00002052,0.738,1.068,2,31,1,103705,1
ACC_00002053,0.629,0.1,1,9,0,214999,1
ACC_00002054,0.132,0.252,4,25,1,236103,1
ACC_00002055,0.584,0.026,1,18,0,141638,1
ACC_00002056,0.231,0.311,2,29,0,126236,0
ACC_00002057,0.278,0.908,2,27,0,163839,0
ACC_00002058,0.164,0.41,1,5,0,133684,0
ACC_00002059,0.611,0.714,3,25,0,46609,1
ACC_00002060,0.538,0.218,0,10,0,217202,1
ACC_00002061,0.766,0.788,4,5,0,347004,1
ACC_00002062,0.642,1.105,2,17,0,336186,1
ACC_00002063,0.625,0.501,4,16,1,208605,1
ACC_00002064,0.588,0.349,0,20,0,70352,1
ACC_00002065,0.121,1.159,4,10,0,74045,1
ACC_00002066,0.336,0.192,0,13,0,82687,0
ACC_00002067,0.527,0.124,1,16,0,314780,1
ACC_00002068,0.296,1.182,4,22,1,212774,1
ACC_00002069,0.371,0.916,1,15,0,78261,0
ACC_00002070,0.391,0.423,2,23,0,277003,0
ACC_00002071,0.605,0.084,1,14,0,165236,1
ACC_00002072,0.274,0.085,2,4,0,96880,0
ACC_00002073,0.152,0.546,1,17,0,202974,1
ACC_00002074,0.283,0.515,5,7,1,346022,1
ACC_00002075,0.272,0.013,4,19,0,134479,0
ACC_00002076,0.83,0.55,5,22,1,99135,1
ACC_00002077,0.805,0.486,2,2,0,141649,1
ACC_00002078,0.752,0.734,2,31,0,47906,1
ACC_00002079,0.706,0.745,0,2,0,97589,1
ACC_00002080,0.408,0.958,1,31,0,162381,1
ACC_00002081,0.247,0.118,3,8,1,331625,1
ACC_00002082,0.112,0.303,4,9,1,68518,1
ACC_00002083,0.241,0.385,0,2,0,287405,0
ACC_00002084,0.469,0.679,5,17,0,101341,0
ACC_00002085,0.588,0.083,3,21,0,211696,1
ACC_00002086,0.807,0.546,1,28,0,196169,1
ACC_00002087,0.534,0.898,3,7,0,234583,1
ACC_00002088,0.571,0.231,4,20,0,171083,1
ACC_00002089,0.626,0.484,5,22,0,60957,1
ACC_00002090,0.114,0.818,0,15,0,54598,0
ACC_00002091,0.761,0.492,3,23,0,218139,1
ACC_00002092,0.638,0.949,0,28,0,241656,1
ACC_00002093,0.336,0.603,3,11,0,156823,0
ACC_00002094,0.599,1.224,5,21,0,178953,1
ACC_00002095,0.257,0.518,4,15,0,151307,0
ACC_00002096,0.276,0.53,1,29,0,183380,0
ACC_00002097,0.743,0.458,5,2,1,278823,1
ACC_00002098,0.827,1.129,1,10,0,85349,1
ACC_00002099,0.33,0.372,0,24,0,161444,0
ACC_00002100,0.729,0.884,5,9,0,229929,1
ACC_00002101,0.498,0.519,3,32,1,78912,1
ACC_00002102,0.055,0.117,4,17,0,346936,0
ACC_00002103,0.251,0.016,3,4,1,189235,1
ACC_00002104,0.501,1.15,0,30,0,314421,1
ACC_00002105,0.656,1.053,4,32,1,204687,1
ACC_00002106,0.386,0.989,2,21,1,278856,1
ACC_00002107,0.186,0.025,2,26,0,154495,0
ACC_00002108,0.234,0.044,3,21,0,60265,0
ACC_00002109,0.762,1.184,4,8,1,313192,1
ACC_00002110,0.154,1.155,1,16,1,280324,1
ACC_00002111,0.308,0.316,0,29,0,69755,0
ACC_00002112,0.121,0.779,5,4,1,240135,1
ACC_00002113,0.691,1.206,3,20,0,119810,1
ACC_00002114,0.546,0.47,1,11,0,150266,1
ACC_00002115,0.781,0.696,5,4,0,276012,1
ACC_00002116,0.756,0.305,2,7,0,169272,1
ACC_00002117,0.094,1.108,2,3,0,337915,1
ACC_00002118,0.117,0.494,4,14,0,347517,0
ACC_00002119,0.095,1.053,3,17,0,65118,1
ACC_00002120,0.314,0.445,4,15,0,238655,0
ACC_00002121,0.116,0.328,2,31,0,256435,0
ACC_00002122,0.506,1.214,4,23,1,149380,1
ACC_00002123,0.356,0.037,4,21,1,279578,1
ACC_00002124,0.623,0.301,0,27,0,38593,1
ACC_00002125,0.233,0.336,1,30,0,41031,0
ACC_00002126,0.764,0.692,1,24,0,147548,1
ACC_00002127,0.418,0.239,1,5,0,178224,0
ACC_00002128,0.535,1.232,0,7,0,188675,1
ACC_00002129,0.767,0.499,4,11,1,313476,1
ACC_00002130,0.237,0.343,3,13,1,162137,1
ACC_00002131,0.41,0.639,0,20,0,202256,0
ACC_00002132,0.622,0.426,3,20,0,59418,1
ACC_00002133,0.528,0.471,1,10,0,165027,1
ACC_00002134,0.247,0.652,0,21,0,338430,0
ACC_00002135,0.413,0.35,4,24,0,245122,0
ACC_00002136,0.431,0.159,0,32,0,316258,0
ACC_00002137,0.114,0.563,2,22,0,255575,0
ACC_00002138,0.42,0.51,0,26,0,87105,0
ACC_00002139,0.095,0.619,5,22,0,324348,0
ACC_00002140,0.204,0.603,2,30,0,236131,0
ACC_00002141,0.067,1.155,1,15,0,299580,1
ACC_00002142,0.608,0.027,4,23,1,196427,1
ACC_00002143,0.109,0.746,1,21,0,280694,0
ACC_00002144,0.618,1.246,0,16,1,202051,1
ACC_00002145,0.201,0.528,5,4,0,312861,0
ACC_00002146,0.668,0.135,2,8,0,136417,1
ACC_00002147,0.208,0.483,0,8,0,208032,0
ACC_00002148,0.567,0.935,2,25,0,173237,1
ACC_00002149,0.674,0.803,0,17,0,238205,1
ACC_00002150,0.672,1.022,0,13,1,249543,1
ACC_00002151,0.231,0.442,3,18,0,102780,0
ACC_00002152,0.301,0.724,0,27,0,247895,0
ACC_00002153,0.437,1.184,3,27,0,207891,1
ACC_00002154,0.292,1.118,1,9,0,110499,1
ACC_00002155,0.494,0.522,0,30,0,303993,0
ACC_00002156,0.058,0.128,0,32,0,269205,0
ACC_00002157,0.715,0.541,2,9,0,152244,1
ACC_00002158,0.542,0.099,5,21,0,103132,1
ACC_00002159,0.095,0.988,4,10,0,261313,1
ACC_00002160,0.678,0.873,2,13,0,76176,1
ACC_00002161,0.781,0.446,5,10,0,347759,1
ACC_00002162,0.803,0.231,3,25,0,123028,1
ACC_00002163,0.761,0.911,2,14,0,330916,1
ACC_00002164,0.243,0.045,4,22,0,31048,0
ACC_00002165,0.595,0.722,4,8,1,318729,1
ACC_00002166,0.079,0.032,2,9,0,284638,0
ACC_00002167,0.468,0.787,2,27,0,81225,0
ACC_00002168,0.367,0.571,5,9,0,227397,1
ACC_00002169,0.15,1.21,3,7,0,249195,1
ACC_00002170,0.329,0.769,0,5,0,193709,0
ACC_00002171,0.208,1.016,0,17,1,153154,1
ACC_00002172,0.494,0.405,4,6,0,323754,0
ACC_00002173,0.69,0.29,1,29,0,53686,1
ACC_00002174,0.637,0.805,1,17,0,174193,1
ACC_00002175,0.608,0.076,4,8,0,278683,1
ACC_00002176,0.846,0.621,2,12,0,58107,1
ACC_00002177,0.721,0.475,0,7,0,263675,1
ACC_00002178,0.16,0.379,4,20,1,200643,1
ACC_00002179,0.412,0.348,4,13,0,255604,1
ACC_00002180,0.67,0.184,3,18,0,242852,1
ACC_00002181,0.3,0.362,1,5,0,301497,0
ACC_00002182,0.696,0.308,5,24,0,296733,1
ACC_00002183,0.235,1.069,2,13,0,187744,1
ACC_00002184,0.1,0.609,3,5,0,172438,1
ACC_00002185,0.337,0.997,3,28,0,335199,1
ACC_00002186,0.704,0.431,0,24,0,227907,1
ACC_00002187,0.527,0.981,5,26,1,105938,1
ACC_00002188,0.599,0.539,2,32,0,212048,1
ACC_00002189,0.294,0.821,3,23,0,292112,0
ACC_00002190,0.785,0.703,2,23,0,72644,1
ACC_00002191,0.436,0.097,3,12,1,183941,1
ACC_00002192,0.259,0.49,0,27,0,54305,0
ACC_00002193,0.843,0.642,2,9,0,270878,1
ACC_00002194,0.504,0.916,3,22,0,117696,1
ACC_00002195,0.616,0.891,5,30,0,82815,1
ACC_00002196,0.531,0.479,3,20,0,137723,1
ACC_00002197,0.729,0.725,1,9,0,324312,1
ACC_00002198,0.59,0.661,1,12,0,295911,1
ACC_00002199,0.622,1.176,4,10,0,305118,1
ACC_00002200,0.056,1.083,4,15,0,276531,1
ACC_00002201,0.344,0.672,0,25,0,47501,0
ACC_00002202,0.45,0.291,4,16,0,245895,0
ACC_00002203,0.726,0.654,3,10,0,59553,1
ACC_00002204,0.093,0.908,5,21,0,135826,0
ACC_00002205,0.084,0.865,5,24,0,53278,0
ACC_00002206,0.37,0.556,1,29,0,141916,0
ACC_00002207,0.115,1.128,1,31,0,182450,1
ACC_00002208,0.769,0.263,3,5,0,85380,1
ACC_00002209,0.191,0.936,1,10,0,286995,0
ACC_00002210,0.232,1.164,1,16,0,119568,1
ACC_00002211,0.455,0.271,3,31,0,171101,0
ACC_00002212,0.787,0.604,0,3,0,206708,1
ACC_00002213,0.771,0.402,1,14,0,217257,1
ACC_00002214,0.39,0.147,4,20,0,109534,1
ACC_00002215,0.822,0.965,1,7,0,210822,1
ACC_00002216,0.512,0.058,0,18,0,305858,1
ACC_00002217,0.671,0.289,5,10,0,181524,1
ACC_00002218,0.373,0.391,5,26,0,84327,0
ACC_00002219,0.245,1.129,2,2,0,321196,1
ACC_00002220,0.546,1.155,5,30,0,273320,1
ACC_00002221,0.367,0.58,2,29,0,342510,0
ACC_00002222,0.847,0.922,0,30,0,138379,1
ACC_00002223,0.224,0.681,3,26,1,134912,1
ACC_00002224,0.435,0.979,2,26,0,333617,1
ACC_00002225,0.799,1.094,1,18,1,189939,1
ACC_00002226,0.679,0.2,1,22,0,171783,1
ACC_00002227,0.207,0.248,3,8,0,62651,0
ACC_00002228,0.507,0.213,0,26,0,55312,1
ACC_00002229,0.569,0.033,1,23,0,123673,1
ACC_00002230,0.211,0.479,3,27,0,75296,0
ACC_00002231,0.297,0.881,5,3,0,281260,0
ACC_00002232,0.354,0.871,5,5,0,234361,0
ACC_00002233,0.509,0.024,4,25,0,344757,1
ACC_00002234,0.293,0.616,1,29,0,314058,0
ACC_00002235,0.586,0.638,3,26,1,212308,1
ACC_00002236,0.434,0.367,2,21,0,260196,0
ACC_00002237,0.139,1.003,4,23,0,54126,1
ACC_00002238,0.473,0.649,3,2,0,65627,0
ACC_00002239,0.424,0.729,3,27,1,187037,1
ACC_00002240,0.434,0.334,1,23,0,96539,1
ACC_00002241,0.758,0.632,1,3,0,192586,1
ACC_00002242,0.378,0.14,3,3,0,132772,0
ACC_00002243,0.696,0.114,4,14,1,123945,1
ACC_00002244,0.695,0.799,2,3,0,174162,1
ACC_00002245,0.378,0.361,4,7,0,160622,0
ACC_00002246,0.463,0.297,3,27,0,56250,0
ACC_00002247,0.406,1.241,0,7,0,225765,1
ACC_00002248,0.552,0.776,5,29,0,34208,1
ACC_00002249,0.337,0.024,5,19,1,307047,1
ACC_00002250,0.396,0.71,1,22,0,174010,0
ACC_00002251,0.44,1.076,0,15,1,101370,1
ACC_00002252,0.649,0.83,2,28,0,321572,1
ACC_00002253,0.59,0.234,0,26,0,84452,1
ACC_00002254,0.547,0.713,4,16,0,333333,1
ACC_00002255,0.554,1.03,3,2,1,84662,1
ACC_00002256,0.418,0.776,0,6,0,102695,1
ACC_00002257,0.373,0.441,1,22,0,267226,0
ACC_00002258,0.216,1.144,3,30,1,125118,1
ACC_00002259,0.684,0.511,0,18,0,202029,1
ACC_00002260,0.548,0.05,4,25,0,232663,1
ACC_00002261,0.535,0.485,2,19,0,237930,1
ACC_00002262,0.526,1.121,2,20,0,270197,1
ACC_00002263,0.799,0.691,5,12,0,257644,1
ACC_00002264,0.313,0.301,2,17,0,172320,0
ACC_00002265,0.346,1.078,2,30,1,159118,1
ACC_00002266,0.415,0.708,3,12,0,241705,0
ACC_00002267,0.602,0.444,4,7,0,254256,1
ACC_00002268,0.296,0.434,0,27,0,242430,0
ACC_00002269,0.373,0.314,3,29,0,30888,0
ACC_00002270,0.346,0.487,2,26,0,40079,1
ACC_00002271,0.609,0.639,5,31,1,334450,1
ACC_00002272,0.111,1.178,0,7,0,268784,1
ACC_00002273,0.289,0.483,0,2,0,260196,0
ACC_00002274,0.412,0.643,1,29,0,305119,0
ACC_00002275,0.28,0.55,2,15,0,132762,0
ACC_00002276,0.268,0.51,5,12,0,217572,0
ACC_00002277,0.439,0.131,4,12,1,101134,1
ACC_00002278,0.08,1.032,4,12,1,209085,1
ACC_00002279,0.564,0.997,1,3,0,254688,1
ACC_00002280,0.172,0.439,1,15,0,259393,0
ACC_00002281,0.501,0.815,1,24,0,84513,1
ACC_00002282,0.67,0.719,3,20,1,300650,1
ACC_00002283,0.117,0.199,1,27,0,157830,0
ACC_00002284,0.668,1.008,0,25,0,177404,1
ACC_00002285,0.402,1.175,4,11,1,197947,1
ACC_00002286,0.057,0.143,3,4,0,333453,0
ACC_00002287,0.587,1.242,0,20,0,110110,1
ACC_00002288,0.505,0.039,3,29,1,36084,1
ACC_00002289,0.615,0.014,2,21,0,249652,1
ACC_00002290,0.678,0.97,1,27,0,127692,1
ACC_00002291,0.057,1.169,3,24,0,163647,1
ACC_00002292,0.361,0.156,0,21,0,289923,0
ACC_00002293,0.707,0.817,1,6,0,338098,1
ACC_00002294,0.476,0.759,1,17,0,338770,0
ACC_00002295,0.057,0.118,1,6,0,148706,1
ACC_00002296,0.698,0.344,5,19,0,267512,1
ACC_00002297,0.84,1.249,1,23,1,62303,1
ACC_00002298,0.315,0.95,5,19,0,214262,0
ACC_00002299,0.687,0.491,4,31,0,347395,1
ACC_00002300,0.392,0.016,1,19,0,49537,0
ACC_00002301,0.533,0.35,2,19,0,75385,1
ACC_00002302,0.749,0.719,3,30,0,216281,1
ACC_00002303,0.205,0.104,5,21,0,164121,0
ACC_00002304,0.443,0.617,2,10,0,268456,0
ACC_00002305,0.745,0.736,1,7,0,299621,1
ACC_00002306,0.666,0.152,4,13,1,250381,1
ACC_00002307,0.804,0.339,3,20,0,313914,1
ACC_00002308,0.553,0.812,1,22,0,348305,1
ACC_00002309,0.51,0.223,3,11,0,293846,1
ACC_00002310,0.685,0.297,1,20,0,58170,1
ACC_00002311,0.341,0.504,2,27,0,330015,0
ACC_00002312,0.23,0.767,1,24,0,224223,0
ACC_00002313,0.304,0.794,0,2,0,251508,0
ACC_00002314,0.612,0.034,0,13,0,348504,1
ACC_00002315,0.322,0.403,2,16,0,120830,0
ACC_00002316,0.373,0.743,4,27,0,66111,0
ACC_00002317,0.215,0.442,1,29,0,121481,0
ACC_00002318,0.068,0.211,2,19,0,282370,0
ACC_00002319,0.513,0.341,3,26,0,272508,1
ACC_00002320,0.271,0.119,0,21,0,127119,0
ACC_00002321,0.288,0.659,3,30,1,52601,1
ACC_00002322,0.213,0.622,1,11,0,212946,0
ACC_00002323,0.466,1.098,3,26,0,305777,1
ACC_00002324,0.344,0.821,1,14,0,315349,1
ACC_00002325,0.826,1.013,1,14,1,128937,1
ACC_00002326,0.778,0.17,5,15,1,223248,1
ACC_00002327,0.599,1.238,0,26,1,135185,1
ACC_00002328,0.563,0.522,0,15,0,161298,1
ACC_00002329,0.492,0.339,1,9,0,254022,0
ACC_00002330,0.647,0.514,4,6,0,336566,1
ACC_00002331,0.64,1.1,4,18,0,143626,1
ACC_00002332,0.238,0.175,4,22,1,124212,1
ACC_00002333,0.73,0.108,2,12,0,252938,1
ACC_00002334,0.424,0.877,4,18,0,149842,0
ACC_00002335,0.84,0.526,0,10,0,137401,1
ACC_00002336,0.63,0.527,5,30,1,54222,1
ACC_00002337,0.431,0.262,2,20,0,348524,0
ACC_00002338,0.221,0.231,5,32,0,266773,0
ACC_00002339,0.1,0.107,2,22,0,101970,0
ACC_00002340,0.801,0.102,3,23,0,306264,1
ACC_00002341,0.464,0.48,4,16,0,329974,0
ACC_00002342,0.56,0.781,4,9,0,162889,1
ACC_00002343,0.354,0.655,4,7,1,144754,1
ACC_00002344,0.059,1.16,3,11,0,236074,1
ACC_00002345,0.425,1.17,0,3,1,165538,1
ACC_00002346,0.377,0.374,0,7,0,105446,0
ACC_00002347,0.463,1.011,3,31,1,104413,1
ACC_00002348,0.064,0.022,3,20,1,226735,1
ACC_00002349,0.718,0.794,2,8,0,243460,1
ACC_00002350,0.227,0.065,0,14,0,84396,0
ACC_00002351,0.373,0.829,0,24,0,255616,0
ACC_00002352,0.553,1.233,2,32,1,331096,1
ACC_00002353,0.169,1.009,3,13,0,326411,1
ACC_00002354,0.776,0.304,0,24,0,168573,1
ACC_00002355,0.307,0.078,0,10,0,179926,0
ACC_00002356,0.802,0.841,4,12,1,42813,1
ACC_00002357,0.836,0.426,3,17,0,265959,1
ACC_00002358,0.297,0.997,5,23,1,212181,1
ACC_00002359,0.333,0.343,1,26,0,145579,0
ACC_00002360,0.617,0.275,0,23,0,266016,1
ACC_00002361,0.388,0.725,0,22,0,164357,0
ACC_00002362,0.525,0.408,1,22,0,142971,1
ACC_00002363,0.519,0.925,2,19,0,136930,1
ACC_00002364,0.161,0.513,5,11,1,96562,1
ACC_00002365,0.294,0.151,2,27,0,150329,0
ACC_00002366,0.125,0.869,2,29,0,224918,0
ACC_00002367,0.742,0.968,3,17,1,110514,1
ACC_00002368,0.371,0.882,5,11,0,72516,0
ACC_00002369,0.397,0.944,0,27,0,188524,0
ACC_00002370,0.368,1.064,1,10,1,69522,1
ACC_00002371,0.711,0.522,4,6,1,158107,1
ACC_00002372,0.551,0.672,4,4,0,246204,1
ACC_00002373,0.466,0.382,2,8,0,101421,0
ACC_00002374,0.46,0.586,1,27,0,109261,0
ACC_00002375,0.165,0.093,2,4,0,151118,0
ACC_00002376,0.185,0.896,5,13,1,242209,1
ACC_00002377,0.23,0.837,2,8,0,58665,0
ACC_00002378,0.256,0.713,3,29,0,141356,0
ACC_00002379,0.656,1.03,3,11,0,90919,1
ACC_00002380,0.118,0.157,1,29,0,245345,0
ACC_00002381,0.093,0.762,2,32,0,279253,0
ACC_00002382,0.66,1.13,0,4,0,155975,1
ACC_00002383,0.558,1.196,0,28,1,294602,1
ACC_00002384,0.353,0.769,2,27,0,173092,0
ACC_00002385,0.248,1.13,4,26,0,53086,1
ACC_00002386,0.116,1.218,0,8,0,247714,1
ACC_00002387,0.097,1.059,0,29,1,196044,1
ACC_00002388,0.787,0.684,5,12,0,243505,1
ACC_00002389,0.38,0.785,5,2,0,273124,0
ACC_00002390,0.388,0.57,1,31,0,207764,0
ACC_00002391,0.428,0.343,0,29,0,217182,1
ACC_00002392,0.591,0.731,5,12,0,33892,1
ACC_00002393,0.822,0.944,0,23,0,275864,1
ACC_00002394,0.535,0.374,3,27,0,188695,1
ACC_00002395,0.644,0.67,4,7,1,125495,1
ACC_00002396,0.156,0.029,0,26,0,297894,0
ACC_00002397,0.155,0.495,2,32,0,256137,0
ACC_00002398,0.399,0.248,5,19,1,242291,1
ACC_00002399,0.213,0.928,2,26,0,90261,0
ACC_00002400,0.603,0.564,3,29,0,246484,1
ACC_00002401,0.531,0.25,4,32,1,164643,1
ACC_00002402,0.758,0.564,0,6,0,43264,1
ACC_00002403,0.455,1.095,3,27,0,201080,1
ACC_00002404,0.829,0.105,0,26,0,280367,1
ACC_00002405,0.839,0.363,3,4,0,194369,1
ACC_00002406,0.362,1.179,4,14,1,333377,1
ACC_00002407,0.574,0.768,2,7,0,192346,1
ACC_00002408,0.274,0.389,0,6,0,112762,1
ACC_00002409,0.317,1.019,0,31,0,321011,1
ACC_00002410,0.459,0.326,1,5,0,188640,0
ACC_00002411,0.813,0.318,0,29,0,91373,1
ACC_00002412,0.356,1.169,4,27,1,58824,1
ACC_00002413,0.752,1.065,4,26,0,343983,1
ACC_00002414,0.056,1.048,0,22,0,73080,1
ACC_00002415,0.823,0.898,4,9,1,95752,1
ACC_00002416,0.3,0.782,5,22,1,81172,1
ACC_00002417,0.597,0.735,0,32,0,68722,1
ACC_00002418,0.147,0.339,0,30,0,327873,0
ACC_00002419,0.258,0.437,5,17,0,326108,0
ACC_00002420,0.092,1.145,4,16,1,197407,1
ACC_00002421,0.785,0.161,1,30,0,80536,1
ACC_00002422,0.219,1.193,3,2,0,124864,1
ACC_00002423,0.54,0.583,5,7,0,193081,1
ACC_00002424,0.16,0.184,2,30,0,148981,0
ACC_00002425,0.222,0.656,2,8,0,163779,1
ACC_00002426,0.644,0.173,0,31,0,49892,1
ACC_00002427,0.607,1.036,1,8,1,64578,1
ACC_00002428,0.117,1.123,1,5,1,274142,1
ACC_00002429,0.838,0.133,1,6,0,295052,1
ACC_00002430,0.394,0.798,0,3,0,45235,0
ACC_00002431,0.236,0.158,0,10,0,265700,0
ACC_00002432,0.726,0.306,5,5,0,277806,1
ACC_00002433,0.396,0.552,0,14,0,84200,0
ACC_00002434,0.552,0.329,4,8,0,264063,1
ACC_00002435,0.239,0.117,2,3,0,43743,1
ACC_00002436,0.629,1.168,0,10,1,158998,1
ACC_00002437,0.262,0.528,5,18,0,283324,0
ACC_00002438,0.406,0.656,1,31,0,246594,0
ACC_00002439,0.53,0.516,0,17,0,163990,1
ACC_00002440,0.828,0.668,3,24,0,279899,1
ACC_00002441,0.741,0.613,2,29,0,240840,1
ACC_00002442,0.273,0.599,4,15,0,184569,0
ACC_00002443,0.152,1.14,1,17,1,143155,1
ACC_00002444,0.116,0.023,5,25,1,50874,1
ACC_00002445,0.758,0.099,1,15,0,282427,1
ACC_00002446,0.051,0.373,3,12,1,179239,1
ACC_00002447,0.835,0.079,2,30,0,41747,1
ACC_00002448,0.284,0.942,3,25,1,288964,1
ACC_00002449,0.725,1.233,0,16,0,349635,1
ACC_00002450,0.202,1.18,4,26,1,321434,1
ACC_00002451,0.702,0.936,0,8,1,35699,1
ACC_00002452,0.311,0.342,4,29,0,102684,0
ACC_00002453,0.472,0.452,0,4,0,133602,0
ACC_00002454,0.524,1.225,1,13,0,181341,1
ACC_00002455,0.154,1.107,4,20,1,171911,1
ACC_00002456,0.091,0.802,5,10,0,199318,0
ACC_00002457,0.082,0.255,4,9,0,314040,0
ACC_00002458,0.389,0.783,2,26,0,239301,0
ACC_00002459,0.675,0.283,4,25,1,72450,1
ACC_00002460,0.203,0.972,2,20,1,241984,1
ACC_00002461,0.225,0.14,1,25,0,76834,0
ACC_00002462,0.397,0.672,3,10,1,299917,1
ACC_00002463,0.359,0.459,4,24,0,295258,0
ACC_00002464,0.503,0.592,3,16,1,278770,1
ACC_00002465,0.734,0.646,5,3,0,330156,1
ACC_00002466,0.802,0.416,2,28,0,76965,1
ACC_00002467,0.677,0.39,4,9,1,280060,1
ACC_00002468,0.377,1.04,3,9,0,201944,1
ACC_00002469,0.414,1.177,2,13,1,99729,1
ACC_00002470,0.426,0.609,1,18,0,49787,0
ACC_00002471,0.426,0.555,1,28,0,123873,0
ACC_00002472,0.786,1.166,2,24,0,70209,1
ACC_00002473,0.246,1.117,1,8,0,293695,1
ACC_00002474,0.518,0.571,2,5,0,133101,1
ACC_00002475,0.26,0.414,0,4,0,98418,0
ACC_00002476,0.773,0.581,0,27,0,225490,1
ACC_00002477,0.836,0.3,1,9,0,256665,1
ACC_00002478,0.844,0.339,0,26,0,140259,1
ACC_00002479,0.084,0.643,5,14,1,269153,1
ACC_00002480,0.659,0.494,4,11,0,315444,1
ACC_00002481,0.26,0.499,2,25,0,201793,0
ACC_00002482,0.748,0.421,1,20,0,32807,1
ACC_00002483,0.585,1.044,0,10,0,162368,1
ACC_00002484,0.796,0.36,1,14,0,126738,1
ACC_00002485,0.457,0.775,5,9,1,305168,1
ACC_00002486,0.203,1.179,2,20,0,153126,1
ACC_00002487,0.113,0.296,3,32,0,204649,0
ACC_00002488,0.813,0.055,4,6,0,203844,1
ACC_00002489,0.188,0.17,4,28,0,87426,0
ACC_00002490,0.443,0.788,3,29,0,135409,0
ACC_00002491,0.322,1.175,1,11,0,312917,1
ACC_00002492,0.504,0.793,4,7,1,105086,1
ACC_00002493,0.849,0.137,2,15,0,127200,1
ACC_00002494,0.436,1.066,5,27,1,159772,1
ACC_00002495,0.256,0.642,2,4,0,333483,0
ACC_00002496,0.742,0.407,4,18,1,188806,1
ACC_00002497,0.366,0.412,4,17,0,204870,0
ACC_00002498,0.408,1.095,5,27,0,321470,1
ACC_00002499,0.85,0.92,2,16,1,38714,1
ACC_00002500,0.758,0.896,4,23,0,306490,1
ACC_00002501,0.67,1.221,4,24,1,117016,1
ACC_00002502,0.724,0.973,4,8,0,87027,1
ACC_00002503,0.362,0.728,5,2,0,341104,0
ACC_00002504,0.813,0.4,5,24,1,294727,1
ACC_00002505,0.418,0.405,2,6,0,161992,0
ACC_00002506,0.128,0.828,0,25,0,238946,0
ACC_00002507,0.754,0.808,4,14,0,208080,1
ACC_00002508,0.478,0.319,1,3,0,329108,0
ACC_00002509,0.762,0.928,2,22,1,32951,1
ACC_00002510,0.675,0.838,2,2,0,281364,1
ACC_00002511,0.239,0.048,2,12,0,199052,1
ACC_00002512,0.173,0.127,0,21,0,267138,1
ACC_00002513,0.265,0.835,1,15,0,129693,0
ACC_00002514,0.451,0.258,2,25,0,347918,0
ACC_00002515,0.316,0.573,4,31,1,33282,1
ACC_00002516,0.589,0.706,0,25,0,267588,1
ACC_00002517,0.721,0.284,1,24,0,109422,1
ACC_00002518,0.173,0.387,4,6,0,63318,1
ACC_00002519,0.477,1.081,5,11,0,266193,1
ACC_00002520,0.616,0.011,2,13,0,270990,1
ACC_00002521,0.427,0.15,1,30,0,112511,0
ACC_00002522,0.713,0.489,1,12,0,186902,1
ACC_00002523,0.483,0.031,5,8,1,292232,1
ACC_00002524,0.739,0.397,2,23,0,156660,1
ACC_00002525,0.064,0.698,3,9,0,181055,0
ACC_00002526,0.46,0.969,5,9,0,323395,1
ACC_00002527,0.818,0.66,1,12,0,30367,1
ACC_00002528,0.847,0.688,2,32,0,104698,1
ACC_00002529,0.498,0.061,1,14,0,103191,0
ACC_00002530,0.736,0.14,4,8,0,214221,1
ACC_00002531,0.803,0.146,4,14,0,318436,1
ACC_00002532,0.774,0.956,5,25,0,130151,1
ACC_00002533,0.537,1.067,0,5,0,183363,1
ACC_00002534,0.789,0.795,5,2,1,284437,1
ACC_00002535,0.472,0.044,5,23,1,88763,1
ACC_00002536,0.673,0.646,0,19,0,211703,1
ACC_00002537,0.827,0.124,2,27,0,113045,1
ACC_00002538,0.632,0.094,4,22,0,257593,1
ACC_00002539,0.194,0.989,5,20,1,48239,1
ACC_00002540,0.787,0.913,0,16,0,252350,1
ACC_00002541,0.332,0.799,2,10,0,151671,0
ACC_00002542,0.201,1.209,1,7,1,320891,1
ACC_00002543,0.763,0.14,1,30,0,100671,1
ACC_00002544,0.086,0.054,4,18,1,147444,1
ACC_00002545,0.363,0.726,5,27,0,203608,0
ACC_00002546,0.703,0.289,0,24,0,92306,1
ACC_00002547,0.394,0.533,0,11,0,39403,0
ACC_00002548,0.605,1.187,5,19,0,130890,1
ACC_00002549,0.355,0.617,2,4,0,37917,0
ACC_00002550,0.372,0.497,2,27,0,203477,0
ACC_00002551,0.273,1.225,5,18,0,142840,1
ACC_00002552,0.28,0.578,4,14,1,63112,1
ACC_00002553,0.59,0.95,1,30,0,153536,1
ACC_00002554,0.074,0.532,5,6,0,270967,0
ACC_00002555,0.109,0.664,2,24,0,127234,1
ACC_00002556,0.271,0.765,3,25,0,236459,0
ACC_00002557,0.551,1.173,0,27,1,333724,1
ACC_00002558,0.531,0.628,1,28,0,232617,1
ACC_00002559,0.75,0.23,4,19,0,124723,1
ACC_00002560,0.546,1.156,4,25,1,204520,1
ACC_00002561,0.595,0.749,5,24,0,168502,1
ACC_00002562,0.578,0.516,2,30,0,193593,1
ACC_00002563,0.164,1.074,1,25,0,248496,1
ACC_00002564,0.384,0.566,3,27,0,187313,1
ACC_00002565,0.386,0.671,0,19,0,285820,0
ACC_00002566,0.285,0.214,0,16,0,200840,0
ACC_00002567,0.436,0.702,0,32,0,148846,0
ACC_00002568,0.533,0.393,3,12,1,276541,1
ACC_00002569,0.473,1.219,1,26,0,158961,1
ACC_00002570,0.729,0.126,1,13,0,332135,1
ACC_00002571,0.071,0.605,3,17,1,216403,1
ACC_00002572,0.671,0.144,0,29,0,166697,1
ACC_00002573,0.139,0.208,3,3,0,48162,0
ACC_00002574,0.066,0.326,5,18,1,251373,1
ACC_00002575,0.337,0.477,4,19,0,106983,0
ACC_00002576,0.184,0.619,4,10,0,119549,0
ACC_00002577,0.169,0.225,1,32,0,239059,0
ACC_00002578,0.73,0.458,5,15,0,247180,1
ACC_00002579,0.728,0.554,5,2,0,122312,1
ACC_00002580,0.3,0.577,2,17,0,276269,0
ACC_00002581,0.514,1.024,2,17,0,307070,1
ACC_00002582,0.403,0.262,1,31,0,227283,0
ACC_00002583,0.495,0.919,1,3,0,130604,0
ACC_00002584,0.533,1.207,0,18,0,175341,1
ACC_00002585,0.811,0.057,3,5,1,107310,1
ACC_00002586,0.214,0.046,1,12,0,145991,0
ACC_00002587,0.157,0.582,4,14,0,181168,0
ACC_00002588,0.484,0.144,4,23,0,316115,0
ACC_00002589,0.226,0.997,1,30,1,164576,1
ACC_00002590,0.357,0.286,0,31,0,131002,0
ACC_00002591,0.323,0.504,3,9,0,224317,0
ACC_00002592,0.086,0.173,4,15,0,244437,0
ACC_00002593,0.445,0.946,0,29,1,145960,1
ACC_00002594,0.352,0.345,2,25,0,229567,0
ACC_00002595,0.78,0.429,1,15,0,52297,1
ACC_00002596,0.591,1.173,5,14,0,48084,1
ACC_00002597,0.769,1.161,5,16,0,142900,1
ACC_00002598,0.617,0.901,1,13,0,256859,1
ACC_00002599,0.361,0.734,3,10,1,296081,1
ACC_00002600,0.601,0.045,3,22,0,255431,1
ACC_00002601,0.832,1.004,3,23,0,58690,1
ACC_00002602,0.221,0.175,0,17,0,198820,0
ACC_00002603,0.39,0.198,5,21,0,120271,0
ACC_00002604,0.246,0.376,1,18,0,317893,0
ACC_00002605,0.298,0.748,0,10,0,43772,0
ACC_00002606,0.239,1.088,3,13,1,58298,1
ACC_00002607,0.1,0.658,0,29,0,105316,1
ACC_00002608,0.67,0.566,4,17,0,236274,1
ACC_00002609,0.519,0.695,3,22,1,271547,1
ACC_00002610,0.434,0.437,5,7,0,319012,0
ACC_00002611,0.337,1.2,3,12,1,71252,1
ACC_00002612,0.459,0.142,4,23,1,144944,1
ACC_00002613,0.261,0.356,5,4,1,37772,1
ACC_00002614,0.352,0.597,0,12,0,291616,0
ACC_00002615,0.299,0.235,0,27,0,104678,1
ACC_00002616,0.356,0.703,1,2,0,230582,0
ACC_00002617,0.49,0.616,2,21,0,293511,0
ACC_00002618,0.608,0.153,2,27,0,61536,1
ACC_00002619,0.725,0.189,3,32,0,287652,1
ACC_00002620,0.459,0.526,4,22,0,239779,1
ACC_00002621,0.667,1.123,0,13,1,286351,1
ACC_00002622,0.523,1.115,5,14,0,158414,1
ACC_00002623,0.131,0.609,3,15,0,44006,0
ACC_00002624,0.183,0.417,4,2,0,99056,0
ACC_00002625,0.258,1.13,5,7,1,304347,1
ACC_00002626,0.659,1.044,0,32,0,194761,1
ACC_00002627,0.099,1.13,3,11,0,134931,1
ACC_00002628,0.376,0.817,4,11,1,109172,1
ACC_00002629,0.077,1.176,1,31,1,131792,1
ACC_00002630,0.086,0.538,2,25,0,255087,0
ACC_00002631,0.813,1.241,5,7,1,333945,1
ACC_00002632,0.37,0.189,0,23,0,239258,0
ACC_00002633,0.74,0.232,5,24,0,334827,1
ACC_00002634,0.229,1.212,4,28,1,47945,1
ACC_00002635,0.314,0.76,3,5,1,59844,1
ACC_00002636,0.451,0.342,2,16,0,182735,0
ACC_00002637,0.471,0.529,5,25,1,79033,1
ACC_00002638,0.708,0.293,2,8,0,136098,1
ACC_00002639,0.826,1.17,2,28,1,336008,1
ACC_00002640,0.564,0.633,2,32,0,229340,1
ACC_00002641,0.171,1.173,3,6,0,68326,1
ACC_00002642,0.348,0.579,4,16,1,289031,1
ACC_00002643,0.322,0.209,0,23,0,271823,0
ACC_00002644,0.835,1.088,5,26,0,70926,1
ACC_00002645,0.542,0.41,3,11,0,188289,1
ACC_00002646,0.404,0.741,3,5,1,32278,1
ACC_00002647,0.232,0.447,1,31,0,221341,0
ACC_00002648,0.272,1.215,1,10,1,224203,1
ACC_00002649,0.696,1.066,3,32,0,91983,1
ACC_00002650,0.491,0.888,3,25,0,99788,0
ACC_00002651,0.459,0.477,5,18,0,179675,0
ACC_00002652,0.61,1.105,4,5,1,191925,1
ACC_00002653,0.258,1.109,2,24,0,85598,1
ACC_00002654,0.688,0.826,4,20,0,168223,1
ACC_00002655,0.646,0.386,3,25,1,86097,1
ACC_00002656,0.654,0.103,2,22,0,281960,1
ACC_00002657,0.809,0.396,0,22,0,99932,1
ACC_00002658,0.471,0.808,5,7,0,197732,0
ACC_00002659,0.622,0.989,5,11,0,93178,1
ACC_00002660,0.687,0.085,5,18,0,40820,1
ACC_00002661,0.253,0.034,3,23,1,128484,1
ACC_00002662,0.681,0.613,5,25,1,198817,1
ACC_00002663,0.672,0.366,0,32,0,183278,1
ACC_00002664,0.311,0.205,0,16,0,219705,0
ACC_00002665,0.378,0.977,2,30,0,30296,1
ACC_00002666,0.497,0.506,5,10,0,226002,0
ACC_00002667,0.327,1.087,2,29,0,214590,1
ACC_00002668,0.493,0.733,0,26,0,182788,0
ACC_00002669,0.52,0.419,5,22,0,290629,1
ACC_00002670,0.742,0.969,2,23,1,110188,1
ACC_00002671,0.72,0.637,4,5,0,147193,1
ACC_00002672,0.292,0.105,5,16,0,150383,0
ACC_00002673,0.799,0.024,4,30,1,37060,1
ACC_00002674,0.188,0.206,1,11,0,227782,0
ACC_00002675,0.301,0.632,0,27,0,183691,1
ACC_00002676,0.414,0.939,1,12,0,275975,0
ACC_00002677,0.259,0.251,4,18,1,151885,1
ACC_00002678,0.36,0.537,1,20,0,121460,0
ACC_00002679,0.677,0.591,2,19,0,168712,1
ACC_00002680,0.168,0.402,1,7,0,84617,0
ACC_00002681,0.144,0.012,5,29,1,287462,1
ACC_00002682,0.59,0.126,4,5,1,344107,1
ACC_00002683,0.544,0.702,5,15,1,37452,1
ACC_00002684,0.53,1.182,2,18,0,256142,1
ACC_00002685,0.514,0.934,3,16,1,243696,1
ACC_00002686,0.634,1.028,1,14,0,194857,1
ACC_00002687,0.488,0.393,5,9,0,81123,0
ACC_00002688,0.63,0.888,2,19,0,247245,1
ACC_00002689,0.816,0.133,4,12,0,106694,1
ACC_00002690,0.647,0.158,2,8,0,200685,1
ACC_00002691,0.114,0.831,1,20,0,78323,0
ACC_00002692,0.261,1.036,5,23,0,38985,1
ACC_00002693,0.442,0.855,5,10,0,146662,0
ACC_00002694,0.363,0.091,4,31,1,109328,1
ACC_00002695,0.737,0.722,3,30,0,325576,1
ACC_00002696,0.114,0.76,2,12,0,312269,0
ACC_00002697,0.055,0.562,1,10,0,139169,0
ACC_00002698,0.761,0.101,4,2,0,56552,1
ACC_00002699,0.237,1.03,2,18,1,135917,1
ACC_00002700,0.42,0.808,4,32,0,126669,1
ACC_00002701,0.159,0.616,0,11,0,115194,0
ACC_00002702,0.557,0.158,0,29,0,276907,1
ACC_00002703,0.648,1.055,3,4,0,57982,1
ACC_00002704,0.135,1.239,3,12,0,334390,1
ACC_00002705,0.294,1.053,5,31,0,272793,1
ACC_00002706,0.106,0.571,2,3,0,68817,0
ACC_00002707,0.081,0.939,2,3,1,205211,1
ACC_00002708,0.713,1.04,5,2,0,175786,1
ACC_00002709,0.593,0.615,5,17,0,102756,1
ACC_00002710,0.626,0.434,0,7,0,295582,1
ACC_00002711,0.56,0.178,3,22,1,164815,1
ACC_00002712,0.491,0.213,5,14,1,76289,1
ACC_00002713,0.175,0.735,2,30,0,276269,0
ACC_00002714,0.572,0.433,1,8,0,99574,1
ACC_00002715,0.304,0.692,2,12,0,116845,0
ACC_00002716,0.849,0.06,0,31,0,125712,1
ACC_00002717,0.082,1.034,5,8,0,127319,1
ACC_00002718,0.428,0.608,1,16,0,84046,1
ACC_00002719,0.718,0.439,3,18,0,212847,1
ACC_00002720,0.51,1.235,0,22,0,58266,1
ACC_00002721,0.785,0.474,5,22,0,43075,1
ACC_00002722,0.806,0.416,2,22,0,333508,1
ACC_00002723,0.213,0.024,0,28,0,236538,0
ACC_00002724,0.376,0.024,4,3,1,281967,1
ACC_00002725,0.095,0.107,2,31,0,41253,0
ACC_00002726,0.376,0.4,0,6,0,46220,0
ACC_00002727,0.407,0.264,5,2,1,75849,1
ACC_00002728,0.81,0.79,4,11,1,262911,1
ACC_00002729,0.534,0.641,1,21,0,328543,1
ACC_00002730,0.249,1.138,4,13,0,163462,1
ACC_00002731,0.73,0.083,0,25,0,298163,1
ACC_00002732,0.062,0.138,1,32,0,158588,0
ACC_00002733,0.782,1.25,1,9,0,207259,1
ACC_00002734,0.295,0.1,5,17,0,302180,0
ACC_00002735,0.309,0.449,1,28,0,340462,0
ACC_00002736,0.361,0.586,3,23,0,340114,0
ACC_00002737,0.832,0.032,5,30,1,86962,1
ACC_00002738,0.429,0.746,1,2,0,300502,1
ACC_00002739,0.69,1.09,5,24,0,173445,1
ACC_00002740,0.24,0.07,3,25,0,141029,0
ACC_00002741,0.85,1.116,1,12,0,303204,1
ACC_00002742,0.507,0.683,5,22,1,311175,1
ACC_00002743,0.198,0.984,4,7,0,284951,1
ACC_00002744,0.295,0.513,0,22,0,72057,0
ACC_00002745,0.153,0.298,0,8,0,58856,0
ACC_00002746,0.062,1.209,3,23,0,280442,1
ACC_00002747,0.71,0.555,5,26,1,261536,1
ACC_00002748,0.579,0.306,3,25,1,257066,1
ACC_00002749,0.338,0.858,2,11,0,303456,0
ACC_00002750,0.092,0.012,2,15,0,186049,0
ACC_00002751,0.46,0.454,2,21,0,237591,1
ACC_00002752,0.712,0.814,1,18,0,111810,1
ACC_00002753,0.653,0.659,3,22,1,277893,1
ACC_00002754,0.064,1.172,0,32,1,225385,1
ACC_00002755,0.129,0.018,3,32,0,292469,0
ACC_00002756,0.302,1.053,0,18,0,242319,1
ACC_00002757,0.533,0.05,1,5,0,322580,1
ACC_00002758,0.637,0.519,4,3,1,112604,1
ACC_00002759,0.169,0.211,4,25,0,115763,1
ACC_00002760,0.277,0.392,0,26,0,49692,0
ACC_00002761,0.696,0.886,3,10,1,281702,1
ACC_00002762,0.212,1.075,5,9,0,179411,1
ACC_00002763,0.649,0.974,1,3,0,310928,1
ACC_00002764,0.333,0.32,4,14,1,148668,1
ACC_00002765,0.834,0.472,5,10,0,70682,1
ACC_00002766,0.457,1.003,3,15,1,105901,1
ACC_00002767,0.271,1.144,0,25,0,109758,1
ACC_00002768,0.564,1.135,0,32,0,284762,1
ACC_00002769,0.252,0.817,0,9,0,36058,0
ACC_00002770,0.542,0.043,5,18,0,150613,1
ACC_00002771,0.414,0.182,4,10,0,158233,0
ACC_00002772,0.65,0.658,4,8,1,264088,1
ACC_00002773,0.844,0.652,0,17,0,123876,1
ACC_00002774,0.847,0.719,4,12,1,77085,1
ACC_00002775,0.561,0.461,2,22,0,195539,1
ACC_00002776,0.47,0.738,1,7,0,269139,0
ACC_00002777,0.107,0.167,1,2,0,222869,0
ACC_00002778,0.195,0.722,4,9,0,68961,0
ACC_00002779,0.37,0.431,5,5,0,68406,0
ACC_00002780,0.243,0.972,5,3,1,63070,1
ACC_00002781,0.593,0.629,5,14,0,213753,1
ACC_00002782,0.524,0.954,2,18,0,68616,1
ACC_00002783,0.571,1.027,2,31,0,230256,1
ACC_00002784,0.105,0.09,0,9,0,104539,0
ACC_00002785,0.386,0.197,1,22,0,312552,0
ACC_00002786,0.11,0.389,2,10,0,294407,0
ACC_00002787,0.606,0.673,4,5,0,175956,1
ACC_00002788,0.28,1.174,5,15,0,60629,1
ACC_00002789,0.5,0.767,5,5,1,225843,1
ACC_00002790,0.849,0.164,4,6,1,197136,1
ACC_00002791,0.165,1.091,0,5,1,115460,1
ACC_00002792,0.554,0.901,5,19,1,295107,1
ACC_00002793,0.62,0.539,1,11,0,66389,1
ACC_00002794,0.32,0.638,2,5,0,273447,0
ACC_00002795,0.413,0.146,5,16,1,314503,1
ACC_00002796,0.254,1.089,3,23,0,112993,1
ACC_00002797,0.371,0.649,4,2,0,140960,0
ACC_00002798,0.737,0.46,3,11,1,163464,1
ACC_00002799,0.27,1.109,5,12,0,244798,1
ACC_00002800,0.542,0.741,1,8,0,80306,1
ACC_00002801,0.806,0.423,2,18,0,332515,1
ACC_00002802,0.143,0.725,2,11,0,197259,0
ACC_00002803,0.537,0.351,4,27,1,261347,1
ACC_00002804,0.763,1.051,2,9,0,46191,1
ACC_00002805,0.341,1.025,5,23,0,96980,1
ACC_00002806,0.084,0.909,4,26,1,73832,1
ACC_00002807,0.56,0.537,2,28,0,87790,1
ACC_00002808,0.107,0.717,3,8,1,204872,1
ACC_00002809,0.425,0.25,5,12,1,170296,1
ACC_00002810,0.415,0.051,1,24,0,270826,0
ACC_00002811,0.261,0.733,4,15,0,213330,1
ACC_00002812,0.782,0.763,2,28,0,288774,1
ACC_00002813,0.668,1.093,3,11,1,181556,1
ACC_00002814,0.564,0.262,2,16,0,222254,1
ACC_00002815,0.725,0.539,2,6,0,272436,1
ACC_00002816,0.082,0.451,2,3,0,340737,0
ACC_00002817,0.243,1.141,1,23,1,337530,1
ACC_00002818,0.107,1.156,2,2,0,321556,1
ACC_00002819,0.462,0.763,4,24,0,294633,0
ACC_00002820,0.431,0.255,3,23,1,47339,1
ACC_00002821,0.06,1.225,5,16,1,201627,1
ACC_00002822,0.212,0.976,1,28,1,205305,1
ACC_00002823,0.611,0.144,4,16,0,70963,1
ACC_00002824,0.159,0.409,3,8,0,172772,0
ACC_00002825,0.215,1.151,0,18,0,32642,1
ACC_00002826,0.763,0.831,4,22,0,218901,1
ACC_00002827,0.31,0.475,2,9,0,324379,0
ACC_00002828,0.847,0.033,1,9,0,38037,1
ACC_00002829,0.329,0.821,4,29,0,346240,0
ACC_00002830,0.834,0.197,5,32,0,225841,1
ACC_00002831,0.223,0.891,1,31,0,86155,0
ACC_00002832,0.058,0.394,5,4,0,66179,0
ACC_00002833,0.186,0.3,3,18,0,259005,0
ACC_00002834,0.755,0.636,0,27,0,245393,1
ACC_00002835,0.781,0.525,3,16,1,316320,1
ACC_00002836,0.084,1.024,0,14,0,196940,1
ACC_00002837,0.842,0.729,4,13,1,334193,1
ACC_00002838,0.172,1.181,2,14,1,78312,1
ACC_00002839,0.835,1.083,3,8,0,210430,1
ACC_00002840,0.053,0.567,4,18,0,295515,0
ACC_00002841,0.34,0.716,5,20,1,320448,1
ACC_00002842,0.114,0.979,1,17,0,317026,1
ACC_00002843,0.305,0.846,1,5,0,272019,0
ACC_00002844,0.156,0.62,0,13,0,108917,0
ACC_00002845,0.789,0.836,1,12,0,273815,1
ACC_00002846,0.423,0.955,0,28,0,56940,1
ACC_00002847,0.234,0.515,1,15,0,175667,0
ACC_00002848,0.154,0.991,4,19,1,131586,1
ACC_00002849,0.151,0.553,2,16,0,293954,1
ACC_00002850,0.751,0.336,0,26,0,174734,1
ACC_00002851,0.544,0.816,3,20,1,115320,1
ACC_00002852,0.645,0.42,5,13,1,124649,1
ACC_00002853,0.643,0.309,1,11,0,96299,1
ACC_00002854,0.061,0.582,3,12,0,317404,0
ACC_00002855,0.227,0.468,2,24,0,347044,0
ACC_00002856,0.579,0.401,1,19,0,206885,1
ACC_00002857,0.252,0.518,2,15,0,244999,0
ACC_00002858,0.808,0.109,1,16,0,253954,1
ACC_00002859,0.644,0.656,2,30,0,307492,1
ACC_00002860,0.771,0.739,4,20,0,65852,1
ACC_00002861,0.602,0.481,1,32,0,159930,1
ACC_00002862,0.17,0.056,4,20,0,324799,0
ACC_00002863,0.822,0.919,1,25,0,219053,1
ACC_00002864,0.482,0.128,1,12,0,318101,0
ACC_00002865,0.781,0.281,5,2,0,127036,1
ACC_00002866,0.71,0.545,1,5,0,90013,1
ACC_00002867,0.28,1.14,2,22,1,68130,1
ACC_00002868,0.798,1.205,1,13,1,202481,1
ACC_00002869,0.395,0.414,1,20,0,83342,0
ACC_00002870,0.657,0.81,4,7,1,97519,1
ACC_00002871,0.338,0.031,5,27,0,31119,0
ACC_00002872,0.131,0.206,5,3,0,169500,0
ACC_00002873,0.063,0.537,0,13,0,245032,0
ACC_00002874,0.741,1.157,1,13,1,53021,1
ACC_00002875,0.591,0.116,4,6,1,83854,1
ACC_00002876,0.13,0.487,1,18,0,136259,0
ACC_00002877,0.817,0.068,1,28,0,201989,1
ACC_00002878,0.809,0.567,4,10,0,49558,1
ACC_00002879,0.211,0.633,2,13,0,272583,0
ACC_00002880,0.574,0.514,3,32,1,297409,1
ACC_00002881,0.789,0.971,5,11,1,82981,1
ACC_00002882,0.831,1.043,4,22,0,50599,1
ACC_00002883,0.201,0.197,2,32,0,180100,0
ACC_00002884,0.188,0.932,0,26,0,146753,0
ACC_00002885,0.054,1.084,5,18,1,296317,1
ACC_00002886,0.184,1.196,5,25,0,286538,1
ACC_00002887,0.695,0.779,1,32,0,110043,1
ACC_00002888,0.251,0.658,2,5,0,41079,0
ACC_00002889,0.657,0.564,2,4,0,332136,1
ACC_00002890,0.06,0.739,4,7,1,159681,1
ACC_00002891,0.377,0.96,5,26,0,218989,1
ACC_00002892,0.347,0.952,5,30,1,120346,1
ACC_00002893,0.55,0.378,4,27,0,308117,1
ACC_00002894,0.064,0.408,0,4,0,53149,0
ACC_00002895,0.495,0.013,1,6,0,88203,0
ACC_00002896,0.334,0.995,3,32,0,260026,1
ACC_00002897,0.841,0.863,4,29,0,146070,1
ACC_00002898,0.395,1.233,2,11,1,93532,1
ACC_00002899,0.438,1.203,3,22,1,54043,1
ACC_00002900,0.264,1.113,1,22,1,47480,1
ACC_00002901,0.428,1.027,3,31,0,67251,1
ACC_00002902,0.611,0.24,0,12,0,110078,1
ACC_00002903,0.62,1.159,1,15,0,328693,1
ACC_00002904,0.556,0.774,0,19,0,274211,1
ACC_00002905,0.214,0.583,0,16,0,264327,0
ACC_00002906,0.589,0.955,5,28,1,248432,1
ACC_00002907,0.544,0.469,0,5,0,80381,1
ACC_00002908,0.801,0.946,4,18,1,211759,1
ACC_00002909,0.552,0.829,4,26,0,112228,1
ACC_00002910,0.713,0.23,3,18,0,164056,1
ACC_00002911,0.347,0.381,3,15,0,127316,0
ACC_00002912,0.749,0.042,4,9,0,43670,1
ACC_00002913,0.752,0.126,1,30,0,123900,1
ACC_00002914,0.729,1.167,0,30,0,292247,1
ACC_00002915,0.542,0.961,0,13,1,235294,1
ACC_00002916,0.547,0.341,2,13,0,38696,1
ACC_00002917,0.261,0.168,0,10,0,220955,0
ACC_00002918,0.247,0.311,1,32,0,57686,0
ACC_00002919,0.171,0.78,2,18,0,164372,0
ACC_00002920,0.159,0.541,2,15,0,189470,0
ACC_00002921,0.22,0.717,3,3,1,128748,1
ACC_00002922,0.051,0.43,1,30,0,320021,0
ACC_00002923,0.191,0.033,4,22,1,106747,1
ACC_00002924,0.129,1.243,4,24,0,35821,1
ACC_00002925,0.706,0.533,3,11,1,323985,1
ACC_00002926,0.581,0.246,1,16,0,135268,1
ACC_00002927,0.337,0.115,5,19,0,212375,0
ACC_00002928,0.54,0.366,2,18,0,101802,1
ACC_00002929,0.625,0.011,1,10,0,126408,1
ACC_00002930,0.61,1.179,4,21,0,284958,1
ACC_00002931,0.62,0.185,0,32,0,326259,1
ACC_00002932,0.625,0.3,4,17,1,261823,1
ACC_00002933,0.372,0.202,3,23,1,307810,1
ACC_00002934,0.771,0.02,4,10,1,230051,1
ACC_00002935,0.715,1.163,1,29,1,333624,1
ACC_00002936,0.801,0.152,3,24,1,84708,1
ACC_00002937,0.815,0.355,1,4,0,219087,1
ACC_00002938,0.24,0.803,0,30,0,144771,0
ACC_00002939,0.398,0.231,0,17,0,39493,0
ACC_00002940,0.528,1.117,0,6,1,157612,1
ACC_00002941,0.55,0.137,2,26,0,37989,1
ACC_00002942,0.149,0.862,5,3,1,101187,1
ACC_00002943,0.702,0.374,4,12,1,303110,1
ACC_00002944,0.644,0.49,0,4,0,200688,1
ACC_00002945,0.533,0.436,0,28,0,78570,1
ACC_00002946,0.09,1.211,2,3,0,213550,1
ACC_00002947,0.336,0.013,2,15,0,341471,0
ACC_00002948,0.102,0.711,4,26,0,154561,0
ACC_00002949,0.064,1.076,2,25,0,60344,1
ACC_00002950,0.573,0.76,1,29,0,167995,1
ACC_00002951,0.357,0.158,0,15,0,164012,0
ACC_00002952,0.792,1.112,3,18,0,199901,1
ACC_00002953,0.206,1.214,0,22,0,132043,1
ACC_00002954,0.072,0.306,4,10,1,134338,1
ACC_00002955,0.411,1.021,5,4,0,66117,1
ACC_00002956,0.168,0.939,2,16,0,113772,0
ACC_00002957,0.726,1.003,2,30,0,314880,1
ACC_00002958,0.402,0.856,5,22,1,322178,1
ACC_00002959,0.626,0.718,4,6,0,349032,1
ACC_00002960,0.635,0.645,3,18,0,156773,1
ACC_00002961,0.448,0.658,3,29,0,176962,0
ACC_00002962,0.284,0.875,3,9,0,45678,0
ACC_00002963,0.715,0.889,2,17,0,70590,1
ACC_00002964,0.086,0.474,0,7,0,129415,0
ACC_00002965,0.318,0.446,0,17,0,235755,0
ACC_00002966,0.59,1.232,2,19,0,210409,1
ACC_00002967,0.755,0.165,2,10,0,186049,1
ACC_00002968,0.24,0.083,0,21,0,39138,0
ACC_00002969,0.331,0.392,3,2,0,309455,0
ACC_00002970,0.086,0.208,5,22,0,175510,0
ACC_00002971,0.575,0.154,1,6,0,312882,1
ACC_00002972,0.306,0.193,5,26,0,93756,0
ACC_00002973,0.716,0.886,3,21,0,53203,1
ACC_00002974,0.631,0.656,4,7,0,75193,1
ACC_00002975,0.785,0.32,3,22,0,110397,1
ACC_00002976,0.37,0.635,1,3,0,79530,0
ACC_00002977,0.834,0.672,3,16,0,307027,1
ACC_00002978,0.485,0.395,3,7,0,252997,0
ACC_00002979,0.63,1.126,1,16,0,140082,1
ACC_00002980,0.112,0.126,4,25,0,230026,0
ACC_00002981,0.617,0.49,4,4,0,61103,1
ACC_00002982,0.618,0.332,3,22,1,299854,1
ACC_00002983,0.801,0.477,0,30,0,54873,1
ACC_00002984,0.429,0.615,3,32,1,136330,1
ACC_00002985,0.759,0.085,2,23,0,286187,1
ACC_00002986,0.079,0.291,4,3,0,31332,0
ACC_00002987,0.819,1.153,5,20,0,55789,1
ACC_00002988,0.509,0.832,3,15,1,203354,1
ACC_00002989,0.169,1.175,0,28,0,173813,1
ACC_00002990,0.151,0.896,5,24,0,237425,0
ACC_00002991,0.467,1.185,4,31,0,116130,1
ACC_00002992,0.838,0.949,2,20,1,65927,1
ACC_00002993,0.256,0.057,3,32,0,152475,0
ACC_00002994,0.124,0.452,5,2,1,129171,1
ACC_00002995,0.594,0.558,0,11,0,208399,1
ACC_00002996,0.284,0.181,3,17,0,280914,0
ACC_00002997,0.358,1.145,5,4,0,184566,1
ACC_00002998,0.827,0.536,3,20,0,215736,1
ACC_00002999,0.155,0.557,5,21,0,177350,0
ACC_00003000,0.433,1.198,4,7,0,33884,1
ACC_00003001,0.672,0.56,0,2,0,164059,1
ACC_00003002,0.262,0.156,5,17,1,96049,1
ACC_00003003,0.57,0.126,3,13,0,345145,1
ACC_00003004,0.516,0.826,1,31,0,302349,1
ACC_00003005,0.575,0.055,4,31,0,330021,1
ACC_00003006,0.705,0.79,3,4,0,338554,1
ACC_00003007,0.796,0.902,0,15,1,250923,1
ACC_00003008,0.522,0.162,2,23,0,339922,1
ACC_00003009,0.18,1.036,3,10,0,253614,1
ACC_00003010,0.161,1.24,3,25,0,67131,1
ACC_00003011,0.701,0.256,0,19,0,318260,1
ACC_00003012,0.145,0.154,2,22,0,244482,1
ACC_00003013,0.35,0.561,1,28,0,317888,0
ACC_00003014,0.505,0.83,2,11,0,254884,1
ACC_00003015,0.704,0.168,0,10,0,237557,1
ACC_00003016,0.309,1.126,4,25,0,96158,1
ACC_00003017,0.219,0.898,4,22,1,339945,1
ACC_00003018,0.476,1.173,1,3,1,92614,1
ACC_00003019,0.69,0.257,2,17,0,284524,1
ACC_00003020,0.245,0.07,3,27,1,349885,1
ACC_00003021,0.608,0.763,3,5,0,345011,1
ACC_00003022,0.39,1.249,1,25,0,39053,1
ACC_00003023,0.069,0.503,4,21,1,86378,1
ACC_00003024,0.469,0.492,4,13,0,179057,0
ACC_00003025,0.188,0.839,1,29,0,160302,0
ACC_00003026,0.273,0.885,0,16,0,52359,0
ACC_00003027,0.656,0.62,4,20,0,107077,1
ACC_00003028,0.071,0.97,0,15,0,345361,1
ACC_00003029,0.114,1.017,1,18,0,171924,1
ACC_00003030,0.678,0.987,1,2,0,275622,1
ACC_00003031,0.836,0.446,1,18,0,327713,1
ACC_00003032,0.312,0.677,5,30,0,277984,0
ACC_00003033,0.441,0.524,3,4,1,229531,1
ACC_00003034,0.136,1.054,4,2,0,153447,1
ACC_00003035,0.222,0.627,5,19,0,37538,0
ACC_00003036,0.734,1.016,5,32,0,292875,1
ACC_00003037,0.081,0.685,1,19,0,223078,0
ACC_00003038,0.552,0.243,0,28,0,101041,1
ACC_00003039,0.372,0.426,2,6,0,341321,0
ACC_00003040,0.554,0.149,5,14,0,121968,1
ACC_00003041,0.275,0.224,4,22,0,88619,0
ACC_00003042,0.571,0.265,2,14,0,105834,1
ACC_00003043,0.17,0.257,2,16,0,73506,0
ACC_00003044,0.733,0.1,0,31,0,219927,1
ACC_00003045,0.591,0.565,0,26,0,334387,1
ACC_00003046,0.527,0.11,0,2,0,248759,1
ACC_00003047,0.663,0.133,3,6,1,103087,1
ACC_00003048,0.538,0.69,3,22,0,290290,1
ACC_00003049,0.787,0.654,2,32,0,80225,1
ACC_00003050,0.562,0.235,3,23,0,255533,1
ACC_00003051,0.73,1.171,1,7,0,93379,1
ACC_00003052,0.552,1.092,4,31,1,324817,1
ACC_00003053,0.672,0.269,0,10,0,105580,1
ACC_00003054,0.611,0.033,2,16,0,322690,1
ACC_00003055,0.193,0.987,5,31,1,271732,1
ACC_00003056,0.633,0.21,5,3,0,178164,1
ACC_00003057,0.757,0.29,3,21,1,292376,1
ACC_00003058,0.534,1.17,2,2,1,143020,1
ACC_00003059,0.747,0.921,4,20,1,285839,1
ACC_00003060,0.454,1.123,1,6,1,105938,1
ACC_00003061,0.753,1.038,1,7,1,304993,1
ACC_00003062,0.154,0.61,5,5,0,236916,0
ACC_00003063,0.347,1.071,0,5,1,212783,1
ACC_00003064,0.293,0.246,1,20,0,177417,0
ACC_00003065,0.531,0.94,0,13,1,141661,1
ACC_00003066,0.566,0.874,5,8,1,232949,1
ACC_00003067,0.654,0.48,3,18,1,267860,1
ACC_00003068,0.059,0.583,0,11,0,76522,0
ACC_00003069,0.209,0.852,4,3,0,293680,0
ACC_00003070,0.161,0.817,1,31,0,306585,0
ACC_00003071,0.06,0.095,1,11,0,213128,0
ACC_00003072,0.49,0.605,5,3,0,73551,0
ACC_00003073,0.447,1.178,3,31,0,253551,1
ACC_00003074,0.681,0.828,1,15,0,151765,1
ACC_00003075,0.604,0.605,3,12,0,35447,1
ACC_00003076,0.166,0.73,3,14,0,197980,0
ACC_00003077,0.182,1.071,5,17,0,74820,1
ACC_00003078,0.721,0.298,2,24,0,343911,1
ACC_00003079,0.228,1.116,5,22,0,70102,1
ACC_00003080,0.412,0.739,2,4,0,328728,0
ACC_00003081,0.438,0.77,2,16,0,285625,0
ACC_00003082,0.116,1.002,5,12,0,36997,1
ACC_00003083,0.636,0.896,1,23,0,249714,1
ACC_00003084,0.596,0.242,1,18,0,198798,1
ACC_00003085,0.679,0.894,2,8,0,317386,1
ACC_00003086,0.199,0.707,1,31,0,99004,0
ACC_00003087,0.527,0.824,3,25,1,326493,1
ACC_00003088,0.306,0.602,2,6,0,322932,0
ACC_00003089,0.797,1.133,3,11,1,254162,1
ACC_00003090,0.195,0.963,3,12,0,178705,1
ACC_00003091,0.842,1.123,1,15,0,108484,1
ACC_00003092,0.21,0.986,1,24,0,141517,1
ACC_00003093,0.776,0.058,1,7,0,51879,1
ACC_00003094,0.559,0.903,4,14,0,198358,1
ACC_00003095,0.343,0.598,3,17,0,120300,0
ACC_00003096,0.797,0.852,1,29,0,196891,1
ACC_00003097,0.71,0.829,4,10,0,73546,1
ACC_00003098,0.66,1.244,2,22,1,303373,1
ACC_00003099,0.282,0.385,3,29,0,183782,0
ACC_00003100,0.094,0.315,5,26,1,131314,1
ACC_00003101,0.404,0.785,2,12,0,138783,0
ACC_00003102,0.405,0.454,2,25,0,317155,0
ACC_00003103,0.096,0.32,5,25,0,111059,0
ACC_00003104,0.661,0.034,0,14,0,166573,1
ACC_00003105,0.746,0.826,5,7,0,307146,1
ACC_00003106,0.433,0.834,2,5,0,154726,0
ACC_00003107,0.555,1.216,2,16,0,104650,1
ACC_00003108,0.173,0.13,2,12,0,146866,1
ACC_00003109,0.724,0.284,1,26,0,145661,1
ACC_00003110,0.545,0.345,5,16,0,147835,1
ACC_00003111,0.478,0.522,5,3,1,230909,1
ACC_00003112,0.144,1.154,2,13,0,305906,1
ACC_00003113,0.298,1.003,2,19,1,319183,1
ACC_00003114,0.786,1.076,5,31,0,205388,1
ACC_00003115,0.773,0.087,2,11,0,348152,1
ACC_00003116,0.347,1.205,3,19,0,320922,1
ACC_00003117,0.574,0.503,0,21,0,122281,1
ACC_00003118,0.585,0.362,1,29,0,120499,1
ACC_00003119,0.595,0.788,0,24,0,281318,1
ACC_00003120,0.752,1.225,1,30,0,325130,1
ACC_00003121,0.191,0.422,4,10,0,191890,0
ACC_00003122,0.068,0.757,1,9,0,336789,0
ACC_00003123,0.105,0.432,4,28,0,155171,0
ACC_00003124,0.719,0.72,4,31,1,248099,1
ACC_00003125,0.792,0.601,5,22,1,59131,1
ACC_00003126,0.408,0.369,3,25,1,277807,1
ACC_00003127,0.662,0.63,5,6,0,172509,1
ACC_00003128,0.84,1.231,3,20,1,215304,1
ACC_00003129,0.562,0.931,1,21,1,84040,1
ACC_00003130,0.778,1.176,3,9,1,106481,1
ACC_00003131,0.302,0.778,0,28,0,306870,0
ACC_00003132,0.657,0.468,1,13,0,101876,1
ACC_00003133,0.411,0.207,4,23,0,229067,0
ACC_00003134,0.836,0.07,5,8,0,255124,1
ACC_00003135,0.443,0.448,5,21,1,43484,1
ACC_00003136,0.299,0.055,0,19,0,236008,0
ACC_00003137,0.429,0.196,5,3,1,268610,1
ACC_00003138,0.511,0.25,0,26,0,187557,1
ACC_00003139,0.324,0.914,0,27,1,184461,1
ACC_00003140,0.783,0.653,1,12,0,176500,1
ACC_00003141,0.114,0.774,5,11,1,66673,1
ACC_00003142,0.626,0.494,0,17,0,30996,1
ACC_00003143,0.787,0.094,2,14,0,272649,1
ACC_00003144,0.321,0.903,2,22,0,48684,0
ACC_00003145,0.352,0.89,5,2,0,155736,0
ACC_00003146,0.676,1.234,0,32,0,219836,1
ACC_00003147,0.392,0.708,0,30,0,233191,0
ACC_00003148,0.393,0.302,1,20,0,282890,0
ACC_00003149,0.721,0.097,1,7,0,62567,1
ACC_00003150,0.174,0.827,0,23,0,41466,0
ACC_00003151,0.313,0.144,2,22,0,160800,0
ACC_00003152,0.78,0.243,1,11,0,136899,1
ACC_00003153,0.073,1.217,2,5,1,158871,1
ACC_00003154,0.722,1.16,5,29,0,83460,1
ACC_00003155,0.396,0.396,0,10,0,117347,0
ACC_00003156,0.55,0.187,1,5,0,240569,1
ACC_00003157,0.657,1.087,0,31,0,266788,1
ACC_00003158,0.245,0.082,0,26,0,224297,0
ACC_00003159,0.549,0.282,4,28,1,144531,1
ACC_00003160,0.619,0.779,0,17,0,68726,1
ACC_00003161,0.445,0.713,2,21,0,99953,0
ACC_00003162,0.501,0.43,5,31,0,269140,1
ACC_00003163,0.72,0.405,0,2,0,68712,1
ACC_00003164,0.599,1.231,1,31,1,337388,1
ACC_00003165,0.358,0.264,5,29,0,196851,0
ACC_00003166,0.596,0.535,1,5,0,257961,1
ACC_00003167,0.177,0.687,2,6,0,110794,1
ACC_00003168,0.07,0.481,5,2,0,313989,1
ACC_00003169,0.491,0.72,3,12,0,59693,0
ACC_00003170,0.776,1.139,3,10,1,153329,1
ACC_00003171,0.705,0.197,1,27,0,340697,1
ACC_00003172,0.523,1.091,1,15,0,110667,1
ACC_00003173,0.78,0.225,2,8,0,340350,1
ACC_00003174,0.582,0.366,5,32,0,285761,1
ACC_00003175,0.457,0.038,2,24,0,85755,0
ACC_00003176,0.325,0.902,0,24,0,114076,0
ACC_00003177,0.058,1.04,3,17,0,68250,1
ACC_00003178,0.527,0.236,2,6,0,228635,1
ACC_00003179,0.811,0.066,3,20,0,224208,1
ACC_00003180,0.151,1.057,2,31,0,221053,1
ACC_00003181,0.477,0.4,4,20,1,330348,1
ACC_00003182,0.64,0.051,1,18,0,146317,1
ACC_00003183,0.613,0.425,0,20,0,264661,1
ACC_00003184,0.332,1.13,2,15,1,126918,1
ACC_00003185,0.762,1.066,0,18,0,240010,1
ACC_00003186,0.373,1.193,5,29,1,220099,1
ACC_00003187,0.455,0.853,3,18,0,49329,0
ACC_00003188,0.59,0.598,5,31,0,237994,1
ACC_00003189,0.688,1.155,3,12,0,349909,1
ACC_00003190,0.665,1.219,0,8,1,139886,1
ACC_00003191,0.429,0.501,0,16,0,197470,0
ACC_00003192,0.552,0.929,5,6,0,31684,1
ACC_00003193,0.46,0.308,1,17,0,82422,0
ACC_00003194,0.084,0.346,0,13,0,304364,0
ACC_00003195,0.699,1.181,1,5,1,187472,1
ACC_00003196,0.625,0.575,0,16,0,345413,1
ACC_00003197,0.802,1.19,3,29,0,198019,1
ACC_00003198,0.792,1.024,2,20,0,338088,1
ACC_00003199,0.225,0.132,1,15,0,142660,0
ACC_00003200,0.225,0.347,5,4,0,86487,0
ACC_00003201,0.573,0.744,2,28,0,39997,1
ACC_00003202,0.188,0.406,0,20,0,153699,0
ACC_00003203,0.391,1.225,2,17,0,241242,1
ACC_00003204,0.542,0.923,3,26,0,231853,1
ACC_00003205,0.523,0.994,0,17,1,238002,1
ACC_00003206,0.81,0.712,4,30,0,229894,1
ACC_00003207,0.078,0.462,2,30,0,87771,0
ACC_00003208,0.587,0.427,1,3,0,266483,1
ACC_00003209,0.847,0.436,4,4,0,157278,1
ACC_00003210,0.606,0.505,0,8,0,33482,1
ACC_00003211,0.363,0.689,1,30,0,205743,0
ACC_00003212,0.532,0.29,4,24,0,110662,1
ACC_00003213,0.849,1.15,2,23,0,217231,1
ACC_00003214,0.117,1.122,5,12,0,337165,1
ACC_00003215,0.603,1.013,3,9,1,332624,1
ACC_00003216,0.109,0.664,5,14,0,112762,0
ACC_00003217,0.452,0.191,0,6,0,98619,0
ACC_00003218,0.158,0.787,4,2,0,268826,0
ACC_00003219,0.443,0.444,5,18,0,74058,0
ACC_00003220,0.667,0.731,4,3,0,253334,1
ACC_00003221,0.226,0.24,5,9,1,90021,1
ACC_00003222,0.735,0.978,2,30,0,72038,1
ACC_00003223,0.349,0.485,1,18,0,154982,0
ACC_00003224,0.071,0.084,5,8,1,57859,1
ACC_00003225,0.234,0.619,2,17,0,35356,0
ACC_00003226,0.358,0.295,3,7,1,56109,1
ACC_00003227,0.739,0.602,2,13,0,243450,1
ACC_00003228,0.562,1.096,3,15,0,214888,1
ACC_00003229,0.704,0.994,4,28,0,321749,1
ACC_00003230,0.205,1.182,2,19,1,43884,1
ACC_00003231,0.726,0.243,4,26,1,209861,1
ACC_00003232,0.518,0.89,5,9,0,259047,1
ACC_00003233,0.655,0.921,3,23,0,82727,1
ACC_00003234,0.474,0.068,1,12,0,209028,0
ACC_00003235,0.051,1.171,0,32,1,42262,1
ACC_00003236,0.347,0.712,3,7,0,289136,0
ACC_00003237,0.791,0.044,1,28,0,110059,1
ACC_00003238,0.287,1.01,3,28,1,163183,1
ACC_00003239,0.051,0.55,3,22,0,227561,0
ACC_00003240,0.762,0.047,4,16,0,345876,1
ACC_00003241,0.677,0.091,0,16,0,250761,1
ACC_00003242,0.098,0.589,3,28,1,154523,1
ACC_00003243,0.498,0.657,2,4,0,185363,0
ACC_00003244,0.153,0.571,0,16,0,38560,1
ACC_00003245,0.094,0.985,2,8,0,174103,1
ACC_00003246,0.09,0.6,3,18,0,338202,0
ACC_00003247,0.209,0.219,3,28,0,137561,0
ACC_00003248,0.266,0.595,2,7,0,38281,0
ACC_00003249,0.717,0.464,1,25,0,193653,1
ACC_00003250,0.793,1.132,0,31,0,233922,1
ACC_00003251,0.518,1.118,4,10,1,218835,1
ACC_00003252,0.334,1.173,1,14,1,172351,1
ACC_00003253,0.146,0.743,0,25,0,203958,0
ACC_00003254,0.307,1.168,4,15,1,62134,1
ACC_00003255,0.206,0.017,1,25,0,348940,0
ACC_00003256,0.166,0.578,5,4,1,203690,1
ACC_00003257,0.386,0.642,0,8,0,274557,0
ACC_00003258,0.07,0.124,2,17,0,347203,0
ACC_00003259,0.105,0.238,2,3,0,203099,0
ACC_00003260,0.738,0.823,1,23,0,140061,1
ACC_00003261,0.653,0.157,3,3,0,252037,1
ACC_00003262,0.722,0.546,1,8,0,116007,1
ACC_00003263,0.26,0.828,1,3,0,51567,0
ACC_00003264,0.396,0.386,5,31,1,266871,1
ACC_00003265,0.121,0.964,0,17,1,183052,1
ACC_00003266,0.754,0.571,5,24,1,326588,1
ACC_00003267,0.349,0.854,2,7,0,192344,0
ACC_00003268,0.266,0.681,5,18,0,113591,0
ACC_00003269,0.491,1.201,0,11,0,297434,1
ACC_00003270,0.813,0.475,4,9,0,253951,1
ACC_00003271,0.437,0.622,2,23,0,320796,0
ACC_00003272,0.165,0.249,3,24,0,240019,0
ACC_00003273,0.821,0.727,1,26,0,240145,1
ACC_00003274,0.352,0.412,5,27,1,244046,1
ACC_00003275,0.629,0.725,0,22,0,57071,1
ACC_00003276,0.174,0.238,3,4,1,305928,1
ACC_00003277,0.269,0.259,1,10,0,312137,0
ACC_00003278,0.708,0.882,3,23,1,127743,1
ACC_00003279,0.269,1.111,0,3,1,44363,1
ACC_00003280,0.141,1.23,0,2,1,76248,1
ACC_00003281,0.314,0.615,0,3,0,112019,0
ACC_00003282,0.592,0.406,4,14,0,339110,1
ACC_00003283,0.711,0.816,1,26,0,108889,1
ACC_00003284,0.805,0.151,0,6,0,300101,1
ACC_00003285,0.485,0.382,2,8,0,318104,0
ACC_00003286,0.743,0.785,0,25,0,241768,1
ACC_00003287,0.24,1.222,0,28,1,218672,1
ACC_00003288,0.1,0.302,1,12,0,50108,0
ACC_00003289,0.329,0.429,3,22,1,68586,1
ACC_00003290,0.315,0.773,4,30,1,91945,1
ACC_00003291,0.7,0.312,1,31,0,52468,1
ACC_00003292,0.697,1.029,1,23,0,146209,1
ACC_00003293,0.275,1.112,2,14,0,202309,1
ACC_00003294,0.068,0.459,2,30,0,125913,0
ACC_00003295,0.537,1.105,4,20,0,166321,1
ACC_00003296,0.508,0.648,4,11,0,37642,1
ACC_00003297,0.631,1.031,0,30,0,199220,1
ACC_00003298,0.723,0.996,3,30,0,45208,1
ACC_00003299,0.304,0.234,2,4,0,132948,0
ACC_00003300,0.615,0.137,4,6,0,249279,1
ACC_00003301,0.449,0.348,4,4,0,150311,0
ACC_00003302,0.649,0.329,2,22,0,244675,1
ACC_00003303,0.194,0.726,4,16,1,337350,1
ACC_00003304,0.745,0.691,2,24,0,67906,1
ACC_00003305,0.605,0.334,4,2,1,37942,1
ACC_00003306,0.485,0.013,2,23,0,35381,0
ACC_00003307,0.335,0.865,2,20,0,281765,0
ACC_00003308,0.191,0.622,1,17,0,113688,1
ACC_00003309,0.72,0.89,2,13,0,142878,1
ACC_00003310,0.825,0.58,4,18,0,58763,1
ACC_00003311,0.776,0.76,2,2,0,140527,1
ACC_00003312,0.364,0.067,1,2,0,126876,0
ACC_00003313,0.618,0.124,1,17,0,173003,1
ACC_00003314,0.139,0.345,3,14,0,72103,0
ACC_00003315,0.574,0.384,5,28,1,323334,1
ACC_00003316,0.465,0.182,2,10,0,173389,1
ACC_00003317,0.437,0.619,4,9,1,263796,1
ACC_00003318,0.579,0.157,2,18,0,207807,1
ACC_00003319,0.735,0.731,2,17,0,143628,1
ACC_00003320,0.806,1.222,2,8,1,238758,1
ACC_00003321,0.802,0.829,4,27,1,198260,1
ACC_00003322,0.057,0.865,5,29,1,60199,1
ACC_00003323,0.679,0.341,0,17,0,91242,1
ACC_00003324,0.385,0.675,5,23,1,208145,1
ACC_00003325,0.53,0.717,1,26,0,161072,1
ACC_00003326,0.231,1.052,0,14,0,345704,1
ACC_00003327,0.694,0.397,3,8,1,165041,1
ACC_00003328,0.424,1.098,4,15,0,340741,1
ACC_00003329,0.248,0.609,0,9,0,306906,0
ACC_00003330,0.431,0.961,3,25,0,122761,1
ACC_00003331,0.252,0.946,1,6,0,248168,0
ACC_00003332,0.74,0.568,1,21,0,173103,1
ACC_00003333,0.471,0.914,1,10,0,96811,0
ACC_00003334,0.056,1.023,5,14,1,279878,1
ACC_00003335,0.793,0.924,2,4,0,230266,1
ACC_00003336,0.776,0.278,1,9,0,290922,1
ACC_00003337,0.164,0.632,4,6,0,49824,0
ACC_00003338,0.387,0.454,5,17,0,89184,1
ACC_00003339,0.692,0.125,4,22,1,144094,1
ACC_00003340,0.491,1.207,0,21,1,224981,1
ACC_00003341,0.618,0.187,4,24,1,117593,1
ACC_00003342,0.452,0.889,2,4,0,243296,0
ACC_00003343,0.794,0.663,1,26,0,106797,1
ACC_00003344,0.145,0.865,5,17,0,177696,0
ACC_00003345,0.514,0.922,2,4,0,314719,1
ACC_00003346,0.496,0.34,1,15,0,197649,0
ACC_00003347,0.756,0.252,3,6,1,300909,1
ACC_00003348,0.662,0.444,1,31,0,249305,1
ACC_00003349,0.4,1.084,5,2,1,338834,1
ACC_00003350,0.474,1.0,0,28,0,147146,1
ACC_00003351,0.21,0.687,0,17,0,120876,0
ACC_00003352,0.477,0.193,3,19,0,119793,0
ACC_00003353,0.211,0.095,3,25,1,250632,1
ACC_00003354,0.299,0.611,4,27,0,95565,0
ACC_00003355,0.126,0.093,5,25,0,151576,0
ACC_00003356,0.528,1.234,5,13,0,98320,1
ACC_00003357,0.817,0.762,2,21,0,125754,1
ACC_00003358,0.165,0.09,3,14,0,246342,0
ACC_00003359,0.792,1.163,2,28,0,331018,1
ACC_00003360,0.433,1.118,4,3,0,77717,1
ACC_00003361,0.142,0.912,4,6,0,169116,0
ACC_00003362,0.362,0.59,5,3,1,141440,1
ACC_00003363,0.461,0.98,1,20,1,62143,1
ACC_00003364,0.43,0.541,4,6,1,46668,1
ACC_00003365,0.466,0.667,4,30,0,95446,0
ACC_00003366,0.276,0.318,0,29,0,161733,0
ACC_00003367,0.599,0.114,4,14,0,132129,1
ACC_00003368,0.274,0.046,4,15,1,156924,1
ACC_00003369,0.746,0.183,4,4,0,242022,1
ACC_00003370,0.431,0.855,2,23,0,91679,0
ACC_00003371,0.554,0.534,2,28,0,134770,1
ACC_00003372,0.794,0.633,1,17,0,177472,1
ACC_00003373,0.669,1.097,2,6,0,246602,1
ACC_00003374,0.186,0.41,1,21,0,57876,0
ACC_00003375,0.513,0.031,1,29,0,62639,1
ACC_00003376,0.695,0.894,5,19,0,280764,1
ACC_00003377,0.615,0.274,0,9,0,343732,1
ACC_00003378,0.149,0.688,0,11,0,308032,0
ACC_00003379,0.58,0.025,5,30,1,337329,1
ACC_00003380,0.369,0.19,3,22,0,301467,0
ACC_00003381,0.551,0.761,1,19,0,344604,1
ACC_00003382,0.088,0.3,2,17,0,296458,0
ACC_00003383,0.273,0.5,2,5,0,300444,0
ACC_00003384,0.656,0.318,1,17,0,324121,1
ACC_00003385,0.557,1.154,2,25,0,341495,1
ACC_00003386,0.636,1.1,1,8,1,102162,1
ACC_00003387,0.651,0.321,5,12,0,42966,1
ACC_00003388,0.627,0.531,5,24,1,192448,1
ACC_00003389,0.5,0.917,0,30,1,327353,1
ACC_00003390,0.242,0.411,0,7,0,121375,0
ACC_00003391,0.338,0.893,1,25,0,51931,0
ACC_00003392,0.729,1.233,3,31,0,193651,1
ACC_00003393,0.78,0.92,3,26,1,313911,1
ACC_00003394,0.144,1.106,1,10,0,210121,1
ACC_00003395,0.689,0.651,3,6,1,52359,1
ACC_00003396,0.526,0.8,1,27,0,184541,1
ACC_00003397,0.12,0.732,1,7,0,348531,0
ACC_00003398,0.249,1.097,4,27,0,103836,1
ACC_00003399,0.588,0.78,5,21,1,138196,1
ACC_00003400,0.159,0.367,1,32,0,157005,0
ACC_00003401,0.753,0.799,0,32,0,299071,1
ACC_00003402,0.127,0.938,3,32,0,225931,0
ACC_00003403,0.559,1.219,1,22,1,140601,1
ACC_00003404,0.212,0.084,2,7,0,91074,0
ACC_00003405,0.791,1.015,5,10,1,296172,1
ACC_00003406,0.421,0.573,4,26,0,306094,0
ACC_00003407,0.806,0.375,5,23,0,347708,1
ACC_00003408,0.287,0.061,0,32,0,259427,0
ACC_00003409,0.414,0.293,2,26,0,110621,0
ACC_00003410,0.063,0.21,5,29,0,245890,0
ACC_00003411,0.845,0.91,2,25,1,207065,1
ACC_00003412,0.517,0.185,4,22,0,66593,1
ACC_00003413,0.321,1.026,3,31,1,35040,1
ACC_00003414,0.307,0.721,0,16,0,44534,0
ACC_00003415,0.15,1.214,4,23,0,111990,1
ACC_00003416,0.703,0.746,2,21,0,188858,1
ACC_00003417,0.807,0.209,2,28,0,152806,1
ACC_00003418,0.236,0.908,5,30,0,129885,0
ACC_00003419,0.554,0.948,1,5,1,194228,1
ACC_00003420,0.204,0.782,4,14,0,39898,1
ACC_00003421,0.531,0.38,5,29,1,40514,1
ACC_00003422,0.247,0.698,3,17,0,166246,0
ACC_00003423,0.19,0.916,5,9,0,265298,0
ACC_00003424,0.151,0.221,5,7,0,294644,0
ACC_00003425,0.772,0.309,1,10,0,247244,1
ACC_00003426,0.364,0.977,4,14,1,229660,1
ACC_00003427,0.316,0.508,0,22,0,149117,0
ACC_00003428,0.818,0.54,5,22,0,239785,1
ACC_00003429,0.232,0.961,3,32,1,314510,1
ACC_00003430,0.684,0.736,1,6,0,306396,1
ACC_00003431,0.335,1.095,5,25,0,242163,1
ACC_00003432,0.494,0.567,5,20,0,191023,0
ACC_00003433,0.516,0.579,5,32,1,95292,1
ACC_00003434,0.68,0.095,3,24,0,79798,1
ACC_00003435,0.261,0.357,4,10,1,256909,1
ACC_00003436,0.484,0.414,3,28,0,30056,0
ACC_00003437,0.474,0.425,3,12,0,272079,1
ACC_00003438,0.115,1.169,1,11,0,143308,1
ACC_00003439,0.392,1.178,0,10,1,161156,1
ACC_00003440,0.416,0.914,0,25,0,57778,0
ACC_00003441,0.578,1.057,0,25,1,67826,1
ACC_00003442,0.712,0.021,1,11,0,100818,1
ACC_00003443,0.296,1.151,5,20,1,58873,1
ACC_00003444,0.546,0.894,4,12,0,117259,1
ACC_00003445,0.436,1.226,1,31,0,128319,1
ACC_00003446,0.39,0.83,1,16,0,76137,0
ACC_00003447,0.21,1.105,0,18,1,63058,1
ACC_00003448,0.522,0.521,5,19,0,234783,1
ACC_00003449,0.78,0.032,2,3,0,133415,1
ACC_00003450,0.282,0.481,1,30,0,233260,0
ACC_00003451,0.538,0.867,2,16,0,99930,1
ACC_00003452,0.664,1.236,3,18,0,284907,1
ACC_00003453,0.089,0.573,5,16,0,318065,0
ACC_00003454,0.748,0.138,2,27,0,329544,1
ACC_00003455,0.321,1.093,5,10,1,173717,1
ACC_00003456,0.646,1.139,5,25,0,289772,1
ACC_00003457,0.262,0.893,1,5,0,225468,0
ACC_00003458,0.06,0.81,2,23,0,65366,0
ACC_00003459,0.662,0.599,0,20,0,290777,1
ACC_00003460,0.106,1.065,0,22,1,157248,1
ACC_00003461,0.263,0.695,1,28,0,281738,0
ACC_00003462,0.66,1.167,1,5,1,237177,1
ACC_00003463,0.695,0.796,4,31,1,257603,1
ACC_00003464,0.523,0.154,4,19,0,315455,1
ACC_00003465,0.346,1.215,2,4,1,300479,1
ACC_00003466,0.473,0.964,4,10,0,95475,1
ACC_00003467,0.792,0.169,1,24,0,302446,1
ACC_00003468,0.787,0.045,4,21,0,252382,1
ACC_00003469,0.554,1.226,1,32,1,42476,1
ACC_00003470,0.158,0.808,5,29,1,73578,1
ACC_00003471,0.501,0.143,2,24,0,318087,1
ACC_00003472,0.658,0.069,2,30,0,154734,1
ACC_00003473,0.499,0.483,3,9,1,300943,1
ACC_00003474,0.053,1.041,5,25,1,114759,1
ACC_00003475,0.229,0.527,0,5,0,74205,0
ACC_00003476,0.828,0.166,2,11,0,315298,1
ACC_00003477,0.684,1.062,5,24,1,104185,1
ACC_00003478,0.85,0.913,0,26,1,218400,1
ACC_00003479,0.568,0.976,1,10,0,288505,1
ACC_00003480,0.635,0.373,4,3,0,331884,1
ACC_00003481,0.446,0.611,0,23,0,156036,0
ACC_00003482,0.116,0.543,2,11,0,70261,0
ACC_00003483,0.595,1.177,0,26,1,122020,1
ACC_00003484,0.442,0.599,2,21,0,208975,0
ACC_00003485,0.473,1.218,3,30,0,65907,1
ACC_00003486,0.102,0.71,2,18,0,193370,0
ACC_00003487,0.552,0.288,1,5,0,222220,1
ACC_00003488,0.503,0.126,0,8,0,120959,1
ACC_00003489,0.714,0.235,3,23,0,243277,1
ACC_00003490,0.413,0.307,4,15,0,273506,0
ACC_00003491,0.497,0.656,5,21,0,170187,0
ACC_00003492,0.259,0.214,0,15,0,118336,0
ACC_00003493,0.452,0.87,1,10,0,345005,0
ACC_00003494,0.601,0.768,2,16,0,210006,1
ACC_00003495,0.285,0.836,4,4,1,153558,1
ACC_00003496,0.754,1.052,1,31,0,168690,1
ACC_00003497,0.442,0.582,1,16,0,300429,0
ACC_00003498,0.816,1.248,1,18,1,118446,1
ACC_00003499,0.35,0.283,5,7,1,218448,1
ACC_00003500,0.501,0.675,4,30,1,177349,1
ACC_00003501,0.496,1.001,5,4,0,66075,1
ACC_00003502,0.481,0.386,4,12,0,240022,0
ACC_00003503,0.209,0.31,4,3,0,205159,0
ACC_00003504,0.514,0.959,0,29,0,196817,1
ACC_00003505,0.496,0.13,0,28,0,131202,0
ACC_00003506,0.295,0.17,4,6,0,292820,0
ACC_00003507,0.281,0.505,5,8,0,203195,0
ACC_00003508,0.334,0.358,4,4,1,141322,1
ACC_00003509,0.793,0.579,1,25,0,307749,1
ACC_00003510,0.729,0.348,3,26,0,148281,1
ACC_00003511,0.265,1.042,2,3,0,118862,1
ACC_00003512,0.418,0.482,1,25,0,338471,0
ACC_00003513,0.508,0.012,0,24,0,179592,1
ACC_00003514,0.789,1.047,5,12,0,43827,1
ACC_00003515,0.217,0.353,5,23,1,40374,1
ACC_00003516,0.657,1.144,4,30,0,108863,1
ACC_00003517,0.168,1.036,0,17,1,311603,1
ACC_00003518,0.484,0.884,4,29,1,72837,1
ACC_00003519,0.062,0.962,3,28,0,231908,1
ACC_00003520,0.335,0.881,4,9,0,298441,0
ACC_00003521,0.828,0.499,2,11,0,216263,1
ACC_00003522,0.225,0.031,3,5,0,66084,0
ACC_00003523,0.662,1.031,5,5,1,264786,1
ACC_00003524,0.238,0.223,5,20,1,168024,1
ACC_00003525,0.167,0.53,1,16,0,184121,0
ACC_00003526,0.262,1.194,1,26,0,105078,1
ACC_00003527,0.739,1.122,3,17,0,290662,1
ACC_00003528,0.332,0.708,5,13,1,163369,1
ACC_00003529,0.153,0.793,2,4,0,270586,0
ACC_00003530,0.29,0.525,3,30,0,191932,0
ACC_00003531,0.519,0.166,4,5,1,265376,1
ACC_00003532,0.395,1.02,2,13,0,56965,1
ACC_00003533,0.13,0.959,5,2,0,189236,1
ACC_00003534,0.264,1.195,4,16,1,127281,1
ACC_00003535,0.598,0.496,3,12,1,31042,1
ACC_00003536,0.37,0.647,3,20,1,175951,1
ACC_00003537,0.268,0.255,2,17,0,65422,0
ACC_00003538,0.067,0.153,3,30,0,200428,0
ACC_00003539,0.58,1.19,0,21,0,62554,1
ACC_00003540,0.479,0.758,3,19,1,54491,1
ACC_00003541,0.71,0.586,3,18,1,203405,1
ACC_00003542,0.211,0.242,4,13,0,59381,0
ACC_00003543,0.682,0.729,3,25,0,335722,1
ACC_00003544,0.129,0.394,4,27,0,259643,0
ACC_00003545,0.071,1.222,3,25,1,169984,1
ACC_00003546,0.566,0.349,2,22,0,251054,1
ACC_00003547,0.7,0.565,3,25,0,324986,1
ACC_00003548,0.824,0.568,1,29,0,272485,1
ACC_00003549,0.564,0.98,3,5,0,168368,1
ACC_00003550,0.769,0.248,5,20,0,301498,1
ACC_00003551,0.646,1.227,0,31,1,43542,1
ACC_00003552,0.484,0.824,1,5,0,167626,0
ACC_00003553,0.179,0.826,1,27,0,152485,0
ACC_00003554,0.538,0.515,1,32,0,327327,1
ACC_00003555,0.717,0.487,5,26,0,136811,1
ACC_00003556,0.629,1.137,1,26,0,167656,1
ACC_00003557,0.637,0.85,5,19,0,248485,1
ACC_00003558,0.208,0.421,2,18,0,82110,0
ACC_00003559,0.293,0.205,3,28,0,273822,0
ACC_00003560,0.305,0.028,0,27,0,98573,0
ACC_00003561,0.42,1.122,2,15,1,44959,1
ACC_00003562,0.777,0.778,1,29,0,234509,1
ACC_00003563,0.099,1.181,1,6,1,217960,1
ACC_00003564,0.445,1.113,3,17,1,217741,1
ACC_00003565,0.084,0.25,1,22,0,216925,0
ACC_00003566,0.394,1.128,3,6,0,255169,1
ACC_00003567,0.509,0.868,0,15,0,345565,1
ACC_00003568,0.241,0.631,4,23,0,180110,0
ACC_00003569,0.364,0.56,3,32,1,197454,1
ACC_00003570,0.591,0.961,5,11,0,238706,1
ACC_00003571,0.375,1.099,1,28,1,230095,1
ACC_00003572,0.567,1.19,0,19,0,137356,1
ACC_00003573,0.251,0.218,5,28,1,258886,1
ACC_00003574,0.475,0.339,1,2,0,163709,0
ACC_00003575,0.224,0.209,4,9,1,141065,1
ACC_00003576,0.488,0.568,1,15,0,92906,0
ACC_00003577,0.482,0.304,4,6,0,89647,0
ACC_00003578,0.645,0.944,1,32,0,172313,1
ACC_00003579,0.783,0.941,3,16,1,248166,1
ACC_00003580,0.626,1.115,0,29,0,37557,1
ACC_00003581,0.282,0.102,3,22,1,210871,1
ACC_00003582,0.499,0.649,3,10,1,267574,1
ACC_00003583,0.773,0.875,0,24,0,277016,1
ACC_00003584,0.664,0.856,4,25,1,306191,1
ACC_00003585,0.54,0.899,2,12,0,331492,1
ACC_00003586,0.688,0.684,2,22,0,96965,1
ACC_00003587,0.436,0.463,3,5,0,335402,1
ACC_00003588,0.349,0.91,1,24,0,177297,0
ACC_00003589,0.795,0.195,0,15,0,200332,1
ACC_00003590,0.616,1.216,3,25,1,116412,1
ACC_00003591,0.428,0.239,4,16,0,221591,0
ACC_00003592,0.127,0.83,1,13,0,195258,0
ACC_00003593,0.196,0.314,5,32,1,163884,1
ACC_00003594,0.633,0.154,1,5,0,141202,1
ACC_00003595,0.263,0.923,1,22,1,343245,1
ACC_00003596,0.684,0.556,4,24,1,246957,1
ACC_00003597,0.765,0.22,4,27,1,47129,1
ACC_00003598,0.305,0.053,2,14,0,39025,0
ACC_00003599,0.112,0.536,2,16,0,342982,0
ACC_00003600,0.814,0.341,2,21,0,324431,1
ACC_00003601,0.195,0.92,2,11,1,269905,1
ACC_00003602,0.762,0.506,1,20,0,334889,1
ACC_00003603,0.613,0.57,1,19,0,115470,1
ACC_00003604,0.669,0.941,2,2,1,61064,1
ACC_00003605,0.674,0.346,3,22,1,167968,1
ACC_00003606,0.227,0.958,1,30,0,146732,1
ACC_00003607,0.82,0.215,5,24,1,90176,1
ACC_00003608,0.437,1.131,5,12,1,39118,1
ACC_00003609,0.597,0.84,4,30,0,237943,1
ACC_00003610,0.502,0.223,3,10,1,149919,1
ACC_00003611,0.655,0.628,0,3,0,193270,1
ACC_00003612,0.104,0.04,1,4,0,286940,1
ACC_00003613,0.387,0.066,2,24,0,88148,0
ACC_00003614,0.612,0.765,3,19,0,158153,1
ACC_00003615,0.141,0.296,4,5,1,210998,1
ACC_00003616,0.085,1.033,2,28,0,179429,1
ACC_00003617,0.495,0.655,1,9,0,295448,1
ACC_00003618,0.67,1.024,2,26,0,200450,1
ACC_00003619,0.754,0.504,5,19,1,275157,1
ACC_00003620,0.379,0.837,0,32,0,194821,0
ACC_00003621,0.228,0.769,5,31,1,227951,1
ACC_00003622,0.647,0.256,4,4,0,197645,1
ACC_00003623,0.274,0.269,4,22,1,38189,1
ACC_00003624,0.298,0.616,4,23,1,117215,1
ACC_00003625,0.846,0.738,2,31,0,47263,1
ACC_00003626,0.667,1.09,0,28,0,108237,1
ACC_00003627,0.139,0.248,3,3,0,232710,1
ACC_00003628,0.763,0.992,0,2,1,267518,1
ACC_00003629,0.551,1.114,1,3,0,162507,1
ACC_00003630,0.14,0.275,2,20,0,108638,0
ACC_00003631,0.382,1.151,3,6,0,73492,1
ACC_00003632,0.568,0.98,0,30,0,238576,1
ACC_00003633,0.529,1.049,1,6,1,62464,1
ACC_00003634,0.55,0.206,5,26,1,194047,1
ACC_00003635,0.686,0.705,0,4,0,169137,1
ACC_00003636,0.299,0.655,0,28,0,206635,0
ACC_00003637,0.683,0.732,1,3,0,192440,1
ACC_00003638,0.365,1.047,3,15,1,267959,1
ACC_00003639,0.822,1.052,3,15,0,160783,1
ACC_00003640,0.381,0.164,0,32,0,63740,0
ACC_00003641,0.384,0.401,2,24,0,87010,0
ACC_00003642,0.828,0.363,2,20,0,339470,1
ACC_00003643,0.586,0.021,1,28,0,262379,1
ACC_00003644,0.649,1.196,5,2,0,134898,1
ACC_00003645,0.119,1.059,5,15,0,68614,1
ACC_00003646,0.232,1.059,2,3,0,92836,1
ACC_00003647,0.43,0.998,1,16,0,262120,1
ACC_00003648,0.426,0.594,3,23,0,216758,0
ACC_00003649,0.323,0.938,0,13,1,78216,1
ACC_00003650,0.228,0.544,5,14,0,42712,0
ACC_00003651,0.265,1.162,5,4,0,33047,1
ACC_00003652,0.146,0.574,1,24,0,89839,0
ACC_00003653,0.532,0.244,3,28,0,163193,1
ACC_00003654,0.388,0.515,0,16,0,320172,1
ACC_00003655,0.398,1.106,4,11,0,264119,1
ACC_00003656,0.66,0.161,0,28,0,194237,1
ACC_00003657,0.556,0.699,5,32,0,339795,1
ACC_00003658,0.159,0.618,0,10,0,258471,1
ACC_00003659,0.705,0.485,3,26,0,213387,1
ACC_00003660,0.193,0.04,0,5,0,294945,0
ACC_00003661,0.385,1.226,1,20,0,99604,1
ACC_00003662,0.395,0.072,0,20,0,246000,0
ACC_00003663,0.172,0.292,3,8,0,67205,0
ACC_00003664,0.758,0.392,5,15,1,343687,1
ACC_00003665,0.827,0.32,2,16,0,118011,1
ACC_00003666,0.236,0.17,1,3,0,256299,0
ACC_00003667,0.422,0.483,0,25,0,315872,0
ACC_00003668,0.411,1.06,0,14,1,170953,1
ACC_00003669,0.714,0.139,2,6,0,33593,1
ACC_00003670,0.653,0.138,2,4,0,188637,1
ACC_00003671,0.291,0.343,4,5,0,99511,0
ACC_00003672,0.546,0.591,1,21,0,76001,1
ACC_00003673,0.167,0.581,5,32,0,76487,0
ACC_00003674,0.516,1.179,3,32,0,314328,1
ACC_00003675,0.591,0.904,2,12,0,72257,1
ACC_00003676,0.691,0.263,3,18,1,319058,1
ACC_00003677,0.257,0.444,3,7,1,87931,1
ACC_00003678,0.096,0.132,4,19,0,321883,0
ACC_00003679,0.442,0.967,2,14,1,40641,1
ACC_00003680,0.744,0.494,0,24,0,186639,1
ACC_00003681,0.153,0.447,0,4,0,345093,0
ACC_00003682,0.253,0.811,5,11,0,194836,0
ACC_00003683,0.614,0.812,3,11,0,335233,1
ACC_00003684,0.732,0.645,3,29,0,251126,1
ACC_00003685,0.491,0.149,2,21,0,155322,0
ACC_00003686,0.216,0.893,3,3,0,242460,0
ACC_00003687,0.353,0.124,1,10,0,178052,0
ACC_00003688,0.478,0.575,5,7,1,251328,1
ACC_00003689,0.554,1.175,4,29,1,189494,1
ACC_00003690,0.285,1.143,5,7,1,37969,1
ACC_00003691,0.527,0.938,2,12,1,344900,1
ACC_00003692,0.697,0.618,1,23,0,343992,1
ACC_00003693,0.816,0.351,1,17,0,53647,1
ACC_00003694,0.074,0.031,5,5,0,246734,0
ACC_00003695,0.701,0.834,4,3,0,330558,1
ACC_00003696,0.184,0.787,5,2,1,162824,1
ACC_00003697,0.359,0.13,0,7,0,106623,0
ACC_00003698,0.54,0.021,5,20,0,53449,1
ACC_00003699,0.537,0.887,4,24,0,184526,1
ACC_00003700,0.488,0.49,1,31,0,45134,0
ACC_00003701,0.679,1.043,5,10,0,336971,1
ACC_00003702,0.39,1.184,4,4,1,292749,1
ACC_00003703,0.836,0.602,1,11,0,83183,1
ACC_00003704,0.608,1.121,2,20,0,186750,1
ACC_00003705,0.176,1.177,1,14,1,271243,1
ACC_00003706,0.289,0.656,4,30,0,49581,0
ACC_00003707,0.129,1.247,5,25,1,307755,1
ACC_00003708,0.131,0.759,1,12,0,31380,0
ACC_00003709,0.382,0.026,3,17,0,106443,1
ACC_00003710,0.256,0.086,0,2,0,120542,0
ACC_00003711,0.694,0.442,1,24,0,121719,1
ACC_00003712,0.123,0.214,5,22,0,66731,0
ACC_00003713,0.555,0.355,0,20,0,60133,1
ACC_00003714,0.605,0.608,2,15,0,253200,1
ACC_00003715,0.672,1.172,2,16,0,173174,1
ACC_00003716,0.106,0.646,0,9,0,176609,0
ACC_00003717,0.79,0.054,2,18,0,311641,1
ACC_00003718,0.807,0.07,2,6,0,132245,1
ACC_00003719,0.331,0.815,5,20,1,68066,1
ACC_00003720,0.773,1.081,3,28,0,72052,1
ACC_00003721,0.632,0.031,1,2,0,259749,1
ACC_00003722,0.761,0.149,1,20,0,80761,1
ACC_00003723,0.714,0.233,4,31,0,273146,1
ACC_00003724,0.14,0.492,1,8,0,288792,0
ACC_00003725,0.473,0.578,5,20,0,264007,0
ACC_00003726,0.76,1.176,2,19,1,346509,1
ACC_00003727,0.273,0.955,1,12,0,135304,1
ACC_00003728,0.404,0.079,4,16,0,35217,1
ACC_00003729,0.174,1.07,4,27,0,109036,1
ACC_00003730,0.248,0.041,1,4,0,237032,0
ACC_00003731,0.517,0.056,3,11,0,208113,1
ACC_00003732,0.161,0.217,0,5,0,62672,0
ACC_00003733,0.575,0.96,3,16,1,280999,1
ACC_00003734,0.812,0.28,5,29,0,274543,1
ACC_00003735,0.101,0.808,5,6,0,249882,0
ACC_00003736,0.131,0.21,0,2,0,44766,0
ACC_00003737,0.657,0.259,3,9,0,261988,1
ACC_00003738,0.08,0.435,5,18,0,262667,0
ACC_00003739,0.542,1.177,1,30,0,42962,1
ACC_00003740,0.634,0.258,2,30,0,335638,1
ACC_00003741,0.736,0.381,0,32,0,138554,1
ACC_00003742,0.747,0.876,2,3,0,309724,1
ACC_00003743,0.388,1.17,0,4,1,66137,1
ACC_00003744,0.787,1.225,2,3,0,94809,1
ACC_00003745,0.286,0.798,3,5,0,322548,0
ACC_00003746,0.84,0.138,3,9,0,302971,1
ACC_00003747,0.618,0.649,2,23,0,343944,1
ACC_00003748,0.55,0.85,5,27,1,196116,1
ACC_00003749,0.8,0.035,5,18,0,238807,1
ACC_00003750,0.09,0.272,0,11,0,175027,0
ACC_00003751,0.788,0.697,3,23,1,301912,1
ACC_00003752,0.577,0.384,1,8,0,245276,1
ACC_00003753,0.817,0.534,0,21,0,137808,1
ACC_00003754,0.388,0.242,4,20,0,136369,0
ACC_00003755,0.544,0.123,0,30,0,115811,1
ACC_00003756,0.294,0.134,4,30,0,157656,0
ACC_00003757,0.091,0.905,0,16,0,277706,0
ACC_00003758,0.516,0.345,5,21,0,329529,1
ACC_00003759,0.553,0.557,1,16,0,194129,1
ACC_00003760,0.54,0.61,2,16,0,329800,1
ACC_00003761,0.186,0.192,5,9,1,290527,1
ACC_00003762,0.535,0.17,1,28,0,214980,1
ACC_00003763,0.245,0.978,3,24,0,42138,1
ACC_00003764,0.554,0.348,3,18,0,158829,1
ACC_00003765,0.265,0.868,4,24,1,318493,1
ACC_00003766,0.212,0.504,2,29,0,195667,0
ACC_00003767,0.109,1.011,2,3,0,299747,1
ACC_00003768,0.335,0.303,5,13,1,196617,1
ACC_00003769,0.31,0.652,3,20,0,252334,0
ACC_00003770,0.157,0.882,1,12,0,268017,1
ACC_00003771,0.347,0.159,3,9,1,57376,1
ACC_00003772,0.104,0.08,1,11,0,319794,0
ACC_00003773,0.618,1.095,2,7,1,176153,1
ACC_00003774,0.066,0.746,2,8,0,130714,0
ACC_00003775,0.309,0.978,4,24,1,249501,1
ACC_00003776,0.331,0.295,1,15,0,209779,0
ACC_00003777,0.376,0.783,0,3,0,165326,0
ACC_00003778,0.147,0.43,4,5,0,341742,0
ACC_00003779,0.194,0.905,1,10,0,293039,0
ACC_00003780,0.703,0.336,1,13,0,325662,1
ACC_00003781,0.732,0.546,0,2,0,328021,1
ACC_00003782,0.662,0.363,5,2,1,219428,1
ACC_00003783,0.177,0.462,4,8,0,214553,0
ACC_00003784,0.121,0.211,3,4,1,273332,1
ACC_00003785,0.177,1.026,1,30,1,257332,1
ACC_00003786,0.682,1.221,0,14,1,187829,1
ACC_00003787,0.227,0.892,4,11,1,35471,1
ACC_00003788,0.416,1.07,3,6,1,43859,1
ACC_00003789,0.217,1.172,1,25,0,33440,1
ACC_00003790,0.511,0.972,4,32,0,58827,1
ACC_00003791,0.227,0.106,2,9,0,198336,0
ACC_00003792,0.303,0.587,4,12,1,253211,1
ACC_00003793,0.123,0.163,5,12,0,213011,0
ACC_00003794,0.778,0.564,3,13,0,61640,1
ACC_00003795,0.797,1.08,4,3,1,64887,1
ACC_00003796,0.595,1.248,1,9,0,65420,1
ACC_00003797,0.814,1.126,1,11,0,123681,1
ACC_00003798,0.571,0.972,3,19,0,177184,1
ACC_00003799,0.097,0.279,3,14,1,231685,1
ACC_00003800,0.555,0.579,1,15,0,299317,1
ACC_00003801,0.474,0.651,3,7,0,173253,0
ACC_00003802,0.212,0.568,5,29,0,325468,1
ACC_00003803,0.386,0.246,2,20,0,298787,0
ACC_00003804,0.315,0.476,1,10,0,266725,0
ACC_00003805,0.788,1.114,3,18,1,253059,1
ACC_00003806,0.316,0.708,5,24,1,201501,1
ACC_00003807,0.307,1.108,0,20,0,317887,1
ACC_00003808,0.52,0.484,1,27,0,299879,1
ACC_00003809,0.196,0.793,5,11,0,51273,0
ACC_00003810,0.78,0.638,3,20,0,170133,1
ACC_00003811,0.821,0.246,2,12,0,47199,1
ACC_00003812,0.368,0.874,1,22,0,156905,0
ACC_00003813,0.261,0.297,0,19,0,169169,0
ACC_00003814,0.668,0.85,5,12,0,133154,1
ACC_00003815,0.084,0.604,1,32,0,247566,1
ACC_00003816,0.682,1.131,3,30,0,330959,1
ACC_00003817,0.802,0.707,4,19,0,299429,1
ACC_00003818,0.268,0.736,3,20,1,229118,1
ACC_00003819,0.78,0.252,5,31,1,282450,1
ACC_00003820,0.247,0.981,3,22,1,145288,1
ACC_00003821,0.317,0.873,5,29,0,333499,1
ACC_00003822,0.508,0.214,2,25,0,282158,1
ACC_00003823,0.619,1.038,5,2,1,253422,1
ACC_00003824,0.097,0.194,0,32,0,48610,1
ACC_00003825,0.198,0.342,4,4,1,53562,1
ACC_00003826,0.514,0.735,1,24,0,231630,1
ACC_00003827,0.479,0.832,4,8,0,43777,0
ACC_00003828,0.21,1.065,5,17,1,323259,1
ACC_00003829,0.589,0.268,3,12,0,139418,1
ACC_00003830,0.642,1.129,1,31,0,124207,1
ACC_00003831,0.15,0.833,5,7,0,119705,1
ACC_00003832,0.309,0.949,1,29,1,41254,1
ACC_00003833,0.195,1.19,0,12,0,127090,1
ACC_00003834,0.129,0.568,5,21,0,345932,0
ACC_00003835,0.652,0.475,3,4,1,333381,1
ACC_00003836,0.712,0.323,0,18,0,199029,1
ACC_00003837,0.417,0.967,0,21,0,81596,1
ACC_00003838,0.524,0.404,2,10,0,98563,1
ACC_00003839,0.274,1.221,0,24,0,304406,1
ACC_00003840,0.222,0.348,1,29,0,277574,0
ACC_00003841,0.384,0.431,5,17,1,178812,1
ACC_00003842,0.447,0.705,2,13,0,163001,0
ACC_00003843,0.273,0.387,0,14,0,102199,1
ACC_00003844,0.305,0.364,0,21,0,182075,0
ACC_00003845,0.793,0.816,2,31,0,184121,1
ACC_00003846,0.573,0.607,3,30,1,305556,1
ACC_00003847,0.354,0.119,1,30,0,61688,0
ACC_00003848,0.411,1.212,4,3,1,67196,1
ACC_00003849,0.545,1.082,3,23,0,272869,1
ACC_00003850,0.391,0.423,2,24,0,160031,0
ACC_00003851,0.624,0.484,2,15,0,272372,1
ACC_00003852,0.565,1.055,4,13,0,234245,1
ACC_00003853,0.348,0.088,0,2,0,49118,0
ACC_00003854,0.364,0.341,3,24,0,202125,0
ACC_00003855,0.528,0.331,2,18,0,56040,1
ACC_00003856,0.197,1.099,5,8,0,90480,1
ACC_00003857,0.147,1.066,5,8,0,134422,1
ACC_00003858,0.05,0.029,0,24,0,183043,0
ACC_00003859,0.077,0.837,3,10,0,188683,0
ACC_00003860,0.265,1.112,1,15,1,208082,1
ACC_00003861,0.216,1.094,3,8,0,270307,1
ACC_00003862,0.778,1.19,4,23,1,213973,1
ACC_00003863,0.132,0.431,3,6,0,265639,0
ACC_00003864,0.649,0.982,2,25,0,291187,1
ACC_00003865,0.225,0.892,1,5,0,216955,0
ACC_00003866,0.351,1.234,5,10,0,127701,1
ACC_00003867,0.772,0.322,5,32,0,112606,1
ACC_00003868,0.318,0.992,4,24,1,47866,1
ACC_00003869,0.191,0.572,0,32,0,210023,0
ACC_00003870,0.09,0.445,0,20,0,41194,1
ACC_00003871,0.631,0.733,5,31,1,186699,1
ACC_00003872,0.19,1.155,2,16,1,287189,1
ACC_00003873,0.275,0.83,4,24,1,92981,1
ACC_00003874,0.637,0.213,3,24,0,64234,1
ACC_00003875,0.131,0.74,3,19,0,84380,0
ACC_00003876,0.235,0.291,1,26,0,43732,0
ACC_00003877,0.16,0.525,2,5,0,343987,0
ACC_00003878,0.838,0.362,4,6,0,343738,1
ACC_00003879,0.401,1.003,0,10,1,280533,1
ACC_00003880,0.106,0.783,4,21,1,180452,1
ACC_00003881,0.38,1.007,3,21,0,64219,1
ACC_00003882,0.621,0.963,0,28,0,135840,1
ACC_00003883,0.708,0.964,3,18,0,332046,1
ACC_00003884,0.782,0.815,3,12,1,272047,1
ACC_00003885,0.405,1.136,5,13,1,259021,1
ACC_00003886,0.733,0.125,0,14,0,241590,1
ACC_00003887,0.789,0.344,4,9,0,314352,1
ACC_00003888,0.392,0.59,3,12,0,50658,1
ACC_00003889,0.499,0.227,4,25,1,158693,1
ACC_00003890,0.148,0.35,1,7,0,157046,0
ACC_00003891,0.58,0.928,3,23,0,139361,1
ACC_00003892,0.829,1.098,5,19,0,277589,1
ACC_00003893,0.278,1.083,1,9,0,253207,1
ACC_00003894,0.826,0.284,0,28,0,32406,1
ACC_00003895,0.227,1.184,0,8,0,83405,1
ACC_00003896,0.488,1.026,3,31,0,322353,1
ACC_00003897,0.574,0.123,5,10,0,155648,1
ACC_00003898,0.629,0.535,2,29,0,254656,1
ACC_00003899,0.639,1.101,0,7,0,285826,1
ACC_00003900,0.796,0.067,0,23,0,38904,1
ACC_00003901,0.328,0.177,3,26,1,106750,1
ACC_00003902,0.209,1.23,3,18,1,50362,1
ACC_00003903,0.184,1.158,4,19,0,281885,1
ACC_00003904,0.447,1.065,2,4,0,133136,1
ACC_00003905,0.23,0.325,0,6,0,201695,0
ACC_00003906,0.618,0.07,2,21,0,158115,1
ACC_00003907,0.213,1.014,0,26,1,327207,1
ACC_00003908,0.707,0.49,4,28,0,191593,1
ACC_00003909,0.794,0.786,4,18,0,316049,1
ACC_00003910,0.529,1.116,0,24,1,348181,1
ACC_00003911,0.652,1.148,0,27,0,333946,1
ACC_00003912,0.493,0.46,1,23,0,331559,0
ACC_00003913,0.675,0.162,5,15,0,212296,1
ACC_00003914,0.507,0.739,5,5,1,212649,1
ACC_00003915,0.112,0.651,1,7,0,188636,0
ACC_00003916,0.609,0.835,3,26,0,274327,1
ACC_00003917,0.628,0.732,4,2,0,163050,1
ACC_00003918,0.323,0.73,1,31,0,30971,0
ACC_00003919,0.675,0.211,2,23,0,212076,1
ACC_00003920,0.596,0.562,3,4,0,242644,1
ACC_00003921,0.176,0.556,0,20,0,143299,0
ACC_00003922,0.198,0.716,4,8,1,148012,1
ACC_00003923,0.609,0.6,0,23,0,298582,1
ACC_00003924,0.118,0.285,4,8,0,316699,0
ACC_00003925,0.663,0.316,2,9,0,37885,1
ACC_00003926,0.422,0.299,1,19,0,117697,0
ACC_00003927,0.111,0.819,5,11,0,52066,0
ACC_00003928,0.764,0.321,0,2,0,188523,1
ACC_00003929,0.785,0.5,3,20,0,280555,1
ACC_00003930,0.749,0.675,3,19,0,85978,1
ACC_00003931,0.839,0.683,4,20,0,74394,1
ACC_00003932,0.445,1.085,4,22,0,147115,1
ACC_00003933,0.747,1.168,1,25,0,85808,1
ACC_00003934,0.425,0.207,4,13,0,191462,0
ACC_00003935,0.728,1.214,2,22,0,57777,1
ACC_00003936,0.703,0.113,2,4,0,338960,1
ACC_00003937,0.808,0.398,1,22,0,148506,1
ACC_00003938,0.639,1.149,3,29,0,109542,1
ACC_00003939,0.71,0.535,2,28,0,341618,1
ACC_00003940,0.589,0.534,1,17,0,55409,1
ACC_00003941,0.64,0.279,5,31,0,115950,1
ACC_00003942,0.81,1.19,1,4,0,224357,1
ACC_00003943,0.538,0.195,1,27,0,47685,1
ACC_00003944,0.583,0.238,0,27,0,164486,1
ACC_00003945,0.235,0.985,5,32,1,278273,1
ACC_00003946,0.058,1.098,4,8,0,146580,1
ACC_00003947,0.237,0.955,1,12,1,177950,1
ACC_00003948,0.621,0.795,5,29,0,55567,1
ACC_00003949,0.711,0.231,5,19,0,72129,1
ACC_00003950,0.689,0.3,2,24,0,165932,1
ACC_00003951,0.336,1.185,4,26,1,172309,1
ACC_00003952,0.45,0.063,5,22,1,224313,1
ACC_00003953,0.332,1.054,4,28,1,218011,1
ACC_00003954,0.679,1.089,5,10,1,200880,1
ACC_00003955,0.058,0.236,3,14,1,123634,1
ACC_00003956,0.182,0.27,1,9,0,313127,1
ACC_00003957,0.432,0.283,4,6,1,328455,1
ACC_00003958,0.249,0.63,3,29,0,287204,0
ACC_00003959,0.697,0.992,3,11,1,172911,1
ACC_00003960,0.524,0.796,5,11,0,176014,1
ACC_00003961,0.056,0.604,0,14,0,32209,0
ACC_00003962,0.122,0.144,0,21,0,191332,0
ACC_00003963,0.166,0.081,5,10,1,224469,1
ACC_00003964,0.754,0.305,4,5,1,186671,1
ACC_00003965,0.087,0.316,3,16,0,238784,0
ACC_00003966,0.721,0.229,4,17,1,174011,1
ACC_00003967,0.492,1.107,5,20,0,323540,1
ACC_00003968,0.539,0.488,1,11,0,292489,1
ACC_00003969,0.82,0.531,2,31,0,180371,1
ACC_00003970,0.387,0.149,3,17,0,260052,0
ACC_00003971,0.325,0.351,5,13,0,251400,0
ACC_00003972,0.116,1.126,5,5,0,63674,1
ACC_00003973,0.436,1.009,1,30,0,130396,1
ACC_00003974,0.78,0.058,3,30,0,183165,1
ACC_00003975,0.346,1.077,2,9,1,272250,1
ACC_00003976,0.396,0.683,2,13,0,304248,0
ACC_00003977,0.344,0.449,4,24,0,252052,0
ACC_00003978,0.536,0.723,3,3,1,272172,1
ACC_00003979,0.485,0.779,4,8,0,341662,0
ACC_00003980,0.5,0.419,0,6,0,199329,0
ACC_00003981,0.468,0.31,1,8,0,335948,0
ACC_00003982,0.352,0.195,4,28,0,184997,0
ACC_00003983,0.405,0.801,4,5,0,95927,0
ACC_00003984,0.62,0.112,4,12,1,293617,1
ACC_00003985,0.59,0.415,4,19,1,152204,1
ACC_00003986,0.742,0.233,2,7,0,65272,1
ACC_00003987,0.166,1.075,4,2,0,249522,1
ACC_00003988,0.502,0.231,1,14,0,142461,1
ACC_00003989,0.47,0.971,1,11,1,257416,1
ACC_00003990,0.31,0.166,5,6,0,259023,0
ACC_00003991,0.772,1.141,1,20,0,325363,1
ACC_00003992,0.536,0.605,1,3,0,191213,1
ACC_00003993,0.741,0.115,1,8,0,261521,1
ACC_00003994,0.642,1.175,3,15,0,231779,1
ACC_00003995,0.772,0.804,4,23,0,226602,1
ACC_00003996,0.18,0.354,0,14,0,335103,0
ACC_00003997,0.483,0.711,3,29,0,106197,0
ACC_00003998,0.754,0.511,4,32,0,44492,1
ACC_00003999,0.519,1.208,0,27,0,52207,1
ACC_00004000,0.359,0.153,4,3,0,133454,0
ACC_00004001,0.328,0.658,1,26,0,233372,0
ACC_00004002,0.496,0.12,1,31,0,202210,0
ACC_00004003,0.329,0.055,5,25,0,131157,0
ACC_00004004,0.436,0.523,0,25,0,278447,0
ACC_00004005,0.6,0.482,2,15,0,202016,1
ACC_00004006,0.19,0.993,5,18,0,141452,1
ACC_00004007,0.553,0.636,4,19,0,327064,1
ACC_00004008,0.103,0.138,1,2,0,282949,0
ACC_00004009,0.318,0.897,3,10,1,298253,1
ACC_00004010,0.533,0.452,0,3,0,140201,1
ACC_00004011,0.399,0.489,5,10,0,47867,0
ACC_00004012,0.675,0.615,3,22,0,127691,1
ACC_00004013,0.368,0.575,5,29,1,338933,1
ACC_00004014,0.276,0.505,3,3,1,112524,1
ACC_00004015,0.618,0.249,2,25,0,139237,1
ACC_00004016,0.453,0.151,3,30,1,261771,1
ACC_00004017,0.635,0.01,3,10,1,43927,1
ACC_00004018,0.807,0.507,3,20,1,111937,1
ACC_00004019,0.051,0.809,0,7,0,271451,0
ACC_00004020,0.257,0.896,2,15,0,43702,0
ACC_00004021,0.709,0.864,1,2,0,348112,1
ACC_00004022,0.707,0.901,5,5,1,203306,1
ACC_00004023,0.541,0.612,3,19,1,203652,1
ACC_00004024,0.68,0.415,3,23,0,128629,1
ACC_00004025,0.826,0.488,2,18,0,158219,1
ACC_00004026,0.33,0.983,5,32,0,270375,1
ACC_00004027,0.799,0.215,0,10,0,198641,1
ACC_00004028,0.349,1.06,2,9,1,39771,1
ACC_00004029,0.491,1.17,3,18,1,282771,1
ACC_00004030,0.27,0.086,5,20,1,269107,1
ACC_00004031,0.117,0.365,0,4,0,185557,0
ACC_00004032,0.67,0.423,3,15,0,210351,1
ACC_00004033,0.818,0.909,2,29,0,239233,1
ACC_00004034,0.785,0.994,0,12,0,117188,1
ACC_00004035,0.192,1.206,5,3,1,313297,1
ACC_00004036,0.338,1.05,0,6,1,132423,1
ACC_00004037,0.328,1.22,3,25,0,158616,1
ACC_00004038,0.199,1.154,3,25,1,282587,1
ACC_00004039,0.187,0.354,1,7,0,34466,0
ACC_00004040,0.7,1.086,0,20,0,52495,1
ACC_00004041,0.701,1.114,0,25,1,94143,1
ACC_00004042,0.488,0.614,2,10,0,328320,0
ACC_00004043,0.836,1.106,4,19,0,215687,1
ACC_00004044,0.644,1.017,4,6,1,296584,1
ACC_00004045,0.217,1.002,0,4,0,51400,1
ACC_00004046,0.246,0.707,4,15,0,80219,0
ACC_00004047,0.177,1.074,0,7,1,130575,1
ACC_00004048,0.579,0.039,1,9,0,90418,1
ACC_00004049,0.694,0.489,2,17,0,67070,1
ACC_00004050,0.488,0.489,1,6,0,215765,0
ACC_00004051,0.079,1.207,1,28,1,71628,1
ACC_00004052,0.709,1.097,0,17,1,151696,1
ACC_00004053,0.098,1.14,5,29,0,159043,1
ACC_00004054,0.484,1.196,1,18,0,318294,1
ACC_00004055,0.214,1.178,0,11,0,87109,1
ACC_00004056,0.127,0.946,1,32,1,142118,1
ACC_00004057,0.205,0.355,2,30,0,236607,1
ACC_00004058,0.681,0.873,5,18,1,261412,1
ACC_00004059,0.61,1.045,0,10,0,342338,1
ACC_00004060,0.7,0.96,2,10,1,272226,1
ACC_00004061,0.797,1.046,1,18,0,314744,1
ACC_00004062,0.062,1.012,0,19,0,173823,1
ACC_00004063,0.445,0.835,1,10,0,133931,0
ACC_00004064,0.072,0.257,4,20,0,181154,0
ACC_00004065,0.808,0.69,3,2,0,307907,1
ACC_00004066,0.823,1.035,5,2,1,184855,1
ACC_00004067,0.838,0.941,1,17,0,225765,1
ACC_00004068,0.28,0.532,3,32,0,169353,0
ACC_00004069,0.118,1.074,2,5,1,132614,1
ACC_00004070,0.241,0.327,0,31,0,195934,0
ACC_00004071,0.838,1.193,0,17,0,82622,1
ACC_00004072,0.553,0.974,1,28,1,342581,1
ACC_00004073,0.494,0.632,2,23,0,70091,0
ACC_00004074,0.442,0.197,4,14,1,322244,1
ACC_00004075,0.54,1.19,3,21,0,237120,1
ACC_00004076,0.09,0.585,2,12,0,250858,0
ACC_00004077,0.809,0.672,0,25,0,209100,1
ACC_00004078,0.7,0.889,1,20,0,95871,1
ACC_00004079,0.326,0.138,4,22,0,58198,0
ACC_00004080,0.826,1.206,3,28,0,217400,1
ACC_00004081,0.513,0.729,0,31,0,247864,1
ACC_00004082,0.244,0.711,1,6,0,83778,0
ACC_00004083,0.773,0.825,1,25,0,269425,1
ACC_00004084,0.849,0.343,4,19,1,50937,1
ACC_00004085,0.291,1.048,4,16,0,34135,1
ACC_00004086,0.15,1.148,0,25,0,333012,1
ACC_00004087,0.108,1.162,1,26,0,183645,1
ACC_00004088,0.845,0.424,0,7,0,308577,1
ACC_00004089,0.701,0.329,3,21,0,218805,1
ACC_00004090,0.438,0.896,5,5,0,98926,0
ACC_00004091,0.094,1.168,1,18,1,87596,1
ACC_00004092,0.709,0.171,1,11,0,30961,1
ACC_00004093,0.207,0.23,2,12,0,236895,0
ACC_00004094,0.803,0.678,5,2,1,276077,1
ACC_00004095,0.659,0.278,2,27,0,279059,1
ACC_00004096,0.167,0.549,3,30,1,131401,1
ACC_00004097,0.497,0.765,2,30,0,76640,0
ACC_00004098,0.72,0.059,4,26,0,174207,1
ACC_00004099,0.082,0.736,5,21,1,89810,1
ACC_00004100,0.759,0.051,3,13,0,291943,1
ACC_00004101,0.434,0.782,4,32,0,32919,0
ACC_00004102,0.543,0.469,2,12,0,231803,1
ACC_00004103,0.324,1.143,3,9,1,50274,1
ACC_00004104,0.714,0.319,5,2,0,305987,1
ACC_00004105,0.585,1.011,3,30,0,270053,1
ACC_00004106,0.797,0.624,2,22,0,64411,1
ACC_00004107,0.63,1.099,0,3,0,56229,1
ACC_00004108,0.495,1.198,1,6,1,108493,1
ACC_00004109,0.475,0.557,2,19,0,123766,0
ACC_00004110,0.688,0.518,0,7,0,345909,1
ACC_00004111,0.846,1.238,1,11,0,139963,1
ACC_00004112,0.197,0.159,5,28,0,109220,0
ACC_00004113,0.177,0.442,0,10,0,177689,0
ACC_00004114,0.352,0.813,2,31,0,114128,0
ACC_00004115,0.439,0.617,5,14,0,295306,0
ACC_00004116,0.092,0.692,3,4,1,249529,1
ACC_00004117,0.531,0.426,2,32,0,135143,1
ACC_00004118,0.548,0.797,0,26,0,88832,1
ACC_00004119,0.814,0.1,2,15,0,163311,1
ACC_00004120,0.448,0.748,0,14,0,249935,0
ACC_00004121,0.486,0.766,1,3,0,254944,0
ACC_00004122,0.061,0.367,0,5,0,278559,1
ACC_00004123,0.475,0.136,5,12,1,168266,1
ACC_00004124,0.334,0.113,2,4,0,283123,0
ACC_00004125,0.35,0.859,2,13,0,81750,0
ACC_00004126,0.374,1.048,1,12,1,45836,1
ACC_00004127,0.66,1.206,5,25,1,187165,1
ACC_00004128,0.437,0.593,0,2,0,284069,0
ACC_00004129,0.562,1.209,3,3,1,95967,1
ACC_00004130,0.378,0.577,5,7,0,348500,0
ACC_00004131,0.439,1.238,5,12,0,194456,1
ACC_00004132,0.417,0.337,2,11,0,66657,0
ACC_00004133,0.059,0.138,0,14,0,237545,0
ACC_00004134,0.742,1.116,5,4,1,243746,1
ACC_00004135,0.173,1.217,2,7,1,278436,1
ACC_00004136,0.642,0.993,5,5,0,108167,1
ACC_00004137,0.803,0.486,5,6,1,122152,1
ACC_00004138,0.372,1.198,3,3,0,341604,1
ACC_00004139,0.699,0.401,3,31,1,62756,1
ACC_00004140,0.381,0.393,3,15,1,225269,1
ACC_00004141,0.426,0.219,2,23,0,294650,0
ACC_00004142,0.693,0.287,5,12,0,158629,1
ACC_00004143,0.444,0.446,4,16,0,218944,0
ACC_00004144,0.258,0.097,3,23,0,290211,0
ACC_00004145,0.06,0.541,4,9,1,136904,1
ACC_00004146,0.357,1.077,2,31,1,285593,1
ACC_00004147,0.489,0.113,2,31,0,110975,0
ACC_00004148,0.382,0.678,0,31,0,280102,0
ACC_00004149,0.388,0.834,1,17,0,322953,0
ACC_00004150,0.508,0.526,0,20,0,84416,1
ACC_00004151,0.077,0.967,4,26,0,315404,1
ACC_00004152,0.565,0.347,4,29,0,349134,1
ACC_00004153,0.197,1.158,1,16,1,30681,1
ACC_00004154,0.722,0.811,1,31,0,184385,1
ACC_00004155,0.838,1.145,2,19,0,331164,1
ACC_00004156,0.054,0.322,3,24,0,100103,0
ACC_00004157,0.304,0.508,5,32,1,155160,1
ACC_00004158,0.102,0.161,3,16,0,314714,0
ACC_00004159,0.498,0.771,1,20,0,297526,0
ACC_00004160,0.284,0.704,0,32,0,112217,0
ACC_00004161,0.373,0.647,2,11,0,123986,0
ACC_00004162,0.751,1.159,0,28,1,223402,1
ACC_00004163,0.766,0.067,4,21,1,288558,1
ACC_00004164,0.448,0.117,1,22,0,152643,0
ACC_00004165,0.337,0.916,0,19,0,117394,0
ACC_00004166,0.115,0.661,3,4,0,299466,0
ACC_00004167,0.837,0.212,2,26,0,192299,1
ACC_00004168,0.768,0.33,0,6,0,301746,1
ACC_00004169,0.669,0.933,5,18,0,92092,1
ACC_00004170,0.697,0.57,1,29,0,57227,1
ACC_00004171,0.526,1.207,3,29,0,301787,1
ACC_00004172,0.559,0.884,2,19,0,32318,1
ACC_00004173,0.444,0.585,2,8,0,213808,0
ACC_00004174,0.195,0.79,4,23,0,317195,0
ACC_00004175,0.211,0.459,2,18,0,329551,0
ACC_00004176,0.42,0.164,5,17,1,159940,1
ACC_00004177,0.327,0.807,4,27,0,312342,0
ACC_00004178,0.247,0.069,5,22,0,69346,0
ACC_00004179,0.312,1.045,5,21,1,109312,1
ACC_00004180,0.428,0.152,0,15,0,181766,0
ACC_00004181,0.197,0.998,5,29,1,93697,1
ACC_00004182,0.266,0.524,5,11,0,238102,0
ACC_00004183,0.645,1.181,4,28,0,87414,1
ACC_00004184,0.081,1.004,5,22,0,150420,1
ACC_00004185,0.528,1.095,4,27,0,192240,1
ACC_00004186,0.709,0.221,0,11,0,275436,1
ACC_00004187,0.239,0.022,4,20,0,229729,0
ACC_00004188,0.402,0.638,5,29,1,341528,1
ACC_00004189,0.685,0.877,0,25,0,296995,1
ACC_00004190,0.462,0.847,2,7,0,347226,0
ACC_00004191,0.834,0.219,3,25,1,140984,1
ACC_00004192,0.504,0.06,4,19,1,210420,1
ACC_00004193,0.099,0.215,1,28,0,209245,0
ACC_00004194,0.628,0.962,1,12,0,159522,1
ACC_00004195,0.44,1.043,0,24,0,133412,1
ACC_00004196,0.132,0.359,0,23,0,183061,0
ACC_00004197,0.635,0.234,3,12,1,276073,1
ACC_00004198,0.111,1.228,5,7,1,169963,1
ACC_00004199,0.217,0.231,5,2,0,180051,0
ACC_00004200,0.216,0.399,4,6,1,274628,1
ACC_00004201,0.713,0.985,1,30,0,318068,1
ACC_00004202,0.665,1.126,1,15,1,62354,1
ACC_00004203,0.056,0.599,1,19,0,148322,0
ACC_00004204,0.396,0.79,0,18,0,290742,0
ACC_00004205,0.52,0.525,4,30,1,116709,1
ACC_00004206,0.379,0.96,4,5,1,333022,1
ACC_00004207,0.079,0.331,5,32,0,204639,0
ACC_00004208,0.257,1.067,5,26,1,135542,1
ACC_00004209,0.141,0.106,2,22,0,50036,1
ACC_00004210,0.151,0.899,0,23,0,336305,0
ACC_00004211,0.567,0.16,0,7,0,214531,1
ACC_00004212,0.768,0.819,3,14,1,182747,1
ACC_00004213,0.384,0.302,3,5,1,282163,1
ACC_00004214,0.569,0.604,0,20,0,54504,1
ACC_00004215,0.553,0.946,5,9,0,97610,1
ACC_00004216,0.107,0.839,4,17,0,345310,0
ACC_00004217,0.472,1.189,3,7,1,169104,1
ACC_00004218,0.614,0.848,4,18,1,82494,1
ACC_00004219,0.337,0.849,2,2,0,69655,0
ACC_00004220,0.259,0.828,5,13,1,345592,1
ACC_00004221,0.314,0.853,4,7,0,167674,0
ACC_00004222,0.719,0.253,5,2,1,342374,1
ACC_00004223,0.27,1.093,2,20,1,323962,1
ACC_00004224,0.603,0.36,3,3,1,36430,1
ACC_00004225,0.767,0.724,5,14,0,151366,1
ACC_00004226,0.817,0.875,0,8,0,53922,1
ACC_00004227,0.492,0.901,5,13,1,292237,1
ACC_00004228,0.554,0.253,5,2,0,160963,1
ACC_00004229,0.24,1.238,1,22,1,121475,1
ACC_00004230,0.622,0.024,3,18,0,319861,1
ACC_00004231,0.73,0.135,3,3,0,206847,1
ACC_00004232,0.374,0.605,4,18,0,97070,0
ACC_00004233,0.226,1.248,3,24,0,122023,1
ACC_00004234,0.36,0.71,4,32,0,305392,0
ACC_00004235,0.324,0.811,1,23,0,92984,0
ACC_00004236,0.285,1.246,3,9,1,304479,1
ACC_00004237,0.535,0.212,3,31,0,242207,1
ACC_00004238,0.794,0.403,1,32,0,323574,1
ACC_00004239,0.392,0.827,0,10,0,248129,0
ACC_00004240,0.233,0.013,2,5,0,170729,0
ACC_00004241,0.827,0.289,3,11,0,237495,1
ACC_00004242,0.524,1.019,0,24,1,340658,1
ACC_00004243,0.631,0.096,3,20,0,329480,1
ACC_00004244,0.73,0.548,2,11,0,261918,1
ACC_00004245,0.598,0.818,2,32,0,151412,1
ACC_00004246,0.831,0.437,1,19,0,289358,1
ACC_00004247,0.082,0.354,1,28,0,145163,0
ACC_00004248,0.412,0.946,3,3,1,220177,1
ACC_00004249,0.427,0.636,3,17,0,71501,0
ACC_00004250,0.236,0.151,3,28,0,123423,0
ACC_00004251,0.182,0.793,4,15,0,205632,0
ACC_00004252,0.574,1.202,1,6,1,50725,1
ACC_00004253,0.657,0.448,3,6,1,294691,1
ACC_00004254,0.781,0.156,3,14,1,282030,1
ACC_00004255,0.305,0.17,1,21,0,132657,0
ACC_00004256,0.814,0.738,3,8,1,292758,1
ACC_00004257,0.313,0.203,2,29,0,156679,0
ACC_00004258,0.634,0.021,3,25,0,289705,1
ACC_00004259,0.264,0.426,1,24,0,328281,0
ACC_00004260,0.223,0.502,1,5,0,120324,0
ACC_00004261,0.663,0.642,1,24,0,340157,1
ACC_00004262,0.339,0.646,0,28,0,340475,0
ACC_00004263,0.325,0.295,3,21,0,272374,0
ACC_00004264,0.6,0.073,0,26,0,70461,1
ACC_00004265,0.159,0.137,5,11,0,344297,0
ACC_00004266,0.315,1.02,5,4,0,37728,1
ACC_00004267,0.497,0.62,5,27,0,254606,0
ACC_00004268,0.091,0.866,3,14,1,282847,1
ACC_00004269,0.807,1.042,5,20,0,201334,1
ACC_00004270,0.632,0.191,2,28,0,224417,1
ACC_00004271,0.814,1.229,3,15,0,131312,1
ACC_00004272,0.816,1.173,5,28,1,50374,1
ACC_00004273,0.238,0.104,3,22,0,70586,1
ACC_00004274,0.548,0.305,5,11,1,91897,1
ACC_00004275,0.806,0.698,4,16,0,265787,1
ACC_00004276,0.801,0.849,3,24,1,87564,1
ACC_00004277,0.061,0.763,0,20,0,177437,0
ACC_00004278,0.227,0.935,1,27,1,203406,1
ACC_00004279,0.381,0.651,0,10,0,284361,0
ACC_00004280,0.255,1.085,2,24,0,223053,1
ACC_00004281,0.231,0.87,1,27,0,263457,0
ACC_00004282,0.232,0.986,0,5,0,58683,1
ACC_00004283,0.179,0.84,1,5,0,312811,0
ACC_00004284,0.318,0.707,1,8,0,256362,0
ACC_00004285,0.153,0.501,4,24,0,97925,0
ACC_00004286,0.282,1.22,1,20,0,80333,1
ACC_00004287,0.434,0.842,3,6,0,300742,0
ACC_00004288,0.71,0.995,3,30,0,209350,1
ACC_00004289,0.593,0.958,4,23,1,220280,1
ACC_00004290,0.752,0.976,5,10,0,259217,1
ACC_00004291,0.414,0.588,0,24,0,116885,0
ACC_00004292,0.806,1.063,4,12,0,121639,1
ACC_00004293,0.768,0.207,2,15,0,157181,1
ACC_00004294,0.623,0.79,2,26,0,238164,1
ACC_00004295,0.163,1.121,4,8,0,158556,1
ACC_00004296,0.492,0.171,4,6,0,76460,0
ACC_00004297,0.276,0.444,4,28,0,267727,0
ACC_00004298,0.279,0.259,4,19,1,210243,1
ACC_00004299,0.561,0.958,4,21,0,251968,1
ACC_00004300,0.158,0.692,4,22,0,255198,0
ACC_00004301,0.393,1.01,0,31,0,244416,1
ACC_00004302,0.209,0.791,3,22,0,305945,0
ACC_00004303,0.197,0.052,2,25,0,131080,0
ACC_00004304,0.162,1.22,4,14,0,279121,1
ACC_00004305,0.55,1.008,3,17,0,273955,1
ACC_00004306,0.476,0.389,3,15,0,123161,0
ACC_00004307,0.278,0.211,3,24,0,149586,1
ACC_00004308,0.77,1.074,2,8,0,260421,1
ACC_00004309,0.713,0.789,3,32,1,283222,1
ACC_00004310,0.253,0.878,5,8,1,258416,1
ACC_00004311,0.616,0.941,5,21,0,43091,1
ACC_00004312,0.585,0.073,0,20,0,308643,1
ACC_00004313,0.112,0.649,4,14,0,307278,0
ACC_00004314,0.734,0.252,3,25,0,261630,1
ACC_00004315,0.095,0.82,2,3,0,325738,0
ACC_00004316,0.057,0.85,0,11,0,205977,0
ACC_00004317,0.573,0.325,1,32,0,92710,1
ACC_00004318,0.07,0.66,4,10,0,219872,0
ACC_00004319,0.45,0.906,0,8,1,214402,1
ACC_00004320,0.39,0.917,1,23,1,122740,1
ACC_00004321,0.069,0.386,4,3,1,205204,1
ACC_00004322,0.167,0.219,1,16,0,46064,0
ACC_00004323,0.164,0.663,4,6,1,208089,1
ACC_00004324,0.671,0.285,5,3,1,227218,1
ACC_00004325,0.734,0.083,2,32,0,311987,1
ACC_00004326,0.284,1.085,5,13,0,159751,1
ACC_00004327,0.678,1.068,3,22,1,337713,1
ACC_00004328,0.297,1.144,1,15,1,111120,1
ACC_00004329,0.637,1.084,5,25,0,46585,1
ACC_00004330,0.306,0.59,0,17,0,112623,0
ACC_00004331,0.292,0.425,2,18,0,162663,0
ACC_00004332,0.251,0.807,1,11,0,186859,0
ACC_00004333,0.284,0.258,3,13,0,218731,0
ACC_00004334,0.275,0.208,3,30,1,249426,1
ACC_00004335,0.665,1.005,2,27,1,105566,1
ACC_00004336,0.372,0.66,5,30,0,308107,1
ACC_00004337,0.462,1.102,3,5,1,293984,1
ACC_00004338,0.45,0.907,4,9,0,183992,0
ACC_00004339,0.249,0.909,3,29,1,181117,1
ACC_00004340,0.197,0.166,3,22,1,192206,1
ACC_00004341,0.498,0.943,0,26,0,35137,0
ACC_00004342,0.685,0.308,0,9,0,38261,1
ACC_00004343,0.739,0.201,5,8,0,165417,1
ACC_00004344,0.376,1.196,2,11,0,110964,1
ACC_00004345,0.557,0.367,4,30,0,292145,1
ACC_00004346,0.808,0.883,2,18,0,344029,1
ACC_00004347,0.653,0.071,0,26,0,325225,1
ACC_00004348,0.836,0.212,5,31,1,150516,1
ACC_00004349,0.195,0.743,0,19,0,292587,1
ACC_00004350,0.581,0.927,5,31,1,42399,1
ACC_00004351,0.716,0.576,1,4,0,64771,1
ACC_00004352,0.177,0.537,2,12,0,259885,0
ACC_00004353,0.055,1.068,5,10,0,249614,1
ACC_00004354,0.567,0.512,0,22,0,111727,1
ACC_00004355,0.581,0.804,4,22,1,232188,1
ACC_00004356,0.716,0.196,0,29,0,80917,1
ACC_00004357,0.625,0.687,5,27,1,130116,1
ACC_00004358,0.225,0.26,2,7,0,192209,0
ACC_00004359,0.247,0.902,4,10,0,321886,0
ACC_00004360,0.484,0.991,5,12,1,199128,1
ACC_00004361,0.312,0.931,4,13,0,247680,0
ACC_00004362,0.808,0.021,0,10,0,255494,1
ACC_00004363,0.705,0.814,4,29,0,325670,1
ACC_00004364,0.606,0.619,0,22,0,319925,1
ACC_00004365,0.112,0.448,0,8,0,349569,0
ACC_00004366,0.829,0.911,2,18,0,116640,1
ACC_00004367,0.349,0.537,0,3,0,270589,0
ACC_00004368,0.575,0.729,2,14,0,284452,1
ACC_00004369,0.659,0.688,0,16,0,143442,1
ACC_00004370,0.732,0.645,0,32,0,297640,1
ACC_00004371,0.5,0.263,2,8,0,165350,0
ACC_00004372,0.385,0.299,2,21,0,61841,0
ACC_00004373,0.308,0.395,5,23,1,227121,1
ACC_00004374,0.57,0.155,2,22,0,175488,1
ACC_00004375,0.579,0.952,2,20,1,178537,1
ACC_00004376,0.749,0.116,0,14,0,300111,1
ACC_00004377,0.697,1.1,2,22,1,82761,1
ACC_00004378,0.333,0.286,4,23,0,32323,1
ACC_00004379,0.426,0.585,1,7,0,193614,0
ACC_00004380,0.532,0.221,4,13,0,77620,1
ACC_00004381,0.458,0.838,2,14,0,74535,0
ACC_00004382,0.737,1.135,1,32,0,126909,1
ACC_00004383,0.242,0.984,3,14,0,270091,1
ACC_00004384,0.559,0.094,1,30,0,244023,1
ACC_00004385,0.618,0.923,5,20,1,203846,1
ACC_00004386,0.845,1.024,5,31,0,227603,1
ACC_00004387,0.254,0.534,3,15,0,180127,0
ACC_00004388,0.77,0.808,5,25,0,321191,1
ACC_00004389,0.32,1.201,2,17,1,122198,1
ACC_00004390,0.263,0.298,3,20,0,287870,0
ACC_00004391,0.385,0.762,3,24,0,219854,0
ACC_00004392,0.576,1.053,2,10,1,257123,1
ACC_00004393,0.126,0.19,1,8,0,338132,0
ACC_00004394,0.634,0.506,2,11,0,226725,1
ACC_00004395,0.593,0.574,0,24,0,95781,1
ACC_00004396,0.335,0.607,1,2,0,302725,0
ACC_00004397,0.176,0.359,4,28,0,161070,0
ACC_00004398,0.325,0.354,3,4,0,299397,0
ACC_00004399,0.722,0.698,1,24,0,203942,1
ACC_00004400,0.252,0.44,1,31,0,231370,0
ACC_00004401,0.154,0.247,3,10,0,120901,0
ACC_00004402,0.472,0.889,5,32,1,115851,1
ACC_00004403,0.155,1.18,5,14,0,173729,1
ACC_00004404,0.465,0.214,2,12,0,48840,0
ACC_00004405,0.114,0.878,1,14,0,203824,1
ACC_00004406,0.335,0.113,3,19,0,268098,0
ACC_00004407,0.765,0.071,2,25,0,40847,1
ACC_00004408,0.535,0.432,1,27,0,247549,1
ACC_00004409,0.129,0.341,3,26,0,156578,0
ACC_00004410,0.366,0.628,2,32,0,58948,0
ACC_00004411,0.52,0.415,1,2,0,194175,1
ACC_00004412,0.395,0.367,4,5,1,346196,1
ACC_00004413,0.686,0.512,3,6,0,64606,1
ACC_00004414,0.549,1.158,4,13,0,80275,1
ACC_00004415,0.266,0.353,0,3,0,259676,0
ACC_00004416,0.316,1.124,1,24,0,38424,1
ACC_00004417,0.165,0.513,1,18,0,112230,0
ACC_00004418,0.628,1.051,1,20,1,334559,1
ACC_00004419,0.33,1.191,2,18,0,93439,1
ACC_00004420,0.139,0.24,4,30,0,194903,1
ACC_00004421,0.364,1.246,5,27,1,255937,1
ACC_00004422,0.719,0.903,4,4,1,81783,1
ACC_00004423,0.24,0.894,1,25,0,240907,0
ACC_00004424,0.297,0.065,3,32,1,52525,1
ACC_00004425,0.466,0.949,5,12,1,271107,1
ACC_00004426,0.848,0.3,5,30,0,84779,1
ACC_00004427,0.689,0.239,4,23,0,96789,1
ACC_00004428,0.808,0.619,3,27,0,61731,1
ACC_00004429,0.577,0.696,2,4,0,299878,1
ACC_00004430,0.31,0.912,3,14,1,295185,1
ACC_00004431,0.608,0.204,0,8,0,115859,1
ACC_00004432,0.741,0.563,4,10,0,329505,1
ACC_00004433,0.396,0.853,3,7,0,267492,0
ACC_00004434,0.237,0.817,4,22,0,118493,0
ACC_00004435,0.2,1.118,1,18,0,217043,1
ACC_00004436,0.848,0.111,5,22,1,259199,1
ACC_00004437,0.128,0.699,1,18,0,167394,0
ACC_00004438,0.191,0.789,4,7,0,136622,0
ACC_00004439,0.659,0.706,1,11,0,157488,1
ACC_00004440,0.747,0.064,4,2,0,153947,1
ACC_00004441,0.517,0.942,0,19,0,199995,1
ACC_00004442,0.819,0.887,4,11,1,118309,1
ACC_00004443,0.454,0.949,4,31,0,74618,0
ACC_00004444,0.791,0.822,1,9,0,169280,1
ACC_00004445,0.075,0.424,2,23,0,301633,1
ACC_00004446,0.799,0.449,3,26,0,235421,1
ACC_00004447,0.234,0.31,2,19,0,217630,0
ACC_00004448,0.41,0.505,4,2,1,98175,1
ACC_00004449,0.619,0.601,3,18,0,285798,1
ACC_00004450,0.053,0.313,3,31,0,251916,0
ACC_00004451,0.642,0.901,1,10,1,275114,1
ACC_00004452,0.3,0.291,1,14,0,206572,0
ACC_00004453,0.828,0.351,4,27,0,119539,1
ACC_00004454,0.837,0.596,2,22,0,80640,1
ACC_00004455,0.128,0.62,5,20,0,238922,0
ACC_00004456,0.366,0.304,3,16,1,230158,1
ACC_00004457,0.43,0.943,4,28,0,188032,0
ACC_00004458,0.37,1.047,2,4,1,162828,1
ACC_00004459,0.082,0.956,0,14,0,165234,1
ACC_00004460,0.41,0.567,4,9,1,217057,1
ACC_00004461,0.205,0.797,5,21,0,84288,0
ACC_00004462,0.357,0.915,2,26,0,155821,0
ACC_00004463,0.293,0.029,5,19,0,233401,0
ACC_00004464,0.626,1.091,1,31,1,302953,1
ACC_00004465,0.099,1.147,4,18,1,113957,1
ACC_00004466,0.114,0.551,5,10,0,107767,0
ACC_00004467,0.545,0.978,5,16,0,227538,1
ACC_00004468,0.464,0.223,1,15,0,132279,0
ACC_00004469,0.76,0.235,0,28,0,214710,1
ACC_00004470,0.096,0.564,4,2,0,318631,0
ACC_00004471,0.404,0.139,4,25,0,219762,0
ACC_00004472,0.656,0.389,2,5,0,122650,1
ACC_00004473,0.516,0.516,1,7,0,36538,1
ACC_00004474,0.588,0.93,0,11,1,60240,1
ACC_00004475,0.755,0.083,3,9,0,163650,1
ACC_00004476,0.35,1.111,4,6,0,336322,1
ACC_00004477,0.663,0.968,1,23,1,232188,1
ACC_00004478,0.297,0.848,3,10,0,184881,0
ACC_00004479,0.274,0.899,1,9,0,70874,0
ACC_00004480,0.525,1.183,1,30,0,255543,1
ACC_00004481,0.789,0.414,4,8,0,205898,1
ACC_00004482,0.631,0.14,2,7,0,197096,1
ACC_00004483,0.433,0.031,4,5,1,140597,1
ACC_00004484,0.555,0.333,1,19,0,205494,1
ACC_00004485,0.426,0.193,5,31,0,264276,0
ACC_00004486,0.827,0.442,4,30,0,125393,1
ACC_00004487,0.131,0.98,3,10,1,169825,1
ACC_00004488,0.162,1.08,2,2,0,53277,1
ACC_00004489,0.359,0.577,4,3,0,286323,0
ACC_00004490,0.277,0.591,0,17,0,180562,1
ACC_00004491,0.68,0.196,5,4,1,200288,1
ACC_00004492,0.396,0.701,0,20,0,188985,1
ACC_00004493,0.502,0.546,5,31,0,257139,1
ACC_00004494,0.636,1.032,2,10,1,227594,1
ACC_00004495,0.277,0.255,1,20,0,129973,0
ACC_00004496,0.443,1.231,1,9,1,269163,1
ACC_00004497,0.326,1.191,4,12,0,141866,1
ACC_00004498,0.363,1.096,1,14,1,253702,1
ACC_00004499,0.643,0.114,1,8,0,144556,1
ACC_00004500,0.683,0.341,4,12,1,143418,1
ACC_00004501,0.302,1.153,4,19,1,113919,1
ACC_00004502,0.331,1.234,4,10,1,134734,1
ACC_00004503,0.53,0.649,1,32,0,171245,1
ACC_00004504,0.262,1.061,0,28,0,281474,1
ACC_00004505,0.422,0.983,4,16,1,34205,1
ACC_00004506,0.256,0.255,2,20,0,261095,0
ACC_00004507,0.454,0.191,1,11,0,341181,0
ACC_00004508,0.516,0.975,2,12,0,278709,1
ACC_00004509,0.269,0.604,5,22,1,260736,1
ACC_00004510,0.457,0.796,2,25,0,307514,0
ACC_00004511,0.224,1.244,2,25,1,287390,1
ACC_00004512,0.81,0.467,5,25,0,153411,1
ACC_00004513,0.07,0.514,0,25,0,103579,0
ACC_00004514,0.671,0.045,5,18,1,140289,1
ACC_00004515,0.643,0.556,0,30,0,162596,1
ACC_00004516,0.556,0.306,2,11,0,287724,1
ACC_00004517,0.555,0.449,4,9,0,327831,1
ACC_00004518,0.206,0.848,3,27,0,248389,0
ACC_00004519,0.079,0.486,0,20,0,101965,0
ACC_00004520,0.098,0.902,4,9,1,212556,1
ACC_00004521,0.288,0.483,4,29,0,116768,0
ACC_00004522,0.492,0.272,5,7,0,141822,1
ACC_00004523,0.078,1.066,0,5,0,302904,1
ACC_00004524,0.437,0.129,5,20,0,229787,0
ACC_00004525,0.552,1.138,3,13,1,300013,1
ACC_00004526,0.432,0.987,1,27,0,214456,1
ACC_00004527,0.352,1.198,0,7,1,247653,1
ACC_00004528,0.194,0.074,3,19,0,251466,0
ACC_00004529,0.515,0.292,2,4,0,74792,1
ACC_00004530,0.458,1.068,0,9,0,236831,1
ACC_00004531,0.307,0.113,1,16,0,121981,0
ACC_00004532,0.236,1.02,1,22,0,161275,1
ACC_00004533,0.52,0.277,1,11,0,207678,1
ACC_00004534,0.415,1.121,0,16,1,233977,1
ACC_00004535,0.716,1.011,4,31,0,44708,1
ACC_00004536,0.743,0.679,1,16,0,187644,1
ACC_00004537,0.49,0.363,5,22,0,280834,0
ACC_00004538,0.396,0.932,4,16,0,291993,0
ACC_00004539,0.603,1.233,3,19,1,182169,1
ACC_00004540,0.498,0.147,2,25,0,131497,0
ACC_00004541,0.515,0.225,0,13,0,301631,1
ACC_00004542,0.137,0.961,0,11,1,242600,1
ACC_00004543,0.797,0.762,4,24,0,199313,1
ACC_00004544,0.282,1.03,3,18,1,312952,1
ACC_00004545,0.667,0.555,2,25,0,349325,1
ACC_00004546,0.34,0.994,1,20,0,141329,1
ACC_00004547,0.525,0.556,4,4,1,132992,1
ACC_00004548,0.383,1.003,3,8,0,220955,1
ACC_00004549,0.676,0.249,3,21,0,290095,1
ACC_00004550,0.736,0.404,5,32,1,50189,1
ACC_00004551,0.28,0.842,3,11,1,173315,1
ACC_00004552,0.771,0.77,2,4,0,266855,1
ACC_00004553,0.342,0.104,3,17,0,285614,0
ACC_00004554,0.552,0.236,0,25,0,343491,1
ACC_00004555,0.067,0.288,0,15,0,278395,0
ACC_00004556,0.668,0.421,1,16,0,213226,1
ACC_00004557,0.723,0.33,1,21,0,218695,1
ACC_00004558,0.354,0.226,0,7,0,211932,0
ACC_00004559,0.476,0.34,0,29,0,124151,0
ACC_00004560,0.475,0.185,5,5,0,110780,0
ACC_00004561,0.223,0.803,3,24,0,327208,0
ACC_00004562,0.469,0.992,0,23,0,327662,1
ACC_00004563,0.499,0.922,0,3,1,156713,1
ACC_00004564,0.808,0.358,0,9,0,212665,1
ACC_00004565,0.719,0.971,5,20,0,70832,1
ACC_00004566,0.786,0.069,2,27,0,335781,1
ACC_00004567,0.651,1.21,4,9,0,48557,1
ACC_00004568,0.267,0.224,2,4,0,228093,0
ACC_00004569,0.518,0.544,5,27,1,313722,1
ACC_00004570,0.153,1.024,1,13,0,204144,1
ACC_00004571,0.503,0.564,4,17,0,249532,1
ACC_00004572,0.771,1.096,3,28,1,135907,1
ACC_00004573,0.292,0.552,4,29,0,226750,0
ACC_00004574,0.056,0.679,5,8,0,122720,0
ACC_00004575,0.403,0.343,1,15,0,140141,0
ACC_00004576,0.108,1.195,1,18,0,305186,1
ACC_00004577,0.439,0.334,4,8,0,197344,0
ACC_00004578,0.718,0.806,4,4,0,171137,1
ACC_00004579,0.67,0.372,4,6,0,314325,1
ACC_00004580,0.524,0.285,4,6,0,107095,1
ACC_00004581,0.262,1.018,0,16,1,216614,1
ACC_00004582,0.493,0.294,1,26,0,299188,0
ACC_00004583,0.815,0.415,3,4,1,70445,1
ACC_00004584,0.173,0.044,3,2,1,225187,1
ACC_00004585,0.084,0.049,5,5,1,147968,1
ACC_00004586,0.756,0.326,4,15,0,109405,1
ACC_00004587,0.563,0.492,5,2,1,256944,1
ACC_00004588,0.514,0.505,5,2,0,250102,1
ACC_00004589,0.17,1.105,3,26,0,339741,1
ACC_00004590,0.242,0.957,3,13,0,203397,1
ACC_00004591,0.057,1.048,4,9,1,61627,1
ACC_00004592,0.169,0.41,3,18,0,256568,0
ACC_00004593,0.494,0.992,0,22,0,106157,1
ACC_00004594,0.592,1.087,4,15,1,172450,1
ACC_00004595,0.407,0.934,4,10,0,55528,0
ACC_00004596,0.603,0.354,2,9,0,142235,1
ACC_00004597,0.103,0.711,3,12,0,255859,0
ACC_00004598,0.17,0.397,4,10,0,247520,0
ACC_00004599,0.194,0.51,0,17,0,322613,0
ACC_00004600,0.543,0.153,0,13,0,294722,1
ACC_00004601,0.522,1.071,1,19,1,43081,1
ACC_00004602,0.271,0.279,0,31,0,244674,0
ACC_00004603,0.571,1.199,0,23,1,309780,1
ACC_00004604,0.288,0.79,4,27,0,113785,0
ACC_00004605,0.152,1.218,0,23,0,212417,1
ACC_00004606,0.62,0.653,0,24,0,252146,1
ACC_00004607,0.083,0.323,1,15,0,143344,0
ACC_00004608,0.544,0.304,5,22,1,182775,1
ACC_00004609,0.61,0.711,5,26,1,346878,1
ACC_00004610,0.175,0.41,4,4,0,171643,0
ACC_00004611,0.286,1.186,5,22,0,332667,1
ACC_00004612,0.068,0.645,5,27,1,315421,1
ACC_00004613,0.704,0.825,0,17,0,79790,1
ACC_00004614,0.324,0.068,4,11,0,137441,0
ACC_00004615,0.143,1.016,2,23,1,254752,1
ACC_00004616,0.592,0.506,0,17,0,199416,1
ACC_00004617,0.403,0.082,4,7,0,326142,0
ACC_00004618,0.606,0.67,1,18,0,140976,1
ACC_00004619,0.296,1.102,3,28,1,129492,1
ACC_00004620,0.213,0.746,4,32,1,285905,1
ACC_00004621,0.671,0.855,2,29,0,178004,1
ACC_00004622,0.118,0.665,3,24,1,159271,1
ACC_00004623,0.356,0.756,1,31,0,252188,0
ACC_00004624,0.42,0.924,1,8,0,313996,1
ACC_00004625,0.373,0.739,0,31,0,81405,0
ACC_00004626,0.527,0.887,1,11,0,338522,1
ACC_00004627,0.468,0.784,3,19,1,32614,1
ACC_00004628,0.523,0.343,5,12,0,153119,1
ACC_00004629,0.091,0.912,1,29,1,265069,1
ACC_00004630,0.493,0.751,1,15,0,84277,0
ACC_00004631,0.504,0.656,2,16,0,238632,1
ACC_00004632,0.187,1.095,5,25,0,127763,1
ACC_00004633,0.725,0.038,0,20,0,242835,1
ACC_00004634,0.819,0.751,3,18,0,297205,1
ACC_00004635,0.789,0.449,4,10,1,63118,1
ACC_00004636,0.346,0.978,5,27,1,274243,1
ACC_00004637,0.069,0.601,4,16,0,348856,0
ACC_00004638,0.419,0.489,5,8,0,116119,0
ACC_00004639,0.172,0.891,3,14,1,72272,1
ACC_00004640,0.305,0.738,2,11,0,147273,0
ACC_00004641,0.587,1.247,3,7,1,271096,1
ACC_00004642,0.662,0.615,4,14,1,186146,1
ACC_00004643,0.373,0.396,0,31,0,348209,0
ACC_00004644,0.411,1.15,5,17,0,86786,1
ACC_00004645,0.37,1.21,4,19,0,152409,1
ACC_00004646,0.642,0.988,3,26,1,301679,1
ACC_00004647,0.65,0.773,4,22,0,100796,1
ACC_00004648,0.788,0.111,1,4,0,220068,1
ACC_00004649,0.664,0.189,2,11,0,251709,1
ACC_00004650,0.405,0.99,0,21,0,185289,1
ACC_00004651,0.116,0.546,1,9,0,66523,1
ACC_00004652,0.604,0.699,1,7,0,200772,1
ACC_00004653,0.411,0.084,4,4,0,99117,0
ACC_00004654,0.737,0.666,5,9,0,127233,1
ACC_00004655,0.662,1.008,0,28,0,105879,1
ACC_00004656,0.44,0.686,0,11,0,278906,0
ACC_00004657,0.58,0.456,2,2,0,336948,1
ACC_00004658,0.269,0.733,1,29,0,90013,0
ACC_00004659,0.576,0.033,0,28,0,73519,1
ACC_00004660,0.718,0.084,5,9,1,202101,1
ACC_00004661,0.192,0.297,0,5,0,258599,0
ACC_00004662,0.16,0.197,0,17,0,286810,0
ACC_00004663,0.729,0.712,5,22,1,306463,1
ACC_00004664,0.498,0.309,5,13,0,237168,0
ACC_00004665,0.433,0.452,3,28,1,251922,1
ACC_00004666,0.199,1.219,2,32,1,113585,1
ACC_00004667,0.795,0.825,4,28,0,259120,1
ACC_00004668,0.376,0.269,1,25,0,124244,0
ACC_00004669,0.673,0.91,3,5,0,315470,1
ACC_00004670,0.517,0.565,5,21,0,112082,1
ACC_00004671,0.774,0.213,1,16,0,211200,1
ACC_00004672,0.407,0.417,4,26,1,67222,1
ACC_00004673,0.776,0.19,2,3,0,169393,1
ACC_00004674,0.813,0.071,1,23,0,275265,1
ACC_00004675,0.603,0.534,1,6,0,200490,1
ACC_00004676,0.836,1.241,2,4,0,346849,1
ACC_00004677,0.66,0.544,1,11,0,121788,1
ACC_00004678,0.135,0.407,4,29,0,120076,0
ACC_00004679,0.501,1.145,5,20,1,313699,1
ACC_00004680,0.068,0.968,4,3,0,246323,1
ACC_00004681,0.528,0.832,4,18,0,120965,1
ACC_00004682,0.698,0.019,3,19,0,105250,1
ACC_00004683,0.562,0.627,5,15,1,190778,1
ACC_00004684,0.567,1.019,3,15,0,311574,1
ACC_00004685,0.224,1.016,4,17,0,342838,1
ACC_00004686,0.273,1.152,1,26,0,344458,1
ACC_00004687,0.102,0.853,0,29,0,287930,0
ACC_00004688,0.74,0.755,1,5,0,181526,1
ACC_00004689,0.743,0.192,3,32,0,115657,1
ACC_00004690,0.214,0.435,3,8,0,196608,0
ACC_00004691,0.681,1.129,3,24,0,298666,1
ACC_00004692,0.088,0.558,0,10,0,51140,0
ACC_00004693,0.355,0.172,4,29,0,193723,0
ACC_00004694,0.766,0.688,3,23,0,145302,1
ACC_00004695,0.809,1.203,0,17,0,152125,1
ACC_00004696,0.557,0.548,5,7,1,251696,1
ACC_00004697,0.431,0.656,0,15,0,56354,0
ACC_00004698,0.322,0.965,2,27,1,252611,1
ACC_00004699,0.183,0.635,4,30,0,64365,0
ACC_00004700,0.122,1.024,4,6,0,200160,1
ACC_00004701,0.766,0.195,2,25,0,259088,1
ACC_00004702,0.306,0.566,0,27,0,30574,0
ACC_00004703,0.664,0.024,3,30,1,225170,1
ACC_00004704,0.803,0.253,3,28,0,340347,1
ACC_00004705,0.568,0.168,1,10,0,335414,1
ACC_00004706,0.386,0.178,4,32,0,346369,0
ACC_00004707,0.815,0.996,3,25,0,282535,1
ACC_00004708,0.719,1.171,0,3,0,240905,1
ACC_00004709,0.6,0.975,2,26,0,249899,1
ACC_00004710,0.487,0.091,3,29,0,168460,0
ACC_00004711,0.667,0.361,2,29,0,34953,1
ACC_00004712,0.511,1.121,5,22,0,273562,1
ACC_00004713,0.078,0.766,2,3,0,113766,0
ACC_00004714,0.536,0.309,4,9,1,217073,1
ACC_00004715,0.537,0.515,1,32,0,284137,1
ACC_00004716,0.521,1.081,3,29,0,213086,1
ACC_00004717,0.43,0.353,5,31,1,279209,1
ACC_00004718,0.087,0.591,3,30,0,57857,0
ACC_00004719,0.632,0.023,5,32,0,90825,1
ACC_00004720,0.454,1.063,4,26,0,348129,1
ACC_00004721,0.122,0.622,0,24,0,123987,0
ACC_00004722,0.434,0.325,1,17,0,45569,0
ACC_00004723,0.144,0.959,5,16,0,262384,1
ACC_00004724,0.698,0.412,2,8,0,61519,1
ACC_00004725,0.791,0.702,5,13,1,266182,1
ACC_00004726,0.495,0.679,5,23,0,319106,0
ACC_00004727,0.587,1.169,5,17,0,43155,1
ACC_00004728,0.689,0.531,5,18,1,146700,1
ACC_00004729,0.427,0.798,5,23,0,184129,0
ACC_00004730,0.495,1.185,5,18,0,224622,1
ACC_00004731,0.654,0.226,5,2,0,294485,1
ACC_00004732,0.699,0.588,3,7,0,70418,1
ACC_00004733,0.344,0.885,3,14,0,247328,0
ACC_00004734,0.087,0.522,4,23,1,186160,1
ACC_00004735,0.059,0.228,0,8,0,267674,0
ACC_00004736,0.843,1.054,3,3,1,240816,1
ACC_00004737,0.057,0.195,5,8,0,330061,0
ACC_00004738,0.526,0.51,2,15,0,292418,1
ACC_00004739,0.803,0.046,3,30,1,302504,1
ACC_00004740,0.812,0.635,5,7,0,124960,1
ACC_00004741,0.375,0.676,2,26,0,30556,0
ACC_00004742,0.178,0.972,2,24,0,277301,1
ACC_00004743,0.757,0.678,1,15,0,275257,1
ACC_00004744,0.718,0.767,4,23,1,101952,1
ACC_00004745,0.354,0.735,3,12,0,175425,0
ACC_00004746,0.612,0.485,2,27,0,192761,1
ACC_00004747,0.175,1.019,5,9,0,190757,1
ACC_00004748,0.308,0.829,1,18,0,183857,0
ACC_00004749,0.74,0.961,1,5,0,224232,1
ACC_00004750,0.68,1.02,0,4,1,115040,1
ACC_00004751,0.295,0.737,2,20,0,105004,0
ACC_00004752,0.072,1.031,2,24,1,136874,1
ACC_00004753,0.439,1.046,4,8,1,192018,1
ACC_00004754,0.235,0.926,4,28,1,169592,1
ACC_00004755,0.588,1.099,0,9,0,75247,1
ACC_00004756,0.159,0.588,2,6,0,59429,0
ACC_00004757,0.39,0.171,5,12,0,166980,0
ACC_00004758,0.172,0.053,4,28,0,231233,1
ACC_00004759,0.374,0.67,4,10,0,95205,0
ACC_00004760,0.206,0.642,2,24,0,31845,0
ACC_00004761,0.826,1.071,1,5,0,190623,1
ACC_00004762,0.594,1.203,2,19,1,135583,1
ACC_00004763,0.36,1.1,2,12,0,128449,1
ACC_00004764,0.231,1.233,3,22,1,204217,1
ACC_00004765,0.099,0.409,2,21,0,301349,0
ACC_00004766,0.739,0.599,2,26,0,183355,1
ACC_00004767,0.771,0.805,2,26,0,256533,1
ACC_00004768,0.794,0.427,4,8,1,119659,1
ACC_00004769,0.766,0.546,1,11,0,238716,1
ACC_00004770,0.82,0.125,0,12,0,39088,1
ACC_00004771,0.477,0.547,3,24,0,101296,0
ACC_00004772,0.307,0.381,2,24,0,47503,0
ACC_00004773,0.246,1.101,0,20,1,323220,1
ACC_00004774,0.804,0.405,5,4,0,108590,1
ACC_00004775,0.805,0.804,5,5,0,323078,1
ACC_00004776,0.059,1.073,1,30,0,230814,1
ACC_00004777,0.504,0.286,3,22,1,85094,1
ACC_00004778,0.203,0.94,2,31,1,338792,1
ACC_00004779,0.492,0.695,0,6,0,220792,0
ACC_00004780,0.121,0.029,3,15,0,214835,0
ACC_00004781,0.232,1.139,3,30,1,170263,1
ACC_00004782,0.545,0.119,1,15,0,347535,1
ACC_00004783,0.06,0.103,5,19,0,123856,0
ACC_00004784,0.753,1.183,2,18,0,138167,1
ACC_00004785,0.213,0.204,4,10,0,135008,0
ACC_00004786,0.302,0.063,3,11,0,255817,0
ACC_00004787,0.548,0.366,5,6,0,146629,1
ACC_00004788,0.599,0.172,0,8,0,307309,1
ACC_00004789,0.396,0.787,5,19,0,346387,0
ACC_00004790,0.322,1.216,2,21,1,119110,1
ACC_00004791,0.093,0.158,5,20,1,214330,1
ACC_00004792,0.322,0.824,2,21,0,144196,0
ACC_00004793,0.313,0.18,2,28,0,35322,0
ACC_00004794,0.26,0.554,4,13,1,56581,1
ACC_00004795,0.342,0.674,5,3,0,225283,0
ACC_00004796,0.358,1.168,2,4,1,184907,1
ACC_00004797,0.722,0.501,0,25,0,316777,1
ACC_00004798,0.106,0.161,1,9,0,65566,0
ACC_00004799,0.182,0.829,0,25,0,140027,0
ACC_00004800,0.835,0.843,1,7,0,155020,1
ACC_00004801,0.452,0.593,2,3,0,62189,0
ACC_00004802,0.448,1.009,4,23,0,93720,1
ACC_00004803,0.301,0.568,3,4,1,45354,1
ACC_00004804,0.165,0.351,3,11,0,166053,0
ACC_00004805,0.585,0.266,1,29,0,286502,1
ACC_00004806,0.726,0.327,3,12,0,44493,1
ACC_00004807,0.3,0.69,4,25,0,265151,0
ACC_00004808,0.263,0.584,1,16,0,314078,0
ACC_00004809,0.44,1.06,3,24,0,146287,1
ACC_00004810,0.511,0.231,4,15,0,223083,1
ACC_00004811,0.423,0.624,5,11,0,182333,0
ACC_00004812,0.608,0.988,4,11,0,151269,1
ACC_00004813,0.313,0.935,0,9,0,37751,0
ACC_00004814,0.17,0.287,5,13,0,40622,0
ACC_00004815,0.254,0.217,5,27,0,346291,0
ACC_00004816,0.126,0.289,0,7,0,101208,0
ACC_00004817,0.133,0.804,0,15,0,185479,0
ACC_00004818,0.794,0.766,2,20,0,109564,1
ACC_00004819,0.732,0.718,5,9,0,81365,1
ACC_00004820,0.481,0.884,1,14,0,336626,0
ACC_00004821,0.445,0.65,2,9,0,43315,0
ACC_00004822,0.745,1.053,0,8,0,100607,1
ACC_00004823,0.63,0.619,1,30,0,47143,1
ACC_00004824,0.385,0.437,0,5,0,269945,0
ACC_00004825,0.199,0.566,1,23,0,199557,0
ACC_00004826,0.63,0.834,5,30,0,160562,1
ACC_00004827,0.694,0.205,0,4,0,67594,1
ACC_00004828,0.547,0.332,3,29,0,125630,1
ACC_00004829,0.455,0.474,5,17,1,202869,1
ACC_00004830,0.803,0.402,1,22,0,121230,1
ACC_00004831,0.061,0.069,5,18,1,49694,1
ACC_00004832,0.814,0.829,2,20,0,79204,1
ACC_00004833,0.486,0.304,5,16,0,280618,0
ACC_00004834,0.189,0.808,4,28,1,281164,1
ACC_00004835,0.676,0.864,0,28,0,297110,1
ACC_00004836,0.22,1.086,3,4,0,102462,1
ACC_00004837,0.214,0.562,2,5,0,174539,0
ACC_00004838,0.147,0.572,1,18,0,282390,0
ACC_00004839,0.147,0.091,4,20,1,74992,1
ACC_00004840,0.205,0.344,3,25,0,145524,0
ACC_00004841,0.444,0.801,1,10,0,186859,0
ACC_00004842,0.455,1.247,5,12,0,31575,1
ACC_00004843,0.426,0.601,0,21,0,165227,0
ACC_00004844,0.527,0.34,4,21,0,72728,1
ACC_00004845,0.082,0.095,4,9,0,159881,0
ACC_00004846,0.435,0.884,2,15,0,271265,0
ACC_00004847,0.122,0.484,2,14,0,162808,0
ACC_00004848,0.721,1.2,2,18,1,281584,1
ACC_00004849,0.311,0.136,0,31,0,193333,0
ACC_00004850,0.556,0.869,2,27,0,265581,1
ACC_00004851,0.282,1.011,4,11,0,166147,1
ACC_00004852,0.399,0.574,2,32,0,228341,0
ACC_00004853,0.635,0.657,2,6,0,254512,1
ACC_00004854,0.583,0.231,4,22,0,241255,1
ACC_00004855,0.147,0.689,2,11,0,156541,0
ACC_00004856,0.828,0.038,5,26,0,83652,1
ACC_00004857,0.369,1.066,3,5,0,115983,1
ACC_00004858,0.71,0.132,1,32,0,47374,1
ACC_00004859,0.356,0.537,3,3,1,348213,1
ACC_00004860,0.48,0.102,5,13,1,55359,1
ACC_00004861,0.166,0.806,0,15,0,137833,0
ACC_00004862,0.481,0.103,1,18,0,67178,0
ACC_00004863,0.681,0.802,3,32,0,244689,1
ACC_00004864,0.262,1.077,4,8,0,180206,1
ACC_00004865,0.74,0.254,2,31,0,138053,1
ACC_00004866,0.809,1.184,2,8,1,212720,1
ACC_00004867,0.722,0.139,1,11,0,134602,1
ACC_00004868,0.67,1.184,2,27,0,97677,1
ACC_00004869,0.614,0.564,5,32,0,345925,1
ACC_00004870,0.137,1.038,5,30,1,248714,1
ACC_00004871,0.464,0.958,4,23,0,234825,1
ACC_00004872,0.227,0.692,0,3,0,183722,1
ACC_00004873,0.173,0.994,0,9,1,169921,1
ACC_00004874,0.358,0.778,0,10,0,210908,0
ACC_00004875,0.172,0.204,3,17,0,260942,0
ACC_00004876,0.444,1.075,1,22,0,109313,1
ACC_00004877,0.228,0.052,3,15,0,199611,0
ACC_00004878,0.828,1.197,5,16,1,82494,1
ACC_00004879,0.369,0.32,1,32,0,165632,0
ACC_00004880,0.559,0.875,1,30,0,178692,1
ACC_00004881,0.844,0.243,2,22,0,140625,1
ACC_00004882,0.08,0.252,4,2,1,276947,1
ACC_00004883,0.444,0.119,3,3,0,115810,0
ACC_00004884,0.464,0.152,1,29,0,348715,1
ACC_00004885,0.726,0.61,5,6,1,132911,1
ACC_00004886,0.755,0.014,3,20,0,290330,1
ACC_00004887,0.773,0.476,4,19,1,248452,1
ACC_00004888,0.465,0.351,0,2,0,329213,0
ACC_00004889,0.123,1.205,3,25,0,71412,1
ACC_00004890,0.843,1.204,1,27,0,101052,1
ACC_00004891,0.204,0.058,3,11,0,116506,0
ACC_00004892,0.317,0.746,5,19,0,86028,0
ACC_00004893,0.69,0.456,4,5,1,99342,1
ACC_00004894,0.816,0.439,0,29,0,30992,1
ACC_00004895,0.171,0.094,4,7,1,180320,1
ACC_00004896,0.058,0.874,2,10,0,275157,0
ACC_00004897,0.629,0.416,0,28,0,231857,1
ACC_00004898,0.599,1.203,4,23,1,262522,1
ACC_00004899,0.402,0.764,1,6,0,95812,0
ACC_00004900,0.834,0.429,5,31,0,338565,1
ACC_00004901,0.353,0.389,2,3,0,330301,0
ACC_00004902,0.819,0.931,2,17,1,218533,1
ACC_00004903,0.515,1.203,3,4,0,326444,1
ACC_00004904,0.173,0.178,4,31,0,241645,0
ACC_00004905,0.668,0.026,0,21,0,166283,1
ACC_00004906,0.273,1.139,1,24,0,238006,1
ACC_00004907,0.792,0.464,5,24,1,153488,1
ACC_00004908,0.705,0.665,1,5,0,83586,1
ACC_00004909,0.123,0.209,2,15,0,276862,0
ACC_00004910,0.651,0.154,5,13,0,218700,1
ACC_00004911,0.826,0.994,0,24,1,260268,1
ACC_00004912,0.112,0.782,5,2,1,57420,1
ACC_00004913,0.063,1.202,1,21,0,82248,1
ACC_00004914,0.737,0.668,3,7,0,343723,1
ACC_00004915,0.072,0.706,0,19,0,205566,0
ACC_00004916,0.441,0.871,4,4,0,248554,0
ACC_00004917,0.273,0.374,3,29,0,284759,0
ACC_00004918,0.324,0.02,2,6,0,349967,0
ACC_00004919,0.076,0.723,4,4,1,311868,1
ACC_00004920,0.772,0.166,2,7,0,48676,1
ACC_00004921,0.547,1.117,4,12,1,263779,1
ACC_00004922,0.789,0.532,5,28,0,122090,1
ACC_00004923,0.634,1.209,2,14,0,232441,1
ACC_00004924,0.402,0.628,3,8,0,191705,0
ACC_00004925,0.261,1.194,0,21,0,179283,1
ACC_00004926,0.289,0.395,5,9,0,208858,0
ACC_00004927,0.354,0.017,3,29,0,264153,0
ACC_00004928,0.652,0.537,1,6,0,72267,1
ACC_00004929,0.214,0.915,0,18,0,262310,0
ACC_00004930,0.739,0.268,5,8,0,299032,1
ACC_00004931,0.278,1.134,4,30,0,218817,1
ACC_00004932,0.545,0.227,4,6,0,221557,1
ACC_00004933,0.246,1.077,5,23,0,47207,1
ACC_00004934,0.679,0.881,5,27,1,243039,1
ACC_00004935,0.364,0.387,2,11,0,278947,0
ACC_00004936,0.134,0.636,0,25,0,348591,0
ACC_00004937,0.384,0.577,2,4,0,73174,0
ACC_00004938,0.705,0.867,5,13,0,157633,1
ACC_00004939,0.137,0.302,3,8,0,298117,0
ACC_00004940,0.761,1.193,4,6,1,35279,1
ACC_00004941,0.693,1.208,3,14,0,334511,1
ACC_00004942,0.672,0.737,4,30,1,70711,1
ACC_00004943,0.416,0.542,1,25,0,144310,0
ACC_00004944,0.574,1.109,1,11,0,228733,1
ACC_00004945,0.449,0.905,5,27,0,135331,0
ACC_00004946,0.113,0.449,5,24,0,98107,0
ACC_00004947,0.755,0.713,4,21,0,35723,1
ACC_00004948,0.536,1.159,0,8,0,68605,1
ACC_00004949,0.822,0.951,3,19,1,299873,1
ACC_00004950,0.052,1.067,1,2,0,200853,1
ACC_00004951,0.284,0.581,1,4,0,139773,0
ACC_00004952,0.44,1.073,4,2,1,333667,1
ACC_00004953,0.116,0.24,0,5,0,137621,0
ACC_00004954,0.558,0.48,2,22,0,101245,1
ACC_00004955,0.566,1.005,0,29,1,31270,1
ACC_00004956,0.275,0.684,0,29,0,70929,0
ACC_00004957,0.45,0.024,3,10,0,250086,0
ACC_00004958,0.555,0.308,5,14,0,331352,1
ACC_00004959,0.103,0.475,3,2,0,178053,0
ACC_00004960,0.539,0.606,4,14,0,185415,1
ACC_00004961,0.729,0.399,5,27,0,47863,1
ACC_00004962,0.817,0.716,4,18,0,133135,1
ACC_00004963,0.502,0.794,4,18,1,329607,1
ACC_00004964,0.128,0.38,1,31,0,159896,0
ACC_00004965,0.243,1.145,0,9,0,125055,1
ACC_00004966,0.116,0.639,0,13,0,259263,1
ACC_00004967,0.446,0.87,3,20,1,271667,1
ACC_00004968,0.637,1.054,1,25,1,333325,1
ACC_00004969,0.432,0.799,5,15,0,296619,0
ACC_00004970,0.387,0.041,4,10,0,90447,0
ACC_00004971,0.432,0.577,2,10,0,275487,0
ACC_00004972,0.142,0.957,5,2,0,302906,1
ACC_00004973,0.236,1.074,1,26,1,334997,1
ACC_00004974,0.341,1.18,4,17,1,320067,1
ACC_00004975,0.477,0.793,5,3,0,165998,0
ACC_00004976,0.052,1.123,1,30,1,172249,1
ACC_00004977,0.621,1.211,4,11,0,330669,1
ACC_00004978,0.266,0.933,4,13,1,127602,1
ACC_00004979,0.495,0.2,2,24,0,347492,0
ACC_00004980,0.361,1.072,1,8,1,299839,1
ACC_00004981,0.545,0.164,5,25,1,228804,1
ACC_00004982,0.398,0.394,4,28,1,102931,1
ACC_00004983,0.683,1.02,1,10,1,278110,1
ACC_00004984,0.109,0.83,5,26,0,71777,0
ACC_00004985,0.816,0.66,1,7,0,141890,1
ACC_00004986,0.197,0.06,0,4,0,349989,0
ACC_00004987,0.758,0.243,5,19,0,240664,1
ACC_00004988,0.423,0.229,3,18,1,131772,1
ACC_00004989,0.617,0.138,3,21,1,97018,1
ACC_00004990,0.802,0.929,4,7,0,162936,1
ACC_00004991,0.433,0.018,0,23,0,223489,1
ACC_00004992,0.321,0.779,4,3,0,279820,0
ACC_00004993,0.599,0.67,1,8,0,276433,1
ACC_00004994,0.18,0.993,3,26,1,199490,1
ACC_00004995,0.67,1.123,0,20,0,139111,1
ACC_00004996,0.55,0.234,5,6,0,245907,1
ACC_00004997,0.506,0.821,2,6,0,322733,1
ACC_00004998,0.481,0.207,1,28,0,87731,0
ACC_00004999,0.567,0.716,1,8,0,271236,1
ACC_00005000,0.582,0.505,3,6,0,247513,1
ACC_00005001,0.212,0.062,0,25,0,250651,0
ACC_00005002,0.65,0.151,3,26,0,246192,1
ACC_00005003,0.649,0.51,4,30,1,309935,1
ACC_00005004,0.385,0.384,3,20,0,85504,0
ACC_00005005,0.458,0.744,3,5,1,339126,1
ACC_00005006,0.154,1.033,1,26,1,48197,1
ACC_00005007,0.78,0.927,2,17,0,59272,1
ACC_00005008,0.755,0.325,1,31,0,217475,1
ACC_00005009,0.144,0.708,2,11,0,224732,1
ACC_00005010,0.723,0.869,4,5,0,53576,1
ACC_00005011,0.4,0.076,0,11,0,253094,0
ACC_00005012,0.275,0.208,3,11,0,291627,0
ACC_00005013,0.145,0.865,4,6,0,102715,0
ACC_00005014,0.339,0.851,3,16,0,44719,0
ACC_00005015,0.338,1.125,3,8,1,37273,1
ACC_00005016,0.266,0.467,4,3,0,208669,0
ACC_00005017,0.519,0.74,0,22,0,225270,1
ACC_00005018,0.829,1.174,4,23,0,260978,1
ACC_00005019,0.464,0.115,0,27,0,269790,0
ACC_00005020,0.127,0.339,3,29,1,278911,1
ACC_00005021,0.264,0.071,2,18,0,77550,0
ACC_00005022,0.185,0.77,3,30,0,69530,0
ACC_00005023,0.63,0.223,4,22,1,46736,1
ACC_00005024,0.681,1.125,5,10,1,253759,1
ACC_00005025,0.819,1.039,2,23,1,270887,1
ACC_00005026,0.547,0.136,4,12,1,221355,1
ACC_00005027,0.339,0.834,5,8,1,98612,1
ACC_00005028,0.311,0.204,2,7,0,83282,0
ACC_00005029,0.298,0.69,4,29,0,333610,1
ACC_00005030,0.581,0.848,1,4,0,225929,1
ACC_00005031,0.505,1.087,1,19,1,80028,1
ACC_00005032,0.722,1.128,2,9,0,349710,1
ACC_00005033,0.183,0.611,3,13,1,292197,1
ACC_00005034,0.421,0.688,2,19,0,172669,0
ACC_00005035,0.095,0.559,5,23,0,45419,0
ACC_00005036,0.32,0.698,4,14,1,323728,1
ACC_00005037,0.616,0.763,3,8,0,190643,1
ACC_00005038,0.172,0.15,5,2,1,290539,1
ACC_00005039,0.466,0.36,3,26,0,143832,0
ACC_00005040,0.412,1.096,2,28,0,179069,1
ACC_00005041,0.475,1.073,1,23,1,213376,1
ACC_00005042,0.175,0.843,1,8,0,207617,0
ACC_00005043,0.356,0.752,1,22,0,192495,0
ACC_00005044,0.398,0.977,4,28,0,321489,1
ACC_00005045,0.774,0.258,2,15,0,134234,1
ACC_00005046,0.623,0.033,3,2,1,308824,1
ACC_00005047,0.654,0.154,5,11,0,244680,1
ACC_00005048,0.302,0.498,4,5,1,335371,1
ACC_00005049,0.454,0.386,5,13,1,115087,1
ACC_00005050,0.527,0.302,1,22,0,324237,1
ACC_00005051,0.845,1.217,4,6,0,333428,1
ACC_00005052,0.579,0.643,5,19,1,340353,1
ACC_00005053,0.403,0.871,5,5,1,199535,1
ACC_00005054,0.156,0.812,3,12,1,131692,1
ACC_00005055,0.367,0.443,3,27,0,349739,0
ACC_00005056,0.135,0.613,1,21,0,253970,0
ACC_00005057,0.237,0.241,2,2,0,232309,0
ACC_00005058,0.199,1.204,5,9,0,314178,1
ACC_00005059,0.574,0.547,1,24,0,47299,1
ACC_00005060,0.581,0.313,3,5,0,133414,1
ACC_00005061,0.539,0.97,0,26,1,185049,1
ACC_00005062,0.501,0.847,0,4,0,161593,1
ACC_00005063,0.776,0.829,0,23,0,81090,1
ACC_00005064,0.531,0.284,0,21,0,157214,1
ACC_00005065,0.128,0.13,5,22,1,146065,1
ACC_00005066,0.137,0.67,5,15,1,218988,1
ACC_00005067,0.783,1.047,5,11,0,321777,1
ACC_00005068,0.609,0.045,1,19,0,104242,1
ACC_00005069,0.701,1.069,5,27,0,170303,1
ACC_00005070,0.744,0.119,5,23,1,152757,1
ACC_00005071,0.553,0.478,0,9,0,68845,1
ACC_00005072,0.519,1.108,4,19,0,220166,1
ACC_00005073,0.443,0.033,5,28,0,139192,0
ACC_00005074,0.422,0.823,0,28,0,196145,0
ACC_00005075,0.729,0.804,0,26,0,92362,1
ACC_00005076,0.186,0.702,3,32,0,114139,0
ACC_00005077,0.6,1.009,2,9,0,187391,1
ACC_00005078,0.241,1.076,2,29,0,66585,1
ACC_00005079,0.226,0.577,0,18,0,107648,0
ACC_00005080,0.373,0.654,4,27,0,261038,1
ACC_00005081,0.695,1.173,2,14,0,212354,1
ACC_00005082,0.311,0.201,3,23,0,314763,0
ACC_00005083,0.298,1.147,3,30,0,225771,1
ACC_00005084,0.275,1.224,0,29,0,112902,1
ACC_00005085,0.586,0.452,5,31,0,320608,1
ACC_00005086,0.639,0.483,2,2,0,205217,1
ACC_00005087,0.716,0.164,1,29,0,278785,1
ACC_00005088,0.34,0.464,3,13,1,211418,1
ACC_00005089,0.373,0.73,3,12,0,210392,0
ACC_00005090,0.076,0.127,1,26,0,57659,1
ACC_00005091,0.538,1.24,2,12,0,49304,1
ACC_00005092,0.649,0.821,1,17,0,310410,1
ACC_00005093,0.263,1.205,4,7,1,293984,1
ACC_00005094,0.173,0.536,1,29,0,330731,0
ACC_00005095,0.528,0.24,2,3,0,306531,1
ACC_00005096,0.412,0.55,5,8,0,336654,0
ACC_00005097,0.523,0.722,3,24,0,136410,1
ACC_00005098,0.585,0.024,4,4,0,188256,1
ACC_00005099,0.389,0.148,0,7,0,348921,0
ACC_00005100,0.836,0.496,3,21,1,232110,1
ACC_00005101,0.7,0.599,4,20,0,139108,1
ACC_00005102,0.355,0.25,3,17,0,143185,0
ACC_00005103,0.193,1.003,1,18,1,91303,1
ACC_00005104,0.161,0.644,5,19,0,167934,0
ACC_00005105,0.399,1.231,2,9,1,299747,1
ACC_00005106,0.738,1.049,3,31,1,30291,1
ACC_00005107,0.763,0.76,2,3,0,117575,1
ACC_00005108,0.607,0.441,1,27,0,175436,1
ACC_00005109,0.54,1.028,3,32,0,217603,1
ACC_00005110,0.645,0.899,1,25,0,335082,1
ACC_00005111,0.122,0.794,1,8,0,320236,0
ACC_00005112,0.465,0.992,4,3,0,303366,1
ACC_00005113,0.274,1.083,4,21,1,199602,1
ACC_00005114,0.646,0.532,2,20,0,44006,1
ACC_00005115,0.314,0.785,1,30,0,338373,0
ACC_00005116,0.338,1.078,0,3,1,321799,1
ACC_00005117,0.506,0.017,5,12,1,329144,1
ACC_00005118,0.086,0.959,4,24,0,61305,1
ACC_00005119,0.125,0.258,2,12,0,98045,0
ACC_00005120,0.618,0.852,0,14,0,138817,1
ACC_00005121,0.65,0.495,2,30,0,192060,1
ACC_00005122,0.392,0.337,5,7,0,88723,0
ACC_00005123,0.559,0.75,5,5,0,290340,1
ACC_00005124,0.051,1.117,3,17,0,285375,1
ACC_00005125,0.244,0.422,5,2,1,194705,1
ACC_00005126,0.739,0.936,1,23,1,279421,1
ACC_00005127,0.336,0.511,5,13,1,260810,1
ACC_00005128,0.189,0.61,1,2,0,225491,0
ACC_00005129,0.093,0.077,5,24,1,295280,1
ACC_00005130,0.685,1.071,4,24,0,44381,1
ACC_00005131,0.092,0.038,5,9,0,190429,0
ACC_00005132,0.352,0.857,2,5,0,202301,1
ACC_00005133,0.171,0.735,1,12,0,39265,0
ACC_00005134,0.246,0.798,2,16,0,312241,1
ACC_00005135,0.731,0.782,5,10,1,124024,1
ACC_00005136,0.844,0.688,0,28,0,309001,1
ACC_00005137,0.832,0.715,0,6,0,206961,1
ACC_00005138,0.129,0.885,2,25,0,133421,0
ACC_00005139,0.441,0.891,2,12,0,132451,0
ACC_00005140,0.726,0.068,4,2,0,236737,1
ACC_00005141,0.5,0.014,4,22,0,194860,0
ACC_00005142,0.118,0.846,1,31,0,288360,0
ACC_00005143,0.688,0.329,5,18,1,290124,1
ACC_00005144,0.775,0.181,1,31,0,347907,1
ACC_00005145,0.774,0.537,4,22,1,205262,1
ACC_00005146,0.844,0.962,5,21,1,319349,1
ACC_00005147,0.493,0.701,0,28,0,56024,0
ACC_00005148,0.06,0.657,5,7,0,200501,0
ACC_00005149,0.082,0.539,4,6,0,303648,0
ACC_00005150,0.191,0.947,3,32,0,41274,0
ACC_00005151,0.641,0.91,0,30,0,77483,1
ACC_00005152,0.346,0.236,1,8,0,75540,0
ACC_00005153,0.819,1.121,4,31,0,340310,1
ACC_00005154,0.481,0.053,0,17,0,127898,0
ACC_00005155,0.839,0.289,1,23,0,308133,1
ACC_00005156,0.372,0.331,0,10,0,302953,0
ACC_00005157,0.162,0.345,5,26,0,234604,0
ACC_00005158,0.17,0.163,4,12,1,219630,1
ACC_00005159,0.787,0.802,3,19,1,197664,1
ACC_00005160,0.287,0.837,1,26,0,165855,0
ACC_00005161,0.831,0.784,3,23,0,218689,1
ACC_00005162,0.739,0.267,4,8,1,223671,1
ACC_00005163,0.822,1.151,2,28,0,116977,1
ACC_00005164,0.322,0.298,3,8,0,170201,0
ACC_00005165,0.27,1.101,1,19,1,212834,1
ACC_00005166,0.583,0.131,5,24,0,303644,1
ACC_00005167,0.198,0.971,4,31,1,261249,1
ACC_00005168,0.623,0.975,0,30,1,228234,1
ACC_00005169,0.139,1.16,1,14,0,320687,1
ACC_00005170,0.386,0.105,1,20,0,127501,0
ACC_00005171,0.746,0.927,4,28,0,97617,1
ACC_00005172,0.338,0.941,3,23,0,143416,0
ACC_00005173,0.724,0.657,5,14,1,61302,1
ACC_00005174,0.8,0.082,5,12,0,182113,1
ACC_00005175,0.329,0.135,5,32,1,149047,1
ACC_00005176,0.127,1.087,1,28,0,89702,1
ACC_00005177,0.403,1.061,3,5,1,52576,1
ACC_00005178,0.811,0.831,0,14,0,142187,1
ACC_00005179,0.352,0.557,0,24,0,244527,0
ACC_00005180,0.523,0.59,4,10,0,302942,1
ACC_00005181,0.187,0.364,1,32,0,164266,0
ACC_00005182,0.289,0.411,0,27,0,57336,0
ACC_00005183,0.379,1.055,3,27,0,156021,1
ACC_00005184,0.505,0.965,4,6,0,102299,1
ACC_00005185,0.467,0.948,1,4,0,275060,0
ACC_00005186,0.394,1.019,1,6,1,39483,1
ACC_00005187,0.595,0.785,0,29,0,177269,1
ACC_00005188,0.827,0.799,4,7,0,197555,1
ACC_00005189,0.283,1.039,3,15,0,313256,1
ACC_00005190,0.142,0.355,3,22,0,97807,0
ACC_00005191,0.588,1.221,1,17,0,233701,1
ACC_00005192,0.056,0.547,2,23,0,307731,0
ACC_00005193,0.493,0.136,2,3,0,124988,0
ACC_00005194,0.181,0.042,5,23,0,242435,0
ACC_00005195,0.646,0.675,2,31,0,158037,1
ACC_00005196,0.764,0.219,5,15,0,338464,1
ACC_00005197,0.613,0.745,0,12,0,275813,1
ACC_00005198,0.381,0.626,2,3,0,96719,0
ACC_00005199,0.785,0.21,4,29,0,283175,1
ACC_00005200,0.431,0.093,4,21,0,283859,0
ACC_00005201,0.149,0.54,4,11,1,168915,1
ACC_00005202,0.622,0.426,4,2,0,259667,1
ACC_00005203,0.767,0.912,4,3,1,279000,1
ACC_00005204,0.12,0.97,2,8,1,298766,1
ACC_00005205,0.638,0.692,2,18,0,94753,1
ACC_00005206,0.326,0.073,1,13,0,235486,0
ACC_00005207,0.64,0.983,1,26,0,155282,1
ACC_00005208,0.668,0.512,1,14,0,69812,1
ACC_00005209,0.789,1.099,1,30,1,55763,1
ACC_00005210,0.632,1.005,4,16,0,302660,1
ACC_00005211,0.162,0.135,0,18,0,277725,0
ACC_00005212,0.552,1.236,3,22,0,303740,1
ACC_00005213,0.823,0.653,5,12,1,67338,1
ACC_00005214,0.409,0.553,0,8,0,284957,0
ACC_00005215,0.364,0.534,3,22,1,241271,1
ACC_00005216,0.2,1.242,0,11,1,166057,1
ACC_00005217,0.439,1.012,0,10,1,45199,1
ACC_00005218,0.587,0.299,5,29,0,213130,1
ACC_00005219,0.796,0.073,3,28,1,211027,1
ACC_00005220,0.819,0.622,2,14,0,333119,1
ACC_00005221,0.236,0.665,4,5,0,105337,0
ACC_00005222,0.336,0.896,4,23,0,328104,0
ACC_00005223,0.335,1.082,0,27,0,220979,1
ACC_00005224,0.611,1.177,2,13,1,143423,1
ACC_00005225,0.822,0.667,0,19,0,61848,1
ACC_00005226,0.714,0.498,3,17,0,96704,1
ACC_00005227,0.081,0.018,0,19,0,324805,0
ACC_00005228,0.258,0.739,3,21,1,156635,1
ACC_00005229,0.799,0.513,0,7,0,143477,1
ACC_00005230,0.749,0.158,4,3,0,237403,1
ACC_00005231,0.237,1.208,2,16,0,345117,1
ACC_00005232,0.279,1.115,1,19,1,80977,1
ACC_00005233,0.584,0.466,5,16,0,266511,1
ACC_00005234,0.277,1.066,3,12,1,326137,1
ACC_00005235,0.684,1.248,3,8,1,110553,1
ACC_00005236,0.74,1.016,1,32,1,314830,1
ACC_00005237,0.149,0.043,1,13,0,219411,0
ACC_00005238,0.701,0.756,0,16,0,345702,1
ACC_00005239,0.427,0.412,3,14,1,37374,1
ACC_00005240,0.224,0.274,2,14,0,168122,0
ACC_00005241,0.188,0.845,5,32,0,181217,0
ACC_00005242,0.575,0.685,0,2,0,287596,1
ACC_00005243,0.354,0.428,4,25,0,272878,0
ACC_00005244,0.322,0.657,2,9,0,264125,0
ACC_00005245,0.728,0.563,1,19,0,257603,1
ACC_00005246,0.631,1.039,2,22,0,56876,1
ACC_00005247,0.72,1.141,0,19,0,61826,1
ACC_00005248,0.098,0.131,3,3,0,305577,0
ACC_00005249,0.297,0.098,1,10,0,39613,0
ACC_00005250,0.232,0.396,0,19,0,73093,0
ACC_00005251,0.616,1.102,2,23,0,265568,1
ACC_00005252,0.46,0.476,4,14,1,223671,1
ACC_00005253,0.327,0.903,1,32,1,98914,1
ACC_00005254,0.697,0.124,3,17,0,90424,1
ACC_00005255,0.616,1.164,1,14,0,50457,1
ACC_00005256,0.636,0.932,4,2,0,171207,1
ACC_00005257,0.533,0.403,3,22,0,116269,1
ACC_00005258,0.777,0.085,2,2,0,219886,1
ACC_00005259,0.05,0.751,2,5,0,305720,0
ACC_00005260,0.23,0.751,4,15,1,227248,1
ACC_00005261,0.573,0.233,0,2,0,183793,1
ACC_00005262,0.258,0.779,0,16,0,158554,0
ACC_00005263,0.753,0.166,1,21,0,75906,1
ACC_00005264,0.177,0.542,1,7,0,82988,0
ACC_00005265,0.455,0.53,2,7,0,172697,0
ACC_00005266,0.498,1.189,5,31,0,340051,1
ACC_00005267,0.18,0.879,1,23,0,83276,0
ACC_00005268,0.794,0.89,1,9,0,319924,1
ACC_00005269,0.305,1.223,5,20,0,238899,1
ACC_00005270,0.15,0.07,1,28,0,63561,0
ACC_00005271,0.258,0.686,0,32,0,308117,1
ACC_00005272,0.387,0.862,4,3,1,143352,1
ACC_00005273,0.771,0.501,1,9,0,131776,1
ACC_00005274,0.516,0.801,0,15,0,37431,1
ACC_00005275,0.838,0.318,2,4,0,256782,1
ACC_00005276,0.128,0.603,2,10,0,323421,0
ACC_00005277,0.838,1.222,1,29,0,116424,1
ACC_00005278,0.515,0.421,1,17,0,309608,1
ACC_00005279,0.355,0.314,2,18,0,201429,1
ACC_00005280,0.236,0.625,2,31,0,117613,0
ACC_00005281,0.655,0.02,0,10,0,169779,1
ACC_00005282,0.088,0.461,1,5,0,237845,1
ACC_00005283,0.496,1.238,1,11,1,325156,1
ACC_00005284,0.441,0.784,0,15,0,94435,0
ACC_00005285,0.6,0.51,4,15,0,321412,1
ACC_00005286,0.182,0.695,2,30,0,185940,0
ACC_00005287,0.517,0.209,5,3,0,311261,1
ACC_00005288,0.763,0.931,3,24,1,71371,1
ACC_00005289,0.297,0.302,4,10,0,73696,0
ACC_00005290,0.133,1.0,1,19,1,133018,1
ACC_00005291,0.65,1.114,5,25,1,183229,1
ACC_00005292,0.367,0.456,3,5,0,236683,0
ACC_00005293,0.46,0.353,0,10,0,273796,0
ACC_00005294,0.643,1.249,4,30,0,65645,1
ACC_00005295,0.429,0.094,0,16,0,242153,0
ACC_00005296,0.376,0.737,4,19,1,275526,1
ACC_00005297,0.241,0.832,2,12,0,333758,0
ACC_00005298,0.411,1.235,3,5,1,74117,1
ACC_00005299,0.496,1.168,5,2,1,157668,1
ACC_00005300,0.772,1.123,4,32,0,171343,1
ACC_00005301,0.661,0.47,0,15,0,306761,1
ACC_00005302,0.79,0.878,0,21,0,128516,1
ACC_00005303,0.511,0.768,0,30,0,74988,1
ACC_00005304,0.355,0.898,5,15,0,248068,0
ACC_00005305,0.183,0.214,1,30,0,108413,0
ACC_00005306,0.239,0.196,1,26,0,39415,0
ACC_00005307,0.103,1.214,3,25,0,62367,1
ACC_00005308,0.686,0.086,4,25,0,238292,1
ACC_00005309,0.533,0.384,5,18,1,284403,1
ACC_00005310,0.453,1.234,4,21,1,230717,1
ACC_00005311,0.147,0.787,0,25,0,325631,0
ACC_00005312,0.832,0.721,0,16,0,115994,1
ACC_00005313,0.643,0.793,3,29,1,188206,1
ACC_00005314,0.797,0.903,1,9,0,312912,1
ACC_00005315,0.316,0.229,3,13,0,128369,0
ACC_00005316,0.181,0.871,5,27,0,148768,0
ACC_00005317,0.119,0.094,4,24,0,263912,1
ACC_00005318,0.166,0.137,3,13,1,292082,1
ACC_00005319,0.449,0.16,1,5,0,66722,0
ACC_00005320,0.184,0.88,3,30,0,157004,0
ACC_00005321,0.581,0.128,5,21,0,217187,1
ACC_00005322,0.596,0.305,5,31,0,191120,1
ACC_00005323,0.576,1.021,4,3,1,248412,1
ACC_00005324,0.726,0.547,1,3,0,149912,1
ACC_00005325,0.167,0.982,2,19,0,339282,1
ACC_00005326,0.632,1.213,3,15,0,194380,1
ACC_00005327,0.058,0.952,2,9,0,147255,1
ACC_00005328,0.724,0.137,0,20,0,99816,1
ACC_00005329,0.819,0.995,1,10,1,344905,1
ACC_00005330,0.216,1.01,1,30,0,144384,1
ACC_00005331,0.526,0.814,0,8,0,135517,1
ACC_00005332,0.527,0.641,3,31,1,230348,1
ACC_00005333,0.06,0.819,0,32,0,103266,0
ACC_00005334,0.11,0.49,5,2,0,123657,0
ACC_00005335,0.239,0.854,2,29,0,110055,0
ACC_00005336,0.118,0.189,3,17,0,348759,0
ACC_00005337,0.201,0.124,2,24,0,34084,0
ACC_00005338,0.233,0.274,1,4,0,193532,0
ACC_00005339,0.233,0.595,0,15,0,185511,0
ACC_00005340,0.689,0.744,0,4,0,54481,1
ACC_00005341,0.055,0.617,0,31,0,324500,0
ACC_00005342,0.1,1.041,3,25,1,70244,1
ACC_00005343,0.311,1.227,2,9,0,41883,1
ACC_00005344,0.68,0.384,4,9,0,35475,1
ACC_00005345,0.318,0.55,5,18,1,265918,1
ACC_00005346,0.671,0.899,5,13,0,158113,1
ACC_00005347,0.321,0.977,2,26,0,179231,1
ACC_00005348,0.592,1.163,1,3,0,276836,1
ACC_00005349,0.781,0.339,2,23,0,215111,1
ACC_00005350,0.209,0.153,3,32,0,286029,0
ACC_00005351,0.682,0.425,4,11,0,337859,1
ACC_00005352,0.256,1.182,0,27,0,303036,1
ACC_00005353,0.394,0.423,4,21,1,209178,1
ACC_00005354,0.803,0.723,5,9,0,340635,1
ACC_00005355,0.477,0.274,0,8,0,107185,0
ACC_00005356,0.21,0.227,5,2,0,171860,0
ACC_00005357,0.755,0.367,0,27,0,72989,1
ACC_00005358,0.729,0.838,3,16,1,215959,1
ACC_00005359,0.659,0.842,0,13,0,230645,1
ACC_00005360,0.744,0.796,4,18,1,224148,1
ACC_00005361,0.546,0.56,5,8,0,75412,1
ACC_00005362,0.18,0.089,2,17,0,217844,0
ACC_00005363,0.653,1.184,4,4,0,111102,1
ACC_00005364,0.584,0.878,4,7,0,208621,1
ACC_00005365,0.081,0.106,3,7,1,157498,1
ACC_00005366,0.832,1.01,2,4,0,107758,1
ACC_00005367,0.691,0.398,3,28,0,251228,1
ACC_00005368,0.088,0.512,3,14,0,159067,0
ACC_00005369,0.194,0.896,5,5,1,318960,1
ACC_00005370,0.619,0.387,5,23,0,75680,1
ACC_00005371,0.128,0.64,5,12,0,246517,0
ACC_00005372,0.26,0.924,5,23,0,48294,0
ACC_00005373,0.729,0.118,3,17,1,258563,1
ACC_00005374,0.055,0.519,0,30,0,66246,0
ACC_00005375,0.341,0.415,4,23,0,64285,0
ACC_00005376,0.847,0.759,4,9,0,175974,1
ACC_00005377,0.707,0.976,5,24,0,338201,1
ACC_00005378,0.289,0.406,4,25,0,226810,0
ACC_00005379,0.395,0.948,5,14,0,69310,0
ACC_00005380,0.703,0.71,2,3,0,238749,1
ACC_00005381,0.688,1.063,1,23,0,311503,1
ACC_00005382,0.812,0.719,0,4,0,229886,1
ACC_00005383,0.187,0.401,2,17,0,84009,1
ACC_00005384,0.626,1.044,5,23,1,323738,1
ACC_00005385,0.25,0.058,3,25,0,198202,0
ACC_00005386,0.512,0.938,4,5,1,124809,1
ACC_00005387,0.49,0.92,1,3,1,223204,1
ACC_00005388,0.166,0.114,3,3,0,322535,0
ACC_00005389,0.356,0.513,3,13,0,130941,0
ACC_00005390,0.168,1.194,0,29,1,44604,1
ACC_00005391,0.144,0.445,3,31,0,306204,0
ACC_00005392,0.302,0.49,1,32,0,92033,0
ACC_00005393,0.616,0.512,2,21,0,238881,1
ACC_00005394,0.472,1.205,5,11,0,100359,1
ACC_00005395,0.604,0.767,5,14,0,132992,1
ACC_00005396,0.574,0.368,2,18,0,91096,1
ACC_00005397,0.13,0.348,0,23,0,261682,0
ACC_00005398,0.332,0.909,5,6,1,206893,1
ACC_00005399,0.084,0.031,0,23,0,94733,0
ACC_00005400,0.059,0.933,1,13,0,243751,0
ACC_00005401,0.72,0.346,2,25,0,236422,1
ACC_00005402,0.601,0.015,0,5,0,216535,1
ACC_00005403,0.318,0.975,2,17,0,212634,1
ACC_00005404,0.079,1.14,4,26,0,243462,1
ACC_00005405,0.357,1.209,5,11,1,119342,1
ACC_00005406,0.195,0.609,3,23,1,30297,1
ACC_00005407,0.082,0.018,5,31,1,145257,1
ACC_00005408,0.587,0.973,2,10,0,256999,1
ACC_00005409,0.813,0.279,1,21,0,289327,1
ACC_00005410,0.794,0.344,3,18,1,305695,1
ACC_00005411,0.559,0.549,2,27,0,101346,1
ACC_00005412,0.745,0.934,5,32,1,82077,1
ACC_00005413,0.175,1.189,0,15,1,99278,1
ACC_00005414,0.116,0.135,4,12,0,94205,0
ACC_00005415,0.823,0.156,1,10,0,223984,1
ACC_00005416,0.442,0.669,4,26,1,259892,1
ACC_00005417,0.674,1.167,2,16,1,138787,1
ACC_00005418,0.383,0.091,4,11,0,314058,0
ACC_00005419,0.736,0.794,0,32,0,184172,1
ACC_00005420,0.082,1.183,2,23,0,131169,1
ACC_00005421,0.686,0.627,4,27,1,211837,1
ACC_00005422,0.095,0.355,0,30,0,68697,0
ACC_00005423,0.459,1.228,5,16,0,254634,1
ACC_00005424,0.068,0.301,2,3,0,52206,0
ACC_00005425,0.713,0.327,1,22,0,175502,1
ACC_00005426,0.164,1.157,0,7,0,297621,1
ACC_00005427,0.276,0.253,2,31,0,225615,0
ACC_00005428,0.404,0.842,0,24,0,79778,0
ACC_00005429,0.198,0.653,1,25,0,75887,0
ACC_00005430,0.624,1.194,2,15,0,95164,1
ACC_00005431,0.081,0.816,1,14,0,217109,0
ACC_00005432,0.593,0.367,3,20,1,77225,1
ACC_00005433,0.751,0.839,1,28,0,319386,1
ACC_00005434,0.324,0.49,5,3,0,189022,0
ACC_00005435,0.273,0.154,0,4,0,88500,0
ACC_00005436,0.394,0.752,5,5,1,278150,1
ACC_00005437,0.785,0.467,2,2,0,125351,1
ACC_00005438,0.807,0.495,2,23,0,216797,1
ACC_00005439,0.295,0.905,2,6,1,167217,1
ACC_00005440,0.41,0.503,5,5,0,157082,0
ACC_00005441,0.809,1.048,2,4,1,330967,1
ACC_00005442,0.304,0.981,0,12,0,190463,1
ACC_00005443,0.291,0.533,2,4,0,149202,0
ACC_00005444,0.582,0.191,0,5,0,288577,1
ACC_00005445,0.733,0.118,5,14,1,40111,1
ACC_00005446,0.401,0.013,3,32,1,158921,1
ACC_00005447,0.355,0.455,5,25,0,133649,0
ACC_00005448,0.771,0.168,0,25,0,281982,1
ACC_00005449,0.691,0.579,5,9,1,284211,1
ACC_00005450,0.664,1.062,2,15,0,141450,1
ACC_00005451,0.423,0.57,4,4,0,168325,0
ACC_00005452,0.436,0.066,2,2,0,163039,0
ACC_00005453,0.467,1.24,3,2,0,280347,1
ACC_00005454,0.686,0.953,4,20,0,33409,1
ACC_00005455,0.473,0.213,4,6,1,313555,1
ACC_00005456,0.423,0.666,1,20,0,311985,1
ACC_00005457,0.553,0.096,3,15,0,253189,1
ACC_00005458,0.107,1.169,3,2,1,275868,1
ACC_00005459,0.732,1.216,1,17,1,122373,1
ACC_00005460,0.568,0.692,2,30,0,144822,1
ACC_00005461,0.56,0.64,0,13,0,86803,1
ACC_00005462,0.276,1.179,1,13,1,170379,1
ACC_00005463,0.372,0.821,0,22,0,36759,0
ACC_00005464,0.75,0.47,5,30,1,194032,1
ACC_00005465,0.384,0.93,4,27,0,252969,0
ACC_00005466,0.57,0.486,2,13,0,81139,1
ACC_00005467,0.501,0.697,5,26,1,126270,1
ACC_00005468,0.384,0.218,4,12,1,159708,1
ACC_00005469,0.556,1.185,1,6,0,271380,1
ACC_00005470,0.205,0.61,5,7,0,167084,0
ACC_00005471,0.256,0.535,3,14,0,325201,0
ACC_00005472,0.744,1.034,2,6,0,102965,1
ACC_00005473,0.3,0.113,4,15,0,347213,0
ACC_00005474,0.557,0.255,3,27,0,266363,1
ACC_00005475,0.232,1.054,5,3,0,153641,1
ACC_00005476,0.329,0.388,4,21,0,163869,0
ACC_00005477,0.122,0.28,4,11,0,257861,0
ACC_00005478,0.273,0.793,3,8,0,154662,0
ACC_00005479,0.244,0.601,5,26,0,101561,0
ACC_00005480,0.326,0.11,0,27,0,280038,1
ACC_00005481,0.671,0.43,5,8,0,106925,1
ACC_00005482,0.292,0.569,0,25,0,323837,1
ACC_00005483,0.774,0.566,4,12,0,299957,1
ACC_00005484,0.14,0.549,4,10,1,328574,1
ACC_00005485,0.06,0.411,4,28,0,134463,0
ACC_00005486,0.805,0.684,5,20,1,174230,1
ACC_00005487,0.703,0.33,0,5,0,30556,1
ACC_00005488,0.8,0.549,5,22,0,259903,1
ACC_00005489,0.514,0.364,3,4,0,183217,1
ACC_00005490,0.322,0.561,1,26,0,265048,0
ACC_00005491,0.197,0.188,3,26,0,131011,0
ACC_00005492,0.35,1.08,0,23,1,224189,1
ACC_00005493,0.583,0.472,2,16,0,126650,1
ACC_00005494,0.716,1.138,2,19,1,239021,1
ACC_00005495,0.472,1.075,2,9,0,348731,1
ACC_00005496,0.527,0.722,3,17,1,34030,1
ACC_00005497,0.074,0.225,5,14,0,270122,0
ACC_00005498,0.334,0.838,5,26,0,343984,0
ACC_00005499,0.542,0.335,4,22,1,304158,1
ACC_00005500,0.438,0.592,5,2,1,75695,1
ACC_00005501,0.763,0.986,5,2,0,47016,1
ACC_00005502,0.815,0.22,3,19,0,261059,1
ACC_00005503,0.784,1.072,2,29,0,49701,1
ACC_00005504,0.632,0.831,2,25,0,82312,1
ACC_00005505,0.416,0.538,1,10,0,66531,0
ACC_00005506,0.33,1.167,0,18,0,242438,1
ACC_00005507,0.132,0.223,3,25,0,195275,0
ACC_00005508,0.365,0.445,4,8,1,88977,1
ACC_00005509,0.414,0.992,3,28,0,232927,1
ACC_00005510,0.208,0.476,0,15,0,316813,0
ACC_00005511,0.639,0.709,1,30,0,177016,1
ACC_00005512,0.761,0.774,0,11,0,248380,1
ACC_00005513,0.465,0.97,3,11,1,235437,1
ACC_00005514,0.361,0.492,3,32,0,148613,1
ACC_00005515,0.339,0.343,4,3,0,347082,0
ACC_00005516,0.312,0.981,3,5,0,156046,1
ACC_00005517,0.549,0.113,4,25,0,67119,1
ACC_00005518,0.658,0.703,0,4,0,212403,1
ACC_00005519,0.2,0.313,3,24,1,55998,1
ACC_00005520,0.59,0.95,4,11,1,336172,1
ACC_00005521,0.7,1.235,4,26,1,135300,1
ACC_00005522,0.709,0.1,4,11,0,60827,1
ACC_00005523,0.061,0.502,3,7,0,334932,0
ACC_00005524,0.779,0.112,1,16,0,233743,1
ACC_00005525,0.589,1.104,4,9,1,137337,1
ACC_00005526,0.208,1.247,0,6,0,163648,1
ACC_00005527,0.098,0.335,2,11,0,150410,0
ACC_00005528,0.808,0.382,5,19,0,124294,1
ACC_00005529,0.399,1.05,5,31,1,117273,1
ACC_00005530,0.593,0.578,5,4,0,289103,1
ACC_00005531,0.2,0.274,3,3,0,117879,0
ACC_00005532,0.296,0.221,1,6,0,78610,0
ACC_00005533,0.705,0.285,5,6,1,68991,1
ACC_00005534,0.478,0.448,4,30,0,46580,1
ACC_00005535,0.774,0.949,3,19,1,328864,1
ACC_00005536,0.086,0.165,3,22,0,339075,0
ACC_00005537,0.186,0.67,4,4,0,47780,0
ACC_00005538,0.456,0.411,0,10,0,335595,0
ACC_00005539,0.074,0.14,4,26,0,147449,0
ACC_00005540,0.839,0.688,3,31,1,212127,1
ACC_00005541,0.067,0.625,4,13,0,245791,0
ACC_00005542,0.562,0.26,1,30,0,65463,1
ACC_00005543,0.537,0.048,5,3,0,245013,1
ACC_00005544,0.09,1.054,2,16,0,195638,1
ACC_00005545,0.783,0.545,4,21,0,324849,1
ACC_00005546,0.507,0.659,1,21,0,314415,1
ACC_00005547,0.136,0.222,3,8,1,262628,1
ACC_00005548,0.433,0.419,0,10,0,219789,0
ACC_00005549,0.81,0.963,3,28,0,78775,1
ACC_00005550,0.394,0.065,0,26,0,133170,0
ACC_00005551,0.301,0.327,4,29,0,138101,0
ACC_00005552,0.573,0.959,1,9,1,274825,1
ACC_00005553,0.41,0.03,5,22,1,163583,1
ACC_00005554,0.221,0.302,2,22,0,92509,0
ACC_00005555,0.211,0.344,1,7,0,262892,0
ACC_00005556,0.739,0.641,4,23,0,160614,1
ACC_00005557,0.454,0.251,1,6,0,131817,0
ACC_00005558,0.429,0.701,4,28,0,185170,0
ACC_00005559,0.135,0.037,5,27,0,343755,0
ACC_00005560,0.676,0.524,5,9,1,161890,1
ACC_00005561,0.798,0.91,1,8,0,211855,1
ACC_00005562,0.512,0.073,4,25,0,161572,1
ACC_00005563,0.811,0.296,0,25,0,297040,1
ACC_00005564,0.517,0.16,5,4,0,60477,1
ACC_00005565,0.313,0.71,4,2,0,323415,1
ACC_00005566,0.091,1.055,3,23,0,100895,1
ACC_00005567,0.306,0.852,2,25,0,312035,0
ACC_00005568,0.821,0.505,2,4,0,78423,1
ACC_00005569,0.068,1.077,5,22,1,278663,1
ACC_00005570,0.4,0.093,3,30,0,84088,1
ACC_00005571,0.442,0.13,1,14,0,91503,0
ACC_00005572,0.084,0.938,0,27,0,131523,0
ACC_00005573,0.828,0.61,3,25,0,246707,1
ACC_00005574,0.285,1.216,3,6,1,291022,1
ACC_00005575,0.742,1.2,5,5,1,338949,1
ACC_00005576,0.624,0.545,0,20,0,280075,1
ACC_00005577,0.202,1.089,0,18,0,84258,1
ACC_00005578,0.219,0.85,1,28,0,284713,0
ACC_00005579,0.696,0.996,2,31,0,326401,1
ACC_00005580,0.602,0.674,1,29,0,233662,1
ACC_00005581,0.374,0.403,3,5,0,45238,0
ACC_00005582,0.67,0.24,2,9,0,178645,1
ACC_00005583,0.748,1.14,2,21,1,213026,1
ACC_00005584,0.484,0.782,1,2,0,326696,0
ACC_00005585,0.237,0.087,5,22,0,316444,0
ACC_00005586,0.814,0.044,1,31,0,194520,1
ACC_00005587,0.616,0.532,2,7,0,342487,1
ACC_00005588,0.801,0.537,4,2,0,55156,1
ACC_00005589,0.458,0.864,3,4,1,210065,1
ACC_00005590,0.383,0.263,4,22,0,103087,0
ACC_00005591,0.737,0.068,0,32,0,250465,1
ACC_00005592,0.755,0.658,2,3,0,274033,1
ACC_00005593,0.842,0.069,4,16,0,81564,1
ACC_00005594,0.745,0.741,1,28,0,277660,1
ACC_00005595,0.773,1.201,0,26,1,109817,1
ACC_00005596,0.546,1.231,0,12,1,132570,1
ACC_00005597,0.302,0.619,3,6,0,154071,0
ACC_00005598,0.138,0.363,3,29,0,118037,0
ACC_00005599,0.572,0.472,5,10,0,345957,1
ACC_00005600,0.423,0.815,2,17,0,139813,0
ACC_00005601,0.782,0.753,4,8,1,320011,1
ACC_00005602,0.733,1.162,4,30,1,295803,1
ACC_00005603,0.562,0.828,3,12,0,288711,1
ACC_00005604,0.502,1.011,3,24,1,334928,1
ACC_00005605,0.656,0.016,0,7,0,206996,1
ACC_00005606,0.475,0.132,3,24,1,229144,1
ACC_00005607,0.725,0.704,3,10,1,262734,1
ACC_00005608,0.393,0.828,4,19,1,327456,1
ACC_00005609,0.678,0.555,4,4,0,50986,1
ACC_00005610,0.052,0.133,2,13,0,203216,0
ACC_00005611,0.624,0.186,3,6,1,297601,1
ACC_00005612,0.469,0.15,1,28,0,294993,0
ACC_00005613,0.443,0.103,1,21,0,294777,0
ACC_00005614,0.359,0.029,2,24,0,122767,0
ACC_00005615,0.301,0.199,3,20,0,273506,0
ACC_00005616,0.743,0.595,0,29,0,252461,1
ACC_00005617,0.4,0.074,1,28,0,280638,0
ACC_00005618,0.607,1.132,1,17,0,187125,1
ACC_00005619,0.394,0.304,1,32,0,221116,0
ACC_00005620,0.341,0.233,0,17,0,329329,0
ACC_00005621,0.212,0.55,2,8,0,342497,0
ACC_00005622,0.142,0.567,3,21,1,346618,1
ACC_00005623,0.59,0.515,3,29,1,78773,1
ACC_00005624,0.237,0.776,0,8,0,271050,0
ACC_00005625,0.216,0.523,3,9,1,279410,1
ACC_00005626,0.431,0.289,3,11,0,75352,0
ACC_00005627,0.108,1.217,2,13,1,153139,1
ACC_00005628,0.341,0.25,4,9,0,146187,0
ACC_00005629,0.316,0.138,5,11,1,342862,1
ACC_00005630,0.212,0.793,0,5,0,91622,0
ACC_00005631,0.691,0.372,5,19,0,295695,1
ACC_00005632,0.208,0.263,1,22,0,284384,0
ACC_00005633,0.778,0.396,2,9,0,109772,1
ACC_00005634,0.375,0.647,3,3,0,292453,0
ACC_00005635,0.292,0.258,4,11,0,218386,0
ACC_00005636,0.247,0.309,0,25,0,166582,0
ACC_00005637,0.095,0.369,2,25,0,64719,0
ACC_00005638,0.486,0.096,1,12,0,323308,0
ACC_00005639,0.552,0.963,5,32,0,105020,1
ACC_00005640,0.156,1.029,1,7,1,306970,1
ACC_00005641,0.537,1.09,0,19,0,259528,1
ACC_00005642,0.394,0.869,2,5,0,216187,0
ACC_00005643,0.091,0.494,5,16,1,298898,1
ACC_00005644,0.465,0.79,3,19,1,229483,1
ACC_00005645,0.631,1.118,1,6,0,158008,1
ACC_00005646,0.113,1.135,1,17,0,73410,1
ACC_00005647,0.587,0.705,0,25,0,340523,1
ACC_00005648,0.209,0.262,4,4,0,218436,0
ACC_00005649,0.119,1.224,5,13,0,320999,1
ACC_00005650,0.773,0.487,5,20,0,142086,1
ACC_00005651,0.382,0.574,4,11,0,183069,0
ACC_00005652,0.509,0.977,1,9,0,256545,1
ACC_00005653,0.378,0.403,2,8,0,304804,0
ACC_00005654,0.569,0.855,5,9,0,321825,1
ACC_00005655,0.792,0.992,3,22,0,338105,1
ACC_00005656,0.307,0.558,0,32,0,331979,0
ACC_00005657,0.078,1.09,2,30,0,261149,1
ACC_00005658,0.274,0.836,3,5,0,210298,0
ACC_00005659,0.15,0.64,5,22,0,301034,0
ACC_00005660,0.123,0.837,3,2,1,188142,1
ACC_00005661,0.842,1.088,2,20,1,227879,1
ACC_00005662,0.29,0.037,1,14,0,285027,0
ACC_00005663,0.201,0.317,3,29,0,272445,0
ACC_00005664,0.25,0.874,0,29,0,125762,0
ACC_00005665,0.811,0.912,1,6,1,222721,1
ACC_00005666,0.529,0.732,2,32,0,139454,1
ACC_00005667,0.795,0.551,0,26,0,345473,1
ACC_00005668,0.186,1.234,1,19,1,119471,1
ACC_00005669,0.741,1.157,3,18,1,341724,1
ACC_00005670,0.19,0.088,3,27,1,268031,1
ACC_00005671,0.056,1.141,4,18,0,125985,1
ACC_00005672,0.115,0.324,4,27,0,270522,0
ACC_00005673,0.805,1.029,4,28,1,123763,1
ACC_00005674,0.719,0.781,1,23,0,50151,1
ACC_00005675,0.398,1.08,5,24,1,270638,1
ACC_00005676,0.343,0.72,2,18,0,119381,0
ACC_00005677,0.589,1.072,1,17,0,33937,1
ACC_00005678,0.809,0.754,5,7,0,262154,1
ACC_00005679,0.811,0.514,5,6,1,238438,1
ACC_00005680,0.829,0.777,5,31,1,226483,1
ACC_00005681,0.47,0.736,5,17,0,111437,0
ACC_00005682,0.64,1.15,2,13,0,90968,1
ACC_00005683,0.6,0.302,4,17,1,159545,1
ACC_00005684,0.446,0.446,0,25,0,326205,0
ACC_00005685,0.496,0.436,3,3,1,46415,1
ACC_00005686,0.671,1.066,2,7,1,264372,1
ACC_00005687,0.525,1.122,2,21,1,142151,1
ACC_00005688,0.551,0.164,0,18,0,132240,1
ACC_00005689,0.405,0.819,0,21,0,306494,1
ACC_00005690,0.373,0.182,0,21,0,94769,1
ACC_00005691,0.329,0.916,3,2,1,137993,1
ACC_00005692,0.632,0.324,5,15,1,203433,1
ACC_00005693,0.341,0.574,1,27,0,324239,0
ACC_00005694,0.62,0.907,0,24,0,116336,1
ACC_00005695,0.187,0.332,1,24,0,279826,0
ACC_00005696,0.286,0.585,3,2,1,321493,1
ACC_00005697,0.551,0.582,3,29,0,202626,1
ACC_00005698,0.235,0.806,3,8,1,153394,1
ACC_00005699,0.518,0.24,1,13,0,287597,1
ACC_00005700,0.841,0.937,0,29,0,279122,1
ACC_00005701,0.504,0.874,2,15,0,65582,1
ACC_00005702,0.593,1.247,3,12,1,264164,1
ACC_00005703,0.114,0.949,3,24,0,194167,0
ACC_00005704,0.815,0.189,3,26,1,139796,1
ACC_00005705,0.051,0.732,0,6,0,238307,0
ACC_00005706,0.323,0.842,3,11,0,309039,0
ACC_00005707,0.629,0.15,3,29,1,139214,1
ACC_00005708,0.71,1.111,3,11,0,123725,1
ACC_00005709,0.489,0.742,1,20,0,199397,0
ACC_00005710,0.714,0.609,4,12,0,347380,1
ACC_00005711,0.842,0.664,3,21,1,344693,1
ACC_00005712,0.064,0.241,2,10,0,66168,0
ACC_00005713,0.487,0.657,2,10,0,56607,1
ACC_00005714,0.364,0.134,3,32,0,44654,0
ACC_00005715,0.474,0.422,1,25,0,33172,0
ACC_00005716,0.552,0.154,3,20,1,210240,1
ACC_00005717,0.087,0.517,3,11,1,310877,1
ACC_00005718,0.808,0.364,2,14,0,241285,1
ACC_00005719,0.557,0.975,3,30,1,95363,1
ACC_00005720,0.665,0.524,1,28,0,118644,1
ACC_00005721,0.744,1.194,0,30,0,147635,1
ACC_00005722,0.633,0.76,4,16,0,105686,1
ACC_00005723,0.374,0.746,2,13,0,338218,0
ACC_00005724,0.602,0.807,5,29,0,106419,1
ACC_00005725,0.266,0.979,5,26,0,163441,1
ACC_00005726,0.374,0.952,1,30,0,156817,1
ACC_00005727,0.711,0.371,2,26,0,248401,1
ACC_00005728,0.052,0.611,5,9,1,50633,1
ACC_00005729,0.322,0.634,5,32,1,120170,1
ACC_00005730,0.215,0.623,2,21,0,196592,0
ACC_00005731,0.446,0.682,1,26,0,247903,0
ACC_00005732,0.21,0.582,3,3,1,114051,1
ACC_00005733,0.691,0.676,4,26,0,286660,1
ACC_00005734,0.597,0.31,4,21,1,40222,1
ACC_00005735,0.648,0.359,1,24,0,315925,1
ACC_00005736,0.083,0.164,3,14,0,268798,0
ACC_00005737,0.47,0.712,2,4,0,173332,0
ACC_00005738,0.585,0.294,5,8,1,342998,1
ACC_00005739,0.158,1.1,1,24,1,290454,1
ACC_00005740,0.829,0.548,4,15,0,303958,1
ACC_00005741,0.343,0.694,3,31,0,132374,0
ACC_00005742,0.13,1.198,4,7,0,221475,1
ACC_00005743,0.091,0.92,4,28,0,250720,0
ACC_00005744,0.121,0.315,0,18,0,283940,0
ACC_00005745,0.107,0.561,5,15,1,44674,1
ACC_00005746,0.656,0.53,2,17,0,114344,1
ACC_00005747,0.412,0.893,1,4,0,191405,0
ACC_00005748,0.476,0.65,5,23,1,302848,1
ACC_00005749,0.094,1.097,3,24,0,241448,1
ACC_00005750,0.775,0.924,1,11,1,37793,1
ACC_00005751,0.797,0.439,1,5,0,279073,1
ACC_00005752,0.672,0.877,2,18,0,329898,1
ACC_00005753,0.384,0.847,1,14,0,127242,0
ACC_00005754,0.178,0.452,0,24,0,346637,0
ACC_00005755,0.136,0.483,4,23,0,95065,0
ACC_00005756,0.534,0.839,1,16,0,134561,1
ACC_00005757,0.116,1.012,5,23,1,113951,1
ACC_00005758,0.054,0.226,5,22,1,308811,1
ACC_00005759,0.383,0.783,1,19,0,99639,0
ACC_00005760,0.274,0.388,2,22,0,285764,0
ACC_00005761,0.585,0.731,3,15,1,73207,1
ACC_00005762,0.558,0.031,5,29,0,279838,1
ACC_00005763,0.529,1.244,1,18,0,139460,1
ACC_00005764,0.257,1.135,2,13,1,310924,1
ACC_00005765,0.817,0.303,2,5,0,130578,1
ACC_00005766,0.221,0.842,4,2,1,195623,1
ACC_00005767,0.735,0.665,5,10,0,260549,1
ACC_00005768,0.583,1.133,3,32,0,171961,1
ACC_00005769,0.378,0.72,4,8,0,188887,0
ACC_00005770,0.624,0.036,0,23,0,49036,1
ACC_00005771,0.674,1.168,3,17,0,152895,1
ACC_00005772,0.228,0.095,0,15,0,330633,0
ACC_00005773,0.626,0.188,2,30,0,118754,1
ACC_00005774,0.164,0.818,3,17,0,286595,0
ACC_00005775,0.193,1.032,3,3,1,324424,1
ACC_00005776,0.164,0.118,0,18,0,214011,0
ACC_00005777,0.763,0.692,3,29,0,64443,1
ACC_00005778,0.793,0.845,5,19,1,248380,1
ACC_00005779,0.222,0.059,4,7,1,198280,1
ACC_00005780,0.57,0.181,0,4,0,231859,1
ACC_00005781,0.812,0.856,1,22,0,342019,1
ACC_00005782,0.823,0.713,3,13,0,275996,1
ACC_00005783,0.62,0.965,1,13,0,107963,1
ACC_00005784,0.243,0.942,4,11,0,70035,0
ACC_00005785,0.637,0.815,5,14,0,154499,1
ACC_00005786,0.471,0.776,3,23,0,141231,1
ACC_00005787,0.605,0.339,3,12,0,282647,1
ACC_00005788,0.415,0.431,0,9,0,96818,0
ACC_00005789,0.369,0.279,5,25,0,136840,0
ACC_00005790,0.267,1.115,1,25,1,176592,1
ACC_00005791,0.588,0.178,2,7,0,306960,1
ACC_00005792,0.218,0.412,2,28,0,90805,0
ACC_00005793,0.734,0.168,2,31,0,268508,1
ACC_00005794,0.534,1.197,0,11,1,203367,1
ACC_00005795,0.36,0.151,3,17,0,145844,0
ACC_00005796,0.07,0.655,3,22,1,226695,1
ACC_00005797,0.474,0.573,0,10,0,138101,0
ACC_00005798,0.161,0.75,5,5,0,229154,0
ACC_00005799,0.783,0.119,3,16,0,341994,1
ACC_00005800,0.608,1.117,1,2,1,327106,1
ACC_00005801,0.773,0.908,5,18,1,174430,1
ACC_00005802,0.172,1.104,4,12,0,49505,1
ACC_00005803,0.697,0.343,1,22,0,79863,1
ACC_00005804,0.762,0.919,5,29,0,193406,1
ACC_00005805,0.849,1.054,2,18,1,114443,1
ACC_00005806,0.604,0.444,5,12,0,340380,1
ACC_00005807,0.078,1.202,0,15,0,186806,1
ACC_00005808,0.421,0.92,0,28,1,146393,1
ACC_00005809,0.071,0.937,5,4,1,122896,1
ACC_00005810,0.176,0.903,0,11,0,346544,0
ACC_00005811,0.419,0.313,0,12,0,121752,0
ACC_00005812,0.685,0.711,1,27,0,246445,1
ACC_00005813,0.387,0.866,5,4,1,75766,1
ACC_00005814,0.242,1.032,4,26,0,245920,1
ACC_00005815,0.367,1.173,1,22,1,52332,1
ACC_00005816,0.651,0.078,4,19,1,311400,1
ACC_00005817,0.439,0.668,0,30,0,96392,0
ACC_00005818,0.281,0.64,1,13,0,65806,0
ACC_00005819,0.552,0.824,0,30,0,219373,1
ACC_00005820,0.508,1.017,0,19,1,346048,1
ACC_00005821,0.238,0.189,1,9,0,144232,0
ACC_00005822,0.65,0.67,5,13,0,323159,1
ACC_00005823,0.077,0.031,5,21,0,302166,0
ACC_00005824,0.553,1.141,3,10,1,42776,1
ACC_00005825,0.577,0.091,4,26,0,141493,1
ACC_00005826,0.404,0.953,2,6,0,119683,1
ACC_00005827,0.143,0.595,1,29,0,141574,0
ACC_00005828,0.31,0.893,2,27,0,326774,0
ACC_00005829,0.276,0.622,1,5,0,44344,0
ACC_00005830,0.124,1.243,5,16,0,145842,1
ACC_00005831,0.68,0.755,0,25,0,128708,1
ACC_00005832,0.259,1.069,4,9,1,335044,1
ACC_00005833,0.695,0.246,1,30,0,265379,1
ACC_00005834,0.398,0.262,3,2,0,132242,0
ACC_00005835,0.268,0.642,5,20,0,199469,0
ACC_00005836,0.634,1.066,0,2,0,333969,1
ACC_00005837,0.271,0.155,3,19,0,48204,0
ACC_00005838,0.447,0.436,3,23,1,156645,1
ACC_00005839,0.369,0.893,1,31,0,100846,0
ACC_00005840,0.41,0.512,2,3,0,323535,0
ACC_00005841,0.145,0.69,1,22,0,296385,0
ACC_00005842,0.339,0.801,3,28,0,305366,0
ACC_00005843,0.4,0.224,4,24,0,117567,0
ACC_00005844,0.234,0.422,5,3,0,327084,0
ACC_00005845,0.144,1.204,1,31,0,154531,1
ACC_00005846,0.306,0.144,1,12,0,190066,0
ACC_00005847,0.164,0.936,3,26,0,88159,0
ACC_00005848,0.353,0.952,3,8,0,253552,1
ACC_00005849,0.177,1.162,1,10,0,119968,1
ACC_00005850,0.512,1.082,1,22,0,322049,1
ACC_00005851,0.76,1.031,5,21,0,221892,1
ACC_00005852,0.132,0.253,1,3,0,321208,0
ACC_00005853,0.322,0.872,0,4,0,270474,0
ACC_00005854,0.803,0.643,3,26,1,63895,1
ACC_00005855,0.396,0.408,0,31,0,224982,1
ACC_00005856,0.632,1.12,1,22,0,254386,1
ACC_00005857,0.289,0.845,3,19,0,147261,0
ACC_00005858,0.61,0.012,4,3,0,55335,1
ACC_00005859,0.272,0.07,2,2,0,244297,0
ACC_00005860,0.812,0.348,3,5,0,63630,1
ACC_00005861,0.301,0.253,4,16,1,199688,1
ACC_00005862,0.422,0.953,0,4,0,86427,1
ACC_00005863,0.373,0.06,5,11,0,284476,0
ACC_00005864,0.283,0.618,2,14,0,67189,0
ACC_00005865,0.526,0.599,3,29,0,80960,1
ACC_00005866,0.814,0.049,1,18,0,88121,1
ACC_00005867,0.428,0.644,3,6,0,118280,1
ACC_00005868,0.292,0.847,5,28,1,314723,1
ACC_00005869,0.688,0.695,0,20,0,49238,1
ACC_00005870,0.78,0.954,1,8,0,36771,1
ACC_00005871,0.83,0.02,2,6,0,189180,1
ACC_00005872,0.255,0.064,2,8,0,302203,0
ACC_00005873,0.514,0.877,3,7,0,314299,1
ACC_00005874,0.352,1.004,1,2,0,316433,1
ACC_00005875,0.747,0.184,1,24,0,144837,1
ACC_00005876,0.844,1.137,0,15,0,99186,1
ACC_00005877,0.41,0.228,2,9,0,41487,0
ACC_00005878,0.837,1.212,2,8,0,264650,1
ACC_00005879,0.062,0.206,2,19,0,327569,0
ACC_00005880,0.391,0.417,5,12,1,339762,1
ACC_00005881,0.347,0.756,4,4,1,75469,1
ACC_00005882,0.801,0.976,2,14,0,216579,1
ACC_00005883,0.709,0.894,4,32,0,88877,1
ACC_00005884,0.729,0.837,2,29,0,120414,1
ACC_00005885,0.448,0.043,4,21,1,167985,1
ACC_00005886,0.584,0.225,1,29,0,155292,1
ACC_00005887,0.369,0.963,5,21,0,231562,1
ACC_00005888,0.667,0.118,4,3,0,221777,1
ACC_00005889,0.366,0.124,1,26,0,204292,0
ACC_00005890,0.198,0.693,1,11,0,250700,0
ACC_00005891,0.193,0.794,2,21,0,172006,0
ACC_00005892,0.072,1.089,5,2,0,346305,1
ACC_00005893,0.727,0.809,1,21,0,161301,1
ACC_00005894,0.762,0.487,2,10,0,116486,1
ACC_00005895,0.655,0.376,2,2,0,252511,1
ACC_00005896,0.397,0.57,4,10,0,86459,0
ACC_00005897,0.645,1.065,3,8,0,290350,1
ACC_00005898,0.573,0.846,1,11,0,222692,1
ACC_00005899,0.439,0.037,1,30,0,201150,0
ACC_00005900,0.152,0.693,2,23,0,102929,0
ACC_00005901,0.699,0.942,5,18,1,234636,1
ACC_00005902,0.82,0.763,3,5,0,265456,1
ACC_00005903,0.451,0.93,2,15,0,57305,0
ACC_00005904,0.325,0.587,5,12,1,85443,1
ACC_00005905,0.305,0.311,5,6,0,103435,0
ACC_00005906,0.232,0.781,4,23,0,202090,1
ACC_00005907,0.298,0.554,0,22,0,241728,0
ACC_00005908,0.219,0.434,2,26,0,61715,0
ACC_00005909,0.261,1.202,1,3,0,299035,1
ACC_00005910,0.061,0.365,5,21,0,268080,0
ACC_00005911,0.536,0.047,5,15,1,248425,1
ACC_00005912,0.845,0.891,2,32,0,104692,1
ACC_00005913,0.776,0.718,5,2,0,342244,1
ACC_00005914,0.218,0.458,4,28,0,334074,0
ACC_00005915,0.277,0.66,5,11,0,349807,0
ACC_00005916,0.135,0.349,1,3,0,77129,0
ACC_00005917,0.518,0.285,1,11,0,228008,1
ACC_00005918,0.644,1.087,3,22,1,87504,1
ACC_00005919,0.114,0.669,0,23,0,168219,1
ACC_00005920,0.349,0.663,5,20,0,168916,0
ACC_00005921,0.555,0.432,4,24,0,37005,1
ACC_00005922,0.49,0.653,2,25,0,304188,0
ACC_00005923,0.487,0.326,3,28,1,41109,1
ACC_00005924,0.376,0.651,5,10,0,221170,0
ACC_00005925,0.216,0.141,0,32,0,345607,0
ACC_00005926,0.572,0.474,5,32,1,217533,1
ACC_00005927,0.463,0.094,2,30,0,147473,1
ACC_00005928,0.71,0.426,0,24,0,287861,1
ACC_00005929,0.201,0.144,5,15,1,258021,1
ACC_00005930,0.342,0.275,4,22,1,346217,1
ACC_00005931,0.635,0.814,0,27,0,305641,1
ACC_00005932,0.133,0.604,2,31,0,37656,0
ACC_00005933,0.426,1.221,0,12,0,151484,1
ACC_00005934,0.107,1.057,3,8,0,146981,1
ACC_00005935,0.682,0.358,1,20,0,223099,1
ACC_00005936,0.435,0.486,1,17,0,70984,0
ACC_00005937,0.74,0.491,1,4,0,241787,1
ACC_00005938,0.775,1.093,4,32,0,349498,1
ACC_00005939,0.54,0.069,1,8,0,263599,1
ACC_00005940,0.266,1.06,4,7,1,81067,1
ACC_00005941,0.055,0.637,3,3,0,349714,0
ACC_00005942,0.288,0.592,1,28,0,180919,0
ACC_00005943,0.227,1.113,4,28,0,258293,1
ACC_00005944,0.33,0.666,4,30,1,219823,1
ACC_00005945,0.536,1.239,1,23,1,33152,1
ACC_00005946,0.587,1.241,4,18,1,76326,1
ACC_00005947,0.166,0.325,3,19,0,241308,0
ACC_00005948,0.074,0.752,3,17,0,244453,1
ACC_00005949,0.668,0.787,5,30,0,232116,1
ACC_00005950,0.237,0.377,0,28,0,139983,0
ACC_00005951,0.609,0.025,1,31,0,199091,1
ACC_00005952,0.293,0.41,5,27,0,338125,0
ACC_00005953,0.486,1.218,1,10,1,157457,1
ACC_00005954,0.678,1.077,2,29,0,329473,1
ACC_00005955,0.136,0.89,3,9,0,265892,1
ACC_00005956,0.29,1.222,1,23,0,191380,1
ACC_00005957,0.117,0.279,5,19,1,198191,1
ACC_00005958,0.129,1.214,5,25,1,129660,1
ACC_00005959,0.292,0.705,2,6,0,161897,0
ACC_00005960,0.72,1.106,4,27,0,78137,1
ACC_00005961,0.565,0.914,0,28,1,112356,1
ACC_00005962,0.275,1.209,0,15,1,145566,1
ACC_00005963,0.29,1.079,5,7,0,88444,1
ACC_00005964,0.488,0.175,1,18,0,321965,0
ACC_00005965,0.127,0.482,2,12,0,288096,0
ACC_00005966,0.76,0.157,4,17,0,246024,1
ACC_00005967,0.704,1.122,4,22,0,201497,1
ACC_00005968,0.335,1.015,2,13,1,142034,1
ACC_00005969,0.258,0.963,4,23,0,45760,1
ACC_00005970,0.435,0.113,2,2,0,318416,0
ACC_00005971,0.286,0.472,5,3,1,338099,1
ACC_00005972,0.427,0.499,4,27,0,288507,0
ACC_00005973,0.306,0.955,4,30,1,148228,1
ACC_00005974,0.238,0.456,5,28,0,217896,0
ACC_00005975,0.069,0.717,5,19,1,117139,1
ACC_00005976,0.482,1.165,5,24,0,113584,1
ACC_00005977,0.433,1.04,0,30,0,77450,1
ACC_00005978,0.17,0.559,3,13,1,54327,1
ACC_00005979,0.735,0.466,1,25,0,246011,1
ACC_00005980,0.809,0.782,0,17,0,95672,1
ACC_00005981,0.348,0.671,0,28,0,250388,0
ACC_00005982,0.788,0.709,4,28,0,333037,1
ACC_00005983,0.576,0.362,5,21,1,258984,1
ACC_00005984,0.449,0.027,3,17,0,73043,0
ACC_00005985,0.514,0.489,4,18,0,266076,1
ACC_00005986,0.64,1.039,5,23,0,163524,1
ACC_00005987,0.515,1.078,2,3,0,175352,1
ACC_00005988,0.404,0.412,1,7,0,207397,0
ACC_00005989,0.451,0.545,0,31,0,217235,0
ACC_00005990,0.387,0.576,0,29,0,315838,0
ACC_00005991,0.553,0.67,3,10,0,112134,1
ACC_00005992,0.057,1.24,5,32,0,264332,1
ACC_00005993,0.805,0.731,4,25,1,202197,1
ACC_00005994,0.81,0.919,3,10,0,218937,1
ACC_00005995,0.709,0.908,1,31,1,311109,1
ACC_00005996,0.075,0.838,0,8,0,241841,0
ACC_00005997,0.771,0.104,5,8,1,301632,1
ACC_00005998,0.431,0.898,3,24,1,177023,1
ACC_00005999,0.078,1.209,1,8,0,67490,1
ACC_00006000,0.051,0.498,3,24,1,213191,1
ACC_00006001,0.623,0.318,2,25,0,139973,1
ACC_00006002,0.635,1.132,5,20,0,158625,1
ACC_00006003,0.688,0.203,1,21,0,326291,1
ACC_00006004,0.82,0.682,5,11,0,81159,1
ACC_00006005,0.485,0.772,2,23,0,293961,0
ACC_00006006,0.765,0.135,5,22,1,126724,1
ACC_00006007,0.404,0.833,3,4,0,158697,0
ACC_00006008,0.39,0.803,3,3,1,60479,1
ACC_00006009,0.633,0.455,4,24,1,43543,1
ACC_00006010,0.723,1.009,1,8,0,190076,1
ACC_00006011,0.539,0.333,1,6,0,256179,1
ACC_00006012,0.369,0.827,5,9,0,79526,0
ACC_00006013,0.407,1.18,4,3,1,203863,1
ACC_00006014,0.491,0.164,2,27,0,229686,0
ACC_00006015,0.505,0.972,2,14,1,200452,1
ACC_00006016,0.275,0.651,5,7,0,203145,0
ACC_00006017,0.166,1.176,5,5,0,178952,1
ACC_00006018,0.117,0.508,1,29,0,122739,0
ACC_00006019,0.219,0.264,4,19,1,286544,1
ACC_00006020,0.603,1.117,5,29,0,207289,1
ACC_00006021,0.611,0.927,1,3,1,49209,1
ACC_00006022,0.699,0.503,0,31,0,151004,1
ACC_00006023,0.693,0.15,4,31,1,172766,1
ACC_00006024,0.392,0.565,0,27,0,107143,0
ACC_00006025,0.711,0.069,5,3,0,195849,1
ACC_00006026,0.827,1.008,3,6,0,310527,1
ACC_00006027,0.221,0.645,2,24,0,246170,0
ACC_00006028,0.613,0.672,4,7,0,221241,1
ACC_00006029,0.65,0.809,0,24,0,210432,1
ACC_00006030,0.824,0.478,3,21,0,95218,1
ACC_00006031,0.152,1.202,1,9,0,334051,1
ACC_00006032,0.53,0.041,4,4,0,174547,1
ACC_00006033,0.389,0.193,2,14,0,179064,0
ACC_00006034,0.274,1.156,3,31,1,263931,1
ACC_00006035,0.733,0.772,0,6,0,338007,1
ACC_00006036,0.782,0.151,4,17,0,106823,1
ACC_00006037,0.372,0.672,4,7,1,133260,1
ACC_00006038,0.511,0.334,5,29,0,105337,1
ACC_00006039,0.567,0.195,2,4,0,301031,1
ACC_00006040,0.779,0.633,1,16,0,77730,1
ACC_00006041,0.449,0.052,5,8,0,164340,0
ACC_00006042,0.491,0.858,0,21,0,33919,1
ACC_00006043,0.627,1.226,1,30,1,114071,1
ACC_00006044,0.087,0.438,3,8,1,192855,1
ACC_00006045,0.689,0.11,0,6,0,135390,1
ACC_00006046,0.696,1.242,1,21,0,338265,1
ACC_00006047,0.834,0.234,3,16,0,244742,1
ACC_00006048,0.089,0.369,4,10,0,108694,0
ACC_00006049,0.756,0.428,4,28,0,213279,1
ACC_00006050,0.649,0.471,1,18,0,30014,1
ACC_00006051,0.148,0.29,0,3,0,47197,0
ACC_00006052,0.497,0.711,2,14,0,167088,0
ACC_00006053,0.839,0.399,0,10,0,135920,1
ACC_00006054,0.658,0.515,4,27,0,328930,1
ACC_00006055,0.839,0.669,5,2,0,126627,1
ACC_00006056,0.08,1.137,1,16,0,127286,1
ACC_00006057,0.721,0.751,0,16,0,246957,1
ACC_00006058,0.246,1.242,0,3,0,284497,1
ACC_00006059,0.374,1.118,1,22,0,52365,1
ACC_00006060,0.387,0.245,1,11,0,231744,0
ACC_00006061,0.833,0.309,1,22,0,299763,1
ACC_00006062,0.371,0.026,1,23,0,77302,0
ACC_00006063,0.396,0.096,2,7,0,232283,0
ACC_00006064,0.808,0.01,5,25,0,209105,1
ACC_00006065,0.41,0.451,4,13,0,300515,0
ACC_00006066,0.233,0.124,5,17,1,346051,1
ACC_00006067,0.568,0.718,3,31,1,39223,1
ACC_00006068,0.784,0.046,3,26,0,187738,1
ACC_00006069,0.245,0.263,4,9,0,238276,0
ACC_00006070,0.229,0.021,3,22,0,175245,0
ACC_00006071,0.827,0.06,2,6,0,252890,1
ACC_00006072,0.437,0.744,0,21,0,192409,0
ACC_00006073,0.219,0.236,2,32,0,231434,0
ACC_00006074,0.593,0.736,2,16,0,261206,1
ACC_00006075,0.706,1.085,1,32,0,135480,1
ACC_00006076,0.329,0.801,5,23,0,205849,0
ACC_00006077,0.497,1.248,2,11,1,182527,1
ACC_00006078,0.443,0.041,5,7,1,302126,1
ACC_00006079,0.455,0.879,3,18,1,240067,1
ACC_00006080,0.11,0.777,1,23,0,103489,1
ACC_00006081,0.406,1.107,0,9,0,331131,1
ACC_00006082,0.126,1.059,4,18,0,200987,1
ACC_00006083,0.444,0.961,0,29,1,167194,1
ACC_00006084,0.814,0.328,1,21,0,330998,1
ACC_00006085,0.733,0.902,3,19,0,146233,1
ACC_00006086,0.369,1.134,2,26,0,340691,1
ACC_00006087,0.097,0.756,2,18,0,223457,0
ACC_00006088,0.657,0.419,5,2,0,38577,1
ACC_00006089,0.524,0.21,0,16,0,126424,1
ACC_00006090,0.262,0.825,3,19,0,31382,0
ACC_00006091,0.493,0.835,3,3,0,243099,0
ACC_00006092,0.108,0.314,1,6,0,57685,1
ACC_00006093,0.721,0.958,5,20,0,320305,1
ACC_00006094,0.358,0.647,5,19,1,36073,1
ACC_00006095,0.051,0.752,4,32,0,43307,0
ACC_00006096,0.464,0.348,5,13,0,122567,0
ACC_00006097,0.648,1.127,4,5,1,186856,1
ACC_00006098,0.206,1.113,3,14,1,122209,1
ACC_00006099,0.687,0.329,1,27,0,330599,1
ACC_00006100,0.377,0.501,0,4,0,186416,0
ACC_00006101,0.315,0.331,2,7,0,331418,0
ACC_00006102,0.231,0.548,2,10,0,77801,0
ACC_00006103,0.483,1.163,4,5,0,272121,1
ACC_00006104,0.173,0.728,0,18,0,110107,0
ACC_00006105,0.139,1.183,3,26,0,346670,1
ACC_00006106,0.283,0.374,0,27,0,76734,0
ACC_00006107,0.282,0.115,0,30,0,63681,0
ACC_00006108,0.777,1.017,1,24,0,143691,1
ACC_00006109,0.464,0.978,0,2,0,153549,1
ACC_00006110,0.596,0.87,2,32,0,333324,1
ACC_00006111,0.449,0.783,0,16,0,329703,0
ACC_00006112,0.214,0.918,5,4,1,41182,1
ACC_00006113,0.584,0.065,3,28,1,76744,1
ACC_00006114,0.164,0.698,4,9,0,126730,0
ACC_00006115,0.648,0.802,1,19,0,156701,1
ACC_00006116,0.76,0.813,4,16,1,192093,1
ACC_00006117,0.642,0.749,4,23,1,152864,1
ACC_00006118,0.364,0.912,5,29,0,325940,1
ACC_00006119,0.672,0.095,2,17,0,281696,1
ACC_00006120,0.124,0.89,2,14,0,313123,0
ACC_00006121,0.641,0.474,2,15,0,135739,1
ACC_00006122,0.433,0.442,5,12,1,194471,1
ACC_00006123,0.062,0.43,3,12,0,68025,0
ACC_00006124,0.5,0.577,0,26,0,334788,0
ACC_00006125,0.31,0.796,4,14,1,315989,1
ACC_00006126,0.079,1.064,1,31,0,241471,1
ACC_00006127,0.625,0.98,3,21,0,211052,1
ACC_00006128,0.109,0.256,5,22,1,103971,1
ACC_00006129,0.432,0.27,2,8,0,174978,0
ACC_00006130,0.402,1.187,2,21,0,251157,1
ACC_00006131,0.801,0.98,2,19,0,61515,1
ACC_00006132,0.077,0.625,3,22,1,161899,1
ACC_00006133,0.796,0.828,3,8,0,295764,1
ACC_00006134,0.185,0.706,1,13,0,118208,0
ACC_00006135,0.788,0.886,0,27,0,248746,1
ACC_00006136,0.258,0.925,4,29,0,178266,0
ACC_00006137,0.414,0.42,3,21,0,222175,0
ACC_00006138,0.611,0.617,3,23,0,277649,1
ACC_00006139,0.22,0.459,5,20,0,261496,0
ACC_00006140,0.523,0.452,0,18,0,268979,1
ACC_00006141,0.129,0.399,0,19,0,119352,0
ACC_00006142,0.585,0.119,5,27,0,313646,1
ACC_00006143,0.626,1.071,2,23,1,135935,1
ACC_00006144,0.558,0.201,5,13,0,79577,1
ACC_00006145,0.353,0.405,5,18,0,64004,0
ACC_00006146,0.633,1.088,3,9,0,72941,1
ACC_00006147,0.46,0.32,1,14,0,118357,1
ACC_00006148,0.354,0.265,5,17,0,128829,0
ACC_00006149,0.142,0.069,5,18,0,188325,0
ACC_00006150,0.138,1.137,1,20,0,56311,1
ACC_00006151,0.362,1.217,5,6,1,203426,1
ACC_00006152,0.356,0.861,2,18,0,163729,0
ACC_00006153,0.328,0.347,3,15,0,100039,0
ACC_00006154,0.693,1.211,5,6,1,168060,1
ACC_00006155,0.687,1.013,4,21,1,164235,1
ACC_00006156,0.396,0.729,4,8,1,250692,1
ACC_00006157,0.419,1.173,2,11,0,245397,1
ACC_00006158,0.641,0.011,1,16,0,221341,1
ACC_00006159,0.527,0.9,3,17,0,318513,1
ACC_00006160,0.295,0.506,1,30,0,309134,0
ACC_00006161,0.474,0.271,4,31,0,91589,1
ACC_00006162,0.229,0.508,1,10,0,41098,1
ACC_00006163,0.162,0.862,3,10,1,56612,1
ACC_00006164,0.273,0.518,1,3,0,230542,0
ACC_00006165,0.709,0.055,4,16,1,77254,1
ACC_00006166,0.661,0.501,2,8,0,121236,1
ACC_00006167,0.098,0.478,5,2,0,48495,0
ACC_00006168,0.581,1.13,1,20,0,64911,1
ACC_00006169,0.35,0.102,2,4,0,240467,1
ACC_00006170,0.79,0.595,5,13,1,30116,1
ACC_00006171,0.348,0.195,2,28,0,260264,0
ACC_00006172,0.226,0.984,0,17,0,302402,1
ACC_00006173,0.416,1.051,0,2,1,128720,1
ACC_00006174,0.636,0.478,0,26,0,149436,1
ACC_00006175,0.129,0.195,2,6,0,205642,0
ACC_00006176,0.712,1.009,3,4,0,62820,1
ACC_00006177,0.642,0.536,0,4,0,311228,1
ACC_00006178,0.668,1.068,1,3,0,326958,1
ACC_00006179,0.132,0.189,3,21,0,200598,0
ACC_00006180,0.53,0.497,1,15,0,299858,1
ACC_00006181,0.152,0.291,0,3,0,86997,0
ACC_00006182,0.422,1.097,2,17,1,247525,1
ACC_00006183,0.674,0.638,2,28,0,171894,1
ACC_00006184,0.213,1.228,3,28,0,236763,1
ACC_00006185,0.582,0.769,1,13,0,60549,1
ACC_00006186,0.391,0.329,3,13,1,40336,1
ACC_00006187,0.512,0.969,2,32,1,185831,1
ACC_00006188,0.193,0.941,5,9,0,263791,0
ACC_00006189,0.728,0.455,1,18,0,321886,1
ACC_00006190,0.558,0.703,4,28,0,165482,1
ACC_00006191,0.186,0.388,1,3,0,39675,0
ACC_00006192,0.358,0.302,4,32,0,50623,0
ACC_00006193,0.233,0.621,3,13,0,148900,0
ACC_00006194,0.564,0.707,4,6,1,198297,1
ACC_00006195,0.651,1.082,4,29,0,143098,1
ACC_00006196,0.419,1.247,1,29,0,41419,1
ACC_00006197,0.793,0.632,5,29,0,245372,1
ACC_00006198,0.437,0.305,4,22,0,126699,0
ACC_00006199,0.72,0.821,1,20,0,52561,1
ACC_00006200,0.234,0.156,4,13,0,41318,0
ACC_00006201,0.199,0.569,1,6,0,121732,0
ACC_00006202,0.472,1.006,3,30,1,97665,1
ACC_00006203,0.543,0.238,0,18,0,196943,1
ACC_00006204,0.591,0.827,5,3,0,348132,1
ACC_00006205,0.28,0.865,2,31,0,271523,0
ACC_00006206,0.733,0.115,2,17,0,50515,1
ACC_00006207,0.813,0.762,3,11,1,103743,1
ACC_00006208,0.127,0.676,4,24,0,238433,0
ACC_00006209,0.395,0.777,5,10,1,276742,1
ACC_00006210,0.779,0.197,4,20,1,34624,1
ACC_00006211,0.27,0.533,1,26,0,268220,0
ACC_00006212,0.088,0.882,4,9,1,64589,1
ACC_00006213,0.362,0.064,4,15,1,108979,1
ACC_00006214,0.539,0.158,4,32,0,85424,1
ACC_00006215,0.384,0.391,0,13,0,278769,0
ACC_00006216,0.631,0.4,2,11,0,226580,1
ACC_00006217,0.752,0.061,5,19,1,153128,1
ACC_00006218,0.179,0.526,2,17,0,223401,0
ACC_00006219,0.642,1.036,2,18,1,274550,1
ACC_00006220,0.545,0.151,1,24,0,180627,1
ACC_00006221,0.355,0.881,0,12,0,176749,1
ACC_00006222,0.622,0.892,2,19,0,245812,1
ACC_00006223,0.304,0.92,5,2,0,65211,0
ACC_00006224,0.593,0.065,4,11,1,216563,1
ACC_00006225,0.283,0.512,4,26,0,318118,0
ACC_00006226,0.715,0.96,3,9,0,191830,1
ACC_00006227,0.788,0.286,2,20,0,174157,1
ACC_00006228,0.677,0.189,2,6,0,222896,1
ACC_00006229,0.149,0.283,2,10,0,151951,0
ACC_00006230,0.365,0.728,1,25,0,322134,0
ACC_00006231,0.637,1.177,4,3,0,237518,1
ACC_00006232,0.718,0.615,3,6,0,196233,1
ACC_00006233,0.065,0.933,1,7,0,175312,0
ACC_00006234,0.353,0.288,1,2,0,137301,0
ACC_00006235,0.438,1.086,0,2,0,131677,1
ACC_00006236,0.76,0.517,2,16,0,51271,1
ACC_00006237,0.358,1.1,4,31,1,49153,1
ACC_00006238,0.756,0.101,1,19,0,136716,1
ACC_00006239,0.719,0.452,5,12,1,201184,1
ACC_00006240,0.576,1.0,1,12,0,297115,1
ACC_00006241,0.387,1.155,0,26,0,121686,1
ACC_00006242,0.529,1.104,0,9,0,335981,1
ACC_00006243,0.648,0.055,0,17,0,71443,1
ACC_00006244,0.462,0.847,1,4,0,294262,1
ACC_00006245,0.278,0.311,3,28,1,196095,1
ACC_00006246,0.274,0.371,3,5,1,154431,1
ACC_00006247,0.291,1.099,1,10,1,52556,1
ACC_00006248,0.262,1.078,2,22,0,83397,1
ACC_00006249,0.82,0.446,3,32,1,128435,1
ACC_00006250,0.476,1.038,3,11,0,211426,1
ACC_00006251,0.317,0.345,5,3,0,216414,0
ACC_00006252,0.669,0.956,3,4,0,85891,1
ACC_00006253,0.132,0.813,4,31,0,56377,0
ACC_00006254,0.474,1.142,2,13,0,318639,1
ACC_00006255,0.253,0.306,5,31,0,193978,0
ACC_00006256,0.828,0.314,2,28,0,90840,1
ACC_00006257,0.414,1.155,4,25,1,33220,1
ACC_00006258,0.297,0.78,0,12,0,186108,0
ACC_00006259,0.16,0.297,0,24,0,33233,0
ACC_00006260,0.62,1.205,3,7,0,61655,1
ACC_00006261,0.327,0.741,0,21,0,91000,0
ACC_00006262,0.151,0.639,2,22,0,32230,0
ACC_00006263,0.737,0.514,0,19,0,113582,1
ACC_00006264,0.404,0.607,2,11,0,75923,0
ACC_00006265,0.498,0.677,5,2,1,169623,1
ACC_00006266,0.582,0.58,2,24,0,312935,1
ACC_00006267,0.585,0.19,4,10,1,275695,1
ACC_00006268,0.661,0.785,1,8,0,242157,1
ACC_00006269,0.666,1.042,4,5,1,34909,1
ACC_00006270,0.645,1.212,1,24,0,75120,1
ACC_00006271,0.793,0.023,1,4,0,122035,1
ACC_00006272,0.089,1.101,2,5,0,284089,1
ACC_00006273,0.833,0.891,4,15,0,167787,1
ACC_00006274,0.793,0.062,4,17,0,185863,1
ACC_00006275,0.447,0.086,2,13,0,248411,0
ACC_00006276,0.674,0.242,4,18,0,168249,1
ACC_00006277,0.706,0.325,0,25,0,343521,1
ACC_00006278,0.74,1.128,5,16,1,295969,1
ACC_00006279,0.426,1.214,3,28,0,222587,1
ACC_00006280,0.75,0.037,1,15,0,158194,1
ACC_00006281,0.185,0.357,3,19,1,32592,1
ACC_00006282,0.608,0.336,2,7,0,213154,1
ACC_00006283,0.792,0.693,4,7,0,167697,1
ACC_00006284,0.393,1.237,0,22,1,57758,1
ACC_00006285,0.371,0.21,5,15,0,136751,0
ACC_00006286,0.66,0.285,0,10,0,219407,1
ACC_00006287,0.849,0.132,4,20,1,207549,1
ACC_00006288,0.592,0.637,0,28,0,251433,1
ACC_00006289,0.235,0.713,0,14,0,234077,0
ACC_00006290,0.721,0.979,3,21,1,310206,1
ACC_00006291,0.795,1.172,4,20,0,337173,1
ACC_00006292,0.255,1.09,2,15,1,114915,1
ACC_00006293,0.771,0.126,5,28,0,176811,1
ACC_00006294,0.832,0.067,0,21,0,152650,1
ACC_00006295,0.52,0.745,0,22,0,89581,1
ACC_00006296,0.253,1.05,2,29,0,290105,1
ACC_00006297,0.416,0.608,2,30,0,309527,0
ACC_00006298,0.54,0.589,3,18,1,42833,1
ACC_00006299,0.774,1.2,2,3,1,275361,1
ACC_00006300,0.631,0.425,4,21,1,147397,1
ACC_00006301,0.829,0.463,0,13,0,71863,1
ACC_00006302,0.194,0.999,2,21,0,101316,1
ACC_00006303,0.294,0.308,0,12,0,184122,0
ACC_00006304,0.3,0.19,4,23,1,291468,1
ACC_00006305,0.498,0.849,2,25,0,270281,0
ACC_00006306,0.687,1.153,0,16,1,283947,1
ACC_00006307,0.467,0.663,1,25,0,130253,1
ACC_00006308,0.796,0.717,4,7,1,140562,1
ACC_00006309,0.643,0.653,1,27,0,286591,1
ACC_00006310,0.53,0.471,2,4,0,251363,1
ACC_00006311,0.538,0.86,1,11,0,345115,1
ACC_00006312,0.118,0.779,3,27,1,233487,1
ACC_00006313,0.381,0.241,4,32,0,65271,0
ACC_00006314,0.171,1.149,4,31,0,71050,1
ACC_00006315,0.22,0.311,3,31,1,65632,1
ACC_00006316,0.653,1.047,0,28,0,301630,1
ACC_00006317,0.131,0.408,2,3,0,244077,0
ACC_00006318,0.344,0.768,2,18,0,297574,0
ACC_00006319,0.845,0.289,5,23,0,310764,1
ACC_00006320,0.334,0.212,2,23,0,219296,0
ACC_00006321,0.672,0.51,3,12,0,123227,1
ACC_00006322,0.436,0.76,4,21,0,223984,0
ACC_00006323,0.829,1.122,1,13,0,282986,1
ACC_00006324,0.483,0.98,2,13,1,188818,1
ACC_00006325,0.068,0.176,5,2,0,280291,0
ACC_00006326,0.136,0.648,3,9,1,140662,1
ACC_00006327,0.179,0.999,5,24,0,66632,1
ACC_00006328,0.45,1.224,5,18,0,337942,1
ACC_00006329,0.44,0.662,4,25,0,59169,0
ACC_00006330,0.345,0.188,0,3,0,176767,0
ACC_00006331,0.814,0.83,1,17,0,241053,1
ACC_00006332,0.307,1.041,4,26,1,336775,1
ACC_00006333,0.24,0.382,2,21,0,176438,0
ACC_00006334,0.121,0.274,5,4,0,192837,0
ACC_00006335,0.747,0.246,1,20,0,167189,1
ACC_00006336,0.478,0.805,4,2,0,147179,0
ACC_00006337,0.786,0.608,3,6,1,144541,1
ACC_00006338,0.623,1.142,3,20,1,277816,1
ACC_00006339,0.758,1.136,4,19,0,150525,1
ACC_00006340,0.72,0.556,4,31,1,108601,1
ACC_00006341,0.179,0.966,5,5,0,333318,1
ACC_00006342,0.287,0.137,2,11,0,198899,0
ACC_00006343,0.289,0.023,1,29,0,204393,0
ACC_00006344,0.306,0.446,2,30,0,155916,0
ACC_00006345,0.762,0.535,0,17,0,273966,1
ACC_00006346,0.451,0.321,1,5,0,196525,0
ACC_00006347,0.271,0.886,4,17,1,185806,1
ACC_00006348,0.474,0.982,3,13,0,231141,1
ACC_00006349,0.437,0.416,5,16,0,253670,1
ACC_00006350,0.416,0.308,3,4,1,189853,1
ACC_00006351,0.063,1.043,5,27,0,343058,1
ACC_00006352,0.396,0.16,5,23,0,265572,0
ACC_00006353,0.119,1.195,3,19,0,241014,1
ACC_00006354,0.251,0.785,3,17,0,80635,0
ACC_00006355,0.428,0.745,1,21,0,54005,0
ACC_00006356,0.336,0.626,3,19,1,224099,1
ACC_00006357,0.197,0.908,1,2,0,314901,0
ACC_00006358,0.504,0.205,0,19,0,176834,1
ACC_00006359,0.656,1.24,4,15,0,293611,1
ACC_00006360,0.281,0.833,2,2,0,104758,0
ACC_00006361,0.401,0.124,5,13,0,245987,0
ACC_00006362,0.781,1.202,2,10,0,293480,1
ACC_00006363,0.232,0.485,0,26,0,295067,0
ACC_00006364,0.246,0.019,3,17,1,293279,1
ACC_00006365,0.833,0.673,5,21,0,227028,1
ACC_00006366,0.682,1.241,0,21,1,195767,1
ACC_00006367,0.551,0.734,3,21,1,158780,1
ACC_00006368,0.362,1.197,0,22,0,128211,1
ACC_00006369,0.25,0.596,5,14,1,289061,1
ACC_00006370,0.766,0.952,0,12,1,300382,1
ACC_00006371,0.51,1.201,0,22,0,40037,1
ACC_00006372,0.405,0.729,5,14,0,90219,0
ACC_00006373,0.789,1.147,0,18,0,89810,1
ACC_00006374,0.808,0.308,1,5,0,150252,1
ACC_00006375,0.165,1.05,0,4,1,181846,1
ACC_00006376,0.199,1.223,2,9,1,68750,1
ACC_00006377,0.477,1.014,3,31,0,201569,1
ACC_00006378,0.474,1.112,4,4,1,272673,1
ACC_00006379,0.64,0.598,2,24,0,275077,1
ACC_00006380,0.527,0.591,4,20,0,48914,1
ACC_00006381,0.731,0.763,5,12,0,156254,1
ACC_00006382,0.148,1.044,4,6,0,287068,1
ACC_00006383,0.109,0.468,0,6,0,214681,0
ACC_00006384,0.315,0.983,1,11,0,89965,1
ACC_00006385,0.554,0.837,3,32,1,33761,1
ACC_00006386,0.705,0.766,1,24,0,190747,1
ACC_00006387,0.763,1.192,4,25,0,65784,1
ACC_00006388,0.655,0.859,5,18,0,66453,1
ACC_00006389,0.134,0.577,3,26,1,53334,1
ACC_00006390,0.835,0.463,2,24,0,272908,1
ACC_00006391,0.325,0.381,4,18,0,220667,0
ACC_00006392,0.545,0.451,2,20,0,256342,1
ACC_00006393,0.562,1.202,0,14,1,270075,1
ACC_00006394,0.744,0.131,5,29,1,37870,1
ACC_00006395,0.144,0.298,1,9,0,125302,0
ACC_00006396,0.331,0.848,1,16,0,83156,0
ACC_00006397,0.763,0.864,4,7,0,252660,1
ACC_00006398,0.18,0.433,0,14,0,214341,0
ACC_00006399,0.447,0.376,2,17,0,84431,0
ACC_00006400,0.459,0.786,4,2,0,281796,0
ACC_00006401,0.811,0.728,3,3,0,41833,1
ACC_00006402,0.106,0.211,3,5,0,343439,0
ACC_00006403,0.14,0.717,3,4,1,132363,1
ACC_00006404,0.422,1.222,3,16,0,136169,1
ACC_00006405,0.503,0.954,4,2,0,224232,1
ACC_00006406,0.816,0.011,4,12,0,343075,1
ACC_00006407,0.8,0.899,0,32,0,298685,1
ACC_00006408,0.55,0.917,0,11,0,285717,1
ACC_00006409,0.121,0.329,4,11,0,306518,0
ACC_00006410,0.812,1.041,4,7,1,284426,1
ACC_00006411,0.639,0.809,4,8,0,287218,1
ACC_00006412,0.273,1.006,5,14,0,236450,1
ACC_00006413,0.476,0.316,5,15,1,43739,1
ACC_00006414,0.648,1.219,5,15,0,38308,1
ACC_00006415,0.669,0.221,2,18,0,181035,1
ACC_00006416,0.753,0.938,2,4,0,186126,1
ACC_00006417,0.091,0.379,3,10,0,236351,0
ACC_00006418,0.533,0.643,2,11,0,161745,1
ACC_00006419,0.812,1.181,1,4,0,340590,1
ACC_00006420,0.649,0.485,1,26,0,272486,1
ACC_00006421,0.668,0.644,3,3,0,111692,1
ACC_00006422,0.761,0.632,0,15,0,325077,1
ACC_00006423,0.086,1.178,0,27,0,167846,1
ACC_00006424,0.645,0.401,5,30,1,283083,1
ACC_00006425,0.124,1.156,1,27,0,270805,1
ACC_00006426,0.757,1.021,4,23,1,343872,1
ACC_00006427,0.329,0.191,1,17,0,125124,0
ACC_00006428,0.728,0.283,4,7,0,210020,1
ACC_00006429,0.324,0.327,4,5,0,220094,0
ACC_00006430,0.634,0.46,4,6,1,86375,1
ACC_00006431,0.685,1.128,3,7,0,142519,1
ACC_00006432,0.801,0.803,2,17,0,199746,1
ACC_00006433,0.76,0.978,1,4,0,125886,1
ACC_00006434,0.631,0.565,2,15,0,219667,1
ACC_00006435,0.659,0.726,0,18,0,231486,1
ACC_00006436,0.407,0.825,5,9,1,59335,1
ACC_00006437,0.489,0.994,5,19,0,331623,1
ACC_00006438,0.214,1.026,2,3,1,288342,1
ACC_00006439,0.238,0.547,4,16,0,201735,0
ACC_00006440,0.153,0.655,2,17,0,46200,0
ACC_00006441,0.593,0.074,4,20,0,336198,1
ACC_00006442,0.594,0.334,4,2,1,83653,1
ACC_00006443,0.491,0.692,1,20,0,93354,0
ACC_00006444,0.057,0.369,5,27,0,323777,0
ACC_00006445,0.371,0.094,0,28,0,98357,0
ACC_00006446,0.223,0.531,3,12,1,137638,1
ACC_00006447,0.443,0.386,0,5,0,235635,0
ACC_00006448,0.662,0.136,0,11,0,303423,1
ACC_00006449,0.378,0.404,2,7,0,170064,0
ACC_00006450,0.8,0.396,0,7,0,76981,1
ACC_00006451,0.404,1.073,5,9,1,334729,1
ACC_00006452,0.695,1.155,4,26,0,70568,1
ACC_00006453,0.562,0.731,0,13,0,93448,1
ACC_00006454,0.261,1.045,4,17,0,39316,1
ACC_00006455,0.309,0.195,4,26,0,243613,0
ACC_00006456,0.351,0.221,4,10,0,70522,0
ACC_00006457,0.707,0.72,1,12,0,54439,1
ACC_00006458,0.425,0.226,5,24,0,99398,0
ACC_00006459,0.232,0.374,2,12,0,314803,0
ACC_00006460,0.813,0.94,1,29,0,287446,1
ACC_00006461,0.121,0.112,5,14,1,348799,1
ACC_00006462,0.377,0.548,3,14,1,300798,1
ACC_00006463,0.122,1.217,4,10,0,214761,1
ACC_00006464,0.505,0.631,4,15,1,317827,1
ACC_00006465,0.673,0.589,4,8,0,33434,1
ACC_00006466,0.623,0.976,5,15,1,256561,1
ACC_00006467,0.775,0.682,2,9,0,330094,1
ACC_00006468,0.212,0.653,4,7,1,228565,1
ACC_00006469,0.49,0.92,1,8,1,135089,1
ACC_00006470,0.683,0.645,1,8,0,114869,1
ACC_00006471,0.684,1.013,4,4,0,301043,1
ACC_00006472,0.058,0.541,2,29,0,297597,0
ACC_00006473,0.538,0.476,3,26,1,62279,1
ACC_00006474,0.493,0.549,5,31,0,118352,0
ACC_00006475,0.512,1.02,3,30,1,109280,1
ACC_00006476,0.343,1.146,1,11,1,348932,1
ACC_00006477,0.736,0.474,3,6,0,302054,1
ACC_00006478,0.197,0.947,0,15,0,281025,0
ACC_00006479,0.846,1.078,1,13,0,69796,1
ACC_00006480,0.352,0.331,1,26,0,35408,0
ACC_00006481,0.083,0.939,1,29,0,82079,0
ACC_00006482,0.385,0.45,5,3,1,177451,1
ACC_00006483,0.643,0.215,3,25,1,262122,1
ACC_00006484,0.417,0.658,0,3,0,221594,0
ACC_00006485,0.259,0.712,2,8,0,220446,0
ACC_00006486,0.771,0.762,2,15,0,321919,1
ACC_00006487,0.346,1.03,5,29,0,72879,1
ACC_00006488,0.669,0.883,5,16,1,62417,1
ACC_00006489,0.151,0.385,0,3,0,280650,0
ACC_00006490,0.413,0.189,2,23,0,213578,0
ACC_00006491,0.354,1.181,4,22,1,260219,1
ACC_00006492,0.33,0.373,4,11,0,179578,0
ACC_00006493,0.25,1.066,1,29,1,107495,1
ACC_00006494,0.721,0.631,5,13,0,116925,1
ACC_00006495,0.675,0.689,1,21,0,260646,1
ACC_00006496,0.62,0.12,1,7,0,321476,1
ACC_00006497,0.841,0.379,4,30,0,56912,1
ACC_00006498,0.057,0.273,2,32,0,141617,0
ACC_00006499,0.831,0.553,4,28,0,343850,1
ACC_00006500,0.425,1.012,0,13,0,273075,1
ACC_00006501,0.275,0.381,2,23,0,190065,0
ACC_00006502,0.081,0.134,1,2,0,214564,0
ACC_00006503,0.375,1.067,2,30,1,305493,1
ACC_00006504,0.75,0.738,0,26,0,211800,1
ACC_00006505,0.789,0.312,0,30,0,169597,1
ACC_00006506,0.754,1.084,1,22,1,83097,1
ACC_00006507,0.814,0.14,1,28,0,175305,1
ACC_00006508,0.344,0.071,0,13,0,71571,0
ACC_00006509,0.849,0.811,5,14,0,169629,1
ACC_00006510,0.426,1.127,0,21,1,129179,1
ACC_00006511,0.443,0.319,5,2,0,104732,0
ACC_00006512,0.079,0.571,3,2,0,120552,0
ACC_00006513,0.363,1.239,4,20,0,321320,1
ACC_00006514,0.353,1.154,1,12,0,326524,1
ACC_00006515,0.168,0.167,3,27,1,297415,1
ACC_00006516,0.057,0.734,3,21,0,268920,0
ACC_00006517,0.589,0.831,4,23,0,309462,1
ACC_00006518,0.171,0.454,3,8,0,307809,0
ACC_00006519,0.806,0.916,1,11,0,84567,1
ACC_00006520,0.75,0.234,0,21,0,222242,1
ACC_00006521,0.168,1.185,3,3,0,322210,1
ACC_00006522,0.277,0.321,0,4,0,195083,1
ACC_00006523,0.8,0.659,3,5,0,257563,1
ACC_00006524,0.295,1.044,4,32,1,175681,1
ACC_00006525,0.809,0.678,2,6,0,49747,1
ACC_00006526,0.648,0.486,2,19,0,95513,1
ACC_00006527,0.673,1.215,3,3,1,269375,1
ACC_00006528,0.053,0.646,4,20,1,288640,1
ACC_00006529,0.797,0.017,4,5,0,296690,1
ACC_00006530,0.334,0.983,0,26,1,303903,1
ACC_00006531,0.092,1.167,0,10,0,163076,1
ACC_00006532,0.822,0.53,0,3,0,308501,1
ACC_00006533,0.567,0.561,4,19,1,219030,1
ACC_00006534,0.552,1.094,0,4,1,247053,1
ACC_00006535,0.056,0.536,3,23,0,232900,1
ACC_00006536,0.053,0.179,0,22,0,77521,1
ACC_00006537,0.367,0.533,3,7,1,59005,1
ACC_00006538,0.751,0.547,0,17,0,155380,1
ACC_00006539,0.705,0.606,5,29,1,257870,1
ACC_00006540,0.562,0.585,4,20,0,150991,1
ACC_00006541,0.469,1.011,3,18,1,319282,1
ACC_00006542,0.171,0.76,5,22,1,89614,1
ACC_00006543,0.185,0.309,0,8,0,266941,0
ACC_00006544,0.706,0.727,4,11,0,222168,1
ACC_00006545,0.746,0.728,1,20,0,36089,1
ACC_00006546,0.2,0.645,0,15,0,278365,0
ACC_00006547,0.323,1.155,3,9,0,347080,1
ACC_00006548,0.592,0.383,1,11,0,254589,1
ACC_00006549,0.421,0.619,4,25,0,152429,0
ACC_00006550,0.491,0.503,2,12,0,180328,0
ACC_00006551,0.561,1.125,4,17,0,78458,1
ACC_00006552,0.813,0.071,3,17,0,226884,1
ACC_00006553,0.453,0.529,3,6,1,328051,1
ACC_00006554,0.129,0.381,5,13,0,274532,0
ACC_00006555,0.104,0.563,4,28,1,75191,1
ACC_00006556,0.381,1.137,1,17,1,264116,1
ACC_00006557,0.796,0.176,1,10,0,310881,1
ACC_00006558,0.423,0.842,5,28,1,118829,1
ACC_00006559,0.634,0.951,5,15,1,143856,1
ACC_00006560,0.416,0.894,5,27,0,159129,0
ACC_00006561,0.248,0.886,0,32,0,83765,0
ACC_00006562,0.835,0.74,0,21,0,316830,1
ACC_00006563,0.263,0.7,5,28,1,86892,1
ACC_00006564,0.186,0.791,0,6,0,153774,0
ACC_00006565,0.592,0.559,4,8,1,271298,1
ACC_00006566,0.163,0.627,2,28,0,36154,0
ACC_00006567,0.494,0.029,4,10,0,295087,0
ACC_00006568,0.521,0.468,3,2,1,158998,1
ACC_00006569,0.513,0.429,4,27,1,273197,1
ACC_00006570,0.595,0.491,0,29,0,46647,1
ACC_00006571,0.785,0.081,1,26,0,181843,1
ACC_00006572,0.257,1.248,5,14,1,169454,1
ACC_00006573,0.841,0.335,3,7,1,212268,1
ACC_00006574,0.34,1.15,3,32,0,105879,1
ACC_00006575,0.317,0.501,0,18,0,160240,0
ACC_00006576,0.301,0.275,5,20,0,225554,0
ACC_00006577,0.79,0.146,3,13,0,228126,1
ACC_00006578,0.471,0.362,0,31,0,208679,0
ACC_00006579,0.46,0.73,3,17,0,206307,0
ACC_00006580,0.435,0.742,2,31,0,195245,0
ACC_00006581,0.304,0.505,5,14,1,220540,1
ACC_00006582,0.831,0.903,1,28,1,173718,1
ACC_00006583,0.059,1.058,3,29,0,160925,1
ACC_00006584,0.477,0.129,3,8,1,280726,1
ACC_00006585,0.75,0.562,2,15,0,194152,1
ACC_00006586,0.81,1.043,4,21,1,167184,1
ACC_00006587,0.38,0.149,2,8,0,90028,0
ACC_00006588,0.272,0.772,3,17,1,155752,1
ACC_00006589,0.396,0.686,0,2,0,313370,0
ACC_00006590,0.709,0.2,4,22,0,270392,1
ACC_00006591,0.145,0.958,5,7,1,214905,1
ACC_00006592,0.705,1.134,4,28,0,218947,1
ACC_00006593,0.455,0.494,3,22,0,50751,0
ACC_00006594,0.299,0.507,0,12,0,100159,0
ACC_00006595,0.64,0.331,1,19,0,237543,1
ACC_00006596,0.822,0.085,0,10,0,46329,1
ACC_00006597,0.701,1.179,3,13,0,300254,1
ACC_00006598,0.257,0.073,1,4,0,343751,0
ACC_00006599,0.533,0.492,5,16,0,101646,1
ACC_00006600,0.546,0.471,3,27,1,215616,1
ACC_00006601,0.524,0.897,3,26,0,74203,1
ACC_00006602,0.75,0.573,0,16,0,133372,1
ACC_00006603,0.143,0.356,2,11,0,244473,0
ACC_00006604,0.261,0.335,5,11,0,298692,0
ACC_00006605,0.833,0.433,5,27,1,253346,1
ACC_00006606,0.378,0.482,4,5,0,96087,0
ACC_00006607,0.273,1.225,3,21,0,83048,1
ACC_00006608,0.453,0.265,5,7,0,93093,0
ACC_00006609,0.155,1.124,1,12,0,209360,1
ACC_00006610,0.615,1.075,4,28,0,343368,1
ACC_00006611,0.39,0.447,2,3,0,291661,0
ACC_00006612,0.092,0.83,3,15,1,180013,1
ACC_00006613,0.266,0.712,5,31,0,330353,0
ACC_00006614,0.399,1.112,4,16,0,105913,1
ACC_00006615,0.334,0.158,2,16,0,200326,0
ACC_00006616,0.415,0.317,2,10,0,171723,0
ACC_00006617,0.614,0.038,5,5,1,187612,1
ACC_00006618,0.595,0.433,0,10,0,316677,1
ACC_00006619,0.658,0.196,1,28,0,116703,1
ACC_00006620,0.289,1.119,4,19,0,50183,1
ACC_00006621,0.722,0.158,1,21,0,194802,1
ACC_00006622,0.17,0.768,5,18,0,287535,0
ACC_00006623,0.667,0.346,5,10,0,203236,1
ACC_00006624,0.4,0.497,2,6,0,71625,1
ACC_00006625,0.679,0.389,5,5,0,330031,1
ACC_00006626,0.729,1.102,5,19,0,121048,1
ACC_00006627,0.726,1.016,3,11,0,244963,1
ACC_00006628,0.343,0.982,5,13,1,117704,1
ACC_00006629,0.293,1.108,1,24,1,106339,1
ACC_00006630,0.498,0.51,2,7,0,160656,0
ACC_00006631,0.201,0.763,0,27,0,78610,0
ACC_00006632,0.066,1.03,2,27,0,90503,1
ACC_00006633,0.439,0.055,2,15,0,331234,1
ACC_00006634,0.661,0.546,5,28,0,158364,1
ACC_00006635,0.507,0.457,5,21,1,74000,1
ACC_00006636,0.122,0.86,0,15,0,158017,1
ACC_00006637,0.273,0.216,3,30,1,55380,1
ACC_00006638,0.628,0.667,4,23,1,166285,1
ACC_00006639,0.831,0.911,5,5,1,332337,1
ACC_00006640,0.086,0.462,0,9,0,321772,0
ACC_00006641,0.423,1.194,5,25,0,317194,1
ACC_00006642,0.72,1.214,5,28,1,96128,1
ACC_00006643,0.711,0.968,3,3,1,147261,1
ACC_00006644,0.268,0.041,2,14,0,91388,0
ACC_00006645,0.258,0.654,0,7,0,70207,0
ACC_00006646,0.347,0.47,1,8,0,186451,0
ACC_00006647,0.254,0.111,3,17,0,349629,0
ACC_00006648,0.395,0.634,2,16,0,309571,0
ACC_00006649,0.7,0.665,1,2,0,308283,1
ACC_00006650,0.211,1.178,0,32,0,274777,1
ACC_00006651,0.798,0.022,0,15,0,252073,1
ACC_00006652,0.191,0.843,4,30,0,322495,0
ACC_00006653,0.718,0.355,3,6,1,198356,1
ACC_00006654,0.421,0.449,5,8,0,152159,0
ACC_00006655,0.471,0.957,1,12,0,283604,1
ACC_00006656,0.633,0.696,5,31,0,253684,1
ACC_00006657,0.115,0.12,5,14,0,340142,0
ACC_00006658,0.618,1.223,4,28,0,117872,1
ACC_00006659,0.334,0.544,2,11,0,47499,0
ACC_00006660,0.342,0.562,3,11,0,150733,0
ACC_00006661,0.441,0.979,2,4,1,105572,1
ACC_00006662,0.809,1.209,4,25,0,235665,1
ACC_00006663,0.631,0.086,3,17,1,251378,1
ACC_00006664,0.796,0.767,5,6,0,54029,1
ACC_00006665,0.617,0.926,0,23,0,184642,1
ACC_00006666,0.089,0.269,5,20,1,342221,1
ACC_00006667,0.537,0.08,1,13,0,160016,1
ACC_00006668,0.59,0.137,5,19,0,139559,1
ACC_00006669,0.36,0.398,0,30,0,30422,0
ACC_00006670,0.126,0.607,3,17,0,233432,0
ACC_00006671,0.224,0.993,0,32,0,187742,1
ACC_00006672,0.834,0.015,4,17,1,53266,1
ACC_00006673,0.831,0.098,4,14,1,210328,1
ACC_00006674,0.485,0.483,3,3,0,179440,0
ACC_00006675,0.671,0.39,5,15,0,134876,1
ACC_00006676,0.843,0.957,0,14,0,46792,1
ACC_00006677,0.821,1.072,3,21,0,301953,1
ACC_00006678,0.224,0.708,4,31,1,91999,1
ACC_00006679,0.284,0.803,4,10,0,41038,0
ACC_00006680,0.501,0.645,2,10,0,236083,1
ACC_00006681,0.24,0.775,0,15,0,69825,0
ACC_00006682,0.772,1.239,1,8,0,257194,1
ACC_00006683,0.268,0.032,0,4,0,336414,0
ACC_00006684,0.153,0.987,1,22,1,134662,1
ACC_00006685,0.654,1.179,3,29,0,137600,1
ACC_00006686,0.349,0.122,4,26,0,249667,0
ACC_00006687,0.357,1.034,1,25,0,47338,1
ACC_00006688,0.736,0.247,5,12,1,327107,1
ACC_00006689,0.634,0.848,2,10,0,108410,1
ACC_00006690,0.388,0.439,4,31,0,60915,0
ACC_00006691,0.763,0.564,4,27,1,347814,1
ACC_00006692,0.596,1.06,4,23,0,156989,1
ACC_00006693,0.308,0.783,1,30,0,330720,0
ACC_00006694,0.424,0.189,0,2,0,188680,0
ACC_00006695,0.777,0.192,3,26,0,256171,1
ACC_00006696,0.305,0.476,4,6,0,309850,0
ACC_00006697,0.373,1.084,4,31,0,273805,1
ACC_00006698,0.274,1.192,4,27,1,35892,1
ACC_00006699,0.808,0.163,3,7,1,227801,1
ACC_00006700,0.201,0.83,0,29,0,118928,0
ACC_00006701,0.213,0.087,4,16,1,133963,1
ACC_00006702,0.115,0.158,5,21,1,202468,1
ACC_00006703,0.834,1.215,1,16,0,334658,1
ACC_00006704,0.099,0.17,1,21,0,224472,0
ACC_00006705,0.055,1.108,3,21,1,82535,1
ACC_00006706,0.682,1.207,2,31,1,134473,1
ACC_00006707,0.167,0.062,0,18,0,153045,0
ACC_00006708,0.797,0.811,2,13,0,120663,1
ACC_00006709,0.075,0.974,5,29,1,226533,1
ACC_00006710,0.733,0.642,0,22,0,130878,1
ACC_00006711,0.107,0.07,0,6,0,196164,0
ACC_00006712,0.346,0.792,2,20,0,101524,0
ACC_00006713,0.474,0.452,2,10,0,72691,0
ACC_00006714,0.209,1.026,1,16,0,63128,1
ACC_00006715,0.224,0.385,1,8,0,328589,1
ACC_00006716,0.095,0.344,3,20,1,40214,1
ACC_00006717,0.769,0.277,2,16,0,286028,1
ACC_00006718,0.42,0.228,5,22,0,240766,0
ACC_00006719,0.156,0.244,0,3,0,228740,0
ACC_00006720,0.193,1.236,0,22,0,336458,1
ACC_00006721,0.661,0.667,2,31,0,222737,1
ACC_00006722,0.586,0.196,2,14,0,162759,1
ACC_00006723,0.787,0.139,3,22,0,322415,1
ACC_00006724,0.507,0.287,0,30,0,309232,1
ACC_00006725,0.665,0.436,4,22,0,336273,1
ACC_00006726,0.329,0.436,3,14,1,126961,1
ACC_00006727,0.727,1.247,3,25,1,313470,1
ACC_00006728,0.349,0.721,2,12,0,39406,0
ACC_00006729,0.369,0.613,0,19,0,181165,1
ACC_00006730,0.436,0.467,1,15,0,301904,0
ACC_00006731,0.056,0.934,5,25,1,109289,1
ACC_00006732,0.309,1.13,5,18,0,95657,1
ACC_00006733,0.319,0.551,3,2,1,289573,1
ACC_00006734,0.404,0.146,1,25,0,303539,0
ACC_00006735,0.194,0.397,5,12,1,149205,1
ACC_00006736,0.734,0.201,0,26,0,250437,1
ACC_00006737,0.612,0.431,4,5,0,46172,1
ACC_00006738,0.238,0.314,2,20,0,52611,0
ACC_00006739,0.14,0.71,5,9,0,161345,0
ACC_00006740,0.783,0.965,0,23,1,95716,1
ACC_00006741,0.481,1.128,0,24,1,96279,1
ACC_00006742,0.562,0.204,1,32,0,56545,1
ACC_00006743,0.362,0.692,0,21,0,205892,0
ACC_00006744,0.553,0.909,5,28,1,243688,1
ACC_00006745,0.624,0.177,0,28,0,294096,1
ACC_00006746,0.619,1.017,2,28,0,263664,1
ACC_00006747,0.738,1.202,1,31,1,98523,1
ACC_00006748,0.242,1.054,2,15,1,257549,1
ACC_00006749,0.555,0.363,3,19,1,339510,1
ACC_00006750,0.145,0.351,4,7,0,86362,0
ACC_00006751,0.362,0.136,4,27,1,111049,1
ACC_00006752,0.117,0.42,5,6,0,95138,0
ACC_00006753,0.184,0.507,4,26,0,53741,0
ACC_00006754,0.266,0.12,5,32,0,251872,0
ACC_00006755,0.175,0.829,4,29,1,41694,1
ACC_00006756,0.205,0.88,5,21,0,92721,0
ACC_00006757,0.493,0.483,4,30,1,125868,1
ACC_00006758,0.345,0.61,5,22,1,194771,1
ACC_00006759,0.374,0.864,5,6,0,340836,0
ACC_00006760,0.201,1.102,1,29,0,115341,1
ACC_00006761,0.753,0.588,5,26,0,66603,1
ACC_00006762,0.264,0.768,3,5,0,181610,0
ACC_00006763,0.425,0.7,1,10,0,31580,0
ACC_00006764,0.79,0.484,3,13,0,271075,1
ACC_00006765,0.637,0.881,0,3,0,74792,1
ACC_00006766,0.717,0.742,1,17,0,326894,1
ACC_00006767,0.679,0.136,1,16,0,318517,1
ACC_00006768,0.279,0.098,0,13,0,193625,0
ACC_00006769,0.228,0.552,3,23,1,142543,1
ACC_00006770,0.473,0.054,5,17,1,345267,1
ACC_00006771,0.096,0.279,3,25,0,94365,0
ACC_00006772,0.848,0.589,1,6,0,275393,1
ACC_00006773,0.828,1.019,5,23,0,145853,1
ACC_00006774,0.213,0.241,2,18,0,55950,0
ACC_00006775,0.617,0.06,2,28,0,245871,1
ACC_00006776,0.237,0.469,5,11,0,340216,0
ACC_00006777,0.78,1.071,3,32,0,113758,1
ACC_00006778,0.538,0.088,0,15,0,115343,1
ACC_00006779,0.523,0.319,3,7,1,217728,1
ACC_00006780,0.542,1.059,1,22,0,120597,1
ACC_00006781,0.768,0.546,4,23,0,153599,1
ACC_00006782,0.364,0.107,5,4,0,49696,0
ACC_00006783,0.171,0.175,3,18,0,181183,0
ACC_00006784,0.47,0.647,4,23,0,341098,0
ACC_00006785,0.076,0.749,1,5,0,105493,0
ACC_00006786,0.453,0.032,4,21,1,349533,1
ACC_00006787,0.597,0.44,4,22,0,86421,1
ACC_00006788,0.753,0.128,4,8,1,299614,1
ACC_00006789,0.778,0.988,2,2,1,77985,1
ACC_00006790,0.431,0.768,4,21,0,107261,0
ACC_00006791,0.383,0.573,1,28,0,332016,0
ACC_00006792,0.593,0.795,1,13,0,55828,1
ACC_00006793,0.321,0.971,4,26,1,230936,1
ACC_00006794,0.57,0.129,4,18,1,133530,1
ACC_00006795,0.157,0.554,5,18,1,287574,1
ACC_00006796,0.829,0.03,5,19,0,185401,1
ACC_00006797,0.768,1.209,1,2,1,239879,1
ACC_00006798,0.097,0.52,5,13,0,73200,1
ACC_00006799,0.722,0.11,3,21,0,78344,1
ACC_00006800,0.578,1.087,5,27,1,52758,1
ACC_00006801,0.684,0.276,4,18,1,230976,1
ACC_00006802,0.414,1.116,3,27,1,127464,1
ACC_00006803,0.722,0.175,4,11,0,292915,1
ACC_00006804,0.572,0.664,3,27,0,115204,1
ACC_00006805,0.073,0.813,2,26,0,336104,0
ACC_00006806,0.581,0.751,1,30,0,164929,1
ACC_00006807,0.705,0.994,2,19,0,69332,1
ACC_00006808,0.571,0.139,4,26,1,303771,1
ACC_00006809,0.702,0.166,4,8,0,153513,1
ACC_00006810,0.66,1.139,5,12,1,191360,1
ACC_00006811,0.605,0.122,3,18,0,244362,1
ACC_00006812,0.231,1.037,3,16,0,274974,1
ACC_00006813,0.71,0.655,2,2,0,301112,1
ACC_00006814,0.189,0.315,3,10,0,313355,1
ACC_00006815,0.411,1.152,0,29,0,220701,1
ACC_00006816,0.579,0.864,1,12,0,246416,1
ACC_00006817,0.596,0.807,2,23,0,326902,1
ACC_00006818,0.54,0.829,1,22,0,258603,1
ACC_00006819,0.369,0.738,3,3,0,77087,0
ACC_00006820,0.196,0.82,0,28,0,337522,1
ACC_00006821,0.137,0.187,1,20,0,204431,0
ACC_00006822,0.606,1.016,5,13,1,151248,1
ACC_00006823,0.1,0.881,4,7,0,234805,0
ACC_00006824,0.519,1.239,4,5,0,325199,1
ACC_00006825,0.746,0.118,1,12,0,93932,1
ACC_00006826,0.756,0.398,4,28,1,339315,1
ACC_00006827,0.835,0.451,0,19,0,150375,1
ACC_00006828,0.77,0.363,0,15,0,68117,1
ACC_00006829,0.13,0.091,3,21,1,255757,1
ACC_00006830,0.753,1.13,3,14,0,320573,1
ACC_00006831,0.669,0.712,5,15,1,250696,1
ACC_00006832,0.139,0.684,4,15,0,312518,0
ACC_00006833,0.602,0.596,4,30,1,128022,1
ACC_00006834,0.552,0.207,3,6,1,134443,1
ACC_00006835,0.686,0.087,0,22,0,229474,1
ACC_00006836,0.501,0.779,5,24,0,128955,1
ACC_00006837,0.132,0.893,1,22,0,205480,0
ACC_00006838,0.783,0.911,3,31,0,260152,1
ACC_00006839,0.379,0.77,2,32,0,111286,0
ACC_00006840,0.556,0.775,1,5,0,246749,1
ACC_00006841,0.059,1.152,5,11,0,83620,1
ACC_00006842,0.45,0.894,3,9,1,114143,1
ACC_00006843,0.208,0.347,2,22,0,202302,0
ACC_00006844,0.367,0.877,3,18,1,301997,1
ACC_00006845,0.566,1.025,2,18,0,316286,1
ACC_00006846,0.311,0.365,4,17,0,262741,0
ACC_00006847,0.221,0.785,5,20,0,150754,0
ACC_00006848,0.091,1.047,0,23,0,49177,1
ACC_00006849,0.508,1.137,2,23,0,86395,1
ACC_00006850,0.199,0.668,4,30,0,251968,0
ACC_00006851,0.744,0.972,2,15,1,49002,1
ACC_00006852,0.517,0.351,1,13,0,337758,1
ACC_00006853,0.323,0.179,3,25,1,134943,1
ACC_00006854,0.443,1.131,0,18,1,40640,1
ACC_00006855,0.569,0.298,3,24,0,45467,1
ACC_00006856,0.113,1.101,0,30,0,243701,1
ACC_00006857,0.293,0.107,3,30,1,262997,1
ACC_00006858,0.496,0.05,5,13,1,130264,1
ACC_00006859,0.189,0.689,0,2,0,200162,0
ACC_00006860,0.637,0.021,1,11,0,218388,1
ACC_00006861,0.622,1.232,3,20,1,233799,1
ACC_00006862,0.254,1.217,1,26,0,235974,1
ACC_00006863,0.584,0.978,0,28,1,59983,1
ACC_00006864,0.079,0.839,4,29,0,317234,0
ACC_00006865,0.78,0.471,4,26,1,330102,1
ACC_00006866,0.347,0.966,1,8,1,296793,1
ACC_00006867,0.231,0.665,3,15,1,106871,1
ACC_00006868,0.688,0.323,0,11,0,249307,1
ACC_00006869,0.115,1.122,1,22,1,158748,1
ACC_00006870,0.321,0.742,1,21,0,102873,0
ACC_00006871,0.411,0.259,0,13,0,47541,0
ACC_00006872,0.739,0.621,0,8,0,116342,1
ACC_00006873,0.548,0.514,4,27,0,228368,1
ACC_00006874,0.588,0.111,0,32,0,67314,1
ACC_00006875,0.514,0.482,5,21,0,293879,1
ACC_00006876,0.669,0.202,1,31,0,280683,1
ACC_00006877,0.155,1.194,1,21,1,75037,1
ACC_00006878,0.393,1.101,2,22,1,248612,1
ACC_00006879,0.437,0.744,2,27,0,148443,0
ACC_00006880,0.32,0.022,2,18,0,148128,0
ACC_00006881,0.565,0.831,0,16,0,211226,1
ACC_00006882,0.725,1.091,1,10,1,259586,1
ACC_00006883,0.794,1.186,4,27,0,252080,1
ACC_00006884,0.726,0.125,2,3,0,304229,1
ACC_00006885,0.793,0.362,5,15,0,148971,1
ACC_00006886,0.813,0.471,2,4,0,278961,1
ACC_00006887,0.288,0.943,0,15,0,159594,0
ACC_00006888,0.322,1.24,1,15,1,144796,1
ACC_00006889,0.188,0.407,3,24,0,137409,0
ACC_00006890,0.435,0.534,2,10,0,112463,0
ACC_00006891,0.534,1.188,4,16,0,155112,1
ACC_00006892,0.207,0.584,1,32,0,235738,0
ACC_00006893,0.189,0.555,5,31,1,184554,1
ACC_00006894,0.38,1.044,4,29,0,330629,1
ACC_00006895,0.127,1.22,0,6,1,84065,1
ACC_00006896,0.157,0.065,3,32,0,257515,0
ACC_00006897,0.116,0.677,0,6,0,173714,1
ACC_00006898,0.282,1.042,0,10,1,223589,1
ACC_00006899,0.357,0.097,1,2,0,38048,0
ACC_00006900,0.059,0.965,1,13,1,311405,1
ACC_00006901,0.361,0.056,1,3,0,306213,0
ACC_00006902,0.845,0.152,2,17,0,31667,1
ACC_00006903,0.272,1.106,0,30,0,302015,1
ACC_00006904,0.397,0.416,2,2,0,310615,0
ACC_00006905,0.643,0.849,3,11,0,75092,1
ACC_00006906,0.368,1.126,1,8,0,341156,1
ACC_00006907,0.386,0.029,2,32,0,311786,0
ACC_00006908,0.288,0.964,2,13,0,348610,1
ACC_00006909,0.565,0.671,4,15,1,94979,1
ACC_00006910,0.325,0.649,0,30,0,49976,0
ACC_00006911,0.189,0.227,5,17,1,167265,1
ACC_00006912,0.68,0.64,1,19,0,232014,1
ACC_00006913,0.067,0.328,5,29,0,320435,0
ACC_00006914,0.142,0.688,1,28,0,337218,1
ACC_00006915,0.762,0.179,1,22,0,217746,1
ACC_00006916,0.408,0.661,0,2,0,329592,0
ACC_00006917,0.054,1.15,2,31,1,153138,1
ACC_00006918,0.481,0.756,3,27,0,166387,0
ACC_00006919,0.554,0.551,4,6,0,279196,1
ACC_00006920,0.213,0.319,3,26,1,134276,1
ACC_00006921,0.467,0.334,0,7,0,282688,0
ACC_00006922,0.209,1.244,5,17,1,341579,1
ACC_00006923,0.175,0.422,5,25,0,195730,0
ACC_00006924,0.498,1.245,5,18,0,43341,1
ACC_00006925,0.097,0.466,1,18,0,251297,0
ACC_00006926,0.519,0.253,0,27,0,194316,1
ACC_00006927,0.388,0.665,0,11,0,160006,0
ACC_00006928,0.715,0.051,0,19,0,272471,1
ACC_00006929,0.531,0.059,3,32,0,136397,1
ACC_00006930,0.767,1.205,1,9,0,30293,1
ACC_00006931,0.423,0.153,0,2,0,279164,0
ACC_00006932,0.576,0.579,3,2,0,140926,1
ACC_00006933,0.849,0.894,0,6,0,142417,1
ACC_00006934,0.674,0.83,1,9,0,191287,1
ACC_00006935,0.789,0.547,0,8,0,229227,1
ACC_00006936,0.811,0.732,5,23,1,257993,1
ACC_00006937,0.622,1.082,1,5,0,280948,1
ACC_00006938,0.765,1.198,1,9,0,221095,1
ACC_00006939,0.611,0.587,1,14,0,242192,1
ACC_00006940,0.496,0.299,4,2,0,203245,0
ACC_00006941,0.11,0.854,3,26,1,218783,1
ACC_00006942,0.199,1.189,0,4,1,115034,1
ACC_00006943,0.365,0.185,0,9,0,78830,0
ACC_00006944,0.411,0.681,2,26,0,30843,0
ACC_00006945,0.268,0.513,4,30,0,209837,0
ACC_00006946,0.18,0.173,5,13,1,272710,1
ACC_00006947,0.241,0.316,0,27,0,125567,0
ACC_00006948,0.621,0.344,3,16,0,34753,1
ACC_00006949,0.506,0.296,5,2,1,65892,1
ACC_00006950,0.15,0.023,1,30,0,225220,0
ACC_00006951,0.092,0.818,1,2,0,60473,1
ACC_00006952,0.37,0.097,1,6,0,274881,0
ACC_00006953,0.744,0.514,5,32,0,217975,1
ACC_00006954,0.329,0.282,2,11,0,345411,0
ACC_00006955,0.475,0.605,5,11,1,214943,1
ACC_00006956,0.574,0.138,1,12,0,51598,1
ACC_00006957,0.287,0.611,5,31,1,153400,1
ACC_00006958,0.326,0.069,1,16,0,69916,0
ACC_00006959,0.433,0.289,4,32,0,121920,0
ACC_00006960,0.766,0.512,2,13,0,279922,1
ACC_00006961,0.448,0.246,1,3,0,258821,0
ACC_00006962,0.575,0.545,1,12,0,69188,1
ACC_00006963,0.087,0.522,1,4,0,76154,0
ACC_00006964,0.251,0.202,2,20,0,138817,0
ACC_00006965,0.84,0.31,2,28,0,146791,1
ACC_00006966,0.473,0.097,0,2,0,225040,0
ACC_00006967,0.705,0.4,5,6,0,74359,1
ACC_00006968,0.555,0.118,0,28,0,344943,1
ACC_00006969,0.495,0.911,3,29,0,230822,1
ACC_00006970,0.798,1.218,3,6,0,213003,1
ACC_00006971,0.513,0.858,0,28,0,311002,1
ACC_00006972,0.675,1.121,2,4,1,46974,1
ACC_00006973,0.497,0.608,4,18,0,158524,0
ACC_00006974,0.454,0.987,3,7,0,32535,1
ACC_00006975,0.473,0.232,5,25,0,166099,0
ACC_00006976,0.518,1.237,5,16,1,206378,1
ACC_00006977,0.38,1.028,2,3,0,67074,1
ACC_00006978,0.514,0.027,0,19,0,163444,1
ACC_00006979,0.506,0.647,0,6,0,93136,1
ACC_00006980,0.622,0.036,0,17,0,233783,1
ACC_00006981,0.736,0.6,0,30,0,271280,1
ACC_00006982,0.58,0.108,1,8,0,133608,1
ACC_00006983,0.19,1.164,1,26,1,268011,1
ACC_00006984,0.801,1.138,5,4,0,40633,1
ACC_00006985,0.11,0.967,2,32,0,164334,1
ACC_00006986,0.822,1.019,4,24,1,114329,1
ACC_00006987,0.196,0.86,1,3,0,79191,0
ACC_00006988,0.533,0.407,5,3,0,87783,1
ACC_00006989,0.464,0.059,5,17,0,328946,0
ACC_00006990,0.73,0.136,3,6,1,142756,1
ACC_00006991,0.691,0.773,5,28,0,260767,1
ACC_00006992,0.839,1.075,4,32,0,299483,1
ACC_00006993,0.349,0.407,5,29,1,37931,1
ACC_00006994,0.155,0.961,5,12,1,41541,1
ACC_00006995,0.374,1.164,4,25,1,341590,1
ACC_00006996,0.121,0.895,3,10,0,152994,0
ACC_00006997,0.243,1.241,4,6,1,196116,1
ACC_00006998,0.428,0.363,2,10,0,117589,0
ACC_00006999,0.306,1.143,0,12,1,200101,1
ACC_00007000,0.574,0.874,1,10,0,214575,1
ACC_00007001,0.249,1.164,3,29,0,36927,1
ACC_00007002,0.743,0.837,4,4,1,54484,1
ACC_00007003,0.176,0.033,5,15,1,342455,1
ACC_00007004,0.505,0.361,2,12,0,332674,1
ACC_00007005,0.527,1.067,3,5,0,102171,1
ACC_00007006,0.588,0.519,0,30,0,192469,1
ACC_00007007,0.288,0.806,2,18,0,219559,0
ACC_00007008,0.343,0.477,5,30,0,212617,0
ACC_00007009,0.787,0.988,3,3,0,227479,1
ACC_00007010,0.256,0.512,0,14,0,73564,0
ACC_00007011,0.229,0.572,3,13,0,85053,0
ACC_00007012,0.141,0.584,4,31,0,230978,0
ACC_00007013,0.2,0.179,2,9,0,233168,0
ACC_00007014,0.824,0.271,5,2,0,97335,1
ACC_00007015,0.068,1.19,2,19,1,294311,1
ACC_00007016,0.131,1.211,0,21,0,202354,1
ACC_00007017,0.477,0.638,1,7,0,96087,0
ACC_00007018,0.597,0.545,4,4,0,114419,1
ACC_00007019,0.78,0.081,4,12,0,275235,1
ACC_00007020,0.255,0.411,4,12,1,117839,1
ACC_00007021,0.61,0.023,5,10,0,318759,1
ACC_00007022,0.588,1.049,4,3,0,308856,1
ACC_00007023,0.098,0.012,2,17,0,34974,0
ACC_00007024,0.466,0.338,1,26,0,67133,0
ACC_00007025,0.082,0.227,5,9,0,144442,1
ACC_00007026,0.138,1.244,2,12,0,95412,1
ACC_00007027,0.241,0.17,5,14,0,126425,0
ACC_00007028,0.669,1.214,1,5,1,277427,1
ACC_00007029,0.122,0.378,1,2,0,149683,0
ACC_00007030,0.656,1.017,3,5,1,37268,1
ACC_00007031,0.742,1.138,0,22,0,61599,1
ACC_00007032,0.12,1.209,0,22,1,318553,1
ACC_00007033,0.794,1.017,4,28,0,57154,1
ACC_00007034,0.367,0.557,5,27,0,251266,0
ACC_00007035,0.123,0.733,3,21,0,171027,0
ACC_00007036,0.322,0.521,0,32,0,280278,0
ACC_00007037,0.397,0.074,2,18,0,33540,0
ACC_00007038,0.629,1.098,1,10,0,284532,1
ACC_00007039,0.249,1.178,2,25,0,281143,1
ACC_00007040,0.138,0.261,5,16,0,318149,0
ACC_00007041,0.596,0.593,2,21,0,232224,1
ACC_00007042,0.252,0.645,1,19,0,301574,0
ACC_00007043,0.665,0.31,3,22,0,108554,1
ACC_00007044,0.462,0.276,0,2,0,341440,0
ACC_00007045,0.296,0.521,5,12,0,67885,0
ACC_00007046,0.629,0.793,4,7,1,193179,1
ACC_00007047,0.428,1.057,0,2,0,89679,1
ACC_00007048,0.56,0.679,0,14,0,177917,1
ACC_00007049,0.446,0.194,5,21,1,332659,1
ACC_00007050,0.308,0.336,2,10,0,159224,0
ACC_00007051,0.092,0.761,4,15,0,148978,0
ACC_00007052,0.582,0.126,3,11,0,36742,1
ACC_00007053,0.719,0.226,4,19,1,200915,1
ACC_00007054,0.658,1.23,0,23,0,331530,1
ACC_00007055,0.452,0.453,3,17,1,199649,1
ACC_00007056,0.338,0.405,0,30,0,164615,0
ACC_00007057,0.636,1.181,4,21,1,56953,1
ACC_00007058,0.272,0.564,2,22,0,132079,0
ACC_00007059,0.118,1.121,2,3,0,310825,1
ACC_00007060,0.63,1.1,3,8,0,267703,1
ACC_00007061,0.504,0.526,5,11,0,285034,1
ACC_00007062,0.702,0.613,5,22,0,314544,1
ACC_00007063,0.254,0.497,5,23,0,336750,0
ACC_00007064,0.282,0.257,5,27,0,297482,0
ACC_00007065,0.225,0.198,2,16,0,95073,0
ACC_00007066,0.197,0.048,0,29,0,184834,1
ACC_00007067,0.687,0.659,5,21,0,213383,1
ACC_00007068,0.54,1.006,1,6,0,224661,1
ACC_00007069,0.274,0.645,5,16,0,56099,1
ACC_00007070,0.762,0.916,5,10,0,138850,1
ACC_00007071,0.277,0.949,5,14,1,262850,1
ACC_00007072,0.173,0.724,0,17,0,288608,0
ACC_00007073,0.059,0.177,2,32,0,40325,0
ACC_00007074,0.836,0.436,4,4,0,110305,1
ACC_00007075,0.472,0.82,1,20,0,334788,0
ACC_00007076,0.213,0.891,1,19,0,45050,1
ACC_00007077,0.424,0.325,0,28,0,244667,0
ACC_00007078,0.24,0.563,4,29,0,282816,0
ACC_00007079,0.675,1.105,1,20,1,332373,1
ACC_00007080,0.719,0.318,1,27,0,341578,1
ACC_00007081,0.343,0.265,2,19,0,141525,0
ACC_00007082,0.599,1.145,2,32,0,168106,1
ACC_00007083,0.063,0.111,1,30,0,78189,1
ACC_00007084,0.77,0.035,2,8,0,313311,1
ACC_00007085,0.616,0.736,5,9,1,272585,1
ACC_00007086,0.208,1.099,0,23,0,230101,1
ACC_00007087,0.386,1.24,4,10,0,296486,1
ACC_00007088,0.693,0.508,0,2,0,345283,1
ACC_00007089,0.709,0.934,1,31,0,170719,1
ACC_00007090,0.141,1.219,5,20,1,278277,1
ACC_00007091,0.599,0.782,3,6,0,197530,1
ACC_00007092,0.322,0.05,1,25,0,35181,0
ACC_00007093,0.515,0.849,4,6,0,144342,1
ACC_00007094,0.15,0.028,1,9,0,237652,0
ACC_00007095,0.336,1.191,5,10,0,257721,1
ACC_00007096,0.804,0.391,1,21,0,54932,1
ACC_00007097,0.349,1.146,3,23,0,133167,1
ACC_00007098,0.569,0.861,1,11,0,122221,1
ACC_00007099,0.242,1.09,5,2,0,290297,1
ACC_00007100,0.382,0.47,0,6,0,101287,0
ACC_00007101,0.115,0.973,3,20,0,208434,1
ACC_00007102,0.776,1.139,3,30,0,86590,1
ACC_00007103,0.418,0.922,2,20,0,226176,0
ACC_00007104,0.774,1.205,1,7,1,190212,1
ACC_00007105,0.744,0.899,1,14,0,175302,1
ACC_00007106,0.261,0.868,1,28,0,57656,0
ACC_00007107,0.116,0.758,2,7,0,301234,1
ACC_00007108,0.535,1.226,3,6,0,115099,1
ACC_00007109,0.391,0.299,5,27,0,135269,0
ACC_00007110,0.158,1.071,5,20,0,277330,1
ACC_00007111,0.82,0.341,1,18,0,270221,1
ACC_00007112,0.277,0.328,0,21,0,102628,0
ACC_00007113,0.36,0.033,1,24,0,197138,1
ACC_00007114,0.617,0.373,1,8,0,282536,1
ACC_00007115,0.744,0.804,0,13,0,64521,1
ACC_00007116,0.448,1.139,2,13,1,232335,1
ACC_00007117,0.716,0.043,0,29,0,76278,1
ACC_00007118,0.805,0.895,0,11,0,79766,1
ACC_00007119,0.151,0.204,5,18,0,213347,0
ACC_00007120,0.729,0.492,4,27,0,339303,1
ACC_00007121,0.436,1.112,2,24,0,251261,1
ACC_00007122,0.352,0.817,5,29,1,150757,1
ACC_00007123,0.489,0.661,2,26,0,39780,0
ACC_00007124,0.088,0.495,0,10,0,74483,0
ACC_00007125,0.245,0.691,5,5,0,69677,0
ACC_00007126,0.054,0.317,2,30,0,254396,0
ACC_00007127,0.539,0.804,2,25,0,157501,1
ACC_00007128,0.376,0.819,4,9,0,214122,0
ACC_00007129,0.801,0.64,5,18,1,135802,1
ACC_00007130,0.245,1.06,2,26,0,98547,1
ACC_00007131,0.7,0.035,3,26,0,157039,1
ACC_00007132,0.599,0.727,4,17,1,133407,1
ACC_00007133,0.594,0.11,4,9,0,170860,1
ACC_00007134,0.682,0.773,5,19,0,292577,1
ACC_00007135,0.53,1.218,5,22,1,311180,1
ACC_00007136,0.281,1.145,2,12,0,182428,1
ACC_00007137,0.189,0.108,1,4,0,280655,0
ACC_00007138,0.382,0.606,3,13,1,122045,1
ACC_00007139,0.2,0.618,1,31,0,239148,0
ACC_00007140,0.407,0.992,1,24,1,223762,1
ACC_00007141,0.26,0.767,5,2,1,190621,1
ACC_00007142,0.755,0.287,5,24,0,344833,1
ACC_00007143,0.405,0.655,2,5,0,170437,0
ACC_00007144,0.72,0.053,2,7,0,329477,1
ACC_00007145,0.098,0.542,4,6,1,181903,1
ACC_00007146,0.565,0.246,1,27,0,289619,1
ACC_00007147,0.305,0.746,3,3,0,154649,0
ACC_00007148,0.478,0.256,1,21,0,218233,0
ACC_00007149,0.836,1.169,5,15,1,142656,1
ACC_00007150,0.229,0.591,5,24,1,198573,1
ACC_00007151,0.651,1.02,2,18,0,133853,1
ACC_00007152,0.695,0.49,2,9,0,251834,1
ACC_00007153,0.163,1.21,2,21,0,155399,1
ACC_00007154,0.287,0.589,4,22,0,235317,0
ACC_00007155,0.476,0.374,0,25,0,237181,0
ACC_00007156,0.274,1.212,4,8,1,227899,1
ACC_00007157,0.375,1.153,0,10,0,219344,1
ACC_00007158,0.281,0.29,5,15,0,295681,1
ACC_00007159,0.386,1.055,4,12,0,269050,1
ACC_00007160,0.642,0.044,3,17,1,253685,1
ACC_00007161,0.485,0.396,0,31,0,246639,0
ACC_00007162,0.776,0.175,3,30,1,195601,1
ACC_00007163,0.086,1.191,3,4,0,200189,1
ACC_00007164,0.239,0.581,1,11,0,205296,0
ACC_00007165,0.55,0.563,3,32,1,272077,1
ACC_00007166,0.662,0.924,4,30,0,320674,1
ACC_00007167,0.278,0.881,4,23,0,101869,0
ACC_00007168,0.474,1.062,0,10,0,47092,1
ACC_00007169,0.427,0.144,0,13,0,246866,0
ACC_00007170,0.287,1.201,5,23,0,141681,1
ACC_00007171,0.734,1.032,4,27,0,310542,1
ACC_00007172,0.088,0.675,0,12,0,50789,0
ACC_00007173,0.145,0.906,5,3,1,198876,1
ACC_00007174,0.413,0.804,0,30,0,47823,0
ACC_00007175,0.501,0.307,1,13,0,251262,1
ACC_00007176,0.511,0.765,4,28,0,70457,1
ACC_00007177,0.838,1.001,2,30,0,159687,1
ACC_00007178,0.775,1.132,0,12,0,56456,1
ACC_00007179,0.106,0.529,2,26,0,118328,1
ACC_00007180,0.107,0.661,0,31,0,349057,0
ACC_00007181,0.116,0.521,4,32,0,319068,0
ACC_00007182,0.718,0.072,4,21,0,136964,1
ACC_00007183,0.765,0.656,1,10,0,220063,1
ACC_00007184,0.747,0.122,5,8,1,180724,1
ACC_00007185,0.628,0.928,0,29,1,73392,1
ACC_00007186,0.504,0.579,3,8,0,57241,1
ACC_00007187,0.478,1.07,2,16,1,46512,1
ACC_00007188,0.805,1.208,4,27,0,82746,1
ACC_00007189,0.844,0.787,3,14,1,82249,1
ACC_00007190,0.804,0.55,2,29,0,282369,1
ACC_00007191,0.158,0.087,3,24,1,227971,1
ACC_00007192,0.544,0.119,3,32,0,256853,1
ACC_00007193,0.24,0.527,3,2,0,52318,0
ACC_00007194,0.243,0.696,0,7,0,176808,0
ACC_00007195,0.502,1.067,1,17,0,208895,1
ACC_00007196,0.192,1.146,3,20,0,277473,1
ACC_00007197,0.515,0.51,1,30,0,312336,1
ACC_00007198,0.63,0.644,0,25,0,204578,1
ACC_00007199,0.425,0.887,0,27,0,249607,0
ACC_00007200,0.268,0.502,5,6,1,126546,1
ACC_00007201,0.427,0.63,2,29,0,214539,0
ACC_00007202,0.697,1.202,1,24,1,167695,1
ACC_00007203,0.266,1.214,0,17,0,42991,1
ACC_00007204,0.735,0.194,2,26,0,137183,1
ACC_00007205,0.184,0.226,1,10,0,312342,1
ACC_00007206,0.644,0.247,0,28,0,182241,1
ACC_00007207,0.322,0.278,5,29,0,150542,0
ACC_00007208,0.058,0.952,3,18,1,64177,1
ACC_00007209,0.36,0.531,2,7,0,270245,0
ACC_00007210,0.521,0.457,4,25,1,290211,1
ACC_00007211,0.127,0.582,0,21,0,253252,0
ACC_00007212,0.295,0.357,0,20,0,219452,0
ACC_00007213,0.671,0.019,5,4,0,83068,1
ACC_00007214,0.596,1.167,0,10,0,274221,1
ACC_00007215,0.658,0.596,0,16,0,215049,1
ACC_00007216,0.149,0.787,4,11,0,286759,0
ACC_00007217,0.131,0.852,5,18,0,311020,0
ACC_00007218,0.427,0.204,5,3,0,275486,0
ACC_00007219,0.703,0.393,3,32,0,146191,1
ACC_00007220,0.077,1.106,5,11,1,60969,1
ACC_00007221,0.319,1.244,2,7,0,152216,1
ACC_00007222,0.578,0.479,5,23,0,336506,1
ACC_00007223,0.381,1.089,2,21,0,108026,1
ACC_00007224,0.278,1.063,2,7,0,131763,1
ACC_00007225,0.797,0.204,2,30,0,173479,1
ACC_00007226,0.485,1.042,1,28,0,195546,1
ACC_00007227,0.144,0.236,2,7,0,193987,1
ACC_00007228,0.601,0.858,4,32,0,253439,1
ACC_00007229,0.675,0.482,2,12,0,38166,1
ACC_00007230,0.502,0.348,5,21,0,67164,1
ACC_00007231,0.34,0.752,3,2,0,145782,0
ACC_00007232,0.655,0.224,3,8,0,224161,1
ACC_00007233,0.386,0.42,0,5,0,81570,0
ACC_00007234,0.777,1.16,2,29,0,297617,1
ACC_00007235,0.443,1.227,5,19,0,61742,1
ACC_00007236,0.125,0.426,5,32,1,296227,1
ACC_00007237,0.412,0.577,0,14,0,183969,0
ACC_00007238,0.369,0.775,2,2,0,108650,0
ACC_00007239,0.602,0.469,5,16,0,187742,1
ACC_00007240,0.191,0.724,1,27,0,160381,1
ACC_00007241,0.477,0.625,0,20,0,163015,0
ACC_00007242,0.502,0.469,2,17,0,60183,1
ACC_00007243,0.14,0.256,4,3,0,164510,0
ACC_00007244,0.409,0.159,1,18,0,333368,0
ACC_00007245,0.622,0.014,2,12,0,121965,1
ACC_00007246,0.288,0.316,0,29,0,156077,0
ACC_00007247,0.307,0.213,4,15,0,270066,0
ACC_00007248,0.765,0.608,4,18,1,214154,1
ACC_00007249,0.312,0.633,1,15,0,169947,0
ACC_00007250,0.318,0.535,4,31,0,268434,1
ACC_00007251,0.168,0.799,0,16,0,299665,0
ACC_00007252,0.659,1.195,2,19,1,188359,1
ACC_00007253,0.361,0.071,3,17,0,165109,0
ACC_00007254,0.766,0.1,3,12,1,292683,1
ACC_00007255,0.686,1.034,0,3,0,142920,1
ACC_00007256,0.522,0.596,0,15,0,344755,1
ACC_00007257,0.787,0.058,5,6,0,261199,1
ACC_00007258,0.677,0.111,3,10,1,103781,1
ACC_00007259,0.194,0.29,3,19,0,39915,0
ACC_00007260,0.161,0.818,3,2,0,329824,0
ACC_00007261,0.563,0.3,5,23,0,273464,1
ACC_00007262,0.751,0.958,0,13,0,282848,1
ACC_00007263,0.468,0.349,0,8,0,295858,0
ACC_00007264,0.7,0.147,2,32,0,47341,1
ACC_00007265,0.4,0.106,4,7,0,56395,0
ACC_00007266,0.68,0.293,4,9,0,140141,1
ACC_00007267,0.483,0.325,4,17,0,67278,0
ACC_00007268,0.064,0.06,5,30,0,322921,0
ACC_00007269,0.6,0.682,2,20,0,302821,1
ACC_00007270,0.517,0.234,5,10,1,153724,1
ACC_00007271,0.364,0.492,5,17,0,255329,0
ACC_00007272,0.539,1.051,4,14,1,275627,1
ACC_00007273,0.712,0.96,1,12,1,308488,1
ACC_00007274,0.75,0.854,0,27,0,107081,1
ACC_00007275,0.478,0.105,3,21,0,237022,0
ACC_00007276,0.829,1.071,2,16,0,128607,1
ACC_00007277,0.161,1.057,3,10,0,139252,1
ACC_00007278,0.589,0.053,5,11,1,218107,1
ACC_00007279,0.719,0.296,4,9,0,266454,1
ACC_00007280,0.368,1.021,2,19,1,80000,1
ACC_00007281,0.369,0.723,3,26,0,49565,0
ACC_00007282,0.208,0.088,3,21,0,320629,0
ACC_00007283,0.607,0.824,5,15,0,309514,1
ACC_00007284,0.536,0.564,0,30,0,223648,1
ACC_00007285,0.288,0.832,0,6,0,86637,0
ACC_00007286,0.634,1.01,3,18,1,49425,1
ACC_00007287,0.638,0.873,5,28,1,54578,1
ACC_00007288,0.559,0.713,5,32,1,75827,1
ACC_00007289,0.305,0.324,4,3,0,220308,0
ACC_00007290,0.166,0.302,3,24,0,219704,1
ACC_00007291,0.358,0.439,0,12,0,303081,0
ACC_00007292,0.415,0.472,5,20,0,108373,0
ACC_00007293,0.146,1.127,5,22,0,249866,1
ACC_00007294,0.496,0.812,5,32,1,31309,1
ACC_00007295,0.306,0.817,4,25,0,294531,0
ACC_00007296,0.479,0.276,3,21,0,65545,0
ACC_00007297,0.706,0.869,3,25,0,227850,1
ACC_00007298,0.734,0.118,2,24,0,149059,1
ACC_00007299,0.818,0.357,5,6,0,165972,1
ACC_00007300,0.05,0.086,2,20,0,61229,0
ACC_00007301,0.745,0.702,2,30,0,182744,1
ACC_00007302,0.207,1.203,1,10,0,154129,1
ACC_00007303,0.199,1.106,3,7,1,210636,1
ACC_00007304,0.341,0.294,0,23,0,94101,0
ACC_00007305,0.739,0.409,3,29,0,282962,1
ACC_00007306,0.57,1.093,1,23,1,184176,1
ACC_00007307,0.52,0.52,1,18,0,68876,1
ACC_00007308,0.793,0.073,2,23,0,146592,1
ACC_00007309,0.35,0.48,3,29,0,308304,0
ACC_00007310,0.697,0.395,1,8,0,348707,1
ACC_00007311,0.343,0.897,5,16,0,314112,0
ACC_00007312,0.32,0.47,4,28,1,246742,1
ACC_00007313,0.675,0.254,1,12,0,261636,1
ACC_00007314,0.685,0.657,3,28,0,81937,1
ACC_00007315,0.43,1.077,5,24,0,136067,1
ACC_00007316,0.113,0.353,3,5,0,169706,1
ACC_00007317,0.802,0.685,3,7,0,322473,1
ACC_00007318,0.164,0.99,1,3,0,191220,1
ACC_00007319,0.783,0.713,4,10,0,205059,1
ACC_00007320,0.653,0.088,4,20,0,139918,1
ACC_00007321,0.787,0.212,5,5,0,135556,1
ACC_00007322,0.311,1.001,1,6,1,282981,1
ACC_00007323,0.736,0.208,0,3,0,31392,1
ACC_00007324,0.708,0.745,2,3,0,111331,1
ACC_00007325,0.13,1.16,0,5,1,253208,1
ACC_00007326,0.687,1.115,4,27,0,266194,1
ACC_00007327,0.632,0.513,5,25,0,191285,1
ACC_00007328,0.687,0.704,3,20,0,320060,1
ACC_00007329,0.085,0.349,0,9,0,331147,0
ACC_00007330,0.261,0.779,3,24,0,127074,1
ACC_00007331,0.474,1.031,3,15,0,89969,1
ACC_00007332,0.073,0.31,1,18,0,326272,0
ACC_00007333,0.456,0.665,0,11,0,337088,0
ACC_00007334,0.308,0.444,2,2,0,112590,0
ACC_00007335,0.398,0.688,3,30,0,308825,1
ACC_00007336,0.522,0.666,1,19,0,349630,1
ACC_00007337,0.406,0.067,5,26,0,157614,0
ACC_00007338,0.461,0.026,2,14,0,73782,0
ACC_00007339,0.325,0.881,5,21,0,266244,0
ACC_00007340,0.819,0.846,3,4,1,149207,1
ACC_00007341,0.208,0.917,3,24,0,114149,0
ACC_00007342,0.449,1.076,4,28,0,301772,1
ACC_00007343,0.726,0.19,4,7,1,99257,1
ACC_00007344,0.167,0.619,0,32,0,174791,1
ACC_00007345,0.47,0.563,1,19,0,188325,0
ACC_00007346,0.224,0.088,0,16,0,149136,0
ACC_00007347,0.685,0.276,1,28,0,88766,1
ACC_00007348,0.362,0.903,2,2,0,91235,0
ACC_00007349,0.459,0.755,0,30,0,222944,0
ACC_00007350,0.746,0.78,2,5,0,41539,1
ACC_00007351,0.407,0.745,5,14,0,295934,0
ACC_00007352,0.697,0.62,2,5,0,259719,1
ACC_00007353,0.312,0.741,3,10,1,335039,1
ACC_00007354,0.416,1.176,4,26,0,161417,1
ACC_00007355,0.631,0.976,4,29,1,34897,1
ACC_00007356,0.544,0.676,4,24,0,277421,1
ACC_00007357,0.537,0.785,0,14,0,252015,1
ACC_00007358,0.107,0.021,3,3,1,244709,1
ACC_00007359,0.195,0.865,2,13,0,76989,0
ACC_00007360,0.553,0.748,1,27,0,318766,1
ACC_00007361,0.27,0.115,4,26,1,275043,1
ACC_00007362,0.677,0.239,5,30,0,301214,1
ACC_00007363,0.417,0.994,4,8,0,74460,1
ACC_00007364,0.298,1.107,4,4,0,144422,1
ACC_00007365,0.309,0.238,2,30,0,145163,0
ACC_00007366,0.207,1.168,0,11,1,253432,1
ACC_00007367,0.327,0.86,5,24,0,291794,1
ACC_00007368,0.063,0.549,5,18,0,226462,0
ACC_00007369,0.803,1.084,2,17,1,141470,1
ACC_00007370,0.15,0.3,3,8,0,330697,0
ACC_00007371,0.473,0.748,3,20,0,150444,0
ACC_00007372,0.341,0.903,4,5,0,256026,0
ACC_00007373,0.808,0.303,1,15,0,283341,1
ACC_00007374,0.653,0.139,4,5,0,278149,1
ACC_00007375,0.831,0.157,1,5,0,321985,1
ACC_00007376,0.313,0.109,3,16,1,277718,1
ACC_00007377,0.717,0.445,0,11,0,79637,1
ACC_00007378,0.347,0.948,2,16,1,253642,1
ACC_00007379,0.553,0.591,5,5,0,132361,1
ACC_00007380,0.635,0.542,4,26,0,59687,1
ACC_00007381,0.785,0.6,4,9,1,327187,1
ACC_00007382,0.184,1.17,4,23,1,287593,1
ACC_00007383,0.461,0.697,4,4,0,141314,1
ACC_00007384,0.454,0.64,1,15,0,316300,0
ACC_00007385,0.61,1.125,3,13,0,105418,1
ACC_00007386,0.636,0.164,0,22,0,66072,1
ACC_00007387,0.752,1.01,1,23,1,274335,1
ACC_00007388,0.175,0.389,4,10,0,184851,0
ACC_00007389,0.447,1.159,3,31,0,89395,1
ACC_00007390,0.298,1.209,1,11,0,136471,1
ACC_00007391,0.678,0.584,1,23,0,270527,1
ACC_00007392,0.199,0.778,4,11,1,37867,1
ACC_00007393,0.129,0.82,1,19,0,87424,1
ACC_00007394,0.437,0.634,2,28,0,92490,0
ACC_00007395,0.594,0.234,2,3,0,323041,1
ACC_00007396,0.807,0.213,0,16,0,237381,1
ACC_00007397,0.134,0.211,0,20,0,58601,0
ACC_00007398,0.111,0.811,1,15,0,333508,0
ACC_00007399,0.096,0.016,2,29,0,138999,0
ACC_00007400,0.684,0.267,4,14,1,38911,1
ACC_00007401,0.384,0.305,2,20,0,209397,0
ACC_00007402,0.258,1.239,4,10,1,144744,1
ACC_00007403,0.484,0.537,4,19,0,340774,0
ACC_00007404,0.473,0.549,2,30,0,170624,0
ACC_00007405,0.387,0.455,0,12,0,33708,0
ACC_00007406,0.431,0.752,2,8,0,146758,0
ACC_00007407,0.067,1.23,5,26,0,220235,1
ACC_00007408,0.696,0.82,1,3,0,313518,1
ACC_00007409,0.067,0.28,4,30,1,241314,1
ACC_00007410,0.673,0.203,1,22,0,188117,1
ACC_00007411,0.48,0.257,0,7,0,114151,0
ACC_00007412,0.75,0.388,5,21,0,247220,1
ACC_00007413,0.265,0.716,4,23,0,31105,0
ACC_00007414,0.414,0.516,3,24,0,42074,0
ACC_00007415,0.498,0.971,5,2,0,30168,1
ACC_00007416,0.546,0.042,1,19,0,158918,1
ACC_00007417,0.516,0.651,4,16,1,153683,1
ACC_00007418,0.667,0.818,5,32,0,148003,1
ACC_00007419,0.061,1.121,2,24,1,300436,1
ACC_00007420,0.768,0.746,3,19,0,330125,1
ACC_00007421,0.772,0.21,5,19,1,288919,1
ACC_00007422,0.648,1.074,0,29,1,238707,1
ACC_00007423,0.671,0.504,0,25,0,132175,1
ACC_00007424,0.845,1.088,5,5,1,160311,1
ACC_00007425,0.245,0.913,5,17,0,170283,0
ACC_00007426,0.47,0.308,3,21,1,76168,1
ACC_00007427,0.058,0.093,0,20,0,247373,0
ACC_00007428,0.574,0.972,4,23,0,72111,1
ACC_00007429,0.839,0.955,5,8,1,76323,1
ACC_00007430,0.743,0.84,0,22,0,118937,1
ACC_00007431,0.591,0.623,5,9,0,125095,1
ACC_00007432,0.413,0.283,2,4,0,123813,0
ACC_00007433,0.79,0.384,2,20,0,223242,1
ACC_00007434,0.724,0.977,5,8,0,345960,1
ACC_00007435,0.392,0.292,2,22,0,282081,1
ACC_00007436,0.74,0.236,0,10,0,184918,1
ACC_00007437,0.691,0.335,5,21,1,196823,1
ACC_00007438,0.639,0.027,4,30,0,257565,1
ACC_00007439,0.785,0.644,1,2,0,285137,1
ACC_00007440,0.451,0.766,4,19,0,87014,0
ACC_00007441,0.552,0.2,5,19,1,334546,1
ACC_00007442,0.173,0.781,5,25,0,223168,0
ACC_00007443,0.478,1.12,1,2,0,147696,1
ACC_00007444,0.794,0.207,3,24,0,153873,1
ACC_00007445,0.182,1.071,1,3,0,291584,1
ACC_00007446,0.558,1.062,4,20,1,205277,1
ACC_00007447,0.619,0.895,2,29,0,291129,1
ACC_00007448,0.591,0.047,3,5,1,42479,1
ACC_00007449,0.308,0.54,0,6,0,144794,0
ACC_00007450,0.54,0.588,5,15,0,64777,1
ACC_00007451,0.513,0.972,1,27,0,221967,1
ACC_00007452,0.117,0.442,0,13,0,76009,0
ACC_00007453,0.843,0.952,1,25,0,295304,1
ACC_00007454,0.213,0.834,2,12,0,337808,0
ACC_00007455,0.458,1.158,1,19,1,162104,1
ACC_00007456,0.555,1.03,5,2,0,288379,1
ACC_00007457,0.661,1.007,5,28,0,249656,1
ACC_00007458,0.458,0.999,2,8,1,83460,1
ACC_00007459,0.054,1.123,3,4,1,305139,1
ACC_00007460,0.304,0.978,1,30,0,47260,1
ACC_00007461,0.153,0.572,3,9,1,161734,1
ACC_00007462,0.681,0.677,1,13,0,223138,1
ACC_00007463,0.414,0.825,1,8,0,207800,0
ACC_00007464,0.313,1.04,2,13,0,55282,1
ACC_00007465,0.59,0.762,4,29,1,179639,1
ACC_00007466,0.76,0.078,0,23,0,258288,1
ACC_00007467,0.122,0.422,1,13,0,155778,0
ACC_00007468,0.491,0.224,0,9,0,50436,0
ACC_00007469,0.502,1.013,0,25,1,320217,1
ACC_00007470,0.825,0.069,0,17,0,55622,1
ACC_00007471,0.554,0.06,3,26,0,260245,1
ACC_00007472,0.206,0.109,2,2,0,302889,0
ACC_00007473,0.147,0.072,0,5,0,329469,0
ACC_00007474,0.428,0.614,1,4,0,325578,0
ACC_00007475,0.338,0.139,4,25,0,143511,0
ACC_00007476,0.633,0.691,1,23,0,121917,1
ACC_00007477,0.482,0.298,3,17,0,303270,0
ACC_00007478,0.369,0.615,5,22,1,320087,1
ACC_00007479,0.311,0.935,4,10,0,82543,0
ACC_00007480,0.215,0.818,1,32,0,284625,0
ACC_00007481,0.326,0.93,3,18,0,61106,0
ACC_00007482,0.432,0.95,0,7,0,333945,0
ACC_00007483,0.496,1.086,4,22,1,147346,1
ACC_00007484,0.393,0.759,2,4,0,116174,0
ACC_00007485,0.779,0.869,4,23,1,166673,1
ACC_00007486,0.745,1.159,5,12,1,333049,1
ACC_00007487,0.621,1.073,2,9,1,270908,1
ACC_00007488,0.138,1.091,1,7,1,320398,1
ACC_00007489,0.155,0.271,3,26,1,334619,1
ACC_00007490,0.654,0.017,4,8,0,151323,1
ACC_00007491,0.319,1.131,1,4,0,82097,1
ACC_00007492,0.062,0.046,3,8,1,101463,1
ACC_00007493,0.508,0.527,4,13,0,314045,1
ACC_00007494,0.652,0.624,2,4,0,196279,1
ACC_00007495,0.415,0.593,3,15,0,235072,0
ACC_00007496,0.271,0.486,1,3,0,170723,0
ACC_00007497,0.125,0.471,1,7,0,274550,1
ACC_00007498,0.223,0.658,5,18,0,145222,0
ACC_00007499,0.617,0.222,4,13,0,148976,1
ACC_00007500,0.526,1.002,1,25,0,166285,1
ACC_00007501,0.076,0.759,0,24,0,180133,0
ACC_00007502,0.524,0.086,0,26,0,266999,1
ACC_00007503,0.053,0.229,0,30,0,89261,0
ACC_00007504,0.736,0.443,2,22,0,258683,1
ACC_00007505,0.145,1.159,3,23,0,249976,1
ACC_00007506,0.289,0.788,2,18,0,122860,0
ACC_00007507,0.295,0.491,3,16,0,259547,0
ACC_00007508,0.131,0.604,0,3,0,56119,0
ACC_00007509,0.422,0.696,0,19,0,331194,0
ACC_00007510,0.416,0.528,3,29,0,301561,0
ACC_00007511,0.057,0.916,2,25,0,135166,1
ACC_00007512,0.756,0.491,3,17,0,301379,1
ACC_00007513,0.469,1.117,4,22,1,269894,1
ACC_00007514,0.789,0.748,1,4,0,208878,1
ACC_00007515,0.294,0.378,1,29,0,197645,0
ACC_00007516,0.22,0.389,4,23,1,302727,1
ACC_00007517,0.209,0.593,0,22,0,340628,0
ACC_00007518,0.386,0.296,2,17,0,50742,0
ACC_00007519,0.153,0.026,3,18,1,105263,1
ACC_00007520,0.285,0.466,4,28,0,175821,0
ACC_00007521,0.589,0.776,0,25,0,321378,1
ACC_00007522,0.29,0.782,0,32,0,340051,0
ACC_00007523,0.419,0.476,0,17,0,50940,0
ACC_00007524,0.105,1.095,5,12,0,209573,1
ACC_00007525,0.076,1.121,1,18,0,98653,1
ACC_00007526,0.596,0.603,1,4,0,103763,1
ACC_00007527,0.585,0.112,0,32,0,54737,1
ACC_00007528,0.373,0.803,5,5,1,253962,1
ACC_00007529,0.706,0.078,0,4,0,103735,1
ACC_00007530,0.73,0.347,4,22,0,140800,1
ACC_00007531,0.707,0.096,1,18,0,244870,1
ACC_00007532,0.671,0.827,3,23,0,35242,1
ACC_00007533,0.814,0.433,5,2,0,285233,1
ACC_00007534,0.634,0.684,0,12,0,178322,1
ACC_00007535,0.807,1.143,4,30,0,291962,1
ACC_00007536,0.389,0.521,0,32,0,325140,0
ACC_00007537,0.297,0.371,1,15,0,339982,0
ACC_00007538,0.052,0.757,1,20,0,236300,0
ACC_00007539,0.198,0.136,2,32,0,238990,0
ACC_00007540,0.375,0.249,5,2,1,244233,1
ACC_00007541,0.367,0.587,4,20,1,159823,1
ACC_00007542,0.387,0.297,2,13,0,151665,0
ACC_00007543,0.085,0.299,5,8,1,334097,1
ACC_00007544,0.402,0.524,0,4,0,249521,0
ACC_00007545,0.148,0.335,4,30,0,105678,1
ACC_00007546,0.504,0.969,1,25,1,209104,1
ACC_00007547,0.461,0.982,2,12,1,325426,1
ACC_00007548,0.49,0.191,0,2,0,249830,0
ACC_00007549,0.387,0.928,5,7,1,255529,1
ACC_00007550,0.615,1.176,2,16,0,244526,1
ACC_00007551,0.386,0.483,5,9,0,284351,0
ACC_00007552,0.451,0.391,0,30,0,168922,0
ACC_00007553,0.23,0.625,4,25,0,144248,0
ACC_00007554,0.687,0.569,1,10,0,109556,1
ACC_00007555,0.53,1.075,4,12,1,206332,1
ACC_00007556,0.824,0.895,3,5,1,297300,1
ACC_00007557,0.46,0.641,4,9,0,135651,0
ACC_00007558,0.189,1.11,5,10,0,309288,1
ACC_00007559,0.743,0.408,3,6,0,34988,1
ACC_00007560,0.481,0.777,5,31,0,228279,0
ACC_00007561,0.214,0.352,3,4,0,280125,0
ACC_00007562,0.578,0.021,1,21,0,118579,1
ACC_00007563,0.709,0.83,2,15,0,90671,1
ACC_00007564,0.837,1.186,0,19,1,32459,1
ACC_00007565,0.148,0.269,3,16,0,92820,0
ACC_00007566,0.792,1.117,5,31,1,185386,1
ACC_00007567,0.473,0.693,1,3,0,175440,0
ACC_00007568,0.24,0.017,3,23,0,97809,0
ACC_00007569,0.092,0.304,4,8,1,119449,1
ACC_00007570,0.229,0.584,5,27,1,120893,1
ACC_00007571,0.573,0.993,5,6,1,312772,1
ACC_00007572,0.581,0.569,5,10,1,71323,1
ACC_00007573,0.106,1.247,3,26,1,281589,1
ACC_00007574,0.237,0.394,1,20,0,269927,0
ACC_00007575,0.667,0.702,4,26,1,213847,1
ACC_00007576,0.481,0.714,5,21,1,63821,1
ACC_00007577,0.358,0.329,4,10,0,156477,0
ACC_00007578,0.239,0.35,4,19,1,178238,1
ACC_00007579,0.418,0.042,4,8,1,329373,1
ACC_00007580,0.499,0.08,2,14,0,193534,0
ACC_00007581,0.077,0.402,5,13,0,274816,0
ACC_00007582,0.101,0.024,4,3,0,314649,0
ACC_00007583,0.356,0.988,0,12,1,104612,1
ACC_00007584,0.382,0.559,3,11,1,296297,1
ACC_00007585,0.467,0.375,4,15,0,280309,1
ACC_00007586,0.617,0.963,2,23,1,108195,1
ACC_00007587,0.286,0.367,0,24,0,52839,0
ACC_00007588,0.565,0.665,1,29,0,211107,1
ACC_00007589,0.537,1.004,0,29,0,126320,1
ACC_00007590,0.756,1.067,1,10,1,304564,1
ACC_00007591,0.545,1.169,3,19,1,175760,1
ACC_00007592,0.354,1.039,2,13,0,227759,1
ACC_00007593,0.797,0.361,2,29,0,275890,1
ACC_00007594,0.688,0.578,4,19,0,208849,1
ACC_00007595,0.05,0.129,3,24,1,61592,1
ACC_00007596,0.169,1.207,4,19,1,312481,1
ACC_00007597,0.812,0.665,1,17,0,125666,1
ACC_00007598,0.271,0.816,0,30,0,77228,1
ACC_00007599,0.203,0.614,1,14,0,30251,0
ACC_00007600,0.298,0.423,5,28,0,244022,0
ACC_00007601,0.697,0.174,5,5,1,121442,1
ACC_00007602,0.749,1.13,5,3,1,227598,1
ACC_00007603,0.417,0.039,4,6,0,110567,0
ACC_00007604,0.544,1.232,5,26,1,344666,1
ACC_00007605,0.795,1.066,3,29,0,196837,1
ACC_00007606,0.809,0.523,2,15,0,102472,1
ACC_00007607,0.824,0.208,4,11,0,61645,1
ACC_00007608,0.729,0.715,0,27,0,329162,1
ACC_00007609,0.465,0.793,4,12,1,161316,1
ACC_00007610,0.251,0.843,1,22,0,347385,0
ACC_00007611,0.825,0.319,1,30,0,91258,1
ACC_00007612,0.076,0.466,1,26,0,228966,0
ACC_00007613,0.509,0.749,4,6,1,348438,1
ACC_00007614,0.766,0.244,2,30,0,349560,1
ACC_00007615,0.265,0.265,1,20,0,117754,0
ACC_00007616,0.402,0.76,3,16,0,267202,0
ACC_00007617,0.587,0.496,1,17,0,231884,1
ACC_00007618,0.691,0.889,5,20,0,330524,1
ACC_00007619,0.256,0.789,0,21,0,58774,0
ACC_00007620,0.109,0.839,3,13,0,257771,0
ACC_00007621,0.575,0.469,2,24,0,264286,1
ACC_00007622,0.605,0.347,3,31,1,132399,1
ACC_00007623,0.07,1.249,5,3,1,248811,1
ACC_00007624,0.192,0.855,4,28,1,310510,1
ACC_00007625,0.241,1.05,5,30,0,266662,1
ACC_00007626,0.162,1.181,0,7,0,245171,1
ACC_00007627,0.052,0.723,5,9,0,194519,0
ACC_00007628,0.277,0.045,4,5,0,222630,0
ACC_00007629,0.431,0.194,2,32,0,80185,0
ACC_00007630,0.764,1.045,4,12,0,38935,1
ACC_00007631,0.457,0.411,4,28,1,60935,1
ACC_00007632,0.306,0.256,4,2,0,263356,0
ACC_00007633,0.224,0.536,3,11,0,213735,0
ACC_00007634,0.655,0.273,4,5,0,103370,1
ACC_00007635,0.321,0.145,5,26,0,168040,0
ACC_00007636,0.439,0.209,2,15,0,231782,0
ACC_00007637,0.148,1.229,1,8,1,87571,1
ACC_00007638,0.371,0.432,4,22,1,112017,1
ACC_00007639,0.593,0.523,1,10,0,119135,1
ACC_00007640,0.803,0.887,4,29,0,328036,1
ACC_00007641,0.767,0.77,5,21,0,307851,1
ACC_00007642,0.355,1.184,0,21,0,131532,1
ACC_00007643,0.665,1.12,3,14,1,171693,1
ACC_00007644,0.089,0.383,1,31,0,94716,0
ACC_00007645,0.552,0.809,1,28,0,287103,1
ACC_00007646,0.338,0.516,5,20,0,266547,0
ACC_00007647,0.082,0.673,4,12,1,340994,1
ACC_00007648,0.301,1.193,0,15,1,184807,1
ACC_00007649,0.45,0.8,0,27,0,60492,0
ACC_00007650,0.594,0.745,2,4,0,313539,1
ACC_00007651,0.412,0.195,3,29,0,349848,0
ACC_00007652,0.104,0.391,3,24,1,200867,1
ACC_00007653,0.224,0.659,0,4,0,271225,0
ACC_00007654,0.176,0.609,2,23,0,155326,0
ACC_00007655,0.254,0.602,1,6,0,252174,0
ACC_00007656,0.502,0.092,1,29,0,130847,1
ACC_00007657,0.537,0.354,3,19,0,67272,1
ACC_00007658,0.377,0.195,3,27,1,214351,1
ACC_00007659,0.272,0.321,3,3,1,318327,1
ACC_00007660,0.368,0.69,5,5,0,36561,0
ACC_00007661,0.458,0.595,3,7,1,36607,1
ACC_00007662,0.701,0.452,1,11,0,81707,1
ACC_00007663,0.428,0.064,4,20,0,307457,0
ACC_00007664,0.625,0.52,0,10,0,106192,1
ACC_00007665,0.169,1.182,1,13,1,189178,1
ACC_00007666,0.836,0.032,2,9,0,254578,1
ACC_00007667,0.51,0.506,0,28,0,301941,1
ACC_00007668,0.368,0.041,2,18,0,75147,1
ACC_00007669,0.267,0.435,0,24,0,104380,0
ACC_00007670,0.168,0.514,5,26,0,339254,0
ACC_00007671,0.174,0.623,3,19,1,168526,1
ACC_00007672,0.651,0.891,1,32,0,99401,1
ACC_00007673,0.265,1.166,0,9,1,189217,1
ACC_00007674,0.598,1.168,3,7,0,134087,1
ACC_00007675,0.797,1.043,0,24,0,106667,1
ACC_00007676,0.169,1.022,2,28,0,168494,1
ACC_00007677,0.372,0.344,5,29,1,147927,1
ACC_00007678,0.45,0.194,0,21,0,336647,0
ACC_00007679,0.554,0.204,1,14,0,106541,1
ACC_00007680,0.41,0.482,5,13,1,262464,1
ACC_00007681,0.075,0.629,1,19,0,228704,0
ACC_00007682,0.086,0.379,2,10,0,100987,0
ACC_00007683,0.54,0.098,5,23,1,333290,1
ACC_00007684,0.567,0.393,4,19,0,126518,1
ACC_00007685,0.157,1.152,0,28,1,83797,1
ACC_00007686,0.767,0.962,2,3,1,208402,1
ACC_00007687,0.488,0.284,0,12,0,221065,0
ACC_00007688,0.25,0.449,1,21,0,264339,0
ACC_00007689,0.642,0.7,0,7,0,171193,1
ACC_00007690,0.533,1.1,4,3,1,240280,1
ACC_00007691,0.207,0.661,4,9,1,34974,1
ACC_00007692,0.649,0.026,3,8,0,141846,1
ACC_00007693,0.637,1.2,4,27,0,273502,1
ACC_00007694,0.469,0.335,3,29,0,130108,0
ACC_00007695,0.43,1.208,3,16,1,341650,1
ACC_00007696,0.353,0.062,5,31,0,153517,0
ACC_00007697,0.583,0.415,1,13,0,286212,1
ACC_00007698,0.352,0.27,3,20,0,178073,0
ACC_00007699,0.22,0.808,1,19,0,237919,0
ACC_00007700,0.051,1.175,0,14,1,219260,1
ACC_00007701,0.474,0.233,1,11,0,297377,0
ACC_00007702,0.516,0.401,1,24,0,281714,1
ACC_00007703,0.805,0.81,5,23,0,188138,1
ACC_00007704,0.385,0.267,1,5,0,284273,0
ACC_00007705,0.648,0.374,4,30,1,112070,1
ACC_00007706,0.067,0.823,2,5,0,185609,0
ACC_00007707,0.493,1.186,1,6,1,212363,1
ACC_00007708,0.527,0.247,1,3,0,165208,1
ACC_00007709,0.32,0.838,5,28,1,207776,1
ACC_00007710,0.359,1.077,3,22,1,228678,1
ACC_00007711,0.062,1.168,0,3,1,231077,1
ACC_00007712,0.35,0.604,3,32,1,65441,1
ACC_00007713,0.84,1.059,5,26,0,168168,1
ACC_00007714,0.478,0.661,2,28,0,327800,0
ACC_00007715,0.587,1.024,2,5,1,78566,1
ACC_00007716,0.601,0.405,4,27,1,327859,1
ACC_00007717,0.239,0.989,3,3,0,224716,1
ACC_00007718,0.52,0.793,5,5,0,128386,1
ACC_00007719,0.755,0.242,2,6,0,86049,1
ACC_00007720,0.523,0.622,5,8,0,84653,1
ACC_00007721,0.825,1.035,2,10,0,113095,1
ACC_00007722,0.742,0.671,3,19,1,313824,1
ACC_00007723,0.633,1.207,5,21,0,121591,1
ACC_00007724,0.527,0.449,1,22,0,297296,1
ACC_00007725,0.17,1.004,3,31,1,141899,1
ACC_00007726,0.101,1.194,3,5,0,203850,1
ACC_00007727,0.47,0.23,5,12,1,113947,1
ACC_00007728,0.554,0.86,5,28,0,197759,1
ACC_00007729,0.362,0.508,1,2,0,134335,0
ACC_00007730,0.613,0.29,0,22,0,203444,1
ACC_00007731,0.583,0.138,4,7,0,339622,1
ACC_00007732,0.345,0.247,4,9,0,320071,0
ACC_00007733,0.465,1.042,1,17,0,165889,1
ACC_00007734,0.278,1.007,4,12,1,37568,1
ACC_00007735,0.671,0.601,5,6,0,326228,1
ACC_00007736,0.554,0.782,2,31,0,43904,1
ACC_00007737,0.305,0.095,1,5,0,106690,0
ACC_00007738,0.61,0.403,4,4,0,99743,1
ACC_00007739,0.574,0.254,4,13,0,246021,1
ACC_00007740,0.709,1.158,3,26,1,87821,1
ACC_00007741,0.748,1.11,2,6,0,119771,1
ACC_00007742,0.334,0.686,0,19,0,193154,0
ACC_00007743,0.448,0.411,3,5,0,223681,0
ACC_00007744,0.281,0.816,1,10,0,325288,0
ACC_00007745,0.112,0.828,1,17,0,328242,0
ACC_00007746,0.368,1.007,3,15,0,164972,1
ACC_00007747,0.46,0.992,2,17,0,50942,1
ACC_00007748,0.055,0.338,2,10,0,64890,0
ACC_00007749,0.719,0.933,4,9,1,339415,1
ACC_00007750,0.424,0.343,3,29,1,236898,1
ACC_00007751,0.529,1.004,3,6,1,116905,1
ACC_00007752,0.7,0.435,0,10,0,98609,1
ACC_00007753,0.069,1.145,2,31,0,136570,1
ACC_00007754,0.829,0.409,1,9,0,86540,1
ACC_00007755,0.527,0.351,2,31,0,253762,1
ACC_00007756,0.621,0.162,2,32,0,342948,1
ACC_00007757,0.261,0.494,5,7,0,215743,0
ACC_00007758,0.786,0.133,5,30,0,37710,1
ACC_00007759,0.511,0.158,0,30,0,48613,1
ACC_00007760,0.323,0.364,1,4,0,64889,0
ACC_00007761,0.781,1.133,3,14,0,209037,1
ACC_00007762,0.417,0.533,0,13,0,92453,0
ACC_00007763,0.639,0.751,4,24,1,214333,1
ACC_00007764,0.807,0.635,2,8,0,324126,1
ACC_00007765,0.735,1.057,3,22,1,257051,1
ACC_00007766,0.405,0.07,3,16,0,185398,1
ACC_00007767,0.088,1.147,0,12,0,125933,1
ACC_00007768,0.292,0.346,5,19,0,86234,0
ACC_00007769,0.192,0.58,3,19,0,150720,0
ACC_00007770,0.646,0.338,5,22,1,158568,1
ACC_00007771,0.614,0.446,2,11,0,128308,1
ACC_00007772,0.269,0.751,0,6,0,230422,0
ACC_00007773,0.174,0.87,0,25,0,151262,0
ACC_00007774,0.644,0.7,4,28,1,106706,1
ACC_00007775,0.189,0.482,4,9,1,117996,1
ACC_00007776,0.781,0.427,0,9,0,290115,1
ACC_00007777,0.502,0.645,4,22,1,146697,1
ACC_00007778,0.679,0.224,4,14,1,300741,1
ACC_00007779,0.606,0.759,2,25,0,132978,1
ACC_00007780,0.336,0.073,0,20,0,170581,1
ACC_00007781,0.828,0.059,1,19,0,230586,1
ACC_00007782,0.788,0.577,4,14,0,291118,1
ACC_00007783,0.698,0.107,5,4,1,332168,1
ACC_00007784,0.185,0.757,4,4,0,53004,0
ACC_00007785,0.849,1.018,1,12,0,236355,1
ACC_00007786,0.8,0.336,3,29,0,69330,1
ACC_00007787,0.614,0.116,2,13,0,146734,1
ACC_00007788,0.798,0.713,3,2,0,172629,1
ACC_00007789,0.321,0.025,3,9,1,227547,1
ACC_00007790,0.624,0.452,5,5,1,72655,1
ACC_00007791,0.635,0.236,0,31,0,114811,1
ACC_00007792,0.752,1.078,5,21,0,271065,1
ACC_00007793,0.692,0.579,0,23,0,203096,1
ACC_00007794,0.111,0.714,5,12,1,62259,1
ACC_00007795,0.544,0.365,2,13,0,34611,1
ACC_00007796,0.08,0.327,3,23,1,197733,1
ACC_00007797,0.156,0.853,5,14,0,45712,1
ACC_00007798,0.192,1.009,1,29,0,347457,1
ACC_00007799,0.203,0.873,4,25,1,107328,1
ACC_00007800,0.284,0.262,5,15,0,251129,0
ACC_00007801,0.14,0.852,5,10,1,46718,1
ACC_00007802,0.393,0.302,0,2,0,65825,0
ACC_00007803,0.759,1.085,4,27,1,237104,1
ACC_00007804,0.718,0.996,1,13,0,134179,1
ACC_00007805,0.152,1.133,4,3,0,117242,1
ACC_00007806,0.703,0.311,5,29,1,273579,1
ACC_00007807,0.119,0.803,0,17,0,183936,0
ACC_00007808,0.603,1.246,4,2,0,341016,1
ACC_00007809,0.587,0.562,3,23,0,315088,1
ACC_00007810,0.253,0.897,5,31,0,100667,0
ACC_00007811,0.632,0.044,5,25,1,46646,1
ACC_00007812,0.051,0.939,0,3,1,341252,1
ACC_00007813,0.702,0.612,0,29,0,121652,1
ACC_00007814,0.45,0.217,4,16,0,336894,0
ACC_00007815,0.537,0.131,3,24,1,138044,1
ACC_00007816,0.467,0.799,5,13,0,346152,0
ACC_00007817,0.266,1.23,1,6,0,347757,1
ACC_00007818,0.533,0.503,2,19,0,172256,1
ACC_00007819,0.83,1.031,2,8,1,44790,1
ACC_00007820,0.369,0.584,3,14,0,289865,1
ACC_00007821,0.609,0.059,1,13,0,105245,1
ACC_00007822,0.653,0.403,1,10,0,235764,1
ACC_00007823,0.831,0.175,2,8,0,104960,1
ACC_00007824,0.296,1.003,1,17,0,327920,1
ACC_00007825,0.065,1.144,4,8,0,97535,1
ACC_00007826,0.074,0.537,0,17,0,201565,0
ACC_00007827,0.682,0.119,5,5,0,172835,1
ACC_00007828,0.27,0.767,4,25,0,57058,0
ACC_00007829,0.56,0.745,0,10,0,86820,1
ACC_00007830,0.088,0.607,5,31,1,310920,1
ACC_00007831,0.602,1.008,5,5,1,33812,1
ACC_00007832,0.384,0.4,5,11,0,337055,1
ACC_00007833,0.317,0.08,3,22,0,225092,0
ACC_00007834,0.786,0.756,2,31,0,135199,1
ACC_00007835,0.804,0.479,5,25,0,115208,1
ACC_00007836,0.511,0.881,4,26,0,322767,1
ACC_00007837,0.821,0.507,1,24,0,257880,1
ACC_00007838,0.656,0.519,1,7,0,162729,1
ACC_00007839,0.607,0.361,1,23,0,225652,1
ACC_00007840,0.446,0.795,2,10,0,318955,0
ACC_00007841,0.657,1.216,2,7,0,173714,1
ACC_00007842,0.821,0.903,4,26,1,328599,1
ACC_00007843,0.499,0.067,4,21,0,87850,0
ACC_00007844,0.524,0.228,1,31,0,35093,1
ACC_00007845,0.163,0.024,0,27,0,310987,0
ACC_00007846,0.415,0.557,0,24,0,68511,0
ACC_00007847,0.127,0.101,5,17,0,241135,1
ACC_00007848,0.363,0.452,0,22,0,314205,0
ACC_00007849,0.665,1.046,2,2,1,252226,1
ACC_00007850,0.294,0.61,2,13,0,94340,0
ACC_00007851,0.125,0.845,5,7,0,286605,1
ACC_00007852,0.794,0.995,3,24,0,174921,1
ACC_00007853,0.338,1.048,0,28,1,160468,1
ACC_00007854,0.231,0.262,2,26,0,166815,0
ACC_00007855,0.604,0.441,2,6,0,347433,1
ACC_00007856,0.137,0.143,2,7,0,186226,0
ACC_00007857,0.376,1.012,1,23,0,110753,1
ACC_00007858,0.48,0.238,0,22,0,110959,0
ACC_00007859,0.451,0.479,2,23,0,104106,0
ACC_00007860,0.377,1.021,1,23,0,129968,1
ACC_00007861,0.12,0.298,1,15,0,284518,0
ACC_00007862,0.363,0.051,2,21,0,89589,0
ACC_00007863,0.478,1.005,4,4,0,84948,1
ACC_00007864,0.599,1.164,2,9,0,224705,1
ACC_00007865,0.176,0.99,4,14,1,202379,1
ACC_00007866,0.151,0.02,2,8,0,301213,0
ACC_00007867,0.158,1.058,0,5,1,51277,1
ACC_00007868,0.253,0.566,2,24,0,316753,0
ACC_00007869,0.652,0.113,2,14,0,345652,1
ACC_00007870,0.391,0.205,2,20,0,193160,0
ACC_00007871,0.127,0.531,1,25,0,133352,1
ACC_00007872,0.188,0.205,5,4,1,268613,1
ACC_00007873,0.259,0.198,1,16,0,34619,0
ACC_00007874,0.708,0.524,4,29,0,82493,1
ACC_00007875,0.574,0.299,3,4,0,263540,1
ACC_00007876,0.655,0.827,5,21,0,195485,1
ACC_00007877,0.289,0.377,4,3,0,57681,0
ACC_00007878,0.782,1.111,0,19,1,331769,1
ACC_00007879,0.402,1.063,5,5,0,247386,1
ACC_00007880,0.096,1.114,3,10,0,112113,1
ACC_00007881,0.633,0.895,4,29,1,180817,1
ACC_00007882,0.743,0.63,5,27,1,96924,1
ACC_00007883,0.632,0.57,1,23,0,117225,1
ACC_00007884,0.272,1.247,4,29,0,104136,1
ACC_00007885,0.211,0.535,3,10,0,305390,0
ACC_00007886,0.155,0.173,5,14,1,286351,1
ACC_00007887,0.468,0.53,5,25,1,119678,1
ACC_00007888,0.137,0.496,2,31,0,60163,1
ACC_00007889,0.786,1.124,2,21,1,179285,1
ACC_00007890,0.523,1.054,0,8,0,88085,1
ACC_00007891,0.386,0.631,2,7,0,148355,0
ACC_00007892,0.129,1.221,3,26,1,96967,1
ACC_00007893,0.123,1.0,5,28,0,174675,1
ACC_00007894,0.138,0.876,5,6,0,287805,0
ACC_00007895,0.675,0.848,2,27,0,40888,1
ACC_00007896,0.692,1.232,5,25,0,215393,1
ACC_00007897,0.668,0.17,1,26,0,163254,1
ACC_00007898,0.097,0.383,1,21,0,286159,0
ACC_00007899,0.83,1.173,4,30,0,163621,1
ACC_00007900,0.281,0.762,4,20,0,227602,0
ACC_00007901,0.182,0.818,4,10,1,151719,1
ACC_00007902,0.083,0.504,1,17,0,325756,0
ACC_00007903,0.735,0.742,2,5,0,36515,1
ACC_00007904,0.679,0.176,4,2,0,102007,1
ACC_00007905,0.608,0.883,3,18,0,102242,1
ACC_00007906,0.652,1.234,0,9,0,202041,1
ACC_00007907,0.626,0.04,0,7,0,45872,1
ACC_00007908,0.341,0.827,5,3,1,277206,1
ACC_00007909,0.268,0.234,2,7,0,95224,1
ACC_00007910,0.252,0.262,2,13,0,98728,0
ACC_00007911,0.116,1.191,1,7,1,246504,1
ACC_00007912,0.077,0.39,1,10,0,161274,0
ACC_00007913,0.414,1.208,0,32,0,129876,1
ACC_00007914,0.181,0.117,3,27,0,197740,0
ACC_00007915,0.711,0.896,5,14,1,67401,1
ACC_00007916,0.657,0.342,4,21,0,47754,1
ACC_00007917,0.792,0.407,1,14,0,114560,1
ACC_00007918,0.342,0.427,0,2,0,140150,0
ACC_00007919,0.291,1.122,4,24,0,163091,1
ACC_00007920,0.7,0.477,1,11,0,83093,1
ACC_00007921,0.43,0.15,3,23,1,80941,1
ACC_00007922,0.224,0.135,3,3,0,100433,0
ACC_00007923,0.512,1.031,0,6,0,103516,1
ACC_00007924,0.151,0.348,0,31,0,128636,0
ACC_00007925,0.247,0.101,1,16,0,246208,0
ACC_00007926,0.538,0.301,3,11,0,344157,1
ACC_00007927,0.074,0.877,3,31,0,115965,0
ACC_00007928,0.313,0.964,2,5,1,35265,1
ACC_00007929,0.263,0.295,2,15,0,162688,0
ACC_00007930,0.605,0.812,0,30,0,145048,1
ACC_00007931,0.311,0.74,2,17,0,255852,0
ACC_00007932,0.209,0.675,3,12,1,160231,1
ACC_00007933,0.716,0.511,2,30,0,206857,1
ACC_00007934,0.39,0.625,4,6,0,181687,0
ACC_00007935,0.152,0.232,5,23,0,167448,0
ACC_00007936,0.339,1.056,0,21,0,142982,1
ACC_00007937,0.215,0.069,5,18,0,313270,0
ACC_00007938,0.764,0.542,5,27,1,172485,1
ACC_00007939,0.293,0.114,2,28,0,143140,0
ACC_00007940,0.614,1.152,0,28,0,111369,1
ACC_00007941,0.263,1.005,5,30,0,76905,1
ACC_00007942,0.194,0.297,0,15,0,148503,0
ACC_00007943,0.793,0.158,1,29,0,49824,1
ACC_00007944,0.333,1.101,3,20,0,242859,1
ACC_00007945,0.639,0.764,3,32,0,156147,1
ACC_00007946,0.457,0.829,5,18,0,340674,0
ACC_00007947,0.102,0.522,0,12,0,230634,0
ACC_00007948,0.206,0.157,5,18,0,176424,0
ACC_00007949,0.717,1.177,2,9,1,32282,1
ACC_00007950,0.241,0.045,4,5,0,285521,0
ACC_00007951,0.134,0.648,4,7,0,210381,1
ACC_00007952,0.229,0.781,3,29,0,195516,0
ACC_00007953,0.766,0.02,3,7,0,95596,1
ACC_00007954,0.525,0.657,2,13,0,241612,1
ACC_00007955,0.267,0.136,1,17,0,195791,0
ACC_00007956,0.135,0.862,0,22,0,45277,0
ACC_00007957,0.358,0.817,4,20,0,182712,0
ACC_00007958,0.167,0.657,3,8,0,39463,0
ACC_00007959,0.193,0.979,2,9,0,226621,1
ACC_00007960,0.154,1.18,0,3,1,201981,1
ACC_00007961,0.545,1.002,0,14,1,150817,1
ACC_00007962,0.443,0.862,3,9,0,245933,0
ACC_00007963,0.262,0.432,1,10,0,287230,0
ACC_00007964,0.557,1.186,1,8,1,126301,1
ACC_00007965,0.449,1.086,0,26,0,206763,1
ACC_00007966,0.529,0.938,2,18,0,85989,1
ACC_00007967,0.53,0.953,5,7,1,306629,1
ACC_00007968,0.224,0.861,5,20,1,277820,1
ACC_00007969,0.812,1.094,3,29,0,237161,1
ACC_00007970,0.36,0.165,4,12,0,140461,0
ACC_00007971,0.586,0.089,5,32,1,231678,1
ACC_00007972,0.629,0.028,1,17,0,301774,1
ACC_00007973,0.178,1.181,5,14,0,336634,1
ACC_00007974,0.53,0.153,0,14,0,40382,1
ACC_00007975,0.731,0.832,3,28,0,287644,1
ACC_00007976,0.513,1.053,2,24,0,153687,1
ACC_00007977,0.553,0.259,3,2,0,33090,1
ACC_00007978,0.246,0.68,1,30,0,338109,0
ACC_00007979,0.826,0.295,0,25,0,46083,1
ACC_00007980,0.19,0.468,5,24,1,322936,1
ACC_00007981,0.221,0.964,4,30,1,42710,1
ACC_00007982,0.139,0.607,0,12,0,116338,1
ACC_00007983,0.105,1.058,2,13,1,153224,1
ACC_00007984,0.219,1.04,4,29,0,47278,1
ACC_00007985,0.065,0.75,3,16,1,279712,1
ACC_00007986,0.45,0.662,2,16,0,285135,0
ACC_00007987,0.78,0.292,1,31,0,83717,1
ACC_00007988,0.57,0.606,4,5,0,233564,1
ACC_00007989,0.402,1.058,1,21,0,162695,1
ACC_00007990,0.344,1.22,0,27,1,274402,1
ACC_00007991,0.192,0.241,2,8,0,214539,0
ACC_00007992,0.1,0.704,0,16,0,235767,0
ACC_00007993,0.818,0.141,3,31,0,183671,1
ACC_00007994,0.732,1.231,2,26,0,321062,1
ACC_00007995,0.21,0.884,3,28,0,147359,1
ACC_00007996,0.647,0.216,2,19,0,61216,1
ACC_00007997,0.826,0.679,2,5,0,325993,1
ACC_00007998,0.444,0.84,2,8,0,234424,0
ACC_00007999,0.367,0.639,5,6,1,55752,1
ACC_00008000,0.725,1.133,2,24,1,246968,1
