patient_id,age,bmi,blood_pressure,cholesterol,glucose,smoking_status,prior_admissions,readmitted_30_days
PAT_00000001,63,27.4,174,162,243,FORMER,2,0
PAT_00000002,92,27.8,170,227,159,NEVER,7,1
PAT_00000003,44,33.9,140,275,89,FORMER,6,0
PAT_00000004,35,28.0,110,245,229,CURRENT,8,0
PAT_00000005,24,24.9,137,144,144,FORMER,4,0
PAT_00000006,86,30.5,135,254,81,NEVER,6,1
PAT_00000007,39,21.9,129,169,151,NEVER,2,0
PAT_00000008,56,27.0,157,305,242,UNKNOWN,5,0
PAT_00000009,85,22.8,156,245,193,UNKNOWN,2,1
PAT_00000010,76,20.4,134,169,192,UNKNOWN,6,1
PAT_00000011,65,32.6,166,202,110,FORMER,4,1
PAT_00000012,66,37.8,144,126,153,NEVER,5,1
PAT_00000013,57,31.4,177,269,126,FORMER,7,1
PAT_00000014,57,28.9,131,217,151,NEVER,1,0
PAT_00000015,73,28.7,154,201,151,CURRENT,0,0
PAT_00000016,66,31.3,169,128,194,NEVER,4,1
PAT_00000017,50,24.9,148,162,86,UNKNOWN,5,0
PAT_00000018,89,35.2,146,299,85,FORMER,2,0
PAT_00000019,60,31.1,185,272,71,CURRENT,0,1
PAT_00000020,51,32.7,159,215,235,NEVER,2,0
PAT_00000021,34,32.6,122,167,206,NEVER,1,0
PAT_00000022,52,26.7,168,230,135,NEVER,3,1
PAT_00000023,28,21.0,97,279,87,FORMER,6,0
PAT_00000024,35,29.3,95,168,165,FORMER,3,0
PAT_00000025,65,30.8,148,283,203,UNKNOWN,7,0
PAT_00000026,71,27.6,104,121,208,FORMER,0,1
PAT_00000027,70,35.3,159,188,143,UNKNOWN,0,0
PAT_00000028,55,25.2,181,137,238,NEVER,6,1
PAT_00000029,88,23.0,122,230,106,UNKNOWN,4,1
PAT_00000030,25,28.8,160,256,108,UNKNOWN,2,0
PAT_00000031,24,23.9,127,297,236,NEVER,0,0
PAT_00000032,77,27.4,177,272,73,NEVER,1,0
PAT_00000033,72,40.3,172,295,98,NEVER,0,0
PAT_00000034,61,27.5,170,280,189,FORMER,0,1
PAT_00000035,52,29.9,183,219,200,CURRENT,3,0
PAT_00000036,58,18.9,102,185,99,NEVER,5,0
PAT_00000037,58,31.0,129,170,185,FORMER,3,1
PAT_00000038,90,36.1,181,154,84,UNKNOWN,7,1
PAT_00000039,23,27.7,179,128,93,CURRENT,4,0
PAT_00000040,40,24.5,107,280,148,FORMER,6,0
PAT_00000041,51,32.4,166,193,219,CURRENT,6,0
PAT_00000042,23,45.1,140,174,80,CURRENT,2,0
PAT_00000043,52,26.3,167,193,228,CURRENT,0,1
PAT_00000044,83,31.8,169,303,244,NEVER,7,1
PAT_00000045,87,17.1,185,281,177,UNKNOWN,3,1
PAT_00000046,25,29.2,112,274,162,CURRENT,2,0
PAT_00000047,33,21.5,100,279,81,NEVER,6,0
PAT_00000048,62,24.1,115,207,183,UNKNOWN,8,0
PAT_00000049,22,39.7,121,137,162,FORMER,0,0
PAT_00000050,63,23.7,102,212,140,FORMER,1,1
PAT_00000051,41,37.4,112,151,197,NEVER,0,1
PAT_00000052,64,32.0,138,132,255,FORMER,0,0
PAT_00000053,25,33.8,184,303,244,FORMER,4,1
PAT_00000054,67,31.3,100,201,131,NEVER,6,1
PAT_00000055,38,29.3,125,246,72,UNKNOWN,0,0
PAT_00000056,70,31.3,165,225,125,CURRENT,5,1
PAT_00000057,27,31.8,181,223,141,NEVER,3,0
PAT_00000058,69,24.2,95,242,158,CURRENT,2,0
PAT_00000059,51,26.5,140,176,243,FORMER,3,1
PAT_00000060,70,23.3,130,165,177,UNKNOWN,3,1
PAT_00000061,38,17.2,133,177,140,FORMER,6,0
PAT_00000062,40,22.9,150,174,211,FORMER,2,0
PAT_00000063,44,27.6,121,224,89,CURRENT,6,0
PAT_00000064,55,23.9,177,305,256,CURRENT,6,0
PAT_00000065,37,32.6,158,290,156,UNKNOWN,1,0
PAT_00000066,80,19.8,122,256,97,FORMER,3,1
PAT_00000067,88,29.4,172,274,253,NEVER,4,1
PAT_00000068,82,25.7,108,196,107,UNKNOWN,6,1
PAT_00000069,85,32.6,162,203,104,FORMER,7,1
PAT_00000070,86,30.5,105,201,103,NEVER,7,1
PAT_00000071,72,26.2,176,177,214,NEVER,1,1
PAT_00000072,62,24.6,112,298,105,NEVER,8,1
PAT_00000073,66,28.9,135,284,137,CURRENT,6,1
PAT_00000074,34,25.8,156,142,239,NEVER,8,0
PAT_00000075,29,25.9,100,157,243,CURRENT,3,0
PAT_00000076,27,22.6,153,216,172,FORMER,4,0
PAT_00000077,52,26.3,148,303,258,CURRENT,4,0
PAT_00000078,52,22.7,99,229,144,FORMER,5,0
PAT_00000079,28,33.9,146,266,79,UNKNOWN,3,0
PAT_00000080,86,25.3,117,263,203,CURRENT,7,1
PAT_00000081,39,24.7,144,216,129,FORMER,1,0
PAT_00000082,40,35.2,173,268,76,NEVER,2,0
PAT_00000083,89,26.7,175,145,174,NEVER,5,1
PAT_00000084,84,34.3,148,177,255,NEVER,4,1
PAT_00000085,27,20.6,150,252,219,NEVER,6,0
PAT_00000086,37,30.1,126,132,203,FORMER,2,0
PAT_00000087,70,32.5,162,296,168,UNKNOWN,0,0
PAT_00000088,22,29.4,131,288,115,UNKNOWN,4,0
PAT_00000089,70,29.0,168,214,95,UNKNOWN,6,1
PAT_00000090,67,42.1,106,242,235,FORMER,3,1
PAT_00000091,34,30.1,168,140,83,CURRENT,8,1
PAT_00000092,37,23.8,154,126,168,CURRENT,3,0
PAT_00000093,26,23.7,132,269,242,NEVER,8,0
PAT_00000094,91,22.5,170,166,114,FORMER,3,1
PAT_00000095,62,23.0,114,238,190,NEVER,4,0
PAT_00000096,60,25.4,148,280,171,NEVER,0,0
PAT_00000097,32,18.2,106,246,230,CURRENT,8,0
PAT_00000098,51,22.7,148,221,146,NEVER,2,0
PAT_00000099,23,30.6,105,250,75,CURRENT,2,0
PAT_00000100,65,35.7,185,268,184,UNKNOWN,8,0
PAT_00000101,45,31.6,161,267,186,FORMER,8,0
PAT_00000102,79,28.3,157,157,77,NEVER,6,1
PAT_00000103,87,22.2,112,178,253,FORMER,5,1
PAT_00000104,64,35.7,166,240,80,UNKNOWN,5,0
PAT_00000105,42,38.5,156,195,98,NEVER,5,0
PAT_00000106,67,18.0,147,134,165,NEVER,7,1
PAT_00000107,84,34.4,101,184,228,UNKNOWN,4,1
PAT_00000108,81,21.3,99,278,251,FORMER,3,1
PAT_00000109,61,27.8,171,186,135,UNKNOWN,0,0
PAT_00000110,65,23.1,181,247,228,NEVER,4,1
PAT_00000111,79,29.5,180,173,150,NEVER,4,1
PAT_00000112,67,27.5,97,162,110,FORMER,4,1
PAT_00000113,51,27.8,184,241,240,NEVER,1,0
PAT_00000114,76,21.7,132,162,165,UNKNOWN,7,1
PAT_00000115,28,17.2,106,244,218,NEVER,7,0
PAT_00000116,89,25.5,153,246,126,NEVER,8,1
PAT_00000117,78,16.0,142,295,80,FORMER,8,1
PAT_00000118,21,24.4,172,164,216,CURRENT,2,0
PAT_00000119,62,24.0,184,238,257,NEVER,8,0
PAT_00000120,25,22.2,146,168,119,UNKNOWN,3,0
PAT_00000121,76,22.7,107,129,237,CURRENT,7,1
PAT_00000122,58,28.0,142,209,128,NEVER,5,0
PAT_00000123,67,26.9,166,306,248,FORMER,4,1
PAT_00000124,77,27.0,173,277,193,FORMER,1,1
PAT_00000125,80,24.9,151,196,229,NEVER,1,1
PAT_00000126,62,27.2,96,158,236,CURRENT,5,0
PAT_00000127,73,29.0,141,122,228,UNKNOWN,0,1
PAT_00000128,29,25.5,105,197,109,FORMER,3,0
PAT_00000129,65,25.9,102,241,177,FORMER,0,0
PAT_00000130,27,29.6,167,254,126,FORMER,1,0
PAT_00000131,35,26.3,151,254,215,NEVER,6,0
PAT_00000132,35,15.2,108,161,204,NEVER,6,0
PAT_00000133,40,39.5,159,191,133,UNKNOWN,5,0
PAT_00000134,81,31.0,113,290,126,CURRENT,3,1
PAT_00000135,43,29.4,179,268,194,UNKNOWN,8,0
PAT_00000136,70,26.3,119,217,146,NEVER,0,0
PAT_00000137,55,26.4,134,258,150,CURRENT,3,0
PAT_00000138,65,23.4,153,195,173,FORMER,1,0
PAT_00000139,47,25.4,164,223,148,UNKNOWN,4,1
PAT_00000140,67,36.6,185,295,99,NEVER,3,1
PAT_00000141,32,24.5,180,211,145,UNKNOWN,0,0
PAT_00000142,39,29.1,110,123,99,NEVER,5,1
PAT_00000143,30,22.5,139,215,88,FORMER,5,0
PAT_00000144,58,25.1,178,290,235,NEVER,3,1
PAT_00000145,87,28.9,101,298,214,FORMER,2,1
PAT_00000146,66,17.3,101,221,245,UNKNOWN,6,1
PAT_00000147,23,27.3,115,150,72,UNKNOWN,8,1
PAT_00000148,25,24.8,160,196,217,FORMER,8,0
PAT_00000149,50,20.6,176,305,178,CURRENT,4,0
PAT_00000150,57,25.4,140,168,200,CURRENT,6,0
PAT_00000151,85,18.9,149,132,256,CURRENT,3,1
PAT_00000152,24,21.8,124,299,74,FORMER,2,0
PAT_00000153,38,26.2,159,238,222,UNKNOWN,5,0
PAT_00000154,90,27.5,133,300,143,UNKNOWN,0,0
PAT_00000155,87,18.2,146,241,209,CURRENT,0,1
PAT_00000156,38,23.6,118,258,105,FORMER,8,0
PAT_00000157,44,35.5,158,300,150,NEVER,5,0
PAT_00000158,80,28.0,133,206,239,NEVER,1,1
PAT_00000159,92,27.6,125,217,103,CURRENT,5,1
PAT_00000160,49,31.5,96,186,142,CURRENT,6,1
PAT_00000161,50,19.0,99,131,156,UNKNOWN,1,0
PAT_00000162,88,19.4,126,164,145,NEVER,7,1
PAT_00000163,32,27.0,140,206,244,FORMER,1,0
PAT_00000164,62,37.8,181,158,81,CURRENT,2,0
PAT_00000165,65,20.4,107,171,147,CURRENT,0,0
PAT_00000166,54,28.8,126,236,236,CURRENT,2,0
PAT_00000167,37,29.7,143,180,125,NEVER,5,0
PAT_00000168,42,27.7,151,121,258,NEVER,0,0
PAT_00000169,36,38.8,161,270,140,NEVER,8,0
PAT_00000170,73,31.0,143,182,176,FORMER,3,1
PAT_00000171,80,19.8,178,232,153,NEVER,3,1
PAT_00000172,34,35.6,117,152,165,FORMER,2,0
PAT_00000173,72,31.3,165,262,195,UNKNOWN,0,1
PAT_00000174,41,24.9,177,201,243,FORMER,4,1
PAT_00000175,78,34.0,116,302,233,CURRENT,5,1
PAT_00000176,34,26.6,117,194,255,UNKNOWN,1,0
PAT_00000177,67,32.3,159,264,126,CURRENT,7,1
PAT_00000178,48,31.3,145,298,245,FORMER,7,0
PAT_00000179,24,28.2,176,281,144,UNKNOWN,1,0
PAT_00000180,81,36.1,98,162,221,UNKNOWN,7,1
PAT_00000181,57,37.3,101,222,153,UNKNOWN,5,0
PAT_00000182,43,38.0,162,292,178,UNKNOWN,7,0
PAT_00000183,53,25.2,133,292,109,CURRENT,3,0
PAT_00000184,31,25.4,119,298,143,UNKNOWN,6,0
PAT_00000185,79,33.1,137,260,72,UNKNOWN,1,0
PAT_00000186,72,26.5,129,156,221,FORMER,2,1
PAT_00000187,51,27.4,123,254,242,CURRENT,1,0
PAT_00000188,88,30.3,151,149,78,UNKNOWN,5,1
PAT_00000189,83,26.1,144,306,164,FORMER,6,1
PAT_00000190,85,31.9,122,140,247,CURRENT,7,1
PAT_00000191,86,25.7,135,228,164,CURRENT,2,0
PAT_00000192,49,32.3,175,226,105,CURRENT,4,0
PAT_00000193,91,21.1,133,157,171,CURRENT,7,1
PAT_00000194,70,28.8,139,202,130,CURRENT,1,0
PAT_00000195,44,28.2,147,142,222,FORMER,5,0
PAT_00000196,50,38.8,178,259,143,FORMER,1,0
PAT_00000197,43,31.5,120,135,164,UNKNOWN,6,0
PAT_00000198,70,25.9,100,128,112,CURRENT,5,1
PAT_00000199,76,22.9,162,120,250,CURRENT,3,1
PAT_00000200,92,27.5,140,167,246,UNKNOWN,1,1
PAT_00000201,53,35.4,111,149,130,NEVER,4,0
PAT_00000202,86,31.3,104,229,235,UNKNOWN,7,1
PAT_00000203,76,29.4,164,152,190,FORMER,0,1
PAT_00000204,68,29.7,120,151,82,FORMER,8,1
PAT_00000205,90,35.2,182,184,111,CURRENT,4,1
PAT_00000206,30,23.4,157,216,191,CURRENT,4,0
PAT_00000207,31,17.9,118,248,146,CURRENT,8,0
PAT_00000208,81,26.1,108,220,84,NEVER,1,0
PAT_00000209,33,30.1,177,238,129,FORMER,0,0
PAT_00000210,61,20.9,103,255,185,UNKNOWN,1,0
PAT_00000211,31,26.8,149,267,155,FORMER,5,0
PAT_00000212,27,24.6,100,187,165,FORMER,0,0
PAT_00000213,52,30.7,103,301,210,FORMER,6,0
PAT_00000214,79,29.7,183,135,229,NEVER,7,1
PAT_00000215,51,37.5,185,210,152,FORMER,3,0
PAT_00000216,29,31.3,112,235,152,UNKNOWN,7,1
PAT_00000217,41,30.2,166,242,168,UNKNOWN,2,0
PAT_00000218,54,35.2,118,206,206,CURRENT,1,0
PAT_00000219,77,25.8,140,156,164,NEVER,2,0
PAT_00000220,75,24.4,125,133,170,UNKNOWN,6,1
PAT_00000221,47,29.9,135,202,92,FORMER,6,0
PAT_00000222,24,26.5,169,139,205,NEVER,5,0
PAT_00000223,60,24.8,112,252,72,NEVER,6,0
PAT_00000224,79,29.8,144,287,208,UNKNOWN,0,1
PAT_00000225,89,37.0,127,267,223,NEVER,4,1
PAT_00000226,77,21.5,149,264,86,NEVER,8,1
PAT_00000227,73,26.0,100,174,120,NEVER,3,1
PAT_00000228,34,29.6,117,122,95,CURRENT,6,0
PAT_00000229,56,30.8,147,232,247,FORMER,0,0
PAT_00000230,52,35.0,140,219,203,UNKNOWN,3,0
PAT_00000231,72,32.8,114,178,185,FORMER,6,1
PAT_00000232,73,30.2,98,294,140,NEVER,1,0
PAT_00000233,36,23.4,106,215,169,CURRENT,4,0
PAT_00000234,75,25.2,123,150,156,NEVER,6,1
PAT_00000235,30,24.2,111,133,245,CURRENT,2,0
PAT_00000236,72,22.0,101,252,200,FORMER,0,1
PAT_00000237,86,28.8,180,153,234,NEVER,8,1
PAT_00000238,64,24.9,175,134,136,CURRENT,1,0
PAT_00000239,31,26.9,138,216,203,NEVER,2,0
PAT_00000240,44,25.8,173,228,244,UNKNOWN,6,0
PAT_00000241,46,26.1,117,130,231,CURRENT,0,1
PAT_00000242,64,25.8,97,204,198,UNKNOWN,0,0
PAT_00000243,81,26.5,119,264,147,CURRENT,6,1
PAT_00000244,55,23.7,131,150,161,CURRENT,7,0
PAT_00000245,84,18.8,184,180,202,NEVER,7,1
PAT_00000246,29,36.8,121,276,77,UNKNOWN,6,0
PAT_00000247,28,30.9,124,122,124,FORMER,3,0
PAT_00000248,65,22.7,128,189,182,CURRENT,1,0
PAT_00000249,39,18.9,121,120,259,NEVER,6,0
PAT_00000250,62,36.3,116,268,74,NEVER,7,0
PAT_00000251,29,20.2,110,281,185,FORMER,1,0
PAT_00000252,53,23.7,146,261,245,FORMER,1,1
PAT_00000253,29,17.1,181,280,159,NEVER,1,0
PAT_00000254,51,31.0,150,173,251,CURRENT,0,0
PAT_00000255,63,23.6,173,126,249,FORMER,2,0
PAT_00000256,92,18.1,163,280,73,FORMER,4,1
PAT_00000257,23,24.9,128,122,97,CURRENT,1,0
PAT_00000258,50,28.9,174,274,254,UNKNOWN,5,0
PAT_00000259,77,23.6,98,225,153,NEVER,0,0
PAT_00000260,41,24.9,167,191,170,NEVER,5,0
PAT_00000261,66,33.1,159,241,96,NEVER,4,1
PAT_00000262,57,42.2,140,203,73,FORMER,7,0
PAT_00000263,40,20.3,173,224,208,UNKNOWN,2,0
PAT_00000264,74,26.5,124,170,231,CURRENT,1,1
PAT_00000265,78,33.9,145,307,221,NEVER,7,1
PAT_00000266,71,24.5,182,253,111,NEVER,8,1
PAT_00000267,86,31.7,159,139,250,NEVER,6,1
PAT_00000268,84,36.7,114,132,111,UNKNOWN,3,1
PAT_00000269,91,21.6,147,268,236,NEVER,5,1
PAT_00000270,49,30.7,101,134,199,FORMER,2,1
PAT_00000271,46,31.8,117,207,133,FORMER,3,0
PAT_00000272,31,16.9,147,198,199,FORMER,8,0
PAT_00000273,49,25.7,151,150,128,FORMER,7,0
PAT_00000274,35,32.6,108,153,147,UNKNOWN,6,0
PAT_00000275,49,29.1,164,285,154,NEVER,5,0
PAT_00000276,54,22.9,105,180,125,CURRENT,7,0
PAT_00000277,41,17.4,136,254,138,CURRENT,1,1
PAT_00000278,88,33.1,107,186,84,CURRENT,4,1
PAT_00000279,64,22.4,158,220,76,UNKNOWN,5,1
PAT_00000280,44,28.0,125,183,175,CURRENT,8,0
PAT_00000281,22,24.3,182,189,223,NEVER,6,0
PAT_00000282,86,24.0,149,273,144,NEVER,8,1
PAT_00000283,45,28.1,185,178,96,CURRENT,3,0
PAT_00000284,69,24.8,139,125,253,NEVER,8,1
PAT_00000285,27,33.1,114,134,174,UNKNOWN,1,0
PAT_00000286,38,30.2,146,167,210,NEVER,3,0
PAT_00000287,57,30.8,101,245,75,UNKNOWN,6,0
PAT_00000288,24,20.3,152,261,197,FORMER,4,0
PAT_00000289,50,32.0,175,250,90,NEVER,6,0
PAT_00000290,87,33.0,136,170,74,CURRENT,5,1
PAT_00000291,35,34.9,135,222,100,NEVER,6,0
PAT_00000292,21,23.6,184,271,154,UNKNOWN,8,0
PAT_00000293,35,27.0,155,201,222,CURRENT,5,0
PAT_00000294,81,29.9,97,149,256,NEVER,8,1
PAT_00000295,76,37.5,137,214,168,CURRENT,5,1
PAT_00000296,83,27.8,109,219,106,UNKNOWN,8,1
PAT_00000297,26,18.6,151,284,208,CURRENT,8,1
PAT_00000298,62,25.7,119,259,81,NEVER,4,0
PAT_00000299,49,13.6,122,222,152,FORMER,2,0
PAT_00000300,91,23.9,126,159,179,NEVER,5,1
PAT_00000301,25,29.0,181,308,220,FORMER,4,0
PAT_00000302,26,36.2,144,276,207,UNKNOWN,5,0
PAT_00000303,82,24.7,122,226,202,FORMER,0,1
PAT_00000304,45,25.4,125,178,77,FORMER,2,0
PAT_00000305,66,37.7,123,263,85,UNKNOWN,0,0
PAT_00000306,43,23.4,155,300,260,NEVER,8,0
PAT_00000307,90,29.7,130,231,241,FORMER,8,1
PAT_00000308,30,25.6,181,164,209,FORMER,0,0
PAT_00000309,76,36.7,150,254,179,NEVER,6,1
PAT_00000310,61,32.4,138,287,159,UNKNOWN,0,0
PAT_00000311,64,32.4,162,310,98,CURRENT,7,0
PAT_00000312,34,25.3,130,248,224,CURRENT,2,0
PAT_00000313,45,17.0,111,230,144,NEVER,4,0
PAT_00000314,42,28.9,143,176,76,UNKNOWN,5,0
PAT_00000315,36,21.3,175,152,81,FORMER,4,1
PAT_00000316,72,21.8,173,246,240,NEVER,8,1
PAT_00000317,29,22.1,160,220,184,NEVER,3,1
PAT_00000318,81,29.0,146,289,215,NEVER,6,1
PAT_00000319,34,26.2,107,300,145,FORMER,3,0
PAT_00000320,33,31.5,153,157,129,UNKNOWN,7,0
PAT_00000321,80,23.9,125,305,132,UNKNOWN,3,1
PAT_00000322,48,31.9,164,239,246,NEVER,8,0
PAT_00000323,57,34.5,177,256,98,UNKNOWN,8,0
PAT_00000324,89,24.9,174,126,243,UNKNOWN,6,1
PAT_00000325,64,26.3,106,155,80,UNKNOWN,1,1
PAT_00000326,85,41.9,136,254,102,NEVER,4,1
PAT_00000327,67,31.3,163,161,195,FORMER,7,1
PAT_00000328,54,30.7,131,213,241,UNKNOWN,5,0
PAT_00000329,84,19.3,156,228,102,FORMER,4,1
PAT_00000330,36,15.7,111,281,130,UNKNOWN,3,1
PAT_00000331,79,27.3,100,162,249,UNKNOWN,7,1
PAT_00000332,32,25.5,140,197,175,UNKNOWN,4,0
PAT_00000333,43,28.6,144,133,98,CURRENT,5,0
PAT_00000334,91,32.1,118,248,172,FORMER,8,1
PAT_00000335,91,25.0,107,165,129,CURRENT,1,0
PAT_00000336,60,31.3,137,209,215,NEVER,3,0
PAT_00000337,66,28.2,111,138,212,UNKNOWN,7,1
PAT_00000338,70,32.5,150,169,181,FORMER,7,1
PAT_00000339,24,22.1,118,141,246,UNKNOWN,7,1
PAT_00000340,36,33.9,166,203,240,UNKNOWN,8,0
PAT_00000341,33,36.3,113,211,236,FORMER,8,0
PAT_00000342,75,23.0,172,188,107,UNKNOWN,8,1
PAT_00000343,46,29.2,133,149,195,CURRENT,0,0
PAT_00000344,82,36.2,170,185,248,CURRENT,0,1
PAT_00000345,41,33.7,177,131,252,CURRENT,4,0
PAT_00000346,70,27.3,122,236,208,FORMER,2,1
PAT_00000347,73,28.9,108,243,195,NEVER,2,1
PAT_00000348,34,26.5,172,156,248,NEVER,1,0
PAT_00000349,54,28.4,178,309,133,NEVER,7,0
PAT_00000350,25,19.8,159,265,243,CURRENT,7,0
PAT_00000351,65,22.7,185,250,81,UNKNOWN,4,0
PAT_00000352,76,29.4,105,175,130,CURRENT,2,0
PAT_00000353,50,26.7,162,269,165,CURRENT,6,0
PAT_00000354,48,26.1,140,280,127,NEVER,2,0
PAT_00000355,90,26.6,152,195,240,FORMER,6,1
PAT_00000356,48,29.5,103,133,181,CURRENT,2,0
PAT_00000357,71,29.0,145,137,153,UNKNOWN,1,0
PAT_00000358,35,27.3,170,229,72,NEVER,0,0
PAT_00000359,35,28.0,161,255,77,CURRENT,0,0
PAT_00000360,66,26.4,174,220,179,NEVER,7,1
PAT_00000361,77,21.6,153,124,85,FORMER,3,1
PAT_00000362,90,28.4,147,300,173,NEVER,2,1
PAT_00000363,89,23.5,99,143,154,NEVER,1,0
PAT_00000364,89,35.6,104,248,112,NEVER,3,1
PAT_00000365,89,30.1,143,211,95,CURRENT,6,1
PAT_00000366,21,27.0,162,173,161,UNKNOWN,2,0
PAT_00000367,80,28.2,146,168,253,FORMER,8,1
PAT_00000368,92,29.5,160,167,88,NEVER,1,0
PAT_00000369,63,32.6,124,195,98,FORMER,0,0
PAT_00000370,21,32.7,162,220,151,NEVER,7,0
PAT_00000371,34,26.7,162,149,210,UNKNOWN,2,0
PAT_00000372,46,22.6,120,279,199,CURRENT,7,0
PAT_00000373,56,28.4,118,125,187,NEVER,2,0
PAT_00000374,55,34.1,169,230,73,NEVER,8,0
PAT_00000375,48,33.6,112,284,151,CURRENT,5,1
PAT_00000376,81,26.7,142,231,250,CURRENT,2,1
PAT_00000377,40,37.2,128,158,222,UNKNOWN,6,0
PAT_00000378,89,27.1,183,120,76,NEVER,6,1
PAT_00000379,23,35.5,145,205,92,NEVER,6,0
PAT_00000380,37,31.9,181,208,128,CURRENT,5,0
PAT_00000381,72,25.2,154,258,212,CURRENT,6,1
PAT_00000382,21,33.2,165,211,184,FORMER,6,0
PAT_00000383,61,34.2,182,140,198,CURRENT,1,0
PAT_00000384,44,30.7,183,156,199,CURRENT,0,0
PAT_00000385,58,36.7,169,242,176,FORMER,4,0
PAT_00000386,65,23.2,155,254,156,CURRENT,4,0
PAT_00000387,46,26.5,180,132,167,CURRENT,1,0
PAT_00000388,68,26.1,161,181,116,CURRENT,0,0
PAT_00000389,21,25.0,169,303,140,NEVER,1,1
PAT_00000390,82,31.3,151,173,223,NEVER,8,1
PAT_00000391,47,26.9,109,207,144,FORMER,5,0
PAT_00000392,33,22.2,144,196,185,NEVER,1,0
PAT_00000393,77,21.4,122,217,148,UNKNOWN,2,0
PAT_00000394,54,22.7,152,226,119,NEVER,7,0
PAT_00000395,40,24.9,167,265,193,CURRENT,6,0
PAT_00000396,66,25.1,110,247,75,NEVER,8,1
PAT_00000397,91,27.2,121,254,194,FORMER,6,1
PAT_00000398,84,22.0,165,297,216,FORMER,8,1
PAT_00000399,75,30.9,133,169,197,UNKNOWN,4,1
PAT_00000400,30,28.8,106,232,202,FORMER,7,1
PAT_00000401,65,20.9,119,230,80,NEVER,5,1
PAT_00000402,74,29.6,183,240,151,UNKNOWN,4,1
PAT_00000403,72,29.8,169,154,145,NEVER,3,1
PAT_00000404,67,28.7,122,298,155,UNKNOWN,1,0
PAT_00000405,55,31.9,127,137,223,FORMER,4,0
PAT_00000406,86,17.3,104,254,154,CURRENT,7,1
PAT_00000407,79,28.5,177,274,125,NEVER,1,1
PAT_00000408,78,30.5,179,300,102,UNKNOWN,3,1
PAT_00000409,92,34.0,143,155,207,NEVER,6,1
PAT_00000410,56,33.7,165,178,138,FORMER,0,1
PAT_00000411,46,33.2,99,292,70,NEVER,3,0
PAT_00000412,36,33.5,182,192,255,FORMER,7,0
PAT_00000413,41,26.5,146,172,226,CURRENT,5,0
PAT_00000414,79,33.0,164,214,104,NEVER,3,1
PAT_00000415,44,24.0,159,279,198,UNKNOWN,0,0
PAT_00000416,34,28.6,98,230,91,CURRENT,1,0
PAT_00000417,23,36.0,142,294,200,FORMER,8,0
PAT_00000418,48,29.0,133,288,182,CURRENT,5,0
PAT_00000419,61,25.4,118,164,75,UNKNOWN,5,0
PAT_00000420,27,17.8,106,211,113,UNKNOWN,6,0
PAT_00000421,22,27.9,165,307,91,CURRENT,8,0
PAT_00000422,55,26.7,110,294,108,CURRENT,8,0
PAT_00000423,65,27.1,111,152,192,CURRENT,7,0
PAT_00000424,49,16.3,146,274,238,CURRENT,7,0
PAT_00000425,32,25.0,117,149,222,NEVER,6,0
PAT_00000426,79,33.6,166,280,252,NEVER,6,1
PAT_00000427,84,26.1,144,188,156,UNKNOWN,5,1
PAT_00000428,76,33.3,161,175,242,NEVER,4,1
PAT_00000429,22,24.5,154,277,113,CURRENT,4,0
PAT_00000430,74,26.7,136,290,189,NEVER,0,1
PAT_00000431,48,24.7,156,235,235,CURRENT,2,1
PAT_00000432,58,24.2,142,297,97,NEVER,8,1
PAT_00000433,80,23.9,118,150,251,NEVER,0,1
PAT_00000434,36,26.4,174,190,147,CURRENT,1,0
PAT_00000435,46,16.5,114,172,168,NEVER,4,0
PAT_00000436,22,23.6,120,223,111,FORMER,5,0
PAT_00000437,67,21.1,97,242,228,NEVER,7,1
PAT_00000438,54,40.8,96,159,80,NEVER,6,0
PAT_00000439,51,23.0,179,308,99,UNKNOWN,1,0
PAT_00000440,39,27.2,101,198,82,CURRENT,2,1
PAT_00000441,78,18.7,162,245,101,FORMER,6,1
PAT_00000442,74,26.9,135,176,139,CURRENT,0,0
PAT_00000443,49,23.9,171,225,231,CURRENT,7,0
PAT_00000444,72,22.0,174,236,111,FORMER,2,0
PAT_00000445,32,26.6,151,192,134,UNKNOWN,7,0
PAT_00000446,21,40.0,145,148,242,FORMER,7,1
PAT_00000447,23,25.4,100,289,205,UNKNOWN,1,0
PAT_00000448,46,25.7,159,284,233,FORMER,3,1
PAT_00000449,66,24.5,120,273,177,NEVER,6,1
PAT_00000450,22,28.7,139,262,219,CURRENT,4,0
PAT_00000451,63,27.5,127,152,187,CURRENT,6,0
PAT_00000452,46,33.1,145,143,92,CURRENT,5,0
PAT_00000453,27,22.8,103,134,96,FORMER,8,0
PAT_00000454,69,29.7,149,155,250,CURRENT,2,1
PAT_00000455,88,21.9,102,225,155,CURRENT,8,1
PAT_00000456,76,28.2,182,204,77,FORMER,4,1
PAT_00000457,26,26.3,159,207,147,NEVER,6,0
PAT_00000458,54,25.6,182,189,199,CURRENT,3,0
PAT_00000459,50,23.2,96,274,217,CURRENT,4,0
PAT_00000460,77,27.4,167,146,175,UNKNOWN,3,1
PAT_00000461,26,25.2,133,276,178,NEVER,7,1
PAT_00000462,51,32.4,117,275,205,CURRENT,3,0
PAT_00000463,38,28.9,139,121,252,FORMER,7,1
PAT_00000464,32,27.7,133,161,199,FORMER,1,0
PAT_00000465,45,30.8,161,269,259,UNKNOWN,4,0
PAT_00000466,69,33.7,121,141,178,UNKNOWN,3,1
PAT_00000467,71,20.7,180,234,78,FORMER,8,1
PAT_00000468,42,26.9,105,149,260,NEVER,3,0
PAT_00000469,32,26.7,152,244,216,UNKNOWN,8,0
PAT_00000470,28,30.7,174,273,141,FORMER,5,0
PAT_00000471,23,33.1,163,276,193,UNKNOWN,3,0
PAT_00000472,81,31.1,173,216,195,CURRENT,8,1
PAT_00000473,58,35.1,132,239,169,FORMER,0,0
PAT_00000474,38,21.7,138,205,227,CURRENT,3,0
PAT_00000475,76,17.5,167,152,81,FORMER,5,1
PAT_00000476,67,26.3,112,139,72,FORMER,0,0
PAT_00000477,25,35.8,132,239,206,CURRENT,6,1
PAT_00000478,55,23.4,108,216,258,NEVER,1,0
PAT_00000479,28,28.3,131,177,230,CURRENT,6,0
PAT_00000480,23,21.7,116,284,71,CURRENT,5,1
PAT_00000481,39,17.9,185,228,199,NEVER,0,0
PAT_00000482,29,24.4,180,133,184,CURRENT,3,1
PAT_00000483,61,26.0,109,229,179,UNKNOWN,6,0
PAT_00000484,42,24.8,137,300,239,FORMER,8,0
PAT_00000485,61,39.4,172,256,104,FORMER,5,0
PAT_00000486,33,23.2,113,261,96,FORMER,1,0
PAT_00000487,72,28.4,148,128,158,CURRENT,4,1
PAT_00000488,53,22.8,155,135,248,CURRENT,1,0
PAT_00000489,64,23.9,142,236,230,CURRENT,7,1
PAT_00000490,34,29.7,115,216,85,CURRENT,4,0
PAT_00000491,80,24.1,184,300,114,NEVER,5,1
PAT_00000492,37,33.6,171,278,92,FORMER,7,0
PAT_00000493,47,21.7,116,210,237,UNKNOWN,7,0
PAT_00000494,50,28.1,174,172,140,NEVER,6,0
PAT_00000495,74,23.2,162,185,235,UNKNOWN,0,1
PAT_00000496,87,28.3,177,274,84,UNKNOWN,7,1
PAT_00000497,92,22.7,111,293,123,CURRENT,4,1
PAT_00000498,29,29.4,137,123,162,CURRENT,0,0
PAT_00000499,83,21.6,169,295,150,UNKNOWN,0,0
PAT_00000500,76,20.4,161,165,238,CURRENT,3,1
PAT_00000501,48,23.1,160,143,125,CURRENT,4,0
PAT_00000502,39,23.8,133,120,253,FORMER,5,0
PAT_00000503,67,28.1,153,210,229,NEVER,4,1
PAT_00000504,45,20.8,158,199,161,UNKNOWN,6,0
PAT_00000505,39,29.4,138,216,186,FORMER,1,0
PAT_00000506,67,32.4,176,223,119,FORMER,5,1
PAT_00000507,44,23.5,177,197,108,NEVER,4,1
PAT_00000508,58,29.9,127,196,147,FORMER,3,0
PAT_00000509,64,26.0,120,132,189,UNKNOWN,7,0
PAT_00000510,88,21.5,167,177,221,NEVER,3,1
PAT_00000511,29,34.1,118,297,210,UNKNOWN,0,0
PAT_00000512,60,26.8,127,193,83,FORMER,2,0
PAT_00000513,23,21.7,134,272,160,NEVER,6,0
PAT_00000514,31,25.9,130,255,167,CURRENT,5,0
PAT_00000515,22,34.7,155,281,115,NEVER,6,0
PAT_00000516,41,25.1,111,171,231,CURRENT,1,0
PAT_00000517,81,28.8,161,221,222,CURRENT,4,1
PAT_00000518,77,31.1,169,203,128,CURRENT,7,1
PAT_00000519,40,27.8,109,220,182,UNKNOWN,2,0
PAT_00000520,53,27.3,151,170,221,CURRENT,6,0
PAT_00000521,28,23.2,144,246,78,CURRENT,0,0
PAT_00000522,61,29.1,149,289,75,UNKNOWN,4,0
PAT_00000523,21,27.4,123,249,199,CURRENT,4,0
PAT_00000524,42,21.1,107,206,242,FORMER,1,0
PAT_00000525,47,33.0,183,125,240,UNKNOWN,8,0
PAT_00000526,54,24.0,121,136,94,UNKNOWN,8,0
PAT_00000527,46,27.7,162,272,105,NEVER,6,0
PAT_00000528,92,26.3,97,260,247,UNKNOWN,1,1
PAT_00000529,40,35.8,154,216,122,CURRENT,3,0
PAT_00000530,23,21.2,171,289,87,FORMER,7,0
PAT_00000531,28,29.1,141,156,226,UNKNOWN,8,0
PAT_00000532,71,24.9,175,290,240,FORMER,0,1
PAT_00000533,26,29.3,154,165,191,UNKNOWN,6,0
PAT_00000534,27,21.2,149,211,131,FORMER,6,0
PAT_00000535,44,33.9,119,209,116,CURRENT,0,0
PAT_00000536,29,20.8,123,120,185,FORMER,3,0
PAT_00000537,63,23.8,161,178,183,CURRENT,0,0
PAT_00000538,67,32.2,177,275,192,UNKNOWN,1,1
PAT_00000539,56,34.2,175,142,127,NEVER,6,0
PAT_00000540,38,21.5,138,193,125,NEVER,8,0
PAT_00000541,33,26.6,158,170,147,FORMER,4,0
PAT_00000542,74,23.8,123,189,87,NEVER,0,0
PAT_00000543,75,24.2,156,242,140,UNKNOWN,7,1
PAT_00000544,90,39.4,129,247,220,UNKNOWN,1,1
PAT_00000545,25,23.2,124,123,76,CURRENT,3,0
PAT_00000546,76,18.3,154,247,175,NEVER,2,0
PAT_00000547,57,35.1,172,293,114,NEVER,3,1
PAT_00000548,25,39.2,158,287,70,FORMER,0,0
PAT_00000549,40,36.4,168,196,183,CURRENT,6,0
PAT_00000550,30,18.9,137,204,250,FORMER,5,0
PAT_00000551,82,28.7,132,295,170,FORMER,5,1
PAT_00000552,40,26.3,120,264,88,FORMER,6,0
PAT_00000553,39,28.5,121,157,80,UNKNOWN,7,0
PAT_00000554,29,25.2,178,220,127,UNKNOWN,6,1
PAT_00000555,39,20.4,135,230,160,CURRENT,8,0
PAT_00000556,31,35.1,137,158,125,NEVER,5,0
PAT_00000557,80,19.2,135,193,89,CURRENT,2,0
PAT_00000558,50,32.0,159,261,100,UNKNOWN,3,0
PAT_00000559,60,21.1,150,223,259,NEVER,4,0
PAT_00000560,38,32.4,135,179,128,CURRENT,3,0
PAT_00000561,57,25.8,112,151,139,CURRENT,5,0
PAT_00000562,41,24.3,170,202,173,UNKNOWN,5,0
PAT_00000563,57,30.0,121,207,234,UNKNOWN,3,0
PAT_00000564,74,27.7,130,241,230,FORMER,8,1
PAT_00000565,73,27.5,180,207,248,CURRENT,3,1
PAT_00000566,66,35.0,127,293,246,NEVER,6,1
PAT_00000567,25,29.8,166,169,234,UNKNOWN,6,0
PAT_00000568,34,18.8,101,290,109,CURRENT,0,0
PAT_00000569,88,26.5,150,288,218,NEVER,1,1
PAT_00000570,40,20.8,167,271,232,FORMER,5,0
PAT_00000571,28,24.1,128,226,124,CURRENT,5,0
PAT_00000572,36,27.1,113,224,75,FORMER,3,0
PAT_00000573,27,22.5,130,224,244,FORMER,2,0
PAT_00000574,88,31.5,100,265,89,UNKNOWN,0,0
PAT_00000575,77,26.5,155,298,71,CURRENT,5,1
PAT_00000576,26,28.0,110,150,254,UNKNOWN,3,0
PAT_00000577,43,29.3,118,206,201,FORMER,7,0
PAT_00000578,83,25.1,137,129,145,UNKNOWN,1,1
PAT_00000579,69,34.5,137,309,95,CURRENT,7,1
PAT_00000580,92,25.7,169,174,192,FORMER,5,1
PAT_00000581,63,26.8,99,281,195,UNKNOWN,2,0
PAT_00000582,22,22.1,127,160,228,UNKNOWN,2,0
PAT_00000583,27,31.9,116,184,173,NEVER,2,0
PAT_00000584,89,36.1,181,303,112,UNKNOWN,6,1
PAT_00000585,68,21.9,122,248,102,NEVER,8,1
PAT_00000586,88,29.2,120,214,173,NEVER,2,0
PAT_00000587,23,24.1,112,141,258,NEVER,4,0
PAT_00000588,68,27.7,112,156,255,FORMER,2,1
PAT_00000589,88,33.5,183,245,121,NEVER,7,1
PAT_00000590,65,29.8,97,161,180,UNKNOWN,5,0
PAT_00000591,50,22.1,159,305,244,FORMER,2,0
PAT_00000592,86,33.0,137,242,185,NEVER,5,1
PAT_00000593,65,28.4,101,267,109,UNKNOWN,3,0
PAT_00000594,86,24.0,174,271,86,CURRENT,2,0
PAT_00000595,81,21.1,104,304,114,NEVER,7,1
PAT_00000596,85,28.7,159,182,197,FORMER,2,1
PAT_00000597,50,30.4,141,184,133,FORMER,8,0
PAT_00000598,29,34.2,167,249,226,NEVER,1,0
PAT_00000599,89,27.1,140,140,131,CURRENT,5,1
PAT_00000600,42,19.9,183,277,156,UNKNOWN,6,0
PAT_00000601,88,32.9,147,243,166,CURRENT,6,1
PAT_00000602,28,24.4,129,236,201,CURRENT,0,0
PAT_00000603,42,28.6,100,203,241,UNKNOWN,0,0
PAT_00000604,79,25.3,157,251,205,FORMER,8,1
PAT_00000605,56,18.2,180,161,77,UNKNOWN,2,1
PAT_00000606,37,29.5,138,262,183,NEVER,3,0
PAT_00000607,49,28.5,156,264,116,UNKNOWN,3,0
PAT_00000608,70,30.5,144,150,211,NEVER,0,1
PAT_00000609,53,29.5,150,162,84,UNKNOWN,8,0
PAT_00000610,34,27.3,145,183,129,NEVER,6,0
PAT_00000611,40,18.3,157,138,230,FORMER,4,1
PAT_00000612,37,20.1,103,244,186,FORMER,7,0
PAT_00000613,45,16.5,173,208,209,UNKNOWN,6,0
PAT_00000614,43,29.2,171,282,141,UNKNOWN,5,0
PAT_00000615,91,26.3,129,134,177,UNKNOWN,3,1
PAT_00000616,49,34.6,151,263,257,CURRENT,5,0
PAT_00000617,71,20.6,140,252,186,FORMER,1,1
PAT_00000618,56,26.8,115,274,174,FORMER,1,0
PAT_00000619,89,31.2,158,209,258,CURRENT,5,1
PAT_00000620,28,33.7,103,256,252,UNKNOWN,1,0
PAT_00000621,62,33.1,127,243,105,CURRENT,4,0
PAT_00000622,45,30.5,127,289,118,NEVER,0,0
PAT_00000623,22,26.8,98,165,74,UNKNOWN,6,0
PAT_00000624,63,22.8,174,167,247,NEVER,8,1
PAT_00000625,25,22.1,116,160,227,CURRENT,4,0
PAT_00000626,30,21.2,144,171,122,UNKNOWN,7,0
PAT_00000627,54,25.7,134,124,138,UNKNOWN,7,0
PAT_00000628,79,26.4,98,295,143,CURRENT,8,1
PAT_00000629,91,24.7,110,308,247,FORMER,2,1
PAT_00000630,45,25.9,161,224,207,FORMER,3,1
PAT_00000631,82,31.5,137,215,193,FORMER,5,1
PAT_00000632,76,28.2,133,120,144,UNKNOWN,7,1
PAT_00000633,22,32.3,101,121,222,UNKNOWN,6,0
PAT_00000634,81,20.2,109,220,254,NEVER,6,1
PAT_00000635,55,24.0,134,204,130,FORMER,2,0
PAT_00000636,36,24.7,157,233,94,NEVER,1,0
PAT_00000637,26,29.9,167,174,179,NEVER,5,0
PAT_00000638,36,33.8,123,192,198,NEVER,2,0
PAT_00000639,44,31.9,165,137,253,FORMER,3,1
PAT_00000640,68,35.6,168,165,255,CURRENT,4,1
PAT_00000641,55,35.3,122,299,82,NEVER,2,0
PAT_00000642,54,23.9,106,150,108,UNKNOWN,0,0
PAT_00000643,84,26.1,140,236,236,UNKNOWN,8,1
PAT_00000644,32,28.5,124,137,189,UNKNOWN,4,0
PAT_00000645,63,18.9,96,172,254,FORMER,6,1
PAT_00000646,44,32.3,165,182,251,UNKNOWN,2,0
PAT_00000647,27,26.2,119,154,182,NEVER,5,0
PAT_00000648,27,26.8,183,288,87,NEVER,7,0
PAT_00000649,79,24.5,162,267,236,NEVER,3,1
PAT_00000650,38,13.8,107,208,191,CURRENT,7,1
PAT_00000651,59,27.2,155,260,165,FORMER,1,0
PAT_00000652,90,18.8,131,143,110,FORMER,8,1
PAT_00000653,67,23.8,146,123,237,CURRENT,0,1
PAT_00000654,76,26.4,141,167,174,CURRENT,7,1
PAT_00000655,37,25.6,96,221,187,CURRENT,2,1
PAT_00000656,58,23.7,113,221,80,FORMER,8,0
PAT_00000657,75,32.6,170,149,146,UNKNOWN,6,1
PAT_00000658,24,28.3,145,269,89,FORMER,7,0
PAT_00000659,90,28.2,166,234,242,NEVER,5,1
PAT_00000660,23,28.6,135,188,106,CURRENT,0,0
PAT_00000661,43,28.5,156,289,236,UNKNOWN,5,0
PAT_00000662,77,20.0,112,133,96,FORMER,4,1
PAT_00000663,89,20.5,126,236,84,UNKNOWN,1,0
PAT_00000664,48,23.5,110,149,221,FORMER,3,0
PAT_00000665,52,23.0,132,238,182,FORMER,8,0
PAT_00000666,40,37.1,157,154,236,FORMER,6,0
PAT_00000667,40,29.0,183,223,156,FORMER,3,0
PAT_00000668,33,20.7,132,202,93,NEVER,3,0
PAT_00000669,81,37.6,131,132,90,FORMER,1,0
PAT_00000670,85,24.7,182,294,95,NEVER,2,1
PAT_00000671,75,32.6,149,214,82,NEVER,4,1
PAT_00000672,48,23.5,145,268,212,CURRENT,1,0
PAT_00000673,27,34.0,164,281,216,NEVER,0,0
PAT_00000674,30,22.0,97,165,173,CURRENT,5,1
PAT_00000675,55,24.0,151,187,193,NEVER,7,1
PAT_00000676,65,27.8,160,187,91,FORMER,4,0
PAT_00000677,55,28.0,121,234,114,FORMER,8,0
PAT_00000678,25,33.0,119,221,92,NEVER,0,0
PAT_00000679,41,29.1,125,218,202,CURRENT,3,0
PAT_00000680,74,25.0,119,199,150,UNKNOWN,7,1
PAT_00000681,81,33.1,132,273,135,UNKNOWN,3,1
PAT_00000682,87,19.6,121,282,131,UNKNOWN,2,0
PAT_00000683,31,31.6,108,272,102,UNKNOWN,5,0
PAT_00000684,52,21.3,185,219,216,NEVER,2,0
PAT_00000685,31,31.5,130,240,153,NEVER,2,0
PAT_00000686,57,27.8,106,243,84,FORMER,8,0
PAT_00000687,35,25.6,168,230,224,UNKNOWN,5,0
PAT_00000688,51,27.4,133,150,206,CURRENT,6,0
PAT_00000689,78,23.1,98,170,221,UNKNOWN,7,1
PAT_00000690,68,28.9,132,261,139,NEVER,1,0
PAT_00000691,55,29.4,171,228,182,CURRENT,2,0
PAT_00000692,82,24.2,170,234,72,FORMER,3,1
PAT_00000693,85,31.4,134,172,145,UNKNOWN,6,1
PAT_00000694,71,26.7,132,120,186,UNKNOWN,0,1
PAT_00000695,88,32.5,130,215,185,CURRENT,1,1
PAT_00000696,66,27.7,170,252,106,NEVER,0,0
PAT_00000697,75,19.1,137,121,221,NEVER,6,1
PAT_00000698,45,35.6,138,169,204,CURRENT,3,0
PAT_00000699,69,26.1,99,216,151,FORMER,7,1
PAT_00000700,75,33.3,113,270,133,UNKNOWN,1,0
PAT_00000701,29,28.5,164,174,90,CURRENT,3,0
PAT_00000702,23,26.1,157,271,214,FORMER,2,0
PAT_00000703,24,38.3,174,142,120,CURRENT,2,0
PAT_00000704,92,22.8,98,227,157,FORMER,4,1
PAT_00000705,51,31.2,114,127,155,NEVER,8,0
PAT_00000706,79,34.3,137,163,106,CURRENT,2,0
PAT_00000707,60,29.0,162,253,216,UNKNOWN,0,0
PAT_00000708,48,32.8,167,307,81,CURRENT,0,0
PAT_00000709,67,20.9,114,213,110,FORMER,3,1
PAT_00000710,21,23.1,181,305,141,NEVER,4,0
PAT_00000711,60,28.9,137,137,134,UNKNOWN,2,1
PAT_00000712,35,23.0,128,219,221,FORMER,3,0
PAT_00000713,41,27.7,172,266,198,NEVER,1,0
PAT_00000714,57,35.2,152,147,253,NEVER,0,0
PAT_00000715,32,33.0,181,310,109,FORMER,6,0
PAT_00000716,53,22.4,144,155,128,CURRENT,4,0
PAT_00000717,70,34.8,184,196,241,NEVER,5,1
PAT_00000718,54,29.6,143,259,223,FORMER,3,0
PAT_00000719,80,32.6,124,171,108,CURRENT,6,1
PAT_00000720,45,25.4,137,265,150,UNKNOWN,7,0
PAT_00000721,52,35.3,106,151,245,CURRENT,0,0
PAT_00000722,65,33.6,159,163,106,FORMER,2,0
PAT_00000723,86,31.1,174,166,206,CURRENT,6,1
PAT_00000724,22,27.5,181,291,179,FORMER,3,0
PAT_00000725,47,26.1,154,201,225,CURRENT,0,0
PAT_00000726,72,28.6,135,120,151,UNKNOWN,7,1
PAT_00000727,87,29.4,107,240,214,CURRENT,8,1
PAT_00000728,39,19.9,122,146,138,CURRENT,6,0
PAT_00000729,58,32.6,143,170,172,CURRENT,3,0
PAT_00000730,40,20.3,171,163,236,CURRENT,8,0
PAT_00000731,26,34.0,140,163,95,UNKNOWN,2,0
PAT_00000732,56,28.8,96,208,201,NEVER,5,0
PAT_00000733,56,38.0,138,186,89,NEVER,2,0
PAT_00000734,69,32.2,99,203,162,NEVER,5,1
PAT_00000735,29,29.8,161,200,174,CURRENT,2,0
PAT_00000736,33,29.4,148,268,74,FORMER,4,1
PAT_00000737,73,16.4,116,124,125,NEVER,6,1
PAT_00000738,80,33.9,100,203,201,NEVER,0,1
PAT_00000739,37,22.6,146,310,100,UNKNOWN,6,0
PAT_00000740,85,19.8,146,278,77,NEVER,8,1
PAT_00000741,63,32.2,107,138,255,CURRENT,4,1
PAT_00000742,84,29.7,178,249,173,CURRENT,1,0
PAT_00000743,55,27.5,160,227,96,CURRENT,3,0
PAT_00000744,64,26.4,167,261,201,UNKNOWN,7,0
PAT_00000745,49,25.7,144,269,110,FORMER,0,1
PAT_00000746,41,32.7,120,177,240,NEVER,2,0
PAT_00000747,47,32.0,129,199,140,CURRENT,8,0
PAT_00000748,32,16.6,95,252,257,FORMER,5,0
PAT_00000749,54,30.0,138,197,232,UNKNOWN,0,1
PAT_00000750,92,29.7,143,124,155,CURRENT,2,0
PAT_00000751,72,25.1,165,213,239,CURRENT,7,1
PAT_00000752,51,29.8,102,133,110,NEVER,8,0
PAT_00000753,82,28.8,113,253,89,CURRENT,4,1
PAT_00000754,50,23.3,134,195,188,FORMER,8,1
PAT_00000755,60,25.3,155,249,154,CURRENT,0,1
PAT_00000756,53,35.3,96,246,132,UNKNOWN,6,0
PAT_00000757,68,34.4,143,143,105,NEVER,2,0
PAT_00000758,75,21.5,127,130,250,FORMER,5,1
PAT_00000759,36,28.7,141,188,228,NEVER,4,0
PAT_00000760,66,23.5,160,129,107,CURRENT,8,1
PAT_00000761,62,31.3,127,296,142,CURRENT,8,0
PAT_00000762,45,29.7,138,258,98,CURRENT,7,0
PAT_00000763,56,21.3,160,169,85,CURRENT,0,0
PAT_00000764,57,27.2,97,177,260,UNKNOWN,3,0
PAT_00000765,88,29.5,147,288,163,UNKNOWN,5,1
PAT_00000766,32,37.1,177,245,105,UNKNOWN,6,1
PAT_00000767,23,28.0,160,187,85,FORMER,1,0
PAT_00000768,44,30.3,105,290,148,CURRENT,1,0
PAT_00000769,41,33.2,171,219,185,NEVER,8,0
PAT_00000770,30,29.9,117,169,156,FORMER,6,0
PAT_00000771,44,27.7,97,191,71,FORMER,1,0
PAT_00000772,59,30.6,165,300,97,NEVER,8,0
PAT_00000773,81,32.3,131,178,70,NEVER,7,1
PAT_00000774,74,25.7,171,240,240,CURRENT,7,1
PAT_00000775,52,29.5,168,149,222,FORMER,6,0
PAT_00000776,63,20.3,134,212,211,CURRENT,7,0
PAT_00000777,66,29.6,131,288,122,FORMER,4,1
PAT_00000778,58,27.9,157,272,248,NEVER,5,0
PAT_00000779,41,32.5,128,236,164,CURRENT,7,0
PAT_00000780,70,29.9,110,267,108,CURRENT,8,1
PAT_00000781,81,26.1,98,290,194,NEVER,1,1
PAT_00000782,22,37.6,163,143,255,NEVER,8,1
PAT_00000783,45,32.0,97,281,87,FORMER,8,0
PAT_00000784,28,22.1,105,274,87,NEVER,3,0
PAT_00000785,58,19.0,170,186,97,UNKNOWN,0,0
PAT_00000786,30,24.4,124,231,181,UNKNOWN,1,0
PAT_00000787,89,17.0,156,298,191,UNKNOWN,2,1
PAT_00000788,48,33.3,144,200,90,CURRENT,2,1
PAT_00000789,64,22.7,134,225,252,CURRENT,4,0
PAT_00000790,65,31.3,170,227,185,FORMER,3,0
PAT_00000791,76,29.2,182,253,115,CURRENT,1,0
PAT_00000792,71,18.3,146,256,254,UNKNOWN,5,1
PAT_00000793,24,29.2,154,275,205,UNKNOWN,6,0
PAT_00000794,64,23.6,143,188,169,CURRENT,0,0
PAT_00000795,50,15.2,138,166,238,NEVER,0,0
PAT_00000796,41,29.5,132,288,161,CURRENT,3,0
PAT_00000797,30,27.1,105,295,230,NEVER,7,0
PAT_00000798,22,28.2,107,142,150,NEVER,4,0
PAT_00000799,83,17.4,138,170,147,CURRENT,4,1
PAT_00000800,64,21.9,124,151,218,NEVER,3,0
PAT_00000801,80,28.9,149,177,147,UNKNOWN,5,1
PAT_00000802,92,31.2,181,124,167,FORMER,0,0
PAT_00000803,87,21.3,135,280,167,NEVER,3,1
PAT_00000804,92,26.5,114,138,230,CURRENT,7,1
PAT_00000805,44,25.7,184,249,204,CURRENT,7,0
PAT_00000806,49,27.0,145,192,121,NEVER,8,0
PAT_00000807,46,29.0,102,199,213,UNKNOWN,1,0
PAT_00000808,61,36.3,95,269,173,NEVER,6,0
PAT_00000809,48,23.6,183,162,143,CURRENT,0,0
PAT_00000810,68,26.6,170,143,74,FORMER,8,1
PAT_00000811,92,29.7,153,225,144,NEVER,6,1
PAT_00000812,27,23.3,173,127,152,CURRENT,3,0
PAT_00000813,83,27.8,113,279,169,NEVER,0,0
PAT_00000814,65,27.5,138,254,109,NEVER,2,0
PAT_00000815,43,30.2,140,289,219,FORMER,6,0
PAT_00000816,92,23.0,181,153,143,FORMER,2,0
PAT_00000817,51,26.9,175,261,149,NEVER,2,0
PAT_00000818,58,17.4,116,307,166,CURRENT,7,0
PAT_00000819,52,36.4,134,264,164,UNKNOWN,4,0
PAT_00000820,30,28.1,159,192,148,UNKNOWN,5,0
PAT_00000821,45,13.6,112,244,110,NEVER,1,0
PAT_00000822,51,30.2,152,278,141,CURRENT,8,0
PAT_00000823,73,24.7,154,280,237,FORMER,2,1
PAT_00000824,49,22.2,168,280,86,UNKNOWN,0,1
PAT_00000825,64,25.0,131,129,124,CURRENT,8,0
PAT_00000826,27,33.9,103,271,205,CURRENT,1,0
PAT_00000827,89,21.7,114,248,80,CURRENT,6,1
PAT_00000828,23,28.7,107,225,127,NEVER,4,0
PAT_00000829,46,18.7,147,294,143,CURRENT,0,1
PAT_00000830,61,22.2,151,135,161,FORMER,5,1
PAT_00000831,50,24.7,183,229,158,UNKNOWN,4,1
PAT_00000832,83,27.7,99,225,148,NEVER,7,1
PAT_00000833,43,30.7,132,134,218,UNKNOWN,6,0
PAT_00000834,57,39.8,103,291,133,NEVER,5,0
PAT_00000835,54,35.8,148,173,225,UNKNOWN,5,0
PAT_00000836,90,30.3,180,128,143,FORMER,8,1
PAT_00000837,85,29.3,115,227,192,FORMER,2,1
PAT_00000838,41,27.9,161,223,120,FORMER,3,0
PAT_00000839,60,25.6,161,165,155,CURRENT,8,0
PAT_00000840,36,26.7,154,168,188,FORMER,4,1
PAT_00000841,21,29.8,179,298,89,UNKNOWN,7,0
PAT_00000842,57,27.7,95,207,142,CURRENT,2,1
PAT_00000843,82,36.0,102,251,218,NEVER,4,1
PAT_00000844,25,33.0,161,239,179,CURRENT,4,0
PAT_00000845,78,37.5,117,186,88,NEVER,1,0
PAT_00000846,46,32.0,172,122,175,FORMER,0,0
PAT_00000847,59,31.6,122,120,181,UNKNOWN,1,0
PAT_00000848,45,31.3,145,125,97,UNKNOWN,2,0
PAT_00000849,50,28.8,117,259,76,CURRENT,1,0
PAT_00000850,32,37.0,137,291,121,FORMER,2,0
PAT_00000851,35,27.6,148,308,162,NEVER,3,0
PAT_00000852,78,25.0,131,234,203,NEVER,0,1
PAT_00000853,47,31.7,121,191,250,CURRENT,8,0
PAT_00000854,36,32.1,100,210,247,NEVER,8,0
PAT_00000855,32,25.6,133,244,198,NEVER,0,1
PAT_00000856,49,31.6,122,221,188,CURRENT,6,0
PAT_00000857,30,26.5,153,220,116,FORMER,2,0
PAT_00000858,55,31.4,166,288,173,CURRENT,8,0
PAT_00000859,74,26.6,98,233,109,NEVER,5,1
PAT_00000860,76,24.6,150,229,169,NEVER,6,1
PAT_00000861,62,24.0,134,233,223,FORMER,0,0
PAT_00000862,62,30.4,140,265,190,CURRENT,5,0
PAT_00000863,88,30.9,144,205,203,NEVER,5,1
PAT_00000864,91,17.1,141,133,256,UNKNOWN,0,1
PAT_00000865,78,38.2,108,228,260,FORMER,6,1
PAT_00000866,27,24.0,111,149,122,UNKNOWN,1,0
PAT_00000867,45,23.3,168,150,190,FORMER,4,0
PAT_00000868,36,27.6,183,223,154,UNKNOWN,1,0
PAT_00000869,69,31.4,134,235,156,CURRENT,7,1
PAT_00000870,86,23.5,139,232,213,UNKNOWN,4,1
PAT_00000871,43,25.1,160,145,243,UNKNOWN,5,1
PAT_00000872,71,22.6,126,199,181,UNKNOWN,6,1
PAT_00000873,82,27.7,174,165,233,CURRENT,0,1
PAT_00000874,22,30.4,98,294,260,UNKNOWN,3,0
PAT_00000875,57,26.5,109,145,163,NEVER,8,0
PAT_00000876,58,25.9,103,275,151,FORMER,4,0
PAT_00000877,36,23.9,118,198,201,CURRENT,2,0
PAT_00000878,80,28.8,108,233,130,UNKNOWN,0,0
PAT_00000879,64,30.9,134,232,194,NEVER,0,0
PAT_00000880,76,33.4,149,231,70,CURRENT,5,1
PAT_00000881,31,28.1,109,288,168,NEVER,0,0
PAT_00000882,63,29.1,183,125,203,NEVER,7,0
PAT_00000883,75,28.0,138,196,115,UNKNOWN,0,0
PAT_00000884,81,28.7,112,164,201,UNKNOWN,8,1
PAT_00000885,48,28.8,126,135,224,UNKNOWN,5,0
PAT_00000886,28,16.3,130,244,141,CURRENT,1,1
PAT_00000887,24,33.2,157,255,196,FORMER,3,0
PAT_00000888,91,37.7,141,302,167,NEVER,3,1
PAT_00000889,89,25.2,118,187,195,CURRENT,7,1
PAT_00000890,88,27.3,101,154,88,NEVER,0,1
PAT_00000891,75,23.0,108,142,183,CURRENT,5,1
PAT_00000892,59,24.4,95,161,192,CURRENT,5,1
PAT_00000893,60,28.0,141,184,206,UNKNOWN,2,1
PAT_00000894,67,23.0,173,208,138,UNKNOWN,5,1
PAT_00000895,44,30.4,134,307,73,FORMER,3,0
PAT_00000896,61,36.7,148,120,136,UNKNOWN,8,0
PAT_00000897,80,26.4,139,306,162,CURRENT,5,1
PAT_00000898,39,25.7,173,264,194,NEVER,4,0
PAT_00000899,37,27.1,109,198,257,FORMER,1,0
PAT_00000900,66,20.3,183,180,119,FORMER,8,1
PAT_00000901,72,37.0,121,239,136,UNKNOWN,1,0
PAT_00000902,33,30.7,146,178,212,NEVER,1,0
PAT_00000903,80,26.1,125,207,246,CURRENT,1,1
PAT_00000904,48,26.2,179,236,257,NEVER,3,1
PAT_00000905,66,27.0,140,142,218,NEVER,1,1
PAT_00000906,86,28.2,148,185,77,UNKNOWN,6,1
PAT_00000907,66,34.2,135,235,111,FORMER,6,1
PAT_00000908,81,38.0,117,234,73,NEVER,6,1
PAT_00000909,31,33.1,154,232,120,UNKNOWN,6,0
PAT_00000910,79,23.4,104,146,229,NEVER,1,1
PAT_00000911,25,27.9,133,211,111,NEVER,4,0
PAT_00000912,83,21.6,147,186,214,NEVER,7,1
PAT_00000913,49,19.3,102,145,187,NEVER,8,1
PAT_00000914,77,23.9,148,120,100,UNKNOWN,6,1
PAT_00000915,72,22.5,138,142,153,NEVER,0,0
PAT_00000916,32,33.9,114,237,155,NEVER,1,0
PAT_00000917,30,29.4,128,262,128,CURRENT,7,0
PAT_00000918,34,28.1,96,163,196,CURRENT,3,0
PAT_00000919,85,24.1,177,266,165,UNKNOWN,2,0
PAT_00000920,91,29.3,97,277,229,UNKNOWN,7,1
PAT_00000921,86,32.1,145,132,114,UNKNOWN,7,1
PAT_00000922,50,23.1,176,176,124,FORMER,2,0
PAT_00000923,55,24.0,175,293,102,NEVER,4,0
PAT_00000924,28,27.6,170,275,110,UNKNOWN,7,0
PAT_00000925,25,33.8,120,131,165,FORMER,4,0
PAT_00000926,89,22.3,106,261,218,UNKNOWN,6,1
PAT_00000927,30,24.0,100,299,173,UNKNOWN,0,0
PAT_00000928,38,28.6,95,170,180,NEVER,4,0
PAT_00000929,67,26.1,172,127,121,NEVER,1,0
PAT_00000930,70,34.5,182,293,127,CURRENT,7,1
PAT_00000931,28,22.1,107,131,213,FORMER,2,0
PAT_00000932,40,27.5,141,137,249,UNKNOWN,3,0
PAT_00000933,33,30.2,115,219,171,CURRENT,1,0
PAT_00000934,67,18.4,146,263,191,NEVER,4,1
PAT_00000935,32,28.6,127,276,243,NEVER,6,0
PAT_00000936,52,36.3,149,201,131,NEVER,3,0
PAT_00000937,31,23.5,153,199,253,UNKNOWN,5,1
PAT_00000938,28,31.8,135,210,211,NEVER,6,0
PAT_00000939,21,28.6,122,148,133,UNKNOWN,4,0
PAT_00000940,21,13.0,95,242,237,NEVER,1,0
PAT_00000941,43,28.9,95,309,154,FORMER,7,0
PAT_00000942,47,22.6,114,176,228,CURRENT,7,0
PAT_00000943,62,30.4,140,307,132,UNKNOWN,2,1
PAT_00000944,70,24.9,117,284,83,CURRENT,1,0
PAT_00000945,36,24.1,184,157,70,CURRENT,8,0
PAT_00000946,82,23.4,165,266,92,FORMER,8,1
PAT_00000947,40,28.9,124,161,230,NEVER,1,0
PAT_00000948,39,33.4,125,150,226,NEVER,6,0
PAT_00000949,41,24.0,152,240,129,FORMER,0,0
PAT_00000950,69,35.0,163,157,238,UNKNOWN,2,1
PAT_00000951,40,20.7,105,283,171,UNKNOWN,3,0
PAT_00000952,56,22.9,185,194,251,NEVER,5,0
PAT_00000953,28,19.3,172,148,150,CURRENT,1,1
PAT_00000954,39,26.2,119,156,204,FORMER,5,0
PAT_00000955,63,27.3,141,209,111,CURRENT,5,0
PAT_00000956,49,18.1,155,199,175,NEVER,3,0
PAT_00000957,66,29.0,145,285,201,FORMER,1,1
PAT_00000958,36,25.3,106,272,175,UNKNOWN,7,0
PAT_00000959,26,32.4,141,305,109,NEVER,0,0
PAT_00000960,35,20.2,135,285,215,NEVER,8,0
PAT_00000961,65,22.0,117,144,100,CURRENT,2,0
PAT_00000962,73,31.7,134,306,239,FORMER,4,1
PAT_00000963,77,21.8,104,270,73,FORMER,5,1
PAT_00000964,30,12.6,99,303,234,CURRENT,1,1
PAT_00000965,83,28.4,150,148,109,NEVER,0,0
PAT_00000966,77,22.4,121,121,228,FORMER,6,1
PAT_00000967,58,35.4,142,223,253,FORMER,3,0
PAT_00000968,52,28.6,173,253,232,NEVER,3,0
PAT_00000969,55,29.2,181,144,125,FORMER,3,0
PAT_00000970,64,24.1,133,125,136,CURRENT,6,0
PAT_00000971,80,36.1,168,230,226,NEVER,7,1
PAT_00000972,33,30.6,137,237,151,NEVER,0,1
PAT_00000973,54,29.2,132,192,84,FORMER,8,1
PAT_00000974,53,26.3,173,168,138,NEVER,6,0
PAT_00000975,47,22.1,148,187,88,NEVER,2,1
PAT_00000976,79,25.4,101,271,119,NEVER,8,1
PAT_00000977,32,34.5,168,121,116,NEVER,8,0
PAT_00000978,46,27.5,184,216,176,FORMER,1,0
PAT_00000979,84,22.8,147,150,232,UNKNOWN,8,1
PAT_00000980,81,33.7,120,192,95,CURRENT,5,1
PAT_00000981,86,26.0,160,206,105,FORMER,1,0
PAT_00000982,37,32.4,176,146,195,CURRENT,2,1
PAT_00000983,66,23.2,137,290,260,FORMER,8,1
PAT_00000984,90,35.5,174,131,158,FORMER,3,1
PAT_00000985,35,33.3,103,242,121,UNKNOWN,8,0
PAT_00000986,92,28.2,136,244,260,CURRENT,2,1
PAT_00000987,42,31.3,115,164,202,NEVER,7,0
PAT_00000988,59,33.5,143,157,255,CURRENT,8,0
PAT_00000989,40,20.0,120,307,229,FORMER,3,0
PAT_00000990,89,29.7,106,156,201,NEVER,6,1
PAT_00000991,91,22.7,175,152,148,FORMER,1,0
PAT_00000992,78,24.9,112,252,139,FORMER,2,1
PAT_00000993,57,29.3,100,146,236,FORMER,0,0
PAT_00000994,66,28.1,100,294,199,NEVER,0,1
PAT_00000995,89,29.8,179,166,221,NEVER,3,1
PAT_00000996,73,31.3,158,175,140,NEVER,5,1
PAT_00000997,61,31.0,132,188,119,UNKNOWN,5,0
PAT_00000998,84,34.6,129,192,226,NEVER,8,1
PAT_00000999,62,21.2,111,132,138,FORMER,1,0
PAT_00001000,70,20.9,98,201,205,FORMER,6,1
PAT_00001001,42,28.6,139,239,182,NEVER,0,0
PAT_00001002,28,22.0,172,275,196,NEVER,4,0
PAT_00001003,61,20.8,116,250,181,CURRENT,3,0
PAT_00001004,36,40.5,113,197,253,UNKNOWN,5,0
PAT_00001005,28,36.2,134,133,256,CURRENT,2,0
PAT_00001006,84,22.7,137,261,147,FORMER,8,1
PAT_00001007,71,32.7,98,277,260,CURRENT,7,1
PAT_00001008,44,16.8,165,191,159,FORMER,1,0
PAT_00001009,26,27.8,99,209,189,NEVER,0,1
PAT_00001010,84,30.8,152,171,130,CURRENT,3,1
PAT_00001011,48,21.2,173,155,231,UNKNOWN,3,0
PAT_00001012,71,32.0,150,207,221,CURRENT,7,1
PAT_00001013,91,32.7,117,187,90,CURRENT,3,1
PAT_00001014,91,28.4,136,197,239,NEVER,6,1
PAT_00001015,87,31.8,148,204,166,CURRENT,1,0
PAT_00001016,76,35.1,157,275,152,FORMER,8,1
PAT_00001017,56,27.7,128,134,79,UNKNOWN,7,0
PAT_00001018,25,35.9,169,126,229,NEVER,8,0
PAT_00001019,36,33.9,97,211,111,FORMER,0,0
PAT_00001020,58,21.7,132,157,166,UNKNOWN,2,0
PAT_00001021,69,31.7,171,140,173,UNKNOWN,2,0
PAT_00001022,49,28.4,176,240,72,UNKNOWN,6,0
PAT_00001023,74,21.2,120,130,213,NEVER,7,1
PAT_00001024,79,22.4,155,250,149,FORMER,5,1
PAT_00001025,48,23.9,157,305,215,NEVER,8,0
PAT_00001026,39,22.5,169,262,212,FORMER,1,1
PAT_00001027,58,29.5,173,177,88,FORMER,2,0
PAT_00001028,71,24.8,112,277,226,NEVER,1,1
PAT_00001029,72,21.4,101,143,79,NEVER,6,1
PAT_00001030,82,22.4,133,222,212,UNKNOWN,1,1
PAT_00001031,79,28.9,166,131,234,FORMER,0,1
PAT_00001032,30,27.1,139,250,116,FORMER,8,0
PAT_00001033,67,28.3,119,124,223,FORMER,4,1
PAT_00001034,31,12.1,97,248,226,NEVER,2,0
PAT_00001035,71,30.3,116,292,215,UNKNOWN,2,1
PAT_00001036,35,18.9,147,183,176,FORMER,1,0
PAT_00001037,62,28.2,156,303,220,FORMER,5,0
PAT_00001038,61,25.6,106,142,216,FORMER,6,0
PAT_00001039,51,29.3,134,146,140,FORMER,2,0
PAT_00001040,26,31.6,125,190,235,CURRENT,6,0
PAT_00001041,31,20.7,141,265,126,NEVER,8,0
PAT_00001042,25,23.0,162,161,246,NEVER,2,0
PAT_00001043,53,27.3,157,276,170,UNKNOWN,5,0
PAT_00001044,25,20.3,126,295,199,UNKNOWN,3,0
PAT_00001045,46,33.1,143,270,169,CURRENT,8,0
PAT_00001046,56,37.5,128,256,170,FORMER,2,1
PAT_00001047,88,30.7,142,193,163,FORMER,2,1
PAT_00001048,29,21.8,172,197,99,UNKNOWN,5,0
PAT_00001049,52,20.8,124,175,141,FORMER,8,0
PAT_00001050,23,20.0,122,276,96,UNKNOWN,4,0
PAT_00001051,24,17.7,127,250,108,NEVER,8,0
PAT_00001052,25,25.1,180,124,183,FORMER,1,0
PAT_00001053,88,30.6,153,264,225,FORMER,0,1
PAT_00001054,79,22.5,155,138,113,FORMER,2,0
PAT_00001055,76,27.9,179,159,145,CURRENT,3,1
PAT_00001056,89,28.0,164,264,136,UNKNOWN,5,1
PAT_00001057,83,25.6,174,209,251,CURRENT,2,1
PAT_00001058,27,28.2,133,234,92,UNKNOWN,2,0
PAT_00001059,90,27.3,148,133,259,NEVER,6,1
PAT_00001060,59,36.3,157,239,218,NEVER,3,0
PAT_00001061,91,36.2,114,275,246,CURRENT,5,1
PAT_00001062,35,29.0,134,209,175,FORMER,7,0
PAT_00001063,27,30.2,118,128,242,UNKNOWN,8,0
PAT_00001064,87,16.8,139,179,82,CURRENT,5,1
PAT_00001065,24,22.1,149,123,209,NEVER,4,0
PAT_00001066,54,28.6,107,304,106,NEVER,1,1
PAT_00001067,92,33.1,120,129,255,NEVER,2,1
PAT_00001068,66,20.2,137,274,243,UNKNOWN,1,1
PAT_00001069,66,32.1,168,154,111,FORMER,3,1
PAT_00001070,48,24.7,121,129,96,UNKNOWN,6,0
PAT_00001071,23,30.2,181,287,101,CURRENT,6,1
PAT_00001072,69,23.0,164,121,208,CURRENT,2,1
PAT_00001073,60,18.6,125,229,179,NEVER,8,0
PAT_00001074,56,24.2,174,131,198,FORMER,0,0
PAT_00001075,56,25.5,130,165,155,UNKNOWN,1,1
PAT_00001076,68,32.5,109,246,99,UNKNOWN,4,1
PAT_00001077,74,32.6,148,280,165,NEVER,3,1
PAT_00001078,38,26.1,179,288,167,FORMER,2,1
PAT_00001079,54,24.7,134,256,193,UNKNOWN,1,0
PAT_00001080,40,31.0,140,146,216,CURRENT,7,0
PAT_00001081,51,34.7,122,147,230,UNKNOWN,0,0
PAT_00001082,72,30.2,137,292,190,FORMER,8,1
PAT_00001083,89,34.6,151,127,176,UNKNOWN,1,0
PAT_00001084,39,30.2,175,132,132,NEVER,8,0
PAT_00001085,40,24.4,161,295,117,CURRENT,8,0
PAT_00001086,63,18.6,112,268,225,FORMER,8,0
PAT_00001087,60,29.1,153,233,181,NEVER,8,1
PAT_00001088,62,31.3,97,158,140,NEVER,5,0
PAT_00001089,26,29.1,181,242,77,CURRENT,8,0
PAT_00001090,28,27.6,163,169,237,CURRENT,0,0
PAT_00001091,76,33.5,125,236,126,FORMER,5,1
PAT_00001092,91,35.2,111,124,121,NEVER,5,1
PAT_00001093,85,33.8,156,199,195,CURRENT,3,1
PAT_00001094,28,29.7,135,221,214,UNKNOWN,0,0
PAT_00001095,35,28.7,156,202,139,UNKNOWN,6,1
PAT_00001096,85,20.6,120,197,172,CURRENT,7,1
PAT_00001097,77,33.2,163,126,219,FORMER,3,1
PAT_00001098,52,26.7,117,234,147,FORMER,1,0
PAT_00001099,62,32.1,164,129,222,CURRENT,8,0
PAT_00001100,58,23.1,145,150,82,FORMER,1,0
PAT_00001101,43,22.7,105,272,140,CURRENT,2,0
PAT_00001102,78,30.6,175,241,229,FORMER,5,1
PAT_00001103,87,26.1,97,276,233,CURRENT,3,1
PAT_00001104,29,24.5,129,310,111,FORMER,2,0
PAT_00001105,40,27.5,159,237,129,NEVER,8,0
PAT_00001106,92,33.5,150,240,155,FORMER,7,1
PAT_00001107,63,31.2,98,268,105,FORMER,3,0
PAT_00001108,44,27.9,110,224,225,UNKNOWN,8,0
PAT_00001109,75,34.8,107,207,117,UNKNOWN,4,1
PAT_00001110,90,32.5,99,241,185,CURRENT,3,1
PAT_00001111,33,22.1,185,175,90,CURRENT,3,0
PAT_00001112,73,18.7,134,150,203,NEVER,7,1
PAT_00001113,81,33.8,154,202,203,UNKNOWN,2,1
PAT_00001114,65,29.2,176,210,143,UNKNOWN,0,0
PAT_00001115,62,28.3,155,240,123,NEVER,6,0
PAT_00001116,59,25.1,126,145,245,NEVER,6,0
PAT_00001117,23,22.5,158,210,137,FORMER,6,0
PAT_00001118,48,24.0,166,284,122,FORMER,8,0
PAT_00001119,79,34.3,98,128,148,CURRENT,2,0
PAT_00001120,36,19.8,164,147,237,CURRENT,5,0
PAT_00001121,33,27.1,160,244,169,CURRENT,2,0
PAT_00001122,74,25.3,178,291,191,NEVER,2,1
PAT_00001123,24,28.7,124,282,163,FORMER,7,0
PAT_00001124,91,31.7,121,296,136,NEVER,4,1
PAT_00001125,70,21.1,110,235,171,NEVER,7,1
PAT_00001126,38,28.0,123,292,76,FORMER,8,0
PAT_00001127,91,29.8,132,264,141,NEVER,7,1
PAT_00001128,37,27.9,168,247,90,UNKNOWN,1,0
PAT_00001129,76,28.9,114,157,137,NEVER,0,0
PAT_00001130,27,18.4,108,289,180,NEVER,1,1
PAT_00001131,67,18.8,168,152,186,CURRENT,3,1
PAT_00001132,66,25.8,101,233,175,FORMER,7,1
PAT_00001133,69,35.3,119,120,153,CURRENT,7,1
PAT_00001134,65,26.0,159,225,158,FORMER,6,1
PAT_00001135,75,28.8,135,265,225,FORMER,6,1
PAT_00001136,28,22.1,124,236,173,UNKNOWN,1,0
PAT_00001137,46,31.2,120,307,221,CURRENT,5,0
PAT_00001138,87,24.0,147,126,247,UNKNOWN,8,1
PAT_00001139,29,28.7,141,213,234,FORMER,0,0
PAT_00001140,87,14.2,116,135,151,NEVER,1,0
PAT_00001141,28,26.4,116,296,196,FORMER,3,0
PAT_00001142,23,36.1,162,154,83,NEVER,0,0
PAT_00001143,43,28.4,115,234,155,NEVER,1,0
PAT_00001144,85,24.3,146,263,155,CURRENT,1,0
PAT_00001145,72,24.2,169,300,147,UNKNOWN,0,1
PAT_00001146,41,27.6,155,241,101,NEVER,8,0
PAT_00001147,70,33.0,103,273,93,FORMER,2,0
PAT_00001148,74,31.1,151,306,76,CURRENT,6,1
PAT_00001149,81,25.1,182,173,108,CURRENT,3,1
PAT_00001150,55,23.6,148,280,238,UNKNOWN,0,0
PAT_00001151,85,18.4,154,302,78,NEVER,4,1
PAT_00001152,23,19.3,96,151,205,NEVER,5,0
PAT_00001153,64,25.7,150,290,216,NEVER,2,0
PAT_00001154,60,34.5,177,203,150,CURRENT,6,0
PAT_00001155,66,32.5,138,246,151,FORMER,0,0
PAT_00001156,88,32.4,122,176,226,FORMER,0,1
PAT_00001157,77,19.8,131,120,124,FORMER,3,1
PAT_00001158,77,26.7,131,151,126,NEVER,4,1
PAT_00001159,89,25.4,113,262,182,UNKNOWN,0,1
PAT_00001160,59,28.3,132,197,231,FORMER,6,0
PAT_00001161,88,29.1,154,129,218,NEVER,0,1
PAT_00001162,21,29.0,173,274,221,CURRENT,8,1
PAT_00001163,88,31.5,106,272,210,FORMER,5,1
PAT_00001164,57,33.1,181,127,105,UNKNOWN,0,0
PAT_00001165,34,33.3,136,128,240,CURRENT,5,0
PAT_00001166,27,32.8,138,215,231,CURRENT,1,0
PAT_00001167,44,31.4,155,220,249,UNKNOWN,6,0
PAT_00001168,83,21.9,137,210,175,UNKNOWN,1,0
PAT_00001169,39,32.8,108,196,177,UNKNOWN,6,0
PAT_00001170,79,37.6,120,176,240,NEVER,7,1
PAT_00001171,48,32.6,136,201,156,CURRENT,1,0
PAT_00001172,27,30.6,103,165,96,UNKNOWN,4,1
PAT_00001173,63,34.1,166,191,98,CURRENT,6,0
PAT_00001174,83,25.1,148,230,251,NEVER,7,1
PAT_00001175,21,32.4,132,128,146,UNKNOWN,3,0
PAT_00001176,36,33.2,150,310,211,CURRENT,5,1
PAT_00001177,21,26.3,167,224,248,NEVER,1,0
PAT_00001178,78,26.7,144,159,141,FORMER,3,1
PAT_00001179,48,30.6,171,159,125,NEVER,1,0
PAT_00001180,24,30.5,157,209,179,FORMER,2,0
PAT_00001181,80,26.7,159,278,74,NEVER,1,0
PAT_00001182,84,30.8,144,274,212,FORMER,5,1
PAT_00001183,73,31.1,146,242,256,FORMER,6,1
PAT_00001184,58,19.3,96,207,149,UNKNOWN,6,0
PAT_00001185,54,17.9,117,272,130,FORMER,8,0
PAT_00001186,86,31.4,180,148,256,NEVER,1,1
PAT_00001187,56,27.9,176,303,193,FORMER,6,0
PAT_00001188,71,21.1,152,264,168,FORMER,8,1
PAT_00001189,74,24.3,130,174,87,UNKNOWN,8,1
PAT_00001190,28,25.1,151,185,72,UNKNOWN,4,0
PAT_00001191,53,32.2,160,183,81,NEVER,6,0
PAT_00001192,27,32.4,170,298,153,CURRENT,7,0
PAT_00001193,28,32.8,123,235,94,UNKNOWN,0,0
PAT_00001194,40,27.5,149,280,176,UNKNOWN,1,0
PAT_00001195,68,22.0,145,306,259,UNKNOWN,2,1
PAT_00001196,29,26.7,118,148,187,UNKNOWN,7,0
PAT_00001197,35,24.9,104,221,238,FORMER,0,0
PAT_00001198,43,30.9,177,291,257,NEVER,8,1
PAT_00001199,58,19.9,102,131,221,CURRENT,3,0
PAT_00001200,91,17.0,170,155,193,CURRENT,0,1
PAT_00001201,76,30.2,139,136,208,NEVER,3,1
PAT_00001202,75,30.2,157,274,257,NEVER,6,1
PAT_00001203,31,32.8,164,143,179,FORMER,3,1
PAT_00001204,52,26.7,154,147,176,CURRENT,6,0
PAT_00001205,44,25.3,121,263,255,CURRENT,7,1
PAT_00001206,58,30.2,143,180,198,CURRENT,8,0
PAT_00001207,58,34.9,174,247,201,CURRENT,2,1
PAT_00001208,50,32.6,177,252,252,FORMER,5,1
PAT_00001209,37,27.9,103,223,169,FORMER,7,0
PAT_00001210,84,24.0,174,306,158,UNKNOWN,5,1
PAT_00001211,69,32.4,104,230,105,CURRENT,4,1
PAT_00001212,51,29.5,185,209,190,FORMER,2,0
PAT_00001213,65,23.4,128,216,99,CURRENT,7,0
PAT_00001214,53,21.4,162,289,203,CURRENT,2,0
PAT_00001215,48,22.8,121,293,183,UNKNOWN,7,0
PAT_00001216,51,28.3,182,163,82,NEVER,7,0
PAT_00001217,60,20.3,182,233,248,UNKNOWN,6,0
PAT_00001218,76,14.2,99,141,232,FORMER,5,1
PAT_00001219,39,20.9,167,251,245,UNKNOWN,6,0
PAT_00001220,29,35.1,148,137,181,UNKNOWN,2,1
PAT_00001221,76,27.4,168,172,233,CURRENT,1,1
PAT_00001222,40,16.5,146,310,246,UNKNOWN,4,0
PAT_00001223,28,26.2,96,260,155,NEVER,0,0
PAT_00001224,81,24.3,98,224,241,CURRENT,8,1
PAT_00001225,24,27.1,130,189,130,UNKNOWN,4,0
PAT_00001226,84,20.4,174,122,129,UNKNOWN,8,1
PAT_00001227,59,28.2,145,176,214,CURRENT,3,0
PAT_00001228,62,23.6,134,175,167,CURRENT,4,0
PAT_00001229,41,26.6,101,220,135,NEVER,0,0
PAT_00001230,40,29.4,155,250,90,FORMER,3,0
PAT_00001231,24,29.9,178,163,246,CURRENT,1,0
PAT_00001232,53,22.5,149,271,178,NEVER,0,1
PAT_00001233,31,22.9,100,305,163,UNKNOWN,2,0
PAT_00001234,48,32.6,153,164,130,NEVER,5,0
PAT_00001235,25,27.0,156,221,189,NEVER,3,0
PAT_00001236,92,13.8,139,208,75,CURRENT,3,1
PAT_00001237,37,27.2,155,253,100,CURRENT,0,0
PAT_00001238,54,19.5,127,216,205,CURRENT,3,0
PAT_00001239,45,31.8,116,261,92,NEVER,8,0
PAT_00001240,60,32.3,139,171,130,NEVER,0,1
PAT_00001241,63,32.6,172,250,178,CURRENT,1,0
PAT_00001242,73,23.9,100,283,143,NEVER,6,1
PAT_00001243,83,16.2,144,121,102,FORMER,8,1
PAT_00001244,53,21.0,98,235,79,UNKNOWN,4,0
PAT_00001245,29,22.4,102,157,113,FORMER,0,0
PAT_00001246,21,31.4,158,176,196,UNKNOWN,7,0
PAT_00001247,80,27.5,142,273,240,FORMER,5,1
PAT_00001248,79,36.4,134,224,99,CURRENT,0,0
PAT_00001249,21,21.4,100,150,172,NEVER,1,0
PAT_00001250,50,28.2,112,120,165,CURRENT,2,0
PAT_00001251,23,28.2,134,127,115,NEVER,7,0
PAT_00001252,90,22.9,156,222,95,CURRENT,1,0
PAT_00001253,29,28.0,181,297,184,CURRENT,0,0
PAT_00001254,90,24.8,138,146,211,UNKNOWN,3,1
PAT_00001255,47,28.6,106,192,134,CURRENT,5,0
PAT_00001256,40,27.4,109,144,191,UNKNOWN,6,0
PAT_00001257,36,32.7,159,206,136,CURRENT,8,0
PAT_00001258,88,30.9,95,200,140,NEVER,1,0
PAT_00001259,87,31.6,167,176,222,FORMER,4,1
PAT_00001260,68,26.9,159,258,180,CURRENT,2,0
PAT_00001261,49,22.3,184,224,253,NEVER,7,0
PAT_00001262,47,14.4,132,192,139,FORMER,8,1
PAT_00001263,32,20.0,112,203,243,UNKNOWN,7,0
PAT_00001264,73,31.9,163,226,236,UNKNOWN,6,1
PAT_00001265,78,20.7,185,175,127,FORMER,1,0
PAT_00001266,86,14.8,173,177,253,NEVER,1,1
PAT_00001267,72,41.1,170,267,157,CURRENT,1,1
PAT_00001268,42,30.0,111,298,257,CURRENT,2,1
PAT_00001269,84,22.0,96,137,235,NEVER,7,1
PAT_00001270,33,26.9,126,207,151,FORMER,3,0
PAT_00001271,41,30.0,185,155,118,NEVER,5,0
PAT_00001272,38,27.3,154,143,120,NEVER,3,1
PAT_00001273,35,24.7,103,253,190,CURRENT,0,0
PAT_00001274,67,37.2,97,192,77,FORMER,3,1
PAT_00001275,87,28.8,176,149,121,CURRENT,6,1
PAT_00001276,58,25.0,140,253,190,FORMER,7,0
PAT_00001277,35,23.9,134,260,221,FORMER,8,0
PAT_00001278,71,42.3,127,163,218,FORMER,0,1
PAT_00001279,34,29.0,109,177,173,FORMER,2,0
PAT_00001280,43,35.3,113,246,186,UNKNOWN,2,0
PAT_00001281,35,25.3,146,204,158,CURRENT,1,0
PAT_00001282,35,24.3,162,127,231,NEVER,7,0
PAT_00001283,85,25.0,168,146,174,UNKNOWN,4,1
PAT_00001284,25,20.4,181,190,254,NEVER,4,0
PAT_00001285,37,30.6,154,282,202,FORMER,8,0
PAT_00001286,80,30.1,182,193,88,FORMER,6,1
PAT_00001287,88,30.9,159,190,235,CURRENT,4,1
PAT_00001288,23,18.5,111,187,215,CURRENT,7,0
PAT_00001289,65,25.0,147,153,138,NEVER,1,0
PAT_00001290,59,22.8,124,295,238,UNKNOWN,8,0
PAT_00001291,64,25.2,156,230,225,CURRENT,8,0
PAT_00001292,89,23.8,102,209,244,UNKNOWN,0,1
PAT_00001293,22,27.1,181,306,182,CURRENT,2,0
PAT_00001294,60,31.6,122,262,148,CURRENT,0,0
PAT_00001295,60,33.5,95,215,129,FORMER,1,0
PAT_00001296,27,28.6,121,188,229,UNKNOWN,8,0
PAT_00001297,45,29.6,156,272,232,CURRENT,7,0
PAT_00001298,31,28.9,170,161,150,FORMER,5,0
PAT_00001299,58,27.7,121,244,209,FORMER,3,1
PAT_00001300,83,29.7,107,128,231,CURRENT,8,1
PAT_00001301,34,29.4,112,191,187,NEVER,4,0
PAT_00001302,40,27.3,113,252,186,FORMER,4,0
PAT_00001303,54,29.7,125,189,193,UNKNOWN,4,1
PAT_00001304,26,17.2,96,309,210,CURRENT,0,0
PAT_00001305,77,28.6,169,126,100,FORMER,2,0
PAT_00001306,45,28.2,121,158,171,FORMER,6,0
PAT_00001307,21,35.9,169,263,235,CURRENT,1,0
PAT_00001308,22,22.1,132,221,234,NEVER,1,0
PAT_00001309,50,33.8,179,203,104,CURRENT,6,0
PAT_00001310,88,38.1,173,134,111,FORMER,6,1
PAT_00001311,43,21.3,178,180,140,CURRENT,7,0
PAT_00001312,66,29.0,183,123,193,CURRENT,6,1
PAT_00001313,62,24.7,103,225,94,NEVER,4,1
PAT_00001314,38,28.8,179,268,217,FORMER,5,0
PAT_00001315,37,27.3,123,152,82,CURRENT,2,0
PAT_00001316,53,24.6,167,246,194,UNKNOWN,7,0
PAT_00001317,45,31.2,146,298,253,FORMER,3,0
PAT_00001318,23,23.1,109,203,159,UNKNOWN,6,0
PAT_00001319,80,17.3,165,275,132,UNKNOWN,8,1
PAT_00001320,75,30.8,137,300,169,NEVER,5,1
PAT_00001321,73,21.2,119,218,144,FORMER,4,1
PAT_00001322,60,30.1,105,249,162,NEVER,8,0
PAT_00001323,50,24.7,132,220,103,UNKNOWN,7,0
PAT_00001324,29,33.5,106,146,211,CURRENT,1,0
PAT_00001325,88,26.6,143,271,189,FORMER,8,1
PAT_00001326,69,28.0,166,274,85,UNKNOWN,8,1
PAT_00001327,38,29.0,148,253,157,FORMER,0,0
PAT_00001328,42,24.3,148,178,185,CURRENT,5,0
PAT_00001329,72,37.5,155,156,77,UNKNOWN,8,1
PAT_00001330,71,34.6,132,227,76,UNKNOWN,4,1
PAT_00001331,33,33.0,154,234,172,FORMER,5,0
PAT_00001332,40,33.6,112,307,218,CURRENT,5,0
PAT_00001333,83,31.9,153,197,211,NEVER,2,1
PAT_00001334,45,28.3,105,176,193,NEVER,8,0
PAT_00001335,70,22.0,138,169,120,CURRENT,6,1
PAT_00001336,83,35.1,101,248,190,CURRENT,0,1
PAT_00001337,43,28.9,176,278,211,NEVER,5,0
PAT_00001338,50,25.6,101,243,92,UNKNOWN,7,0
PAT_00001339,92,27.5,102,288,140,CURRENT,8,1
PAT_00001340,65,27.4,184,232,220,FORMER,0,0
PAT_00001341,34,23.2,115,154,111,CURRENT,1,0
PAT_00001342,67,18.7,158,222,97,NEVER,5,1
PAT_00001343,37,35.0,96,135,159,NEVER,2,1
PAT_00001344,48,26.8,184,224,173,NEVER,8,0
PAT_00001345,53,26.2,169,282,113,CURRENT,6,0
PAT_00001346,77,23.1,150,235,252,UNKNOWN,7,1
PAT_00001347,44,27.1,115,159,242,NEVER,2,0
PAT_00001348,50,28.8,114,266,119,NEVER,8,1
PAT_00001349,68,23.8,146,164,189,CURRENT,8,1
PAT_00001350,83,27.9,139,309,235,NEVER,3,1
PAT_00001351,79,27.5,108,139,215,CURRENT,8,1
PAT_00001352,86,23.4,149,282,105,FORMER,3,1
PAT_00001353,49,27.4,153,269,154,FORMER,1,0
PAT_00001354,65,26.3,148,170,106,CURRENT,8,0
PAT_00001355,21,23.0,110,220,89,NEVER,6,0
PAT_00001356,73,28.8,144,278,227,NEVER,7,1
PAT_00001357,23,37.3,160,185,228,UNKNOWN,6,0
PAT_00001358,83,29.4,179,208,206,CURRENT,2,1
PAT_00001359,87,24.4,147,285,233,FORMER,5,1
PAT_00001360,27,22.2,143,272,242,NEVER,6,0
PAT_00001361,77,36.8,180,217,245,CURRENT,8,1
PAT_00001362,39,32.5,177,125,245,UNKNOWN,1,0
PAT_00001363,88,21.7,140,200,236,CURRENT,0,1
PAT_00001364,30,30.8,121,126,186,FORMER,6,0
PAT_00001365,72,29.2,182,157,202,UNKNOWN,4,1
PAT_00001366,60,26.2,111,146,137,UNKNOWN,8,0
PAT_00001367,63,22.7,151,242,131,CURRENT,6,0
PAT_00001368,82,20.6,133,166,159,UNKNOWN,6,1
PAT_00001369,29,25.4,142,141,202,NEVER,6,0
PAT_00001370,55,36.9,98,177,219,NEVER,0,1
PAT_00001371,25,22.2,125,291,181,FORMER,6,0
PAT_00001372,80,26.7,138,304,131,FORMER,3,1
PAT_00001373,62,21.7,143,285,230,UNKNOWN,1,0
PAT_00001374,27,29.8,185,162,238,FORMER,1,0
PAT_00001375,90,37.1,177,133,220,NEVER,7,1
PAT_00001376,64,28.0,143,167,71,UNKNOWN,3,0
PAT_00001377,74,18.8,146,251,137,UNKNOWN,4,1
PAT_00001378,39,25.7,142,207,238,UNKNOWN,8,0
PAT_00001379,27,30.2,120,136,136,FORMER,6,0
PAT_00001380,21,35.8,185,310,189,UNKNOWN,8,1
PAT_00001381,74,28.2,181,297,121,UNKNOWN,1,0
PAT_00001382,72,20.6,99,140,240,CURRENT,6,1
PAT_00001383,35,33.5,123,268,184,UNKNOWN,1,0
PAT_00001384,26,27.7,149,182,141,UNKNOWN,7,0
PAT_00001385,44,22.7,160,171,163,FORMER,3,0
PAT_00001386,67,32.4,181,163,165,CURRENT,6,1
PAT_00001387,23,30.2,103,241,77,CURRENT,4,0
PAT_00001388,85,30.8,178,275,118,UNKNOWN,5,1
PAT_00001389,46,27.6,136,260,240,CURRENT,8,0
PAT_00001390,72,34.2,163,285,137,NEVER,6,1
PAT_00001391,92,29.5,150,282,145,CURRENT,0,1
PAT_00001392,76,22.5,141,269,220,CURRENT,2,1
PAT_00001393,36,19.9,134,179,195,UNKNOWN,2,0
PAT_00001394,86,28.1,150,127,236,NEVER,3,1
PAT_00001395,40,20.6,99,140,232,FORMER,6,0
PAT_00001396,41,28.1,162,208,133,UNKNOWN,7,0
PAT_00001397,32,17.4,144,218,98,CURRENT,8,0
PAT_00001398,27,21.5,166,148,204,UNKNOWN,8,0
PAT_00001399,90,24.0,101,132,192,UNKNOWN,2,1
PAT_00001400,90,28.0,146,165,207,FORMER,8,1
PAT_00001401,42,28.6,112,209,106,UNKNOWN,8,0
PAT_00001402,29,31.6,134,143,101,FORMER,1,0
PAT_00001403,57,27.5,180,235,126,CURRENT,4,0
PAT_00001404,60,25.0,180,188,228,CURRENT,1,0
PAT_00001405,65,31.2,100,252,74,CURRENT,6,0
PAT_00001406,63,24.5,136,124,78,NEVER,4,0
PAT_00001407,24,29.3,139,150,135,UNKNOWN,7,0
PAT_00001408,29,28.2,104,268,161,NEVER,8,0
PAT_00001409,91,30.0,98,268,176,NEVER,5,1
PAT_00001410,44,36.9,96,150,149,FORMER,8,1
PAT_00001411,41,26.9,146,193,92,CURRENT,2,0
PAT_00001412,82,20.1,170,304,172,CURRENT,0,0
PAT_00001413,27,25.1,128,246,150,FORMER,2,0
PAT_00001414,72,29.9,160,173,239,FORMER,0,1
PAT_00001415,78,21.0,118,286,117,NEVER,4,1
PAT_00001416,74,27.6,138,227,190,NEVER,5,1
PAT_00001417,52,24.2,153,285,165,FORMER,7,0
PAT_00001418,45,21.3,99,182,205,FORMER,7,0
PAT_00001419,85,24.1,137,199,94,UNKNOWN,5,1
PAT_00001420,27,31.0,122,221,163,NEVER,1,0
PAT_00001421,50,30.0,171,308,207,NEVER,2,0
PAT_00001422,37,29.9,144,286,235,NEVER,7,0
PAT_00001423,81,36.4,145,139,72,NEVER,6,1
PAT_00001424,74,28.0,144,204,254,NEVER,3,1
PAT_00001425,49,24.3,170,196,132,FORMER,8,1
PAT_00001426,76,30.4,146,297,217,UNKNOWN,2,1
PAT_00001427,44,26.1,126,123,123,NEVER,0,0
PAT_00001428,84,24.5,155,181,257,FORMER,1,1
PAT_00001429,87,20.9,127,194,92,UNKNOWN,5,1
PAT_00001430,35,24.0,177,233,189,FORMER,0,0
PAT_00001431,72,18.7,97,189,179,NEVER,6,1
PAT_00001432,85,21.4,174,192,231,NEVER,2,1
PAT_00001433,91,27.7,173,121,213,UNKNOWN,8,1
PAT_00001434,73,32.0,166,210,213,NEVER,1,1
PAT_00001435,45,15.6,165,164,137,UNKNOWN,2,1
PAT_00001436,32,28.1,111,216,240,UNKNOWN,5,0
PAT_00001437,30,17.1,135,143,240,NEVER,5,0
PAT_00001438,41,26.8,143,253,161,FORMER,3,0
PAT_00001439,29,25.2,102,222,192,FORMER,0,0
PAT_00001440,85,29.7,156,214,139,FORMER,1,1
PAT_00001441,54,34.7,110,260,83,UNKNOWN,0,0
PAT_00001442,48,23.3,174,211,134,FORMER,5,1
PAT_00001443,62,31.0,97,164,251,CURRENT,3,0
PAT_00001444,83,20.9,175,171,112,CURRENT,6,1
PAT_00001445,45,27.3,116,231,83,FORMER,7,0
PAT_00001446,70,26.7,127,294,86,NEVER,1,0
PAT_00001447,50,31.6,109,205,235,FORMER,8,0
PAT_00001448,43,37.2,160,185,180,NEVER,7,0
PAT_00001449,76,21.7,137,293,92,UNKNOWN,4,1
PAT_00001450,31,33.4,116,248,254,CURRENT,5,0
PAT_00001451,68,19.7,111,187,256,CURRENT,5,1
PAT_00001452,60,20.5,113,292,147,NEVER,7,0
PAT_00001453,50,24.8,115,162,116,CURRENT,2,0
PAT_00001454,70,28.3,161,160,199,UNKNOWN,7,1
PAT_00001455,47,38.1,140,305,171,NEVER,0,0
PAT_00001456,50,26.9,96,227,222,CURRENT,5,0
PAT_00001457,79,29.6,108,184,94,CURRENT,4,1
PAT_00001458,47,34.9,119,151,209,NEVER,2,0
PAT_00001459,41,34.4,111,220,158,CURRENT,2,0
PAT_00001460,89,20.5,182,189,84,CURRENT,8,1
PAT_00001461,80,31.0,140,200,169,CURRENT,5,1
PAT_00001462,63,32.6,167,193,108,FORMER,6,0
PAT_00001463,75,32.5,148,245,215,NEVER,2,1
PAT_00001464,71,36.6,170,266,170,FORMER,5,1
PAT_00001465,51,26.5,148,250,204,CURRENT,2,0
PAT_00001466,26,32.7,107,310,244,NEVER,6,0
PAT_00001467,78,28.2,170,214,256,UNKNOWN,3,1
PAT_00001468,43,27.3,129,212,235,NEVER,4,0
PAT_00001469,34,32.0,104,302,257,NEVER,6,0
PAT_00001470,78,26.3,102,296,241,UNKNOWN,2,1
PAT_00001471,38,33.5,170,175,135,UNKNOWN,6,0
PAT_00001472,67,27.3,138,136,184,UNKNOWN,5,1
PAT_00001473,62,21.3,139,125,96,UNKNOWN,1,0
PAT_00001474,86,30.7,169,199,77,UNKNOWN,1,0
PAT_00001475,65,30.0,100,222,157,UNKNOWN,0,0
PAT_00001476,33,37.2,160,123,228,CURRENT,0,0
PAT_00001477,90,27.1,151,233,241,FORMER,7,1
PAT_00001478,37,31.1,137,254,195,UNKNOWN,3,0
PAT_00001479,62,26.1,98,155,227,CURRENT,7,0
PAT_00001480,36,32.2,99,259,140,NEVER,5,0
PAT_00001481,87,32.8,143,262,140,UNKNOWN,2,0
PAT_00001482,43,30.5,170,292,149,FORMER,4,0
PAT_00001483,81,23.8,176,309,100,UNKNOWN,3,1
PAT_00001484,21,34.4,183,281,236,FORMER,6,0
PAT_00001485,77,29.1,146,153,234,UNKNOWN,4,1
PAT_00001486,22,31.6,111,221,89,CURRENT,4,0
PAT_00001487,68,25.1,134,227,96,NEVER,6,1
PAT_00001488,34,25.7,128,281,185,FORMER,2,0
PAT_00001489,92,28.3,132,271,228,NEVER,5,1
PAT_00001490,62,25.7,131,252,201,NEVER,7,0
PAT_00001491,78,31.3,170,220,149,CURRENT,0,0
PAT_00001492,36,31.9,112,156,70,FORMER,7,0
PAT_00001493,33,29.2,176,218,120,FORMER,8,0
PAT_00001494,63,24.0,102,131,139,CURRENT,5,0
PAT_00001495,65,36.5,167,150,158,NEVER,0,0
PAT_00001496,77,38.0,105,191,102,NEVER,3,1
PAT_00001497,71,24.4,171,260,124,NEVER,5,1
PAT_00001498,53,24.9,166,243,223,NEVER,8,0
PAT_00001499,34,17.0,179,184,196,UNKNOWN,5,0
PAT_00001500,23,22.3,177,125,231,NEVER,1,0
PAT_00001501,77,27.2,151,233,146,NEVER,0,0
PAT_00001502,39,18.8,142,212,224,UNKNOWN,4,0
PAT_00001503,67,27.5,107,258,249,NEVER,2,1
PAT_00001504,89,32.2,157,151,84,CURRENT,6,1
PAT_00001505,46,26.8,115,164,198,UNKNOWN,2,0
PAT_00001506,75,24.5,154,247,245,CURRENT,4,1
PAT_00001507,24,19.5,183,288,203,NEVER,3,0
PAT_00001508,22,29.7,169,254,260,FORMER,8,0
PAT_00001509,37,34.5,151,258,159,FORMER,7,0
PAT_00001510,80,26.1,172,134,149,NEVER,4,1
PAT_00001511,84,33.1,158,202,126,CURRENT,4,1
PAT_00001512,72,23.5,162,183,93,NEVER,7,1
PAT_00001513,57,31.1,128,243,149,CURRENT,1,0
PAT_00001514,43,29.9,136,164,171,UNKNOWN,1,0
PAT_00001515,73,27.6,180,150,158,CURRENT,7,1
PAT_00001516,29,32.3,153,149,160,NEVER,7,1
PAT_00001517,87,33.1,95,212,208,CURRENT,1,1
PAT_00001518,25,27.9,159,179,233,CURRENT,0,1
PAT_00001519,45,20.9,137,142,193,CURRENT,2,0
PAT_00001520,83,19.8,178,261,187,CURRENT,8,1
PAT_00001521,76,33.0,128,286,186,CURRENT,0,1
PAT_00001522,22,25.7,130,180,88,NEVER,5,0
PAT_00001523,33,25.7,131,144,79,NEVER,1,0
PAT_00001524,43,28.7,129,191,194,FORMER,1,0
PAT_00001525,29,34.9,117,179,245,CURRENT,3,0
PAT_00001526,44,33.0,179,220,142,FORMER,7,0
PAT_00001527,55,31.9,109,256,76,CURRENT,1,0
PAT_00001528,69,33.2,132,203,204,UNKNOWN,7,1
PAT_00001529,59,35.5,157,220,99,UNKNOWN,0,0
PAT_00001530,62,30.0,100,162,71,UNKNOWN,7,1
PAT_00001531,72,25.6,166,307,158,UNKNOWN,3,1
PAT_00001532,28,17.3,152,293,130,FORMER,8,1
PAT_00001533,35,31.5,109,170,136,UNKNOWN,3,0
PAT_00001534,87,34.0,161,216,92,CURRENT,3,1
PAT_00001535,87,31.1,182,168,128,NEVER,0,0
PAT_00001536,23,24.9,99,285,112,CURRENT,6,0
PAT_00001537,69,21.1,138,191,73,NEVER,1,0
PAT_00001538,82,22.3,185,236,191,NEVER,1,1
PAT_00001539,33,23.4,177,301,250,FORMER,0,0
PAT_00001540,73,36.6,139,122,154,CURRENT,3,1
PAT_00001541,47,30.9,98,213,99,FORMER,5,0
PAT_00001542,88,17.3,184,171,162,CURRENT,7,1
PAT_00001543,86,22.4,180,182,186,UNKNOWN,4,1
PAT_00001544,64,27.2,157,272,227,FORMER,7,0
PAT_00001545,82,33.7,99,279,192,FORMER,2,1
PAT_00001546,84,27.0,103,230,117,UNKNOWN,1,1
PAT_00001547,37,30.0,142,121,146,UNKNOWN,6,0
PAT_00001548,32,23.8,121,188,171,NEVER,5,0
PAT_00001549,34,27.3,140,213,143,FORMER,8,0
PAT_00001550,72,25.6,98,161,243,FORMER,5,1
PAT_00001551,41,30.6,182,135,121,NEVER,4,0
PAT_00001552,67,28.3,135,170,183,CURRENT,8,1
PAT_00001553,48,33.0,167,234,251,NEVER,6,0
PAT_00001554,29,37.6,133,285,229,CURRENT,0,0
PAT_00001555,62,29.7,151,308,193,NEVER,2,0
PAT_00001556,50,31.0,150,177,155,UNKNOWN,7,0
PAT_00001557,89,28.6,159,217,238,NEVER,4,1
PAT_00001558,68,29.2,115,136,113,FORMER,3,1
PAT_00001559,65,24.9,134,197,248,CURRENT,7,0
PAT_00001560,67,28.2,154,293,118,UNKNOWN,2,0
PAT_00001561,60,23.4,133,148,115,UNKNOWN,2,0
PAT_00001562,47,23.8,179,230,173,FORMER,4,0
PAT_00001563,38,25.0,161,280,186,FORMER,4,0
PAT_00001564,38,28.2,113,207,243,UNKNOWN,1,0
PAT_00001565,59,31.7,99,129,93,FORMER,2,0
PAT_00001566,28,21.7,97,283,145,FORMER,0,0
PAT_00001567,92,25.7,133,265,214,CURRENT,0,1
PAT_00001568,27,32.2,123,156,79,NEVER,5,0
PAT_00001569,33,31.2,176,178,142,CURRENT,0,0
PAT_00001570,91,24.3,168,286,144,UNKNOWN,7,1
PAT_00001571,66,36.1,163,150,172,CURRENT,5,1
PAT_00001572,56,36.5,168,275,150,FORMER,8,0
PAT_00001573,75,31.0,145,259,101,UNKNOWN,1,0
PAT_00001574,63,33.0,152,127,76,UNKNOWN,8,0
PAT_00001575,87,33.9,165,133,246,UNKNOWN,8,1
PAT_00001576,36,30.5,138,209,168,NEVER,4,0
PAT_00001577,37,29.0,97,148,244,NEVER,8,0
PAT_00001578,35,31.4,96,190,219,CURRENT,4,0
PAT_00001579,26,37.3,164,169,249,CURRENT,1,0
PAT_00001580,43,32.2,151,208,211,CURRENT,5,0
PAT_00001581,71,26.5,96,153,146,FORMER,0,1
PAT_00001582,81,31.4,144,123,251,UNKNOWN,7,1
PAT_00001583,79,20.7,124,198,244,FORMER,2,1
PAT_00001584,65,36.3,183,200,89,UNKNOWN,7,0
PAT_00001585,54,27.9,146,211,204,UNKNOWN,1,0
PAT_00001586,37,21.6,98,286,181,FORMER,2,0
PAT_00001587,27,19.9,106,174,229,UNKNOWN,4,0
PAT_00001588,39,27.1,139,284,246,UNKNOWN,7,0
PAT_00001589,33,30.8,161,277,206,CURRENT,3,0
PAT_00001590,86,27.0,151,176,192,NEVER,8,1
PAT_00001591,34,27.1,110,187,80,UNKNOWN,5,0
PAT_00001592,33,33.0,106,229,200,UNKNOWN,6,0
PAT_00001593,44,27.3,162,260,260,NEVER,1,0
PAT_00001594,53,26.4,113,270,194,NEVER,6,0
PAT_00001595,89,27.9,114,184,246,UNKNOWN,8,1
PAT_00001596,84,29.9,166,280,206,UNKNOWN,7,1
PAT_00001597,60,20.5,117,307,205,FORMER,6,0
PAT_00001598,58,24.3,144,275,137,FORMER,0,1
PAT_00001599,22,29.6,166,134,228,NEVER,0,0
PAT_00001600,80,25.8,95,279,247,UNKNOWN,4,1
PAT_00001601,48,22.5,95,211,159,CURRENT,7,0
PAT_00001602,79,36.5,139,289,118,NEVER,5,1
PAT_00001603,88,27.4,108,280,217,UNKNOWN,2,1
PAT_00001604,39,35.0,109,137,251,UNKNOWN,4,0
PAT_00001605,92,35.5,100,137,232,FORMER,7,1
PAT_00001606,25,27.7,148,217,77,NEVER,1,0
PAT_00001607,60,18.7,148,170,170,FORMER,5,0
PAT_00001608,21,24.6,155,143,216,CURRENT,1,0
PAT_00001609,46,19.5,134,250,195,FORMER,6,1
PAT_00001610,45,20.6,141,220,71,UNKNOWN,7,0
PAT_00001611,57,30.3,114,230,93,UNKNOWN,4,0
PAT_00001612,40,31.3,113,295,89,UNKNOWN,1,0
PAT_00001613,59,27.6,95,237,149,UNKNOWN,2,0
PAT_00001614,68,26.3,139,296,183,NEVER,6,1
PAT_00001615,72,23.1,171,155,186,NEVER,2,1
PAT_00001616,74,32.0,140,309,88,FORMER,5,1
PAT_00001617,74,26.7,101,256,88,NEVER,6,1
PAT_00001618,30,25.6,117,284,196,FORMER,8,0
PAT_00001619,31,32.0,121,178,237,UNKNOWN,1,0
PAT_00001620,73,23.7,110,273,163,NEVER,5,1
PAT_00001621,68,23.4,172,207,254,CURRENT,6,1
PAT_00001622,89,28.2,144,208,131,FORMER,2,0
PAT_00001623,79,34.5,162,261,161,CURRENT,3,1
PAT_00001624,67,35.7,178,274,236,NEVER,1,1
PAT_00001625,76,28.3,161,271,225,CURRENT,1,1
PAT_00001626,29,28.6,110,203,168,FORMER,1,1
PAT_00001627,48,31.5,138,221,192,UNKNOWN,7,0
PAT_00001628,74,36.9,134,149,201,CURRENT,2,1
PAT_00001629,59,30.1,122,178,129,UNKNOWN,3,1
PAT_00001630,41,22.5,114,203,176,NEVER,1,1
PAT_00001631,37,21.9,118,301,177,FORMER,6,0
PAT_00001632,52,21.3,133,277,210,FORMER,3,0
PAT_00001633,36,32.6,151,231,100,UNKNOWN,8,0
PAT_00001634,41,22.4,149,301,106,FORMER,0,1
PAT_00001635,49,34.7,177,231,82,NEVER,4,0
PAT_00001636,66,25.5,134,148,113,NEVER,4,1
PAT_00001637,28,27.2,119,229,119,UNKNOWN,3,1
PAT_00001638,80,20.8,143,148,185,CURRENT,6,1
PAT_00001639,34,27.4,107,224,211,CURRENT,0,0
PAT_00001640,28,25.6,100,170,109,NEVER,7,0
PAT_00001641,30,32.4,169,148,128,CURRENT,5,1
PAT_00001642,38,29.7,177,222,204,NEVER,7,0
PAT_00001643,46,22.7,179,139,77,FORMER,1,0
PAT_00001644,34,28.8,133,188,254,CURRENT,2,0
PAT_00001645,91,26.1,96,305,192,UNKNOWN,7,1
PAT_00001646,57,22.5,128,149,170,FORMER,3,0
PAT_00001647,66,39.0,149,123,107,FORMER,2,0
PAT_00001648,82,22.3,99,212,159,FORMER,1,0
PAT_00001649,64,30.2,180,151,146,FORMER,0,0
PAT_00001650,40,32.4,118,233,260,NEVER,3,0
PAT_00001651,50,40.7,175,133,183,UNKNOWN,8,0
PAT_00001652,34,22.7,114,126,188,UNKNOWN,4,0
PAT_00001653,87,22.8,97,188,72,UNKNOWN,0,0
PAT_00001654,39,33.5,121,152,186,FORMER,7,0
PAT_00001655,60,21.9,159,204,212,CURRENT,2,0
PAT_00001656,39,24.3,106,291,208,NEVER,1,0
PAT_00001657,29,31.5,116,233,187,NEVER,4,0
PAT_00001658,81,27.1,130,181,126,NEVER,4,1
PAT_00001659,30,25.4,101,198,220,CURRENT,3,0
PAT_00001660,56,22.4,148,242,170,NEVER,4,0
PAT_00001661,37,33.1,97,257,204,FORMER,4,0
PAT_00001662,61,29.0,161,135,91,FORMER,6,0
PAT_00001663,59,21.3,158,176,147,NEVER,8,0
PAT_00001664,70,37.4,163,287,221,NEVER,5,1
PAT_00001665,57,32.3,179,187,115,FORMER,3,0
PAT_00001666,23,32.4,113,141,103,CURRENT,0,0
PAT_00001667,35,33.7,105,194,163,NEVER,4,0
PAT_00001668,23,28.5,172,280,164,NEVER,3,0
PAT_00001669,44,25.6,95,174,178,NEVER,4,0
PAT_00001670,69,29.5,110,291,183,CURRENT,1,1
PAT_00001671,59,37.0,151,285,237,CURRENT,2,0
PAT_00001672,26,26.6,172,152,143,FORMER,0,0
PAT_00001673,91,22.9,164,201,145,NEVER,0,0
PAT_00001674,40,28.2,184,145,250,CURRENT,0,0
PAT_00001675,82,24.3,123,253,257,UNKNOWN,3,1
PAT_00001676,90,23.9,158,195,240,FORMER,2,1
PAT_00001677,66,27.1,148,247,208,FORMER,0,1
PAT_00001678,24,26.4,168,225,128,CURRENT,0,0
PAT_00001679,21,28.3,175,212,109,FORMER,3,0
PAT_00001680,54,33.1,157,247,232,UNKNOWN,8,0
PAT_00001681,76,35.7,168,123,231,FORMER,3,1
PAT_00001682,50,26.4,184,213,105,FORMER,1,0
PAT_00001683,74,30.0,149,268,204,UNKNOWN,6,1
PAT_00001684,51,21.3,158,227,221,NEVER,3,1
PAT_00001685,22,38.6,106,140,200,FORMER,7,0
PAT_00001686,81,28.9,113,125,210,UNKNOWN,6,1
PAT_00001687,59,24.8,162,282,154,NEVER,0,0
PAT_00001688,77,24.9,110,215,105,CURRENT,2,0
PAT_00001689,31,33.6,115,169,182,NEVER,5,0
PAT_00001690,61,23.0,109,216,138,FORMER,8,0
PAT_00001691,70,30.9,145,211,94,CURRENT,4,1
PAT_00001692,79,34.3,118,224,254,NEVER,8,1
PAT_00001693,74,23.3,156,249,258,CURRENT,0,1
PAT_00001694,74,22.6,146,145,121,UNKNOWN,1,0
PAT_00001695,48,30.9,119,275,112,UNKNOWN,7,0
PAT_00001696,46,30.3,150,141,95,FORMER,7,0
PAT_00001697,43,25.5,170,185,172,UNKNOWN,1,0
PAT_00001698,92,30.1,96,197,169,NEVER,2,0
PAT_00001699,31,27.0,149,219,191,FORMER,1,1
PAT_00001700,60,27.8,144,200,130,UNKNOWN,8,0
PAT_00001701,89,19.1,185,253,186,NEVER,2,1
PAT_00001702,37,29.5,97,232,259,FORMER,8,0
PAT_00001703,54,27.6,95,250,232,CURRENT,1,0
PAT_00001704,82,29.5,112,227,92,CURRENT,3,1
PAT_00001705,77,27.3,100,232,234,NEVER,1,1
PAT_00001706,58,34.1,142,142,128,UNKNOWN,3,0
PAT_00001707,53,30.0,161,165,136,UNKNOWN,5,0
PAT_00001708,86,27.2,100,242,214,FORMER,7,1
PAT_00001709,92,26.8,132,136,256,UNKNOWN,1,1
PAT_00001710,73,27.6,131,287,153,FORMER,5,1
PAT_00001711,75,32.1,113,185,203,UNKNOWN,6,1
PAT_00001712,62,34.8,149,159,207,FORMER,6,0
PAT_00001713,57,35.6,102,135,168,UNKNOWN,4,0
PAT_00001714,45,31.8,176,265,153,NEVER,3,0
PAT_00001715,51,29.6,111,201,94,NEVER,7,0
PAT_00001716,89,36.2,181,298,211,UNKNOWN,1,1
PAT_00001717,22,28.4,147,279,147,UNKNOWN,3,1
PAT_00001718,58,19.2,106,284,211,CURRENT,7,0
PAT_00001719,60,27.6,100,202,211,FORMER,7,0
PAT_00001720,68,30.8,102,226,237,FORMER,4,1
PAT_00001721,60,33.2,99,208,166,UNKNOWN,0,0
PAT_00001722,68,28.7,127,286,116,UNKNOWN,1,0
PAT_00001723,83,28.0,165,260,74,NEVER,7,1
PAT_00001724,67,28.0,147,217,115,NEVER,6,1
PAT_00001725,72,15.5,107,216,240,CURRENT,3,1
PAT_00001726,36,21.6,164,194,179,CURRENT,2,0
PAT_00001727,27,24.8,181,257,149,UNKNOWN,1,0
PAT_00001728,72,27.1,146,197,215,UNKNOWN,1,1
PAT_00001729,89,21.2,108,200,162,FORMER,7,1
PAT_00001730,61,27.0,127,184,200,CURRENT,7,0
PAT_00001731,24,22.6,172,288,241,UNKNOWN,4,0
PAT_00001732,51,26.0,142,155,170,UNKNOWN,1,0
PAT_00001733,27,36.0,114,179,201,UNKNOWN,3,0
PAT_00001734,86,21.0,116,184,109,UNKNOWN,8,1
PAT_00001735,27,31.4,140,281,121,CURRENT,1,0
PAT_00001736,92,28.5,118,196,162,UNKNOWN,5,1
PAT_00001737,45,30.3,118,208,160,UNKNOWN,0,0
PAT_00001738,53,27.6,121,256,191,FORMER,8,0
PAT_00001739,85,24.7,143,232,188,NEVER,6,1
PAT_00001740,40,27.4,172,132,204,NEVER,3,0
PAT_00001741,27,24.7,112,156,196,UNKNOWN,6,0
PAT_00001742,91,28.4,95,235,133,CURRENT,4,1
PAT_00001743,89,30.9,166,267,152,NEVER,5,1
PAT_00001744,25,27.3,125,207,205,NEVER,4,0
PAT_00001745,50,31.2,103,277,192,NEVER,3,0
PAT_00001746,69,30.3,158,172,136,CURRENT,5,1
PAT_00001747,51,20.1,107,264,172,CURRENT,2,0
PAT_00001748,60,27.6,138,143,181,FORMER,2,1
PAT_00001749,49,22.1,151,133,179,FORMER,1,0
PAT_00001750,61,29.1,181,218,226,UNKNOWN,7,0
PAT_00001751,44,34.7,101,181,195,FORMER,4,0
PAT_00001752,70,27.4,122,202,131,FORMER,7,1
PAT_00001753,21,27.5,182,178,244,NEVER,2,0
PAT_00001754,23,21.9,134,298,205,CURRENT,8,0
PAT_00001755,34,24.4,166,258,123,UNKNOWN,7,0
PAT_00001756,66,33.7,107,241,76,CURRENT,5,1
PAT_00001757,57,22.0,158,222,165,UNKNOWN,2,0
PAT_00001758,33,19.4,164,291,193,NEVER,4,0
PAT_00001759,21,24.7,131,298,245,NEVER,2,0
PAT_00001760,88,28.0,111,294,218,FORMER,6,1
PAT_00001761,45,28.2,117,143,227,NEVER,0,0
PAT_00001762,84,25.4,148,145,88,NEVER,0,0
PAT_00001763,23,21.6,126,190,117,NEVER,3,0
PAT_00001764,81,21.0,117,231,77,CURRENT,7,1
PAT_00001765,49,27.0,147,173,118,CURRENT,6,0
PAT_00001766,25,35.6,171,171,240,FORMER,5,0
PAT_00001767,71,21.9,159,245,80,CURRENT,0,0
PAT_00001768,27,31.2,184,138,222,CURRENT,3,0
PAT_00001769,72,29.1,137,225,135,CURRENT,3,1
PAT_00001770,48,24.6,181,255,111,NEVER,6,0
PAT_00001771,46,31.7,108,190,200,UNKNOWN,7,0
PAT_00001772,35,20.0,118,184,192,UNKNOWN,1,0
PAT_00001773,78,25.3,106,214,212,CURRENT,1,1
PAT_00001774,72,23.6,120,147,121,CURRENT,3,1
PAT_00001775,76,25.5,165,275,117,FORMER,1,0
PAT_00001776,75,31.3,124,128,256,UNKNOWN,7,1
PAT_00001777,33,19.4,156,256,83,CURRENT,5,0
PAT_00001778,51,28.4,112,242,130,CURRENT,7,0
PAT_00001779,91,26.1,148,280,175,FORMER,7,1
PAT_00001780,30,42.8,138,239,196,CURRENT,8,0
PAT_00001781,29,26.2,167,270,124,FORMER,6,0
PAT_00001782,27,29.1,129,271,195,UNKNOWN,1,0
PAT_00001783,60,29.1,106,196,198,FORMER,2,0
PAT_00001784,71,26.0,104,185,138,UNKNOWN,2,1
PAT_00001785,36,21.3,119,180,255,CURRENT,5,0
PAT_00001786,66,25.6,118,193,158,NEVER,4,1
PAT_00001787,53,29.1,176,272,227,UNKNOWN,0,0
PAT_00001788,66,41.1,119,206,218,FORMER,5,1
PAT_00001789,86,25.4,144,180,188,UNKNOWN,7,1
PAT_00001790,63,19.1,100,135,238,CURRENT,6,0
PAT_00001791,57,21.2,161,272,148,FORMER,8,0
PAT_00001792,63,23.7,163,235,204,CURRENT,7,0
PAT_00001793,46,25.2,107,153,241,FORMER,2,1
PAT_00001794,68,34.9,101,224,115,NEVER,1,0
PAT_00001795,84,23.6,151,282,223,FORMER,8,1
PAT_00001796,83,23.6,144,175,214,CURRENT,0,1
PAT_00001797,60,29.3,160,230,133,FORMER,4,0
PAT_00001798,26,22.3,161,187,96,UNKNOWN,1,1
PAT_00001799,30,29.3,120,208,201,UNKNOWN,0,0
PAT_00001800,29,32.6,102,199,235,CURRENT,8,0
PAT_00001801,36,30.7,161,291,73,UNKNOWN,1,0
PAT_00001802,74,23.9,130,261,238,FORMER,1,1
PAT_00001803,42,30.7,159,237,116,NEVER,7,0
PAT_00001804,59,28.1,102,217,165,UNKNOWN,3,0
PAT_00001805,45,25.2,138,231,80,NEVER,4,1
PAT_00001806,89,19.0,153,159,155,UNKNOWN,4,1
PAT_00001807,41,22.4,100,261,221,CURRENT,5,0
PAT_00001808,79,18.6,131,289,207,NEVER,2,1
PAT_00001809,92,25.0,160,125,218,UNKNOWN,2,1
PAT_00001810,28,41.8,181,230,180,FORMER,7,0
PAT_00001811,33,26.1,185,304,127,NEVER,1,1
PAT_00001812,89,27.1,140,216,82,UNKNOWN,5,1
PAT_00001813,29,30.2,168,132,224,UNKNOWN,1,0
PAT_00001814,71,23.0,101,233,169,CURRENT,6,1
PAT_00001815,66,15.8,117,121,113,NEVER,4,1
PAT_00001816,28,17.7,150,120,185,FORMER,5,0
PAT_00001817,77,29.7,114,145,221,CURRENT,0,1
PAT_00001818,62,20.1,108,177,197,NEVER,7,1
PAT_00001819,21,27.7,131,246,128,CURRENT,5,0
PAT_00001820,83,19.5,102,141,137,CURRENT,6,1
PAT_00001821,66,35.9,183,145,206,UNKNOWN,6,1
PAT_00001822,89,19.0,103,306,100,CURRENT,3,1
PAT_00001823,53,32.3,143,251,97,CURRENT,2,0
PAT_00001824,58,29.7,155,129,224,CURRENT,6,0
PAT_00001825,38,26.1,175,167,105,CURRENT,4,0
PAT_00001826,75,30.1,160,296,253,NEVER,2,1
PAT_00001827,23,23.4,116,287,249,UNKNOWN,1,0
PAT_00001828,76,32.4,104,234,132,FORMER,1,0
PAT_00001829,78,28.6,171,173,96,FORMER,2,0
PAT_00001830,76,22.2,141,266,95,NEVER,0,0
PAT_00001831,44,32.3,103,280,115,FORMER,1,0
PAT_00001832,64,32.5,163,291,108,FORMER,0,0
PAT_00001833,63,25.9,161,168,83,NEVER,5,0
PAT_00001834,41,23.2,130,212,237,NEVER,4,1
PAT_00001835,67,34.2,115,232,107,FORMER,2,0
PAT_00001836,72,27.7,176,124,152,FORMER,6,1
PAT_00001837,76,28.0,102,228,186,FORMER,8,1
PAT_00001838,21,20.8,145,151,75,CURRENT,2,0
PAT_00001839,89,32.3,169,210,121,CURRENT,0,0
PAT_00001840,90,24.1,146,150,98,NEVER,8,1
PAT_00001841,54,32.6,155,275,253,CURRENT,1,0
PAT_00001842,84,30.2,142,280,212,NEVER,5,1
PAT_00001843,76,22.5,170,203,152,CURRENT,4,1
PAT_00001844,89,21.2,181,136,137,UNKNOWN,8,1
PAT_00001845,90,25.0,101,128,124,NEVER,5,1
PAT_00001846,74,18.4,141,204,169,NEVER,1,0
PAT_00001847,38,25.3,160,258,107,FORMER,6,0
PAT_00001848,85,24.9,182,163,181,FORMER,6,1
PAT_00001849,37,21.4,106,165,138,CURRENT,6,0
PAT_00001850,46,31.3,106,130,92,NEVER,6,0
PAT_00001851,60,33.6,158,255,234,NEVER,8,1
PAT_00001852,74,22.1,143,200,148,FORMER,8,1
PAT_00001853,60,28.8,109,278,223,UNKNOWN,6,1
PAT_00001854,51,24.4,97,195,194,UNKNOWN,6,0
PAT_00001855,40,22.2,114,187,176,CURRENT,2,0
PAT_00001856,86,25.6,183,241,240,CURRENT,1,1
PAT_00001857,26,29.3,100,134,246,CURRENT,7,0
PAT_00001858,43,29.0,98,250,241,UNKNOWN,2,0
PAT_00001859,91,32.8,129,291,160,CURRENT,8,1
PAT_00001860,55,37.8,97,185,205,CURRENT,8,0
PAT_00001861,87,27.3,154,127,235,NEVER,8,1
PAT_00001862,80,23.3,146,243,92,NEVER,7,1
PAT_00001863,84,26.6,131,286,168,NEVER,1,0
PAT_00001864,43,30.3,149,292,191,NEVER,7,0
PAT_00001865,35,16.5,179,157,225,UNKNOWN,0,0
PAT_00001866,66,40.1,181,301,253,NEVER,7,1
PAT_00001867,30,30.5,179,275,191,UNKNOWN,7,0
PAT_00001868,30,29.5,135,303,141,FORMER,1,1
PAT_00001869,80,24.9,123,257,185,FORMER,0,1
PAT_00001870,23,27.5,142,188,186,UNKNOWN,4,0
PAT_00001871,67,30.7,162,242,114,UNKNOWN,1,1
PAT_00001872,51,33.6,184,225,106,NEVER,0,0
PAT_00001873,88,19.7,172,285,241,FORMER,2,1
PAT_00001874,54,33.1,160,161,191,NEVER,3,0
PAT_00001875,80,29.4,123,177,88,CURRENT,5,1
PAT_00001876,80,29.6,117,260,140,CURRENT,2,0
PAT_00001877,35,33.7,154,179,216,FORMER,4,0
PAT_00001878,67,16.8,182,228,95,NEVER,4,1
PAT_00001879,79,37.9,163,160,194,CURRENT,4,1
PAT_00001880,73,33.8,157,158,124,NEVER,5,1
PAT_00001881,26,29.9,146,249,145,FORMER,0,0
PAT_00001882,55,31.2,153,244,189,FORMER,3,0
PAT_00001883,26,26.1,99,274,250,CURRENT,2,0
PAT_00001884,31,20.4,144,206,158,CURRENT,5,0
PAT_00001885,28,21.8,133,291,123,FORMER,3,0
PAT_00001886,92,26.2,185,248,206,CURRENT,0,1
PAT_00001887,35,20.4,111,135,249,NEVER,8,0
PAT_00001888,29,26.4,110,198,135,FORMER,6,0
PAT_00001889,68,34.2,114,237,241,UNKNOWN,3,1
PAT_00001890,31,23.1,181,148,86,NEVER,8,0
PAT_00001891,84,32.0,101,264,170,CURRENT,0,0
PAT_00001892,65,20.9,153,247,245,FORMER,5,0
PAT_00001893,85,22.6,148,142,257,FORMER,3,1
PAT_00001894,87,30.0,178,278,99,UNKNOWN,8,1
PAT_00001895,42,27.1,113,142,212,CURRENT,8,0
PAT_00001896,23,35.3,133,240,136,CURRENT,3,0
PAT_00001897,35,28.6,167,131,176,CURRENT,1,0
PAT_00001898,42,26.7,105,265,106,CURRENT,3,0
PAT_00001899,61,31.9,165,164,233,FORMER,8,0
PAT_00001900,36,32.1,104,213,202,NEVER,3,0
PAT_00001901,75,33.8,127,218,163,FORMER,1,0
PAT_00001902,77,31.6,98,243,215,FORMER,7,1
PAT_00001903,59,32.2,182,203,120,UNKNOWN,0,0
PAT_00001904,54,26.2,176,281,146,NEVER,1,0
PAT_00001905,74,23.6,95,177,202,UNKNOWN,8,1
PAT_00001906,90,35.1,105,122,159,CURRENT,6,1
PAT_00001907,36,26.2,111,154,116,UNKNOWN,4,0
PAT_00001908,87,19.8,119,133,232,FORMER,2,1
PAT_00001909,41,20.8,136,288,130,CURRENT,7,1
PAT_00001910,46,26.2,100,155,156,FORMER,7,0
PAT_00001911,34,27.5,178,249,219,CURRENT,7,0
PAT_00001912,86,27.4,129,279,180,CURRENT,3,1
PAT_00001913,43,30.7,169,263,98,NEVER,8,1
PAT_00001914,67,34.4,182,281,212,NEVER,6,1
PAT_00001915,74,25.7,146,251,231,NEVER,0,1
PAT_00001916,83,26.6,151,188,226,FORMER,1,1
PAT_00001917,24,20.5,110,126,259,CURRENT,5,0
PAT_00001918,60,31.4,156,243,246,NEVER,0,0
PAT_00001919,22,24.5,159,162,215,FORMER,2,0
PAT_00001920,70,22.9,100,300,178,UNKNOWN,8,1
PAT_00001921,45,28.8,108,171,256,CURRENT,2,0
PAT_00001922,22,30.1,110,284,201,FORMER,1,0
PAT_00001923,34,32.9,162,150,80,NEVER,7,0
PAT_00001924,53,17.8,167,246,152,NEVER,4,0
PAT_00001925,82,28.9,105,268,196,UNKNOWN,5,1
PAT_00001926,82,30.3,121,161,244,CURRENT,6,1
PAT_00001927,27,24.0,137,143,172,UNKNOWN,7,0
PAT_00001928,22,34.8,147,158,168,NEVER,3,1
PAT_00001929,39,21.3,112,279,130,NEVER,8,0
PAT_00001930,45,23.6,129,123,240,UNKNOWN,0,0
PAT_00001931,41,26.4,143,121,194,CURRENT,6,0
PAT_00001932,64,20.5,166,244,250,FORMER,7,0
PAT_00001933,61,27.8,114,286,220,NEVER,5,0
PAT_00001934,63,19.9,98,165,75,CURRENT,6,1
PAT_00001935,31,27.8,126,170,116,UNKNOWN,0,0
PAT_00001936,82,26.7,101,215,95,FORMER,4,1
PAT_00001937,37,33.9,158,191,142,NEVER,7,1
PAT_00001938,37,33.6,100,189,101,CURRENT,5,0
PAT_00001939,86,23.9,108,191,258,UNKNOWN,3,1
PAT_00001940,41,32.1,101,143,106,FORMER,4,0
PAT_00001941,72,27.8,159,272,253,UNKNOWN,3,1
PAT_00001942,32,23.8,158,183,78,FORMER,2,0
PAT_00001943,60,30.0,167,211,114,UNKNOWN,6,0
PAT_00001944,56,35.4,163,123,90,UNKNOWN,8,0
PAT_00001945,63,28.2,99,159,223,NEVER,7,0
PAT_00001946,88,30.2,159,128,214,NEVER,1,1
PAT_00001947,57,30.1,182,254,260,NEVER,0,0
PAT_00001948,68,26.0,120,290,196,CURRENT,3,1
PAT_00001949,27,28.6,138,290,144,NEVER,3,0
PAT_00001950,40,19.6,101,180,111,NEVER,6,1
PAT_00001951,57,23.8,176,237,216,CURRENT,4,0
PAT_00001952,89,21.7,142,143,80,CURRENT,0,0
PAT_00001953,29,16.8,113,183,118,CURRENT,6,0
PAT_00001954,47,30.2,133,129,182,FORMER,4,0
PAT_00001955,68,28.4,113,170,258,UNKNOWN,8,1
PAT_00001956,60,31.0,164,131,249,UNKNOWN,0,0
PAT_00001957,71,25.2,147,267,173,FORMER,1,0
PAT_00001958,80,30.0,123,236,174,UNKNOWN,5,1
PAT_00001959,50,30.7,108,201,208,FORMER,3,0
PAT_00001960,31,23.6,112,307,105,NEVER,6,1
PAT_00001961,28,27.1,113,209,153,NEVER,8,0
PAT_00001962,68,22.2,111,308,116,UNKNOWN,2,0
PAT_00001963,68,30.6,159,308,173,FORMER,1,0
PAT_00001964,84,27.3,175,159,157,UNKNOWN,0,0
PAT_00001965,92,23.9,133,210,127,NEVER,4,1
PAT_00001966,61,23.6,180,260,205,FORMER,6,0
PAT_00001967,41,28.4,147,154,191,CURRENT,4,0
PAT_00001968,77,30.9,156,213,97,FORMER,8,1
PAT_00001969,89,26.0,111,241,144,FORMER,7,1
PAT_00001970,90,25.4,101,156,103,UNKNOWN,6,1
PAT_00001971,74,21.8,180,263,216,NEVER,1,1
PAT_00001972,72,28.5,143,135,194,UNKNOWN,8,1
PAT_00001973,76,27.1,121,251,85,UNKNOWN,6,1
PAT_00001974,30,25.8,130,178,209,NEVER,5,0
PAT_00001975,83,32.5,109,125,110,CURRENT,4,1
PAT_00001976,29,14.6,165,284,115,FORMER,6,0
PAT_00001977,90,32.9,173,147,71,FORMER,4,1
PAT_00001978,53,27.3,181,242,232,FORMER,4,0
PAT_00001979,36,24.3,119,133,240,UNKNOWN,0,0
PAT_00001980,55,32.9,154,142,177,NEVER,6,0
PAT_00001981,68,31.5,136,271,139,FORMER,0,0
PAT_00001982,63,28.2,131,186,126,NEVER,4,0
PAT_00001983,48,38.9,101,220,191,FORMER,4,0
PAT_00001984,34,27.7,118,137,145,FORMER,0,0
PAT_00001985,47,18.0,148,276,102,FORMER,2,0
PAT_00001986,62,30.4,159,178,136,CURRENT,8,0
PAT_00001987,64,23.3,152,149,195,UNKNOWN,1,0
PAT_00001988,46,16.6,97,196,215,NEVER,3,0
PAT_00001989,83,16.6,153,129,217,FORMER,1,1
PAT_00001990,52,31.7,111,206,216,NEVER,6,0
PAT_00001991,66,22.0,96,120,108,CURRENT,3,1
PAT_00001992,26,23.4,178,226,91,NEVER,6,0
PAT_00001993,77,26.7,161,190,229,CURRENT,7,1
PAT_00001994,84,23.2,183,228,141,FORMER,1,0
PAT_00001995,86,19.1,149,211,202,NEVER,7,1
PAT_00001996,80,25.2,137,214,213,CURRENT,5,1
PAT_00001997,79,30.1,162,281,141,NEVER,0,0
PAT_00001998,36,26.5,135,244,211,NEVER,2,1
PAT_00001999,49,25.9,97,288,141,CURRENT,1,0
PAT_00002000,68,32.5,100,291,149,CURRENT,2,0
PAT_00002001,50,25.2,109,283,137,NEVER,4,0
PAT_00002002,80,25.9,178,300,159,CURRENT,4,1
PAT_00002003,66,24.8,127,131,112,UNKNOWN,4,1
PAT_00002004,73,23.8,112,232,153,NEVER,2,0
PAT_00002005,72,34.8,133,154,225,FORMER,4,1
PAT_00002006,24,19.4,103,120,197,NEVER,6,0
PAT_00002007,62,23.7,162,125,89,UNKNOWN,8,0
PAT_00002008,31,24.0,109,298,93,CURRENT,0,1
PAT_00002009,78,25.2,185,288,100,UNKNOWN,4,1
PAT_00002010,26,21.7,111,210,251,CURRENT,4,0
PAT_00002011,54,32.7,151,246,118,FORMER,1,0
PAT_00002012,80,24.8,170,261,112,FORMER,5,1
PAT_00002013,53,26.1,136,234,161,CURRENT,2,0
PAT_00002014,56,30.2,137,285,100,FORMER,7,0
PAT_00002015,53,42.1,167,252,143,NEVER,8,0
PAT_00002016,83,31.7,154,128,181,UNKNOWN,4,1
PAT_00002017,28,43.6,177,294,245,FORMER,1,0
PAT_00002018,65,22.6,132,194,195,UNKNOWN,0,0
PAT_00002019,70,34.3,104,148,82,FORMER,4,1
PAT_00002020,38,33.6,181,253,86,FORMER,3,0
PAT_00002021,80,32.5,115,268,233,UNKNOWN,3,1
PAT_00002022,74,25.7,121,183,99,UNKNOWN,6,1
PAT_00002023,70,25.8,169,145,253,FORMER,5,1
PAT_00002024,88,30.2,119,136,152,NEVER,5,1
PAT_00002025,48,29.0,116,172,123,FORMER,7,0
PAT_00002026,28,25.2,131,240,255,UNKNOWN,8,0
PAT_00002027,62,18.7,146,228,249,FORMER,0,0
PAT_00002028,79,16.0,174,151,223,CURRENT,1,1
PAT_00002029,85,28.2,119,231,250,CURRENT,0,1
PAT_00002030,82,21.9,116,196,170,UNKNOWN,2,0
PAT_00002031,27,32.5,157,122,241,NEVER,7,0
PAT_00002032,59,29.2,116,290,170,NEVER,6,0
PAT_00002033,51,38.5,143,217,148,UNKNOWN,7,0
PAT_00002034,55,25.7,119,159,225,UNKNOWN,8,0
PAT_00002035,79,35.4,165,290,146,UNKNOWN,3,1
PAT_00002036,76,20.5,158,301,73,NEVER,3,1
PAT_00002037,36,32.5,149,222,257,FORMER,0,1
PAT_00002038,47,32.1,169,195,131,CURRENT,2,0
PAT_00002039,21,22.2,98,172,159,CURRENT,2,0
PAT_00002040,68,29.5,166,187,87,CURRENT,1,0
PAT_00002041,83,31.3,157,308,247,UNKNOWN,4,1
PAT_00002042,58,17.8,100,136,119,UNKNOWN,8,0
PAT_00002043,29,23.8,155,310,115,CURRENT,7,0
PAT_00002044,27,23.5,164,299,193,FORMER,6,0
PAT_00002045,31,19.7,135,252,230,FORMER,4,0
PAT_00002046,88,39.6,138,207,220,NEVER,3,1
PAT_00002047,75,21.0,120,157,175,FORMER,8,1
PAT_00002048,66,21.6,140,145,79,CURRENT,2,0
PAT_00002049,60,22.2,155,175,230,UNKNOWN,0,1
PAT_00002050,24,25.5,163,200,170,CURRENT,1,0
PAT_00002051,78,29.0,165,213,185,CURRENT,5,1
PAT_00002052,79,18.5,162,141,81,CURRENT,3,1
PAT_00002053,36,28.0,165,185,117,NEVER,8,0
PAT_00002054,63,25.4,108,288,174,FORMER,1,0
PAT_00002055,23,23.8,144,293,246,NEVER,1,0
PAT_00002056,81,27.1,148,291,94,FORMER,8,1
PAT_00002057,77,31.8,106,246,242,NEVER,0,1
PAT_00002058,25,27.4,95,298,233,UNKNOWN,2,0
PAT_00002059,27,29.5,170,237,233,FORMER,6,0
PAT_00002060,84,25.1,169,140,113,UNKNOWN,8,1
PAT_00002061,22,20.1,149,302,237,FORMER,3,0
PAT_00002062,69,24.3,124,225,145,NEVER,1,0
PAT_00002063,90,31.6,97,196,197,UNKNOWN,3,1
PAT_00002064,76,31.9,132,246,251,NEVER,8,1
PAT_00002065,44,34.2,155,123,184,NEVER,4,0
PAT_00002066,23,26.1,146,275,103,UNKNOWN,8,1
PAT_00002067,29,22.6,124,212,110,NEVER,3,0
PAT_00002068,37,26.9,141,293,178,FORMER,8,1
PAT_00002069,27,22.0,162,194,84,NEVER,6,0
PAT_00002070,31,41.4,148,261,135,UNKNOWN,1,0
PAT_00002071,78,26.1,171,246,229,FORMER,2,1
PAT_00002072,59,31.3,126,154,183,UNKNOWN,4,0
PAT_00002073,24,29.9,158,120,149,NEVER,5,1
PAT_00002074,91,27.6,102,141,135,UNKNOWN,8,1
PAT_00002075,79,26.0,123,171,223,UNKNOWN,1,1
PAT_00002076,78,26.5,129,132,80,NEVER,5,1
PAT_00002077,48,26.7,120,233,107,NEVER,6,0
PAT_00002078,74,27.4,154,273,76,UNKNOWN,0,0
PAT_00002079,82,30.6,183,298,255,NEVER,8,1
PAT_00002080,86,28.1,119,131,256,NEVER,2,1
PAT_00002081,74,34.1,105,136,80,CURRENT,3,1
PAT_00002082,47,22.1,102,218,104,CURRENT,5,0
PAT_00002083,71,27.7,144,197,193,FORMER,6,1
PAT_00002084,35,32.6,184,122,171,UNKNOWN,5,0
PAT_00002085,83,30.3,124,207,114,NEVER,6,1
PAT_00002086,30,27.9,98,274,205,FORMER,6,0
PAT_00002087,55,22.2,114,141,238,CURRENT,7,0
PAT_00002088,78,18.7,151,209,186,FORMER,3,1
PAT_00002089,77,32.0,110,217,242,FORMER,1,1
PAT_00002090,68,32.9,169,132,91,FORMER,3,1
PAT_00002091,26,27.9,110,212,215,UNKNOWN,4,0
PAT_00002092,73,24.5,140,125,162,NEVER,5,1
PAT_00002093,77,31.0,155,241,159,FORMER,8,1
PAT_00002094,50,31.5,160,215,249,UNKNOWN,5,0
PAT_00002095,71,34.4,153,224,136,CURRENT,7,1
PAT_00002096,61,32.7,138,273,94,UNKNOWN,6,0
PAT_00002097,45,31.6,173,226,70,CURRENT,6,0
PAT_00002098,88,29.3,142,284,213,FORMER,5,1
PAT_00002099,57,24.5,154,191,129,FORMER,3,0
PAT_00002100,42,34.0,169,163,175,NEVER,6,0
PAT_00002101,45,37.5,142,137,260,CURRENT,0,0
PAT_00002102,56,27.6,182,285,251,UNKNOWN,1,0
PAT_00002103,86,27.5,137,276,212,NEVER,3,1
PAT_00002104,35,38.7,109,217,77,UNKNOWN,2,0
PAT_00002105,72,29.5,95,256,228,FORMER,3,1
PAT_00002106,66,23.1,170,153,153,UNKNOWN,8,1
PAT_00002107,47,28.3,156,206,123,UNKNOWN,0,0
PAT_00002108,42,26.1,179,269,175,CURRENT,5,0
PAT_00002109,85,27.6,156,174,148,FORMER,8,1
PAT_00002110,92,34.8,130,232,130,FORMER,1,0
PAT_00002111,44,27.0,160,214,160,UNKNOWN,4,0
PAT_00002112,47,27.6,110,224,125,CURRENT,3,0
PAT_00002113,83,27.2,95,298,74,NEVER,4,1
PAT_00002114,31,33.8,95,279,182,NEVER,5,0
PAT_00002115,79,28.2,113,298,221,UNKNOWN,8,1
PAT_00002116,39,19.2,114,223,90,FORMER,4,0
PAT_00002117,64,18.4,137,241,118,UNKNOWN,8,0
PAT_00002118,60,21.9,133,283,150,UNKNOWN,4,0
PAT_00002119,52,31.3,104,215,100,UNKNOWN,7,0
PAT_00002120,67,35.0,144,250,173,FORMER,2,0
PAT_00002121,92,34.1,184,176,211,UNKNOWN,4,1
PAT_00002122,36,31.2,169,291,165,UNKNOWN,5,0
PAT_00002123,75,22.7,106,242,149,UNKNOWN,2,0
PAT_00002124,85,21.1,152,182,200,CURRENT,7,1
PAT_00002125,71,29.7,114,219,185,UNKNOWN,2,1
PAT_00002126,42,28.0,125,201,107,UNKNOWN,2,0
PAT_00002127,57,36.3,131,269,173,UNKNOWN,8,0
PAT_00002128,21,28.6,125,249,112,NEVER,4,0
PAT_00002129,29,34.5,137,143,200,FORMER,2,0
PAT_00002130,69,28.3,149,278,227,UNKNOWN,7,1
PAT_00002131,47,34.5,118,225,109,CURRENT,2,0
PAT_00002132,37,30.4,165,244,231,NEVER,6,0
PAT_00002133,82,32.4,110,249,227,NEVER,5,1
PAT_00002134,74,31.0,170,249,164,NEVER,1,1
PAT_00002135,85,25.3,105,208,226,NEVER,8,1
PAT_00002136,36,24.3,180,235,145,UNKNOWN,7,0
PAT_00002137,83,24.9,180,228,141,CURRENT,0,0
PAT_00002138,40,29.3,171,261,223,FORMER,5,0
PAT_00002139,79,22.8,161,310,246,FORMER,3,1
PAT_00002140,81,26.8,181,274,107,CURRENT,4,1
PAT_00002141,45,15.7,173,145,161,FORMER,2,0
PAT_00002142,80,28.4,163,188,123,CURRENT,5,1
PAT_00002143,56,27.9,141,241,177,UNKNOWN,1,0
PAT_00002144,68,31.3,141,216,83,UNKNOWN,4,1
PAT_00002145,29,29.9,127,260,155,NEVER,5,0
PAT_00002146,86,29.1,119,132,202,UNKNOWN,5,1
PAT_00002147,81,29.6,155,217,237,FORMER,6,1
PAT_00002148,53,31.0,169,288,210,NEVER,5,1
PAT_00002149,67,30.3,168,177,230,CURRENT,6,1
PAT_00002150,62,28.8,130,203,199,FORMER,3,0
PAT_00002151,50,35.6,132,278,237,NEVER,0,0
PAT_00002152,41,26.8,164,143,259,NEVER,1,0
PAT_00002153,78,31.4,155,243,252,FORMER,5,1
PAT_00002154,64,12.5,127,198,249,UNKNOWN,0,0
PAT_00002155,82,34.2,96,247,251,UNKNOWN,7,1
PAT_00002156,81,30.9,171,211,221,NEVER,4,1
PAT_00002157,45,22.1,168,137,146,CURRENT,2,0
PAT_00002158,90,30.7,144,234,167,CURRENT,2,0
PAT_00002159,60,19.8,181,218,148,CURRENT,3,1
PAT_00002160,26,31.4,129,276,201,UNKNOWN,4,0
PAT_00002161,60,32.7,177,288,173,UNKNOWN,5,0
PAT_00002162,44,23.3,146,244,241,CURRENT,4,0
PAT_00002163,25,24.6,135,135,189,UNKNOWN,6,1
PAT_00002164,91,24.7,159,163,167,NEVER,4,1
PAT_00002165,24,28.5,132,174,180,NEVER,1,0
PAT_00002166,58,24.3,119,172,131,UNKNOWN,8,0
PAT_00002167,56,26.1,101,268,222,CURRENT,8,0
PAT_00002168,91,21.5,118,219,153,FORMER,7,1
PAT_00002169,26,25.8,144,144,106,FORMER,3,1
PAT_00002170,60,27.7,106,290,73,CURRENT,6,0
PAT_00002171,21,34.8,153,306,81,UNKNOWN,0,0
PAT_00002172,51,29.6,137,299,143,FORMER,6,0
PAT_00002173,87,23.1,146,200,78,UNKNOWN,1,0
PAT_00002174,62,30.0,175,190,105,CURRENT,6,0
PAT_00002175,36,28.6,156,244,236,NEVER,0,0
PAT_00002176,50,15.8,182,301,241,FORMER,1,0
PAT_00002177,75,26.6,116,211,184,CURRENT,8,1
PAT_00002178,66,27.4,131,174,125,UNKNOWN,7,1
PAT_00002179,57,23.3,108,128,219,UNKNOWN,8,1
PAT_00002180,89,27.4,178,261,123,UNKNOWN,1,0
PAT_00002181,40,32.7,132,266,236,UNKNOWN,1,1
PAT_00002182,21,23.9,175,247,210,NEVER,7,0
PAT_00002183,31,21.8,113,202,100,UNKNOWN,0,1
PAT_00002184,60,25.3,123,219,124,CURRENT,1,0
PAT_00002185,25,23.9,97,192,154,FORMER,4,0
PAT_00002186,26,32.0,140,239,171,NEVER,7,0
PAT_00002187,25,29.4,105,292,259,FORMER,7,0
PAT_00002188,64,27.2,161,277,144,CURRENT,8,0
PAT_00002189,90,33.2,113,203,244,FORMER,5,1
PAT_00002190,53,31.5,172,184,192,CURRENT,3,0
PAT_00002191,63,26.3,112,296,201,CURRENT,4,0
PAT_00002192,67,21.6,138,185,236,FORMER,1,1
PAT_00002193,88,29.2,156,225,92,FORMER,4,1
PAT_00002194,81,30.7,95,150,165,FORMER,0,1
PAT_00002195,26,36.7,109,237,206,FORMER,0,0
PAT_00002196,53,32.2,171,130,99,FORMER,2,0
PAT_00002197,46,35.6,166,210,84,FORMER,3,1
PAT_00002198,70,23.6,112,217,240,FORMER,3,1
PAT_00002199,42,30.3,147,271,254,FORMER,7,0
PAT_00002200,77,30.5,104,166,158,CURRENT,2,0
PAT_00002201,90,25.7,131,135,202,UNKNOWN,6,1
PAT_00002202,21,33.3,142,308,176,UNKNOWN,7,0
PAT_00002203,69,28.6,175,177,143,NEVER,8,1
PAT_00002204,71,34.7,181,123,129,FORMER,0,0
PAT_00002205,71,23.4,139,265,258,CURRENT,7,1
PAT_00002206,73,30.1,132,245,211,NEVER,2,1
PAT_00002207,78,21.1,183,262,89,NEVER,8,1
PAT_00002208,87,27.9,114,143,206,CURRENT,1,1
PAT_00002209,83,21.9,130,249,173,NEVER,8,1
PAT_00002210,38,28.4,158,146,228,FORMER,8,0
PAT_00002211,72,37.6,132,127,202,NEVER,1,1
PAT_00002212,45,23.8,154,146,109,UNKNOWN,3,0
PAT_00002213,76,28.7,97,254,257,CURRENT,8,1
PAT_00002214,79,30.2,171,214,96,UNKNOWN,0,0
PAT_00002215,82,31.6,155,177,164,CURRENT,1,0
PAT_00002216,28,33.1,130,280,172,FORMER,5,0
PAT_00002217,80,26.8,154,239,80,UNKNOWN,4,1
PAT_00002218,87,29.7,144,188,142,NEVER,1,0
PAT_00002219,26,19.3,170,209,203,UNKNOWN,0,0
PAT_00002220,46,25.1,128,289,188,FORMER,4,0
PAT_00002221,59,22.2,164,284,240,FORMER,3,0
PAT_00002222,92,25.1,121,272,161,FORMER,4,1
PAT_00002223,63,25.3,143,137,174,CURRENT,0,0
PAT_00002224,35,22.0,125,208,125,CURRENT,7,0
PAT_00002225,42,29.1,158,298,247,FORMER,6,0
PAT_00002226,50,26.8,107,195,151,FORMER,1,0
PAT_00002227,62,19.0,98,276,85,FORMER,7,0
PAT_00002228,30,23.6,146,208,70,NEVER,4,0
PAT_00002229,33,29.3,103,285,214,FORMER,1,1
PAT_00002230,24,25.2,160,285,132,UNKNOWN,0,0
PAT_00002231,42,26.5,171,186,256,CURRENT,1,0
PAT_00002232,75,26.1,123,170,233,NEVER,2,1
PAT_00002233,35,32.3,166,286,89,UNKNOWN,7,0
PAT_00002234,29,27.1,164,238,173,UNKNOWN,1,1
PAT_00002235,31,30.3,152,121,126,CURRENT,3,0
PAT_00002236,72,36.6,163,138,220,FORMER,4,1
PAT_00002237,42,26.1,165,262,205,NEVER,1,0
PAT_00002238,91,32.3,109,229,224,NEVER,8,1
PAT_00002239,46,26.3,135,123,155,FORMER,3,0
PAT_00002240,74,29.4,126,165,205,UNKNOWN,8,1
PAT_00002241,46,29.9,141,205,256,NEVER,8,0
PAT_00002242,52,27.0,117,208,124,UNKNOWN,1,0
PAT_00002243,90,26.0,135,220,154,CURRENT,0,0
PAT_00002244,64,10.4,181,232,173,NEVER,0,0
PAT_00002245,30,17.7,145,261,191,CURRENT,6,0
PAT_00002246,31,24.7,130,239,233,FORMER,5,0
PAT_00002247,63,32.5,175,242,185,CURRENT,1,0
PAT_00002248,61,25.5,153,266,172,NEVER,1,0
PAT_00002249,23,28.8,97,205,126,UNKNOWN,6,0
PAT_00002250,84,29.3,118,206,253,NEVER,8,1
PAT_00002251,34,31.7,96,198,226,FORMER,1,0
PAT_00002252,88,23.0,163,170,156,FORMER,7,1
PAT_00002253,87,20.9,156,153,155,CURRENT,6,1
PAT_00002254,89,31.6,151,205,209,NEVER,5,1
PAT_00002255,63,15.9,109,213,260,CURRENT,8,0
PAT_00002256,83,27.1,185,189,79,NEVER,4,1
PAT_00002257,70,13.2,120,253,222,FORMER,1,1
PAT_00002258,41,29.2,125,304,111,FORMER,2,0
PAT_00002259,24,32.4,104,216,196,CURRENT,7,0
PAT_00002260,80,23.1,161,185,119,NEVER,3,1
PAT_00002261,32,27.1,167,173,88,UNKNOWN,0,0
PAT_00002262,64,29.0,179,226,106,CURRENT,6,0
PAT_00002263,25,34.0,123,157,222,FORMER,7,0
PAT_00002264,24,28.8,119,193,186,FORMER,8,0
PAT_00002265,71,27.8,141,145,227,FORMER,6,1
PAT_00002266,44,28.8,176,250,178,CURRENT,5,0
PAT_00002267,21,30.3,185,276,229,CURRENT,1,1
PAT_00002268,75,28.4,97,132,75,NEVER,6,1
PAT_00002269,82,22.2,174,256,144,CURRENT,8,1
PAT_00002270,80,31.2,162,123,166,FORMER,7,1
PAT_00002271,21,22.3,124,188,236,NEVER,4,0
PAT_00002272,51,31.3,100,272,128,NEVER,6,0
PAT_00002273,55,30.8,154,135,123,NEVER,8,1
PAT_00002274,67,28.6,100,254,183,CURRENT,8,1
PAT_00002275,67,24.2,112,248,178,FORMER,7,1
PAT_00002276,62,25.0,107,121,122,FORMER,1,0
PAT_00002277,62,31.2,163,295,144,UNKNOWN,8,0
PAT_00002278,27,25.0,139,173,203,UNKNOWN,2,0
PAT_00002279,78,28.5,128,140,145,UNKNOWN,8,1
PAT_00002280,52,29.9,165,278,164,NEVER,0,0
PAT_00002281,42,30.6,146,122,155,CURRENT,7,0
PAT_00002282,65,20.5,133,202,203,CURRENT,4,1
PAT_00002283,45,29.3,97,289,95,UNKNOWN,3,0
PAT_00002284,24,28.4,149,270,186,NEVER,4,1
PAT_00002285,81,23.0,169,128,221,CURRENT,4,1
PAT_00002286,54,19.5,122,206,245,UNKNOWN,3,1
PAT_00002287,50,28.1,166,288,247,FORMER,1,0
PAT_00002288,86,30.9,143,269,156,NEVER,4,1
PAT_00002289,32,22.7,110,309,107,UNKNOWN,7,0
PAT_00002290,83,26.5,184,134,237,UNKNOWN,4,1
PAT_00002291,36,23.1,134,228,165,FORMER,6,0
PAT_00002292,70,25.7,182,202,87,FORMER,4,1
PAT_00002293,29,27.0,140,290,216,CURRENT,1,0
PAT_00002294,71,26.0,185,291,194,NEVER,2,1
PAT_00002295,45,28.1,166,197,83,CURRENT,6,0
PAT_00002296,59,30.6,135,225,207,FORMER,6,0
PAT_00002297,53,30.2,108,254,113,FORMER,0,0
PAT_00002298,53,25.4,141,291,217,UNKNOWN,8,1
PAT_00002299,30,19.4,138,230,102,UNKNOWN,2,0
PAT_00002300,86,29.0,150,303,239,UNKNOWN,8,1
PAT_00002301,88,28.6,120,199,119,FORMER,7,1
PAT_00002302,58,24.7,163,121,225,CURRENT,8,0
PAT_00002303,73,18.3,101,255,243,FORMER,4,1
PAT_00002304,77,31.0,110,291,146,NEVER,1,0
PAT_00002305,51,26.4,124,305,167,FORMER,2,0
PAT_00002306,64,22.6,136,238,192,NEVER,8,0
PAT_00002307,63,22.8,115,267,89,UNKNOWN,5,0
PAT_00002308,90,29.3,181,206,214,CURRENT,5,1
PAT_00002309,90,27.7,111,161,199,CURRENT,5,1
PAT_00002310,26,22.2,119,191,193,NEVER,4,0
PAT_00002311,28,26.3,163,214,258,CURRENT,7,0
PAT_00002312,24,16.9,132,258,254,NEVER,7,0
PAT_00002313,30,19.4,127,259,199,NEVER,2,0
PAT_00002314,90,24.1,101,177,117,NEVER,2,1
PAT_00002315,25,18.2,148,276,231,FORMER,8,0
PAT_00002316,65,29.1,153,156,250,UNKNOWN,5,0
PAT_00002317,28,18.4,150,248,87,UNKNOWN,5,0
PAT_00002318,87,30.7,129,226,83,CURRENT,0,0
PAT_00002319,37,25.5,167,244,206,FORMER,8,0
PAT_00002320,62,31.9,168,203,116,CURRENT,4,0
PAT_00002321,68,28.4,164,156,217,FORMER,8,1
PAT_00002322,43,29.9,173,210,147,NEVER,6,0
PAT_00002323,84,38.8,164,162,232,UNKNOWN,6,1
PAT_00002324,79,25.1,122,196,222,NEVER,1,1
PAT_00002325,29,33.9,155,285,142,NEVER,4,0
PAT_00002326,92,26.2,105,234,126,NEVER,1,0
PAT_00002327,39,19.4,163,299,220,CURRENT,5,0
PAT_00002328,66,33.0,185,248,84,UNKNOWN,3,1
PAT_00002329,87,26.5,159,220,104,CURRENT,3,1
PAT_00002330,44,25.4,107,170,206,UNKNOWN,1,0
PAT_00002331,62,33.6,121,181,144,CURRENT,1,1
PAT_00002332,51,30.1,102,297,244,CURRENT,8,0
PAT_00002333,39,31.7,159,180,108,FORMER,0,0
PAT_00002334,23,25.5,97,195,230,UNKNOWN,4,0
PAT_00002335,24,19.2,142,181,157,CURRENT,2,0
PAT_00002336,67,29.5,106,145,116,FORMER,6,1
PAT_00002337,59,35.5,174,228,70,NEVER,5,0
PAT_00002338,92,28.7,113,191,212,NEVER,3,1
PAT_00002339,90,26.4,162,184,173,CURRENT,4,1
PAT_00002340,39,18.2,115,192,113,FORMER,1,0
PAT_00002341,42,26.7,122,186,207,NEVER,7,0
PAT_00002342,27,32.2,162,306,137,FORMER,8,0
PAT_00002343,70,32.8,183,154,91,FORMER,1,0
PAT_00002344,81,23.3,141,274,239,NEVER,8,1
PAT_00002345,56,21.3,182,279,121,CURRENT,7,0
PAT_00002346,90,30.0,97,161,225,FORMER,6,1
PAT_00002347,31,34.6,176,133,239,NEVER,6,0
PAT_00002348,55,22.6,121,177,70,UNKNOWN,5,0
PAT_00002349,73,31.2,157,301,72,CURRENT,4,1
PAT_00002350,59,25.6,175,174,245,CURRENT,6,0
PAT_00002351,31,21.2,95,203,90,CURRENT,0,0
PAT_00002352,37,27.2,125,310,207,FORMER,7,0
PAT_00002353,44,30.4,98,297,198,UNKNOWN,8,0
PAT_00002354,31,33.6,127,287,153,UNKNOWN,7,0
PAT_00002355,87,23.9,141,201,254,FORMER,0,1
PAT_00002356,70,28.1,136,233,253,CURRENT,4,1
PAT_00002357,56,21.6,159,196,250,CURRENT,4,0
PAT_00002358,82,24.6,180,213,88,CURRENT,5,1
PAT_00002359,49,25.7,110,188,179,NEVER,4,0
PAT_00002360,69,30.9,164,265,177,NEVER,2,0
PAT_00002361,42,14.6,107,309,209,NEVER,2,0
PAT_00002362,36,23.4,128,176,111,NEVER,0,1
PAT_00002363,86,22.7,115,267,130,UNKNOWN,7,1
PAT_00002364,40,27.0,179,232,129,CURRENT,3,0
PAT_00002365,88,23.5,133,187,212,UNKNOWN,0,1
PAT_00002366,75,19.3,167,243,190,CURRENT,4,1
PAT_00002367,69,23.8,136,209,191,FORMER,4,1
PAT_00002368,46,29.5,147,225,87,NEVER,0,0
PAT_00002369,25,24.9,165,276,204,NEVER,1,0
PAT_00002370,83,31.4,159,153,222,UNKNOWN,4,1
PAT_00002371,92,19.2,177,192,117,FORMER,8,1
PAT_00002372,30,37.4,104,289,244,UNKNOWN,3,0
PAT_00002373,29,29.0,143,144,159,UNKNOWN,3,0
PAT_00002374,79,38.0,143,170,86,UNKNOWN,3,1
PAT_00002375,68,24.5,145,130,123,CURRENT,3,1
PAT_00002376,64,32.8,180,178,146,CURRENT,7,1
PAT_00002377,68,30.0,178,253,92,CURRENT,2,0
PAT_00002378,34,32.3,158,209,162,NEVER,4,0
PAT_00002379,55,17.7,106,279,110,UNKNOWN,4,0
PAT_00002380,65,28.6,131,125,213,NEVER,3,0
PAT_00002381,38,25.3,154,239,217,UNKNOWN,4,0
PAT_00002382,57,26.6,119,231,108,NEVER,3,1
PAT_00002383,91,26.3,170,131,146,NEVER,6,1
PAT_00002384,57,24.0,177,185,130,FORMER,0,0
PAT_00002385,75,17.0,122,210,232,UNKNOWN,6,1
PAT_00002386,21,30.4,169,135,92,CURRENT,4,0
PAT_00002387,60,29.7,166,148,96,CURRENT,1,0
PAT_00002388,51,25.4,117,301,226,NEVER,4,0
PAT_00002389,47,34.2,131,264,259,UNKNOWN,0,0
PAT_00002390,72,26.7,180,199,123,NEVER,1,0
PAT_00002391,69,19.1,109,262,205,CURRENT,7,1
PAT_00002392,88,29.4,127,222,150,CURRENT,6,1
PAT_00002393,87,25.9,158,303,212,UNKNOWN,4,1
PAT_00002394,76,19.1,171,258,179,UNKNOWN,0,0
PAT_00002395,58,32.8,173,292,186,FORMER,3,0
PAT_00002396,33,23.9,120,179,203,FORMER,1,0
PAT_00002397,51,35.9,122,179,240,CURRENT,1,0
PAT_00002398,70,28.5,161,197,77,CURRENT,6,1
PAT_00002399,28,25.6,110,122,214,CURRENT,3,0
PAT_00002400,36,23.1,160,192,235,CURRENT,5,0
PAT_00002401,41,31.2,110,238,217,UNKNOWN,4,0
PAT_00002402,74,20.8,114,187,88,FORMER,5,1
PAT_00002403,80,25.8,169,201,155,UNKNOWN,4,1
PAT_00002404,22,27.0,112,302,73,CURRENT,3,0
PAT_00002405,56,25.3,145,202,167,NEVER,6,0
PAT_00002406,56,23.8,109,251,221,NEVER,5,0
PAT_00002407,39,19.2,146,173,212,FORMER,8,0
PAT_00002408,31,30.4,118,173,243,NEVER,2,0
PAT_00002409,91,27.5,107,264,260,CURRENT,4,1
PAT_00002410,65,39.6,176,200,99,UNKNOWN,1,0
PAT_00002411,39,27.9,118,135,187,UNKNOWN,8,0
PAT_00002412,84,35.1,120,161,81,FORMER,4,1
PAT_00002413,59,30.0,99,170,155,UNKNOWN,8,0
PAT_00002414,85,29.2,141,158,182,NEVER,0,1
PAT_00002415,61,12.9,114,124,191,FORMER,8,0
PAT_00002416,78,24.3,135,267,122,CURRENT,7,1
PAT_00002417,34,32.9,111,184,148,NEVER,5,0
PAT_00002418,45,24.3,106,302,179,CURRENT,5,0
PAT_00002419,27,26.7,171,195,180,UNKNOWN,4,0
PAT_00002420,85,23.0,149,302,208,FORMER,3,1
PAT_00002421,53,26.6,122,201,206,FORMER,6,0
PAT_00002422,43,19.6,172,230,138,UNKNOWN,4,0
PAT_00002423,38,33.7,99,294,165,NEVER,5,0
PAT_00002424,69,29.4,152,239,142,UNKNOWN,5,1
PAT_00002425,35,23.4,179,260,92,NEVER,3,0
PAT_00002426,86,37.2,105,223,239,UNKNOWN,2,1
PAT_00002427,22,28.6,147,233,95,FORMER,8,0
PAT_00002428,37,23.5,182,291,110,NEVER,6,1
PAT_00002429,71,22.5,161,226,163,NEVER,0,0
PAT_00002430,72,34.3,179,262,162,FORMER,1,0
PAT_00002431,47,22.7,99,262,147,NEVER,4,0
PAT_00002432,41,21.6,103,267,126,NEVER,8,0
PAT_00002433,26,26.1,175,182,138,NEVER,2,0
PAT_00002434,89,25.9,123,155,180,NEVER,5,1
PAT_00002435,23,29.5,169,195,105,FORMER,0,0
PAT_00002436,76,33.5,122,210,78,FORMER,4,1
PAT_00002437,58,32.6,118,171,260,UNKNOWN,6,0
PAT_00002438,83,33.8,152,254,219,FORMER,4,1
PAT_00002439,53,16.7,101,248,158,FORMER,0,0
PAT_00002440,24,28.5,131,210,213,NEVER,3,0
PAT_00002441,55,21.5,128,238,104,CURRENT,3,1
PAT_00002442,88,28.4,108,294,251,NEVER,3,1
PAT_00002443,67,29.4,155,218,76,FORMER,5,1
PAT_00002444,50,23.4,170,202,199,NEVER,1,0
PAT_00002445,59,25.9,118,155,151,FORMER,1,1
PAT_00002446,92,39.4,126,170,153,NEVER,7,1
PAT_00002447,90,34.7,176,190,111,UNKNOWN,2,0
PAT_00002448,61,30.6,95,137,230,UNKNOWN,8,0
PAT_00002449,82,25.1,151,121,71,UNKNOWN,1,0
PAT_00002450,36,25.3,177,294,259,NEVER,6,1
PAT_00002451,90,29.9,121,262,217,UNKNOWN,7,1
PAT_00002452,58,28.4,181,269,246,CURRENT,6,1
PAT_00002453,92,22.6,117,163,199,UNKNOWN,7,1
PAT_00002454,71,27.4,162,257,165,NEVER,1,1
PAT_00002455,56,28.2,147,178,136,FORMER,4,0
PAT_00002456,87,22.5,103,143,120,CURRENT,8,1
PAT_00002457,21,29.9,165,136,132,CURRENT,0,0
PAT_00002458,78,26.1,155,171,207,FORMER,5,1
PAT_00002459,69,31.6,170,204,165,NEVER,1,0
PAT_00002460,32,28.0,100,214,172,UNKNOWN,8,0
PAT_00002461,42,34.8,124,236,72,UNKNOWN,5,0
PAT_00002462,52,32.9,151,202,111,NEVER,6,0
PAT_00002463,27,22.5,128,233,93,CURRENT,7,0
PAT_00002464,43,25.9,129,163,166,UNKNOWN,7,0
PAT_00002465,37,17.5,128,280,202,CURRENT,1,1
PAT_00002466,76,29.7,112,310,76,CURRENT,0,0
PAT_00002467,86,22.8,175,245,111,CURRENT,0,0
PAT_00002468,22,24.9,176,149,82,FORMER,7,0
PAT_00002469,87,29.7,97,198,165,FORMER,6,1
PAT_00002470,26,24.4,129,207,137,FORMER,5,1
PAT_00002471,42,21.7,131,219,194,NEVER,2,0
PAT_00002472,32,25.4,107,158,217,CURRENT,5,1
PAT_00002473,73,21.2,105,228,234,FORMER,6,1
PAT_00002474,82,22.5,181,270,99,CURRENT,4,1
PAT_00002475,77,20.8,116,237,93,NEVER,6,1
PAT_00002476,41,33.8,137,127,246,UNKNOWN,7,0
PAT_00002477,78,29.5,118,292,139,NEVER,8,1
PAT_00002478,60,29.7,143,267,114,NEVER,8,0
PAT_00002479,26,24.5,96,162,156,NEVER,3,0
PAT_00002480,51,26.5,180,141,103,NEVER,2,0
PAT_00002481,56,31.8,147,242,136,CURRENT,0,0
PAT_00002482,61,20.4,110,252,134,UNKNOWN,4,0
PAT_00002483,33,30.2,138,271,231,UNKNOWN,0,0
PAT_00002484,83,28.2,126,137,122,UNKNOWN,7,1
PAT_00002485,89,24.5,115,129,188,FORMER,5,1
PAT_00002486,68,39.1,124,276,238,UNKNOWN,8,1
PAT_00002487,41,22.3,115,154,253,NEVER,2,0
PAT_00002488,46,26.7,155,198,228,UNKNOWN,3,0
PAT_00002489,54,31.3,166,251,240,NEVER,5,0
PAT_00002490,63,27.7,143,237,177,UNKNOWN,2,0
PAT_00002491,53,23.6,117,310,108,CURRENT,5,0
PAT_00002492,60,24.3,143,192,148,NEVER,2,1
PAT_00002493,59,29.8,147,234,174,NEVER,3,0
PAT_00002494,90,19.9,174,297,89,FORMER,6,1
PAT_00002495,43,25.5,106,142,182,FORMER,0,0
PAT_00002496,63,32.5,159,239,148,FORMER,0,1
PAT_00002497,31,20.6,182,309,174,UNKNOWN,7,0
PAT_00002498,92,30.3,124,216,238,FORMER,3,1
PAT_00002499,28,20.9,151,170,138,CURRENT,7,0
PAT_00002500,26,26.0,183,251,104,NEVER,3,0
PAT_00002501,27,20.1,149,293,151,NEVER,6,0
PAT_00002502,42,23.2,133,189,131,FORMER,5,1
PAT_00002503,46,28.3,133,141,81,CURRENT,2,0
PAT_00002504,28,31.2,133,236,160,NEVER,1,0
PAT_00002505,52,28.8,139,211,116,NEVER,6,0
PAT_00002506,79,28.6,185,261,135,CURRENT,0,0
PAT_00002507,67,25.8,104,261,201,UNKNOWN,4,1
PAT_00002508,69,20.5,151,257,214,NEVER,7,1
PAT_00002509,54,29.9,169,286,141,CURRENT,7,1
PAT_00002510,59,25.6,124,135,151,UNKNOWN,7,0
PAT_00002511,77,22.2,179,200,222,NEVER,5,1
PAT_00002512,59,22.5,114,276,153,CURRENT,6,0
PAT_00002513,32,29.2,103,186,258,NEVER,8,0
PAT_00002514,57,26.1,165,304,237,FORMER,4,0
PAT_00002515,43,31.8,150,269,162,FORMER,6,0
PAT_00002516,66,17.8,159,167,247,FORMER,5,1
PAT_00002517,77,30.1,154,219,222,NEVER,2,1
PAT_00002518,51,36.2,127,283,166,FORMER,0,0
PAT_00002519,69,24.6,162,155,120,CURRENT,8,1
PAT_00002520,89,30.8,147,276,203,CURRENT,1,1
PAT_00002521,82,28.8,175,137,189,NEVER,4,1
PAT_00002522,73,23.5,171,281,244,FORMER,4,1
PAT_00002523,92,24.3,141,195,260,UNKNOWN,6,1
PAT_00002524,83,29.9,176,211,127,UNKNOWN,4,1
PAT_00002525,51,35.0,169,140,105,UNKNOWN,7,0
PAT_00002526,51,29.7,167,139,203,NEVER,5,0
PAT_00002527,61,30.6,162,144,246,UNKNOWN,5,1
PAT_00002528,54,24.7,182,218,191,CURRENT,7,0
PAT_00002529,66,26.9,140,160,157,CURRENT,1,0
PAT_00002530,21,31.0,106,298,197,FORMER,7,0
PAT_00002531,23,17.2,141,160,121,FORMER,1,0
PAT_00002532,30,33.4,184,173,98,UNKNOWN,6,0
PAT_00002533,31,23.7,173,225,141,NEVER,1,1
PAT_00002534,78,30.5,96,224,105,CURRENT,5,1
PAT_00002535,31,29.6,162,278,213,CURRENT,6,0
PAT_00002536,57,35.8,157,254,180,CURRENT,6,0
PAT_00002537,25,36.8,165,193,109,FORMER,0,1
PAT_00002538,37,23.8,124,135,178,CURRENT,3,0
PAT_00002539,29,19.5,97,148,131,UNKNOWN,3,0
PAT_00002540,29,23.0,99,137,87,UNKNOWN,3,0
PAT_00002541,52,19.3,135,174,117,CURRENT,1,0
PAT_00002542,50,19.3,163,255,239,NEVER,3,1
PAT_00002543,24,28.0,132,134,80,NEVER,7,0
PAT_00002544,62,20.3,115,179,232,NEVER,0,0
PAT_00002545,85,33.5,118,210,130,CURRENT,6,1
PAT_00002546,67,27.1,160,129,79,NEVER,4,1
PAT_00002547,38,25.4,153,139,195,NEVER,1,0
PAT_00002548,61,23.4,125,129,184,NEVER,4,0
PAT_00002549,56,27.0,99,247,170,NEVER,8,1
PAT_00002550,36,31.5,110,263,90,CURRENT,7,0
PAT_00002551,48,31.7,133,144,107,CURRENT,5,0
PAT_00002552,81,40.4,118,168,98,UNKNOWN,0,0
PAT_00002553,22,30.9,173,247,195,CURRENT,8,0
PAT_00002554,28,18.9,173,307,90,FORMER,0,0
PAT_00002555,92,27.5,127,135,212,FORMER,7,1
PAT_00002556,37,26.9,97,184,257,CURRENT,6,0
PAT_00002557,38,36.9,170,222,163,FORMER,6,0
PAT_00002558,57,32.2,100,217,240,NEVER,2,0
PAT_00002559,45,18.8,129,225,156,CURRENT,3,0
PAT_00002560,32,24.7,109,137,260,CURRENT,2,0
PAT_00002561,69,25.0,113,235,231,FORMER,8,1
PAT_00002562,43,32.1,165,128,106,CURRENT,1,0
PAT_00002563,61,30.2,131,237,188,FORMER,5,1
PAT_00002564,44,34.0,133,149,96,FORMER,1,0
PAT_00002565,46,25.6,106,139,115,FORMER,0,1
PAT_00002566,37,28.9,172,298,231,FORMER,4,0
PAT_00002567,31,33.1,159,304,192,UNKNOWN,6,0
PAT_00002568,72,15.7,123,273,128,FORMER,3,1
PAT_00002569,37,30.3,136,268,166,CURRENT,3,1
PAT_00002570,28,31.5,155,269,106,UNKNOWN,8,1
PAT_00002571,91,23.8,108,176,227,UNKNOWN,1,1
PAT_00002572,77,29.0,169,292,204,CURRENT,4,1
PAT_00002573,82,35.9,174,273,84,CURRENT,0,0
PAT_00002574,78,30.2,152,252,104,FORMER,0,0
PAT_00002575,48,33.8,159,246,239,CURRENT,2,0
PAT_00002576,61,31.2,165,240,213,CURRENT,7,0
PAT_00002577,36,28.7,180,172,226,UNKNOWN,6,0
PAT_00002578,30,25.5,131,270,130,FORMER,7,0
PAT_00002579,72,27.0,178,204,251,CURRENT,4,1
PAT_00002580,33,31.3,156,305,203,NEVER,7,1
PAT_00002581,62,33.2,162,265,158,NEVER,3,0
PAT_00002582,44,37.9,158,214,149,CURRENT,8,0
PAT_00002583,42,22.4,120,137,170,FORMER,2,0
PAT_00002584,46,26.0,139,304,73,UNKNOWN,5,0
PAT_00002585,62,33.8,125,257,93,UNKNOWN,2,0
PAT_00002586,80,17.9,154,184,109,CURRENT,5,1
PAT_00002587,41,23.9,111,265,154,NEVER,1,0
PAT_00002588,25,32.5,136,148,242,CURRENT,2,0
PAT_00002589,84,22.8,103,133,73,FORMER,2,0
PAT_00002590,43,25.5,137,259,185,NEVER,2,1
PAT_00002591,50,26.8,129,243,116,UNKNOWN,3,0
PAT_00002592,49,36.6,132,304,250,UNKNOWN,7,0
PAT_00002593,44,23.8,162,271,170,UNKNOWN,0,0
PAT_00002594,80,36.0,106,120,170,UNKNOWN,4,1
PAT_00002595,56,24.2,155,203,109,FORMER,2,0
PAT_00002596,84,28.9,96,291,186,UNKNOWN,2,1
PAT_00002597,43,27.4,170,310,97,FORMER,3,0
PAT_00002598,28,18.6,99,263,87,CURRENT,3,0
PAT_00002599,87,24.1,113,286,219,UNKNOWN,6,1
PAT_00002600,87,27.0,130,212,191,NEVER,5,1
PAT_00002601,23,36.6,109,171,153,FORMER,4,0
PAT_00002602,77,15.1,135,180,95,CURRENT,2,0
PAT_00002603,34,31.0,171,276,121,CURRENT,5,0
PAT_00002604,57,30.8,157,152,190,UNKNOWN,5,0
PAT_00002605,92,22.1,104,292,72,FORMER,1,1
PAT_00002606,82,16.8,107,216,250,FORMER,2,1
PAT_00002607,41,28.5,105,170,159,FORMER,4,0
PAT_00002608,74,31.3,182,304,189,NEVER,0,1
PAT_00002609,52,17.2,147,198,217,CURRENT,1,0
PAT_00002610,53,26.8,131,224,255,NEVER,0,1
PAT_00002611,83,28.5,151,167,105,CURRENT,0,0
PAT_00002612,63,27.4,159,244,184,UNKNOWN,2,0
PAT_00002613,82,31.6,166,263,183,NEVER,1,1
PAT_00002614,67,27.0,142,291,171,UNKNOWN,5,1
PAT_00002615,81,22.0,144,171,251,UNKNOWN,6,1
PAT_00002616,40,22.3,125,239,100,UNKNOWN,1,0
PAT_00002617,56,21.7,160,149,179,FORMER,5,0
PAT_00002618,71,20.8,121,142,208,CURRENT,3,1
PAT_00002619,92,23.8,183,139,153,NEVER,6,1
PAT_00002620,49,21.8,148,189,114,CURRENT,0,0
PAT_00002621,67,28.5,130,270,107,CURRENT,0,0
PAT_00002622,66,28.9,176,202,185,UNKNOWN,6,1
PAT_00002623,71,19.8,138,178,91,UNKNOWN,5,1
PAT_00002624,55,26.1,160,269,104,NEVER,2,0
PAT_00002625,65,37.2,183,219,91,UNKNOWN,6,1
PAT_00002626,46,30.6,142,203,212,UNKNOWN,3,0
PAT_00002627,81,30.9,160,214,158,CURRENT,2,0
PAT_00002628,53,22.1,148,271,102,UNKNOWN,5,0
PAT_00002629,21,29.5,146,149,80,UNKNOWN,5,0
PAT_00002630,21,30.0,157,200,226,CURRENT,0,1
PAT_00002631,27,24.7,126,304,167,CURRENT,2,0
PAT_00002632,55,34.0,141,145,133,UNKNOWN,8,0
PAT_00002633,61,25.5,101,137,117,UNKNOWN,8,1
PAT_00002634,71,26.0,124,265,121,UNKNOWN,1,0
PAT_00002635,36,30.4,111,229,71,NEVER,5,0
PAT_00002636,74,30.7,164,279,128,FORMER,0,0
PAT_00002637,47,23.2,173,225,176,UNKNOWN,7,0
PAT_00002638,46,27.5,95,215,177,UNKNOWN,1,1
PAT_00002639,87,28.8,126,303,119,CURRENT,4,1
PAT_00002640,66,25.9,163,263,92,FORMER,2,0
PAT_00002641,28,20.0,103,201,198,UNKNOWN,8,1
PAT_00002642,60,22.4,172,256,149,NEVER,8,0
PAT_00002643,88,29.6,112,229,161,CURRENT,7,1
PAT_00002644,39,27.6,107,269,208,UNKNOWN,2,0
PAT_00002645,23,17.4,167,281,187,UNKNOWN,0,0
PAT_00002646,62,25.7,161,148,178,UNKNOWN,1,0
PAT_00002647,56,33.6,177,177,143,FORMER,7,0
PAT_00002648,88,16.5,142,125,220,FORMER,2,1
PAT_00002649,66,24.0,152,239,101,NEVER,0,0
PAT_00002650,23,33.5,169,155,104,NEVER,5,0
PAT_00002651,76,38.8,154,163,133,CURRENT,6,1
PAT_00002652,67,32.0,129,125,116,FORMER,8,1
PAT_00002653,80,16.2,119,304,189,UNKNOWN,6,1
PAT_00002654,78,28.0,163,209,165,FORMER,6,1
PAT_00002655,36,28.9,173,155,98,UNKNOWN,4,0
PAT_00002656,30,25.9,117,125,186,FORMER,3,0
PAT_00002657,27,31.9,142,152,116,UNKNOWN,6,0
PAT_00002658,56,36.6,116,208,180,FORMER,4,1
PAT_00002659,27,25.9,147,207,195,UNKNOWN,3,0
PAT_00002660,91,28.7,128,289,193,UNKNOWN,4,1
PAT_00002661,51,25.8,104,239,103,NEVER,8,0
PAT_00002662,40,30.1,152,175,141,UNKNOWN,1,0
PAT_00002663,48,24.0,132,240,99,NEVER,3,0
PAT_00002664,89,39.1,163,232,73,FORMER,6,1
PAT_00002665,91,29.2,162,243,230,CURRENT,5,1
PAT_00002666,77,25.6,98,304,149,UNKNOWN,0,0
PAT_00002667,91,25.7,98,261,189,FORMER,1,1
PAT_00002668,32,34.5,165,276,70,NEVER,5,1
PAT_00002669,24,28.7,101,238,190,FORMER,7,0
PAT_00002670,72,33.6,111,258,135,FORMER,6,1
PAT_00002671,28,26.8,165,214,238,CURRENT,2,0
PAT_00002672,41,28.3,162,193,99,FORMER,1,0
PAT_00002673,24,31.7,101,224,210,FORMER,1,0
PAT_00002674,29,23.4,126,198,128,UNKNOWN,5,0
PAT_00002675,70,31.0,95,310,256,UNKNOWN,2,1
PAT_00002676,85,32.7,152,289,81,CURRENT,1,0
PAT_00002677,28,23.2,173,185,208,NEVER,3,0
PAT_00002678,85,25.7,170,300,103,UNKNOWN,0,0
PAT_00002679,72,17.2,121,172,175,CURRENT,6,1
PAT_00002680,55,29.9,159,262,188,NEVER,1,0
PAT_00002681,70,23.6,172,306,186,CURRENT,0,1
PAT_00002682,82,35.4,123,300,169,UNKNOWN,8,1
PAT_00002683,63,28.4,169,269,190,UNKNOWN,6,0
PAT_00002684,21,27.8,161,283,130,CURRENT,8,0
PAT_00002685,60,36.0,104,260,175,CURRENT,8,0
PAT_00002686,80,29.2,161,227,159,CURRENT,6,1
PAT_00002687,86,33.5,144,310,257,FORMER,3,1
PAT_00002688,43,24.1,168,223,106,NEVER,5,0
PAT_00002689,59,30.8,156,147,84,UNKNOWN,3,0
PAT_00002690,85,26.8,175,137,151,UNKNOWN,7,1
PAT_00002691,45,29.5,126,283,80,CURRENT,0,0
PAT_00002692,83,29.6,137,225,116,NEVER,6,1
PAT_00002693,53,31.0,143,247,195,CURRENT,3,1
PAT_00002694,46,16.6,165,211,225,NEVER,2,0
PAT_00002695,69,30.6,142,147,76,CURRENT,6,1
PAT_00002696,59,30.4,181,227,215,FORMER,4,0
PAT_00002697,76,29.3,106,286,120,FORMER,0,1
PAT_00002698,50,17.9,142,228,141,CURRENT,1,0
PAT_00002699,62,35.3,114,286,149,UNKNOWN,3,0
PAT_00002700,29,28.1,159,175,256,NEVER,5,0
PAT_00002701,67,25.9,160,139,215,NEVER,3,1
PAT_00002702,59,29.9,174,178,86,NEVER,2,0
PAT_00002703,69,32.2,152,266,136,FORMER,1,0
PAT_00002704,83,27.7,167,266,163,CURRENT,0,0
PAT_00002705,82,27.1,113,126,243,FORMER,0,1
PAT_00002706,84,22.5,151,203,122,FORMER,3,1
PAT_00002707,73,33.4,179,291,190,UNKNOWN,0,1
PAT_00002708,79,28.4,183,241,191,UNKNOWN,8,1
PAT_00002709,53,12.5,134,162,160,UNKNOWN,3,0
PAT_00002710,71,20.4,185,145,119,UNKNOWN,4,1
PAT_00002711,60,24.8,164,123,94,CURRENT,2,0
PAT_00002712,91,17.3,100,207,172,CURRENT,2,0
PAT_00002713,40,28.4,144,149,220,NEVER,1,0
PAT_00002714,92,44.4,112,175,101,FORMER,7,1
PAT_00002715,30,28.6,170,172,229,FORMER,7,0
PAT_00002716,68,34.6,140,125,143,FORMER,1,0
PAT_00002717,88,18.8,118,212,239,FORMER,1,1
PAT_00002718,31,27.6,175,251,182,CURRENT,6,0
PAT_00002719,53,34.3,172,266,147,FORMER,2,0
PAT_00002720,85,29.3,138,143,239,UNKNOWN,4,1
PAT_00002721,90,28.1,182,206,86,FORMER,8,1
PAT_00002722,48,23.2,159,242,155,CURRENT,0,0
PAT_00002723,79,26.0,155,256,113,CURRENT,0,1
PAT_00002724,67,34.0,152,167,196,CURRENT,8,1
PAT_00002725,55,13.5,174,272,133,NEVER,6,0
PAT_00002726,87,26.5,105,198,111,CURRENT,3,1
PAT_00002727,79,27.1,156,132,209,NEVER,4,1
PAT_00002728,72,32.5,157,222,133,FORMER,2,0
PAT_00002729,77,27.2,163,269,72,CURRENT,2,1
PAT_00002730,22,26.0,150,219,244,CURRENT,0,0
PAT_00002731,49,16.4,179,257,235,FORMER,2,0
PAT_00002732,37,29.6,102,198,126,CURRENT,6,0
PAT_00002733,79,18.2,129,181,84,NEVER,5,1
PAT_00002734,74,31.2,103,237,202,NEVER,1,1
PAT_00002735,77,28.3,128,191,209,UNKNOWN,5,1
PAT_00002736,40,26.7,100,183,238,FORMER,0,1
PAT_00002737,76,33.2,134,273,248,FORMER,8,1
PAT_00002738,74,13.4,151,179,206,UNKNOWN,7,1
PAT_00002739,72,26.3,118,202,146,CURRENT,3,1
PAT_00002740,83,29.2,122,142,164,NEVER,1,0
PAT_00002741,23,30.1,155,193,78,UNKNOWN,7,0
PAT_00002742,46,31.6,124,200,208,UNKNOWN,5,0
PAT_00002743,83,26.6,122,280,143,FORMER,2,0
PAT_00002744,37,28.1,105,159,255,CURRENT,2,0
PAT_00002745,86,31.3,149,162,183,NEVER,3,1
PAT_00002746,41,24.7,170,166,242,CURRENT,6,0
PAT_00002747,58,23.1,98,206,101,NEVER,7,0
PAT_00002748,76,27.2,166,208,197,UNKNOWN,5,1
PAT_00002749,51,26.3,155,171,241,UNKNOWN,2,0
PAT_00002750,70,26.1,158,142,94,UNKNOWN,4,1
PAT_00002751,44,28.1,119,191,133,UNKNOWN,1,0
PAT_00002752,31,28.8,172,302,242,NEVER,3,0
PAT_00002753,53,28.1,166,210,235,FORMER,1,0
PAT_00002754,80,27.0,101,233,103,CURRENT,3,1
PAT_00002755,27,21.3,137,259,116,FORMER,1,0
PAT_00002756,75,34.0,120,144,115,CURRENT,7,1
PAT_00002757,39,34.3,157,154,99,FORMER,0,0
PAT_00002758,69,26.8,116,207,167,UNKNOWN,4,1
PAT_00002759,49,24.7,118,149,210,NEVER,0,0
PAT_00002760,40,26.4,111,178,239,CURRENT,3,0
PAT_00002761,92,27.7,175,300,200,CURRENT,8,1
PAT_00002762,73,32.1,174,268,90,CURRENT,5,1
PAT_00002763,43,28.1,139,231,217,NEVER,0,0
PAT_00002764,89,33.2,108,224,79,NEVER,8,1
PAT_00002765,43,21.5,98,122,197,UNKNOWN,0,1
PAT_00002766,31,26.1,153,155,216,FORMER,8,0
PAT_00002767,37,30.3,141,182,89,CURRENT,5,0
PAT_00002768,53,27.7,160,212,131,FORMER,0,0
PAT_00002769,87,33.8,182,141,245,CURRENT,7,1
PAT_00002770,52,36.8,153,275,132,FORMER,8,0
PAT_00002771,34,34.1,168,275,91,UNKNOWN,6,0
PAT_00002772,27,26.7,128,242,179,UNKNOWN,6,1
PAT_00002773,40,17.6,110,154,104,CURRENT,4,0
PAT_00002774,78,24.7,136,231,238,UNKNOWN,2,1
PAT_00002775,31,27.2,112,222,259,UNKNOWN,0,0
PAT_00002776,23,19.2,130,121,233,FORMER,3,0
PAT_00002777,59,27.8,169,254,198,FORMER,4,0
PAT_00002778,31,17.5,117,160,97,NEVER,6,0
PAT_00002779,51,22.0,161,309,101,FORMER,8,0
PAT_00002780,31,31.3,180,248,182,UNKNOWN,5,0
PAT_00002781,22,37.6,137,242,206,NEVER,1,0
PAT_00002782,36,15.9,152,132,164,UNKNOWN,4,0
PAT_00002783,64,29.0,126,310,222,NEVER,0,0
PAT_00002784,58,25.0,109,129,211,FORMER,5,0
PAT_00002785,21,30.2,131,143,186,CURRENT,6,0
PAT_00002786,28,28.6,181,270,116,CURRENT,8,0
PAT_00002787,64,22.2,123,236,233,FORMER,6,0
PAT_00002788,92,20.8,167,203,209,CURRENT,0,1
PAT_00002789,64,32.5,96,243,241,CURRENT,2,0
PAT_00002790,22,21.0,115,256,169,FORMER,3,0
PAT_00002791,23,26.6,185,257,157,FORMER,1,0
PAT_00002792,27,39.8,146,130,94,CURRENT,0,0
PAT_00002793,29,27.4,181,236,81,CURRENT,0,0
PAT_00002794,46,22.9,132,265,153,CURRENT,7,1
PAT_00002795,54,28.6,120,222,129,NEVER,5,0
PAT_00002796,92,22.9,155,297,199,CURRENT,6,1
PAT_00002797,69,27.8,149,255,253,NEVER,4,1
PAT_00002798,39,34.1,175,122,258,UNKNOWN,6,1
PAT_00002799,80,24.9,111,251,160,UNKNOWN,7,1
PAT_00002800,39,15.9,170,298,143,CURRENT,3,0
PAT_00002801,91,27.3,166,272,99,CURRENT,6,1
PAT_00002802,31,25.7,109,257,224,UNKNOWN,8,0
PAT_00002803,46,44.2,136,138,93,CURRENT,4,0
PAT_00002804,48,31.4,118,300,155,NEVER,4,0
PAT_00002805,87,31.0,149,299,180,UNKNOWN,7,1
PAT_00002806,48,27.9,141,178,82,FORMER,8,0
PAT_00002807,49,37.6,159,172,117,CURRENT,4,0
PAT_00002808,79,20.1,178,234,77,NEVER,8,1
PAT_00002809,21,28.6,111,232,246,UNKNOWN,4,0
PAT_00002810,27,20.2,149,127,83,CURRENT,4,0
PAT_00002811,58,39.2,123,240,256,UNKNOWN,7,0
PAT_00002812,44,24.6,179,228,191,NEVER,4,0
PAT_00002813,63,29.3,160,181,95,NEVER,4,0
PAT_00002814,66,31.1,180,164,110,FORMER,2,0
PAT_00002815,81,37.2,162,284,178,FORMER,6,1
PAT_00002816,75,26.9,113,138,200,FORMER,3,1
PAT_00002817,36,30.8,122,167,175,UNKNOWN,2,0
PAT_00002818,22,18.1,183,187,244,CURRENT,4,1
PAT_00002819,27,28.2,155,309,102,CURRENT,8,1
PAT_00002820,56,21.6,121,268,111,CURRENT,2,1
PAT_00002821,24,30.5,102,176,128,NEVER,6,0
PAT_00002822,75,31.8,108,288,136,CURRENT,7,1
PAT_00002823,82,26.5,132,140,202,NEVER,3,1
PAT_00002824,31,29.3,95,225,132,NEVER,1,0
PAT_00002825,52,38.2,135,287,226,NEVER,2,0
PAT_00002826,85,25.7,100,267,146,UNKNOWN,4,1
PAT_00002827,26,12.5,176,304,125,NEVER,5,0
PAT_00002828,34,30.1,158,210,189,UNKNOWN,4,0
PAT_00002829,56,22.7,121,245,181,UNKNOWN,6,0
PAT_00002830,80,30.2,170,168,172,FORMER,0,0
PAT_00002831,55,26.1,100,292,203,NEVER,0,1
PAT_00002832,46,30.7,174,195,258,CURRENT,1,0
PAT_00002833,87,26.7,116,247,174,NEVER,6,1
PAT_00002834,49,33.1,170,208,257,NEVER,3,0
PAT_00002835,60,20.1,127,240,238,UNKNOWN,5,0
PAT_00002836,84,24.0,165,263,116,CURRENT,4,1
PAT_00002837,85,22.9,116,154,204,FORMER,8,1
PAT_00002838,63,33.3,163,284,175,CURRENT,6,0
PAT_00002839,49,28.3,119,261,209,UNKNOWN,7,0
PAT_00002840,47,24.9,173,251,165,NEVER,7,0
PAT_00002841,87,27.1,168,158,230,FORMER,5,1
PAT_00002842,74,21.0,129,303,253,FORMER,6,1
PAT_00002843,76,31.5,152,147,166,UNKNOWN,5,1
PAT_00002844,31,27.8,109,240,73,CURRENT,8,0
PAT_00002845,29,29.6,143,223,156,CURRENT,8,0
PAT_00002846,77,30.0,117,264,95,CURRENT,7,1
PAT_00002847,83,32.6,119,234,117,FORMER,8,1
PAT_00002848,27,22.2,156,155,138,CURRENT,8,0
PAT_00002849,54,29.8,97,249,184,NEVER,3,0
PAT_00002850,31,26.7,150,241,198,CURRENT,1,0
PAT_00002851,63,24.2,105,192,180,FORMER,5,0
PAT_00002852,38,31.9,172,253,150,FORMER,0,0
PAT_00002853,28,33.7,116,305,241,NEVER,0,1
PAT_00002854,90,29.4,165,160,229,FORMER,3,1
PAT_00002855,64,20.8,143,126,131,FORMER,0,0
PAT_00002856,63,33.1,180,252,126,UNKNOWN,3,0
PAT_00002857,54,32.4,152,301,248,NEVER,1,0
PAT_00002858,47,31.7,108,173,242,NEVER,4,0
PAT_00002859,50,25.8,121,165,201,FORMER,5,0
PAT_00002860,53,34.0,137,199,216,NEVER,1,0
PAT_00002861,57,25.8,169,219,142,UNKNOWN,1,1
PAT_00002862,79,33.8,180,155,222,CURRENT,8,1
PAT_00002863,57,26.0,108,137,121,CURRENT,4,0
PAT_00002864,23,28.1,151,121,221,UNKNOWN,3,0
PAT_00002865,61,26.2,103,160,259,CURRENT,0,0
PAT_00002866,21,31.8,148,182,163,FORMER,5,0
PAT_00002867,32,23.7,102,285,208,UNKNOWN,8,0
PAT_00002868,82,25.1,170,241,227,FORMER,0,1
PAT_00002869,79,31.9,182,138,165,FORMER,3,1
PAT_00002870,65,21.8,142,169,175,CURRENT,3,0
PAT_00002871,36,24.5,149,135,83,FORMER,4,0
PAT_00002872,52,33.2,149,212,193,UNKNOWN,6,0
PAT_00002873,66,21.1,172,177,170,NEVER,1,0
PAT_00002874,24,22.9,148,285,106,FORMER,0,0
PAT_00002875,61,35.0,101,171,174,CURRENT,5,0
PAT_00002876,24,21.7,182,292,156,NEVER,0,0
PAT_00002877,74,29.0,168,259,247,UNKNOWN,7,1
PAT_00002878,27,26.2,134,177,231,NEVER,5,0
PAT_00002879,62,26.5,176,297,208,NEVER,3,0
PAT_00002880,90,21.8,141,128,94,CURRENT,4,1
PAT_00002881,56,24.4,99,264,132,UNKNOWN,7,0
PAT_00002882,84,26.4,148,167,186,CURRENT,8,1
PAT_00002883,43,32.0,122,259,147,UNKNOWN,7,0
PAT_00002884,35,25.1,177,306,143,NEVER,0,0
PAT_00002885,41,29.6,97,136,112,CURRENT,0,1
PAT_00002886,65,23.3,99,268,173,UNKNOWN,1,0
PAT_00002887,45,40.6,121,168,114,CURRENT,0,0
PAT_00002888,78,31.0,147,126,213,FORMER,7,1
PAT_00002889,76,35.0,103,226,180,FORMER,1,0
PAT_00002890,85,35.3,152,228,244,UNKNOWN,1,1
PAT_00002891,66,21.4,177,252,259,CURRENT,0,1
PAT_00002892,46,13.0,126,285,241,FORMER,3,0
PAT_00002893,29,33.6,152,138,218,FORMER,2,0
PAT_00002894,72,29.5,182,127,100,NEVER,0,0
PAT_00002895,87,35.9,148,281,150,UNKNOWN,2,0
PAT_00002896,40,29.2,126,261,237,NEVER,2,0
PAT_00002897,47,25.9,118,215,93,UNKNOWN,7,0
PAT_00002898,85,32.3,142,224,228,NEVER,2,1
PAT_00002899,51,34.0,167,164,73,UNKNOWN,1,0
PAT_00002900,22,28.7,125,218,254,FORMER,6,0
PAT_00002901,85,25.7,148,135,145,NEVER,4,1
PAT_00002902,85,35.8,111,224,145,CURRENT,8,1
PAT_00002903,45,29.7,111,305,222,UNKNOWN,0,0
PAT_00002904,70,35.2,126,149,217,CURRENT,1,1
PAT_00002905,43,25.2,132,300,155,UNKNOWN,5,0
PAT_00002906,80,30.3,131,274,221,CURRENT,4,1
PAT_00002907,22,21.0,156,298,151,CURRENT,6,0
PAT_00002908,51,30.5,119,162,242,FORMER,7,0
PAT_00002909,32,29.8,127,196,174,NEVER,3,0
PAT_00002910,73,36.4,133,227,181,NEVER,0,1
PAT_00002911,30,20.6,180,260,256,FORMER,1,0
PAT_00002912,35,25.4,109,129,224,UNKNOWN,0,1
PAT_00002913,86,22.5,146,243,158,FORMER,4,1
PAT_00002914,51,20.8,133,172,216,FORMER,0,0
PAT_00002915,86,26.3,156,137,157,NEVER,5,1
PAT_00002916,35,25.1,137,235,207,CURRENT,0,0
PAT_00002917,84,25.2,172,222,194,NEVER,6,1
PAT_00002918,80,34.2,115,213,184,FORMER,7,1
PAT_00002919,41,28.3,102,190,81,UNKNOWN,5,0
PAT_00002920,78,21.2,134,150,152,CURRENT,2,0
PAT_00002921,88,26.6,133,241,168,UNKNOWN,8,1
PAT_00002922,85,32.3,180,251,141,NEVER,1,0
PAT_00002923,47,35.1,104,133,254,FORMER,3,0
PAT_00002924,54,23.5,120,153,257,UNKNOWN,2,0
PAT_00002925,26,29.0,157,200,153,UNKNOWN,8,0
PAT_00002926,69,28.6,105,122,171,UNKNOWN,3,1
PAT_00002927,70,28.3,123,212,108,FORMER,1,0
PAT_00002928,73,25.6,170,256,96,NEVER,2,0
PAT_00002929,22,28.8,122,130,79,FORMER,0,0
PAT_00002930,83,30.4,122,151,87,CURRENT,3,1
PAT_00002931,44,29.5,145,146,177,CURRENT,4,0
PAT_00002932,26,17.6,110,161,249,CURRENT,8,0
PAT_00002933,37,30.1,115,309,203,FORMER,6,0
PAT_00002934,65,32.5,176,214,157,CURRENT,4,1
PAT_00002935,72,21.8,183,217,86,NEVER,2,0
PAT_00002936,34,36.6,148,228,209,FORMER,0,0
PAT_00002937,67,25.8,129,125,156,FORMER,0,0
PAT_00002938,71,23.2,130,166,92,FORMER,1,0
PAT_00002939,66,30.6,141,234,201,UNKNOWN,8,1
PAT_00002940,67,34.6,103,232,227,NEVER,4,1
PAT_00002941,80,25.3,181,164,183,NEVER,0,1
PAT_00002942,23,34.2,126,253,170,UNKNOWN,1,0
PAT_00002943,88,28.9,121,252,143,NEVER,1,0
PAT_00002944,77,29.0,131,149,74,NEVER,3,1
PAT_00002945,58,26.8,108,134,232,CURRENT,2,0
PAT_00002946,57,19.9,142,216,131,FORMER,1,0
PAT_00002947,63,26.9,124,125,166,UNKNOWN,4,0
PAT_00002948,34,24.8,107,303,201,FORMER,5,0
PAT_00002949,27,31.3,168,171,145,FORMER,4,0
PAT_00002950,89,28.2,108,218,99,NEVER,2,0
PAT_00002951,22,22.6,152,209,221,UNKNOWN,1,0
PAT_00002952,38,31.7,141,253,182,CURRENT,0,0
PAT_00002953,23,28.9,138,243,259,NEVER,4,0
PAT_00002954,62,24.8,163,294,219,CURRENT,6,0
PAT_00002955,30,34.7,179,308,240,CURRENT,3,1
PAT_00002956,33,25.5,181,310,78,UNKNOWN,3,0
PAT_00002957,65,28.3,99,151,193,NEVER,8,0
PAT_00002958,56,29.9,106,151,93,NEVER,8,0
PAT_00002959,31,23.1,144,224,71,FORMER,8,0
PAT_00002960,89,29.1,98,235,177,FORMER,7,1
PAT_00002961,29,18.7,107,259,148,FORMER,5,0
PAT_00002962,67,20.9,174,152,92,FORMER,6,1
PAT_00002963,47,23.7,97,148,121,FORMER,7,0
PAT_00002964,84,41.8,120,267,207,FORMER,7,1
PAT_00002965,88,31.0,120,240,131,UNKNOWN,3,1
PAT_00002966,75,28.0,166,157,224,FORMER,1,1
PAT_00002967,40,16.8,153,214,194,FORMER,7,0
PAT_00002968,49,24.0,149,283,249,CURRENT,7,0
PAT_00002969,75,29.5,164,195,180,UNKNOWN,8,1
PAT_00002970,21,17.9,133,189,227,CURRENT,4,0
PAT_00002971,53,20.6,172,155,162,NEVER,7,0
PAT_00002972,40,31.9,116,211,176,UNKNOWN,0,0
PAT_00002973,84,26.8,144,262,152,CURRENT,2,0
PAT_00002974,41,23.3,182,157,160,NEVER,3,0
PAT_00002975,62,22.8,105,183,142,UNKNOWN,6,0
PAT_00002976,30,22.9,140,290,198,FORMER,7,0
PAT_00002977,71,35.3,118,168,173,NEVER,1,0
PAT_00002978,43,27.8,136,225,244,UNKNOWN,6,0
PAT_00002979,81,34.8,169,239,196,UNKNOWN,4,1
PAT_00002980,28,37.6,169,220,101,FORMER,3,0
PAT_00002981,78,28.3,103,202,182,UNKNOWN,1,1
PAT_00002982,58,38.4,99,182,207,FORMER,3,0
PAT_00002983,52,29.0,120,145,209,UNKNOWN,2,0
PAT_00002984,33,20.5,164,156,257,NEVER,0,0
PAT_00002985,79,33.6,104,252,113,UNKNOWN,5,1
PAT_00002986,55,24.7,106,289,157,UNKNOWN,8,0
PAT_00002987,91,30.2,173,225,140,CURRENT,3,1
PAT_00002988,29,28.8,168,219,170,CURRENT,7,1
PAT_00002989,50,22.3,156,149,241,UNKNOWN,0,0
PAT_00002990,53,40.6,110,142,183,CURRENT,7,0
PAT_00002991,62,34.6,168,305,154,UNKNOWN,1,0
PAT_00002992,89,22.7,129,210,248,FORMER,8,1
PAT_00002993,81,30.1,96,238,259,UNKNOWN,2,1
PAT_00002994,76,38.6,125,265,185,CURRENT,8,1
PAT_00002995,26,29.1,180,225,230,CURRENT,6,0
PAT_00002996,61,16.3,109,198,229,NEVER,8,0
PAT_00002997,86,29.9,122,138,92,UNKNOWN,7,1
PAT_00002998,54,19.4,98,279,105,NEVER,2,1
PAT_00002999,41,29.2,179,280,211,UNKNOWN,8,0
PAT_00003000,50,21.2,146,186,72,NEVER,6,1
PAT_00003001,92,29.8,142,133,256,CURRENT,8,1
PAT_00003002,89,15.8,125,146,101,FORMER,3,1
PAT_00003003,80,30.6,168,145,119,FORMER,6,1
PAT_00003004,50,20.3,95,247,222,NEVER,0,0
PAT_00003005,78,20.6,148,279,242,UNKNOWN,2,1
PAT_00003006,64,32.5,102,271,208,NEVER,8,0
PAT_00003007,59,31.4,163,282,252,CURRENT,4,0
PAT_00003008,46,28.0,171,152,82,CURRENT,4,0
PAT_00003009,62,33.7,151,251,243,CURRENT,7,0
PAT_00003010,44,28.3,124,207,178,UNKNOWN,4,1
PAT_00003011,24,24.6,158,232,160,FORMER,0,0
PAT_00003012,64,24.9,167,164,82,NEVER,0,1
PAT_00003013,74,31.0,167,223,214,CURRENT,7,1
PAT_00003014,46,26.1,185,164,168,CURRENT,0,0
PAT_00003015,56,22.9,125,231,141,CURRENT,8,0
PAT_00003016,21,16.9,147,181,248,FORMER,0,0
PAT_00003017,32,35.1,156,279,156,CURRENT,5,0
PAT_00003018,47,22.3,183,130,222,UNKNOWN,5,0
PAT_00003019,41,20.9,145,187,147,CURRENT,7,0
PAT_00003020,58,24.6,163,263,173,FORMER,6,0
PAT_00003021,80,26.1,110,210,205,CURRENT,0,1
PAT_00003022,82,20.1,124,176,233,UNKNOWN,0,1
PAT_00003023,89,25.3,121,203,100,FORMER,3,1
PAT_00003024,37,27.8,180,231,245,FORMER,7,0
PAT_00003025,74,25.7,133,123,90,CURRENT,5,1
PAT_00003026,68,17.1,124,162,137,NEVER,2,0
PAT_00003027,58,26.9,135,156,257,CURRENT,4,0
PAT_00003028,66,26.2,127,227,151,CURRENT,8,1
PAT_00003029,38,24.1,176,252,166,NEVER,6,0
PAT_00003030,65,28.4,121,201,98,NEVER,8,0
PAT_00003031,90,31.1,122,217,164,NEVER,5,1
PAT_00003032,49,27.8,105,228,163,CURRENT,4,0
PAT_00003033,49,39.1,100,182,113,NEVER,0,0
PAT_00003034,31,31.2,108,160,152,CURRENT,5,0
PAT_00003035,57,21.3,141,139,179,UNKNOWN,7,0
PAT_00003036,34,22.5,174,254,165,NEVER,7,0
PAT_00003037,90,16.8,147,281,156,NEVER,2,1
PAT_00003038,33,29.2,166,234,116,CURRENT,6,0
PAT_00003039,86,25.6,165,229,72,NEVER,5,1
PAT_00003040,62,28.0,128,278,230,UNKNOWN,2,1
PAT_00003041,36,33.4,136,260,208,CURRENT,2,1
PAT_00003042,62,39.7,134,247,229,FORMER,4,0
PAT_00003043,31,30.2,143,213,107,UNKNOWN,7,0
PAT_00003044,60,28.1,124,127,136,FORMER,3,0
PAT_00003045,29,29.0,122,149,89,UNKNOWN,8,0
PAT_00003046,42,28.3,178,279,203,FORMER,7,0
PAT_00003047,85,26.0,128,223,142,NEVER,8,1
PAT_00003048,39,19.1,164,154,81,FORMER,2,0
PAT_00003049,76,22.1,163,234,217,CURRENT,8,1
PAT_00003050,29,27.8,136,231,114,NEVER,8,0
PAT_00003051,58,26.9,146,159,234,FORMER,6,0
PAT_00003052,21,26.2,164,174,197,UNKNOWN,7,0
PAT_00003053,81,35.6,116,209,191,FORMER,1,1
PAT_00003054,71,28.5,137,175,108,FORMER,4,1
PAT_00003055,32,28.7,149,128,144,UNKNOWN,3,0
PAT_00003056,49,28.0,135,290,254,NEVER,3,0
PAT_00003057,72,24.3,153,270,110,CURRENT,8,1
PAT_00003058,83,25.5,133,293,146,UNKNOWN,6,1
PAT_00003059,40,32.8,172,253,237,CURRENT,7,0
PAT_00003060,92,21.9,184,175,130,FORMER,6,1
PAT_00003061,75,31.9,140,279,246,CURRENT,0,1
PAT_00003062,52,23.2,178,280,212,UNKNOWN,1,0
PAT_00003063,84,24.6,129,174,98,UNKNOWN,7,1
PAT_00003064,61,25.3,144,198,134,NEVER,3,0
PAT_00003065,23,23.4,164,177,119,FORMER,0,0
PAT_00003066,67,28.4,118,219,245,FORMER,2,1
PAT_00003067,82,20.7,155,218,147,CURRENT,8,1
PAT_00003068,68,29.2,95,221,136,NEVER,0,0
PAT_00003069,84,30.8,98,185,183,UNKNOWN,0,1
PAT_00003070,69,28.5,154,213,225,CURRENT,6,1
PAT_00003071,39,29.2,126,250,214,UNKNOWN,1,0
PAT_00003072,32,27.9,148,165,175,CURRENT,5,0
PAT_00003073,27,25.6,178,147,187,CURRENT,1,0
PAT_00003074,50,24.9,110,200,147,NEVER,4,0
PAT_00003075,57,31.4,99,159,250,FORMER,3,0
PAT_00003076,27,24.2,154,231,220,UNKNOWN,2,0
PAT_00003077,22,31.5,121,306,137,CURRENT,8,0
PAT_00003078,24,30.0,108,123,161,UNKNOWN,0,0
PAT_00003079,25,20.3,179,308,208,UNKNOWN,6,0
PAT_00003080,28,29.0,123,296,184,UNKNOWN,8,0
PAT_00003081,86,28.4,129,236,221,CURRENT,5,1
PAT_00003082,57,26.3,111,145,97,UNKNOWN,6,0
PAT_00003083,84,22.3,157,251,179,UNKNOWN,1,0
PAT_00003084,46,28.0,98,121,208,CURRENT,2,0
PAT_00003085,44,26.0,130,180,80,FORMER,4,0
PAT_00003086,79,34.4,178,243,182,CURRENT,8,1
PAT_00003087,22,21.9,185,237,218,CURRENT,4,0
PAT_00003088,74,25.9,112,258,95,CURRENT,6,1
PAT_00003089,73,24.0,115,181,159,NEVER,4,1
PAT_00003090,26,19.4,101,159,217,FORMER,1,1
PAT_00003091,44,21.5,99,308,185,NEVER,1,0
PAT_00003092,82,31.4,97,139,176,FORMER,5,1
PAT_00003093,35,35.5,149,157,90,CURRENT,2,0
PAT_00003094,40,32.4,163,239,259,CURRENT,5,0
PAT_00003095,91,21.7,123,162,119,FORMER,0,0
PAT_00003096,42,31.6,122,177,200,CURRENT,0,1
PAT_00003097,28,23.8,111,276,259,CURRENT,7,0
PAT_00003098,92,24.9,130,122,95,CURRENT,5,1
PAT_00003099,55,38.0,180,272,217,UNKNOWN,6,0
PAT_00003100,87,25.3,118,226,193,NEVER,5,1
PAT_00003101,54,21.0,145,225,76,CURRENT,5,0
PAT_00003102,73,30.5,98,149,153,CURRENT,1,0
PAT_00003103,91,35.4,165,148,188,CURRENT,0,1
PAT_00003104,35,30.2,167,235,125,FORMER,8,0
PAT_00003105,47,33.8,110,255,234,CURRENT,2,0
PAT_00003106,53,25.6,163,278,159,NEVER,2,0
PAT_00003107,29,31.5,104,293,108,NEVER,3,0
PAT_00003108,70,29.5,160,241,149,UNKNOWN,2,0
PAT_00003109,57,24.4,139,160,252,CURRENT,0,0
PAT_00003110,43,22.1,95,258,250,UNKNOWN,7,0
PAT_00003111,54,31.2,167,210,159,UNKNOWN,8,0
PAT_00003112,86,35.9,165,240,156,NEVER,3,1
PAT_00003113,42,30.3,104,205,146,UNKNOWN,8,0
PAT_00003114,28,26.7,105,121,252,UNKNOWN,2,1
PAT_00003115,41,22.5,133,231,96,FORMER,2,0
PAT_00003116,75,31.6,108,172,162,FORMER,0,0
PAT_00003117,80,26.7,181,197,198,CURRENT,8,1
PAT_00003118,26,24.9,107,125,193,UNKNOWN,7,0
PAT_00003119,63,33.6,172,191,173,FORMER,4,0
PAT_00003120,48,32.1,172,246,87,NEVER,0,0
PAT_00003121,32,24.5,167,185,93,UNKNOWN,6,0
PAT_00003122,42,30.0,165,286,92,UNKNOWN,1,1
PAT_00003123,43,24.0,154,127,153,UNKNOWN,4,0
PAT_00003124,36,26.4,122,251,80,NEVER,4,0
PAT_00003125,41,26.8,100,170,70,CURRENT,8,0
PAT_00003126,74,25.7,121,263,175,NEVER,5,1
PAT_00003127,74,21.2,158,186,121,NEVER,3,1
PAT_00003128,83,35.1,119,284,244,CURRENT,0,1
PAT_00003129,74,31.6,139,302,139,NEVER,7,1
PAT_00003130,64,30.5,95,248,210,UNKNOWN,5,0
PAT_00003131,34,30.8,119,218,228,NEVER,6,0
PAT_00003132,72,23.2,99,203,166,FORMER,6,1
PAT_00003133,62,34.1,168,293,152,UNKNOWN,5,0
PAT_00003134,71,18.7,184,290,142,CURRENT,7,1
PAT_00003135,82,31.1,133,187,124,CURRENT,0,1
PAT_00003136,40,37.0,182,262,114,NEVER,7,1
PAT_00003137,86,21.0,151,235,168,NEVER,2,0
PAT_00003138,90,22.3,154,188,76,UNKNOWN,5,1
PAT_00003139,34,20.7,120,210,152,CURRENT,7,0
PAT_00003140,47,25.8,96,142,125,UNKNOWN,3,0
PAT_00003141,80,31.2,159,169,74,FORMER,8,1
PAT_00003142,82,28.8,95,138,102,UNKNOWN,5,1
PAT_00003143,54,33.3,110,268,254,NEVER,6,1
PAT_00003144,63,30.0,150,122,122,NEVER,3,0
PAT_00003145,58,24.9,150,215,259,CURRENT,7,0
PAT_00003146,22,36.4,150,262,218,NEVER,2,0
PAT_00003147,57,20.4,128,293,132,UNKNOWN,7,0
PAT_00003148,54,30.2,115,142,98,UNKNOWN,8,0
PAT_00003149,58,25.0,168,138,88,NEVER,3,0
PAT_00003150,60,29.6,182,177,228,NEVER,6,0
PAT_00003151,32,27.0,165,200,81,UNKNOWN,7,1
PAT_00003152,32,32.8,100,209,93,FORMER,3,0
PAT_00003153,90,32.2,162,237,73,CURRENT,1,0
PAT_00003154,89,40.2,102,286,186,UNKNOWN,0,1
PAT_00003155,72,29.5,140,177,161,FORMER,2,0
PAT_00003156,70,26.1,174,130,223,UNKNOWN,2,1
PAT_00003157,41,33.1,107,159,147,UNKNOWN,2,0
PAT_00003158,51,29.2,153,283,120,FORMER,8,0
PAT_00003159,34,35.6,99,294,166,UNKNOWN,7,0
PAT_00003160,64,24.4,117,149,220,CURRENT,6,0
PAT_00003161,92,30.3,136,189,173,UNKNOWN,1,0
PAT_00003162,61,32.3,162,271,156,FORMER,8,0
PAT_00003163,37,21.6,101,199,243,NEVER,7,0
PAT_00003164,42,33.9,124,266,72,CURRENT,5,0
PAT_00003165,73,31.5,172,199,242,FORMER,6,1
PAT_00003166,82,28.3,181,301,92,FORMER,4,1
PAT_00003167,23,31.5,167,137,174,FORMER,8,0
PAT_00003168,78,14.6,97,122,84,FORMER,4,1
PAT_00003169,75,28.3,122,290,200,NEVER,3,1
PAT_00003170,82,26.0,140,153,95,UNKNOWN,3,1
PAT_00003171,45,21.3,104,287,74,UNKNOWN,5,0
PAT_00003172,59,31.7,152,159,186,UNKNOWN,7,0
PAT_00003173,52,29.1,171,239,170,NEVER,0,0
PAT_00003174,33,31.6,181,240,159,FORMER,0,0
PAT_00003175,75,29.3,178,306,135,CURRENT,2,0
PAT_00003176,45,27.3,133,284,104,UNKNOWN,8,0
PAT_00003177,46,35.5,149,190,165,FORMER,4,0
PAT_00003178,60,30.7,136,245,148,UNKNOWN,0,1
PAT_00003179,76,27.8,178,217,222,NEVER,3,1
PAT_00003180,23,28.5,100,195,225,CURRENT,2,1
PAT_00003181,68,22.6,159,260,83,NEVER,1,0
PAT_00003182,39,32.2,157,256,111,CURRENT,0,0
PAT_00003183,21,22.9,137,283,149,UNKNOWN,0,0
PAT_00003184,75,35.4,165,161,70,UNKNOWN,1,0
PAT_00003185,90,26.4,185,185,235,CURRENT,5,1
PAT_00003186,70,18.7,116,147,230,UNKNOWN,3,1
PAT_00003187,50,27.6,125,242,249,UNKNOWN,4,0
PAT_00003188,59,29.8,131,251,184,FORMER,1,0
PAT_00003189,45,26.8,116,121,144,NEVER,0,0
PAT_00003190,46,32.8,150,285,179,FORMER,4,1
PAT_00003191,49,28.2,106,126,236,UNKNOWN,8,0
PAT_00003192,23,26.5,179,152,260,NEVER,2,0
PAT_00003193,52,22.9,100,253,191,FORMER,2,0
PAT_00003194,84,25.0,171,291,81,NEVER,7,1
PAT_00003195,37,24.2,95,235,77,NEVER,0,0
PAT_00003196,91,31.4,113,270,143,UNKNOWN,2,0
PAT_00003197,66,23.2,134,133,107,FORMER,2,0
PAT_00003198,51,24.8,161,267,257,UNKNOWN,8,1
PAT_00003199,60,26.2,152,157,155,FORMER,4,0
PAT_00003200,31,35.2,127,231,228,CURRENT,2,0
PAT_00003201,41,27.9,128,227,145,NEVER,6,0
PAT_00003202,37,31.7,182,206,172,CURRENT,7,0
PAT_00003203,75,28.1,185,146,257,NEVER,3,1
PAT_00003204,72,27.5,135,182,181,UNKNOWN,2,1
PAT_00003205,38,24.3,168,273,226,FORMER,6,0
PAT_00003206,53,26.9,133,274,216,CURRENT,8,0
PAT_00003207,45,33.1,143,269,187,NEVER,0,0
PAT_00003208,29,27.2,114,151,231,CURRENT,4,0
PAT_00003209,48,28.0,164,145,125,CURRENT,4,0
PAT_00003210,30,29.5,95,130,138,FORMER,5,0
PAT_00003211,81,30.1,98,242,229,NEVER,3,1
PAT_00003212,86,30.1,141,193,154,NEVER,8,1
PAT_00003213,37,21.9,112,250,155,UNKNOWN,0,0
PAT_00003214,26,16.1,114,153,113,CURRENT,2,0
PAT_00003215,80,29.3,182,235,205,FORMER,5,1
PAT_00003216,84,27.8,130,260,170,FORMER,4,1
PAT_00003217,32,38.8,132,150,103,FORMER,5,0
PAT_00003218,84,29.5,107,245,189,UNKNOWN,2,1
PAT_00003219,22,29.6,123,160,73,CURRENT,3,0
PAT_00003220,44,28.1,96,265,182,FORMER,8,0
PAT_00003221,55,26.4,101,168,201,UNKNOWN,4,0
PAT_00003222,62,24.0,166,276,219,UNKNOWN,5,0
PAT_00003223,31,25.4,111,270,205,CURRENT,3,0
PAT_00003224,85,28.0,104,298,173,UNKNOWN,2,0
PAT_00003225,54,24.6,148,209,135,UNKNOWN,5,0
PAT_00003226,30,31.5,156,245,160,UNKNOWN,7,0
PAT_00003227,54,29.3,169,278,242,CURRENT,6,0
PAT_00003228,60,30.7,155,301,111,FORMER,0,0
PAT_00003229,30,32.0,155,236,193,NEVER,7,0
PAT_00003230,50,28.3,107,150,214,NEVER,8,1
PAT_00003231,84,25.3,105,147,134,FORMER,1,0
PAT_00003232,49,28.9,178,241,171,UNKNOWN,2,0
PAT_00003233,47,21.9,130,278,152,CURRENT,5,0
PAT_00003234,74,26.8,104,195,91,UNKNOWN,8,1
PAT_00003235,28,22.2,124,200,222,FORMER,0,0
PAT_00003236,45,25.4,122,306,228,UNKNOWN,2,0
PAT_00003237,92,31.8,132,239,251,UNKNOWN,6,1
PAT_00003238,86,30.7,164,147,249,UNKNOWN,0,1
PAT_00003239,30,29.6,110,188,103,NEVER,0,0
PAT_00003240,52,22.5,162,212,144,NEVER,1,0
PAT_00003241,73,25.5,160,214,202,NEVER,6,1
PAT_00003242,72,28.9,126,183,112,FORMER,1,0
PAT_00003243,90,19.6,183,174,113,FORMER,8,1
PAT_00003244,45,23.5,161,237,254,FORMER,7,0
PAT_00003245,76,24.6,112,241,74,NEVER,2,0
PAT_00003246,37,29.9,146,244,163,UNKNOWN,4,0
PAT_00003247,34,33.0,166,250,76,CURRENT,7,0
PAT_00003248,90,26.3,125,259,162,CURRENT,6,1
PAT_00003249,87,32.6,122,174,204,CURRENT,5,1
PAT_00003250,89,28.8,102,132,166,CURRENT,3,1
PAT_00003251,27,19.4,124,237,211,NEVER,1,0
PAT_00003252,47,21.9,170,179,247,UNKNOWN,6,1
PAT_00003253,67,23.4,129,256,252,CURRENT,8,1
PAT_00003254,84,24.0,145,274,206,UNKNOWN,5,1
PAT_00003255,88,31.6,181,143,178,FORMER,0,1
PAT_00003256,59,22.4,145,223,255,UNKNOWN,7,1
PAT_00003257,63,26.5,157,292,225,UNKNOWN,2,0
PAT_00003258,36,33.7,152,217,232,NEVER,1,0
PAT_00003259,83,21.3,114,181,71,UNKNOWN,0,1
PAT_00003260,72,32.4,171,182,254,NEVER,4,1
PAT_00003261,89,12.3,103,272,73,UNKNOWN,7,1
PAT_00003262,27,24.7,160,196,146,NEVER,8,0
PAT_00003263,74,26.9,165,172,141,NEVER,5,1
PAT_00003264,90,24.2,104,180,248,NEVER,5,1
PAT_00003265,86,31.0,135,146,82,CURRENT,1,1
PAT_00003266,55,26.5,155,132,211,CURRENT,4,0
PAT_00003267,28,28.7,128,163,146,UNKNOWN,1,1
PAT_00003268,33,19.9,147,259,79,NEVER,5,0
PAT_00003269,65,28.1,128,225,125,NEVER,8,0
PAT_00003270,34,24.2,107,126,229,UNKNOWN,7,0
PAT_00003271,41,31.8,152,193,112,CURRENT,4,0
PAT_00003272,24,25.1,141,258,225,FORMER,1,0
PAT_00003273,27,16.5,121,131,188,FORMER,8,0
PAT_00003274,70,24.5,140,219,76,UNKNOWN,7,1
PAT_00003275,86,22.6,147,307,229,CURRENT,8,1
PAT_00003276,65,23.0,116,120,205,UNKNOWN,6,0
PAT_00003277,42,30.9,99,191,110,CURRENT,2,0
PAT_00003278,29,23.9,153,169,190,CURRENT,7,1
PAT_00003279,28,25.5,128,217,84,NEVER,6,0
PAT_00003280,60,26.4,96,230,83,CURRENT,8,0
PAT_00003281,23,30.6,142,297,155,FORMER,7,0
PAT_00003282,84,26.6,141,277,142,CURRENT,5,1
PAT_00003283,26,28.8,119,288,211,UNKNOWN,1,0
PAT_00003284,75,21.6,126,287,115,NEVER,6,1
PAT_00003285,24,18.6,117,155,134,NEVER,4,0
PAT_00003286,38,35.3,110,249,125,CURRENT,3,0
PAT_00003287,76,18.8,166,198,142,NEVER,7,1
PAT_00003288,52,19.5,174,238,123,UNKNOWN,7,0
PAT_00003289,60,23.0,103,263,171,UNKNOWN,6,0
PAT_00003290,34,26.7,125,133,151,NEVER,3,0
PAT_00003291,21,26.4,128,237,78,FORMER,4,0
PAT_00003292,86,28.8,97,124,173,NEVER,2,0
PAT_00003293,26,29.7,134,125,222,CURRENT,1,0
PAT_00003294,78,17.7,100,162,214,FORMER,8,1
PAT_00003295,91,21.8,151,147,71,NEVER,8,1
PAT_00003296,82,32.7,164,207,86,NEVER,0,1
PAT_00003297,27,33.3,151,217,240,UNKNOWN,7,0
PAT_00003298,47,29.5,174,120,189,FORMER,3,0
PAT_00003299,72,23.0,142,288,208,FORMER,3,1
PAT_00003300,39,32.8,116,279,149,FORMER,7,0
PAT_00003301,73,23.8,170,256,185,CURRENT,4,1
PAT_00003302,51,30.0,177,303,190,NEVER,6,0
PAT_00003303,58,32.3,159,145,133,CURRENT,5,1
PAT_00003304,47,34.0,127,233,115,FORMER,8,0
PAT_00003305,65,29.9,100,201,190,CURRENT,1,0
PAT_00003306,53,33.7,105,154,189,CURRENT,4,0
PAT_00003307,54,44.5,178,168,136,FORMER,4,0
PAT_00003308,91,37.7,180,125,237,NEVER,4,1
PAT_00003309,44,13.6,100,303,96,FORMER,6,1
PAT_00003310,46,19.8,128,184,149,FORMER,4,0
PAT_00003311,69,29.1,113,156,229,UNKNOWN,6,1
PAT_00003312,81,29.2,127,143,234,UNKNOWN,6,1
PAT_00003313,42,26.0,168,130,232,FORMER,7,0
PAT_00003314,72,27.0,163,122,149,FORMER,0,0
PAT_00003315,81,29.5,109,263,175,CURRENT,7,1
PAT_00003316,65,27.3,121,299,146,CURRENT,0,0
PAT_00003317,77,32.3,151,135,121,CURRENT,3,1
PAT_00003318,58,30.6,130,267,248,NEVER,6,0
PAT_00003319,34,35.0,97,146,153,NEVER,4,1
PAT_00003320,85,37.0,159,295,91,CURRENT,7,1
PAT_00003321,34,30.5,115,131,259,NEVER,1,0
PAT_00003322,29,19.5,142,248,90,NEVER,0,0
PAT_00003323,48,35.4,157,210,171,UNKNOWN,4,0
PAT_00003324,86,28.6,126,191,237,NEVER,0,1
PAT_00003325,35,35.9,143,138,204,UNKNOWN,0,0
PAT_00003326,62,29.1,175,196,190,NEVER,0,1
PAT_00003327,46,28.3,120,221,181,FORMER,1,0
PAT_00003328,33,33.6,110,217,118,NEVER,6,0
PAT_00003329,69,22.2,105,200,174,FORMER,0,0
PAT_00003330,27,24.5,153,153,86,FORMER,0,0
PAT_00003331,35,24.6,148,307,89,NEVER,8,0
PAT_00003332,77,28.9,127,216,186,UNKNOWN,7,1
PAT_00003333,47,19.8,150,128,224,NEVER,2,0
PAT_00003334,80,27.2,174,267,190,NEVER,4,1
PAT_00003335,60,27.7,108,126,135,FORMER,5,0
PAT_00003336,35,22.5,100,255,186,CURRENT,0,0
PAT_00003337,22,27.2,102,190,74,CURRENT,1,0
PAT_00003338,91,34.9,100,210,259,UNKNOWN,5,1
PAT_00003339,48,33.8,158,283,152,CURRENT,0,1
PAT_00003340,47,17.1,182,137,254,NEVER,5,1
PAT_00003341,91,29.3,184,263,196,UNKNOWN,0,1
PAT_00003342,66,36.6,112,197,146,FORMER,6,1
PAT_00003343,31,31.8,129,122,87,UNKNOWN,1,0
PAT_00003344,52,28.8,159,210,87,NEVER,3,1
PAT_00003345,60,32.4,152,241,259,UNKNOWN,7,0
PAT_00003346,62,27.6,134,182,219,NEVER,5,0
PAT_00003347,32,31.2,113,212,89,CURRENT,4,0
PAT_00003348,59,25.8,181,124,250,UNKNOWN,4,0
PAT_00003349,91,28.0,157,166,187,NEVER,7,1
PAT_00003350,49,23.4,177,234,124,FORMER,4,0
PAT_00003351,66,31.3,132,129,131,CURRENT,1,0
PAT_00003352,58,29.9,172,164,143,CURRENT,6,1
PAT_00003353,86,33.2,137,295,126,FORMER,6,1
PAT_00003354,92,31.5,102,222,106,UNKNOWN,0,0
PAT_00003355,51,31.2,171,162,73,FORMER,3,0
PAT_00003356,41,13.6,155,127,139,NEVER,7,0
PAT_00003357,45,29.8,120,182,246,NEVER,5,0
PAT_00003358,33,27.1,162,301,159,UNKNOWN,7,0
PAT_00003359,31,18.9,135,147,155,FORMER,6,0
PAT_00003360,89,26.7,174,245,100,FORMER,8,1
PAT_00003361,26,25.1,164,291,179,FORMER,8,0
PAT_00003362,47,24.8,158,287,116,CURRENT,4,0
PAT_00003363,77,28.3,171,121,102,CURRENT,3,1
PAT_00003364,92,31.0,159,164,134,UNKNOWN,2,0
PAT_00003365,50,29.3,145,296,155,FORMER,7,0
PAT_00003366,86,23.4,179,261,87,UNKNOWN,3,1
PAT_00003367,35,28.2,164,204,70,CURRENT,3,0
PAT_00003368,79,24.5,163,308,73,FORMER,6,1
PAT_00003369,53,27.2,174,273,111,UNKNOWN,0,0
PAT_00003370,30,29.3,181,229,167,FORMER,7,0
PAT_00003371,46,22.4,141,135,245,CURRENT,2,1
PAT_00003372,32,25.8,166,222,162,FORMER,8,0
PAT_00003373,50,32.4,151,130,179,CURRENT,1,0
PAT_00003374,49,30.7,150,163,103,CURRENT,0,0
PAT_00003375,62,22.4,135,276,119,CURRENT,0,0
PAT_00003376,72,35.0,154,252,107,FORMER,6,1
PAT_00003377,53,27.2,119,220,108,FORMER,4,0
PAT_00003378,38,26.1,111,128,232,CURRENT,0,0
PAT_00003379,48,14.1,127,236,250,UNKNOWN,6,0
PAT_00003380,77,36.7,100,130,224,FORMER,2,1
PAT_00003381,46,22.2,165,222,160,UNKNOWN,0,0
PAT_00003382,48,37.0,169,174,108,UNKNOWN,8,0
PAT_00003383,38,24.2,105,246,102,CURRENT,1,0
PAT_00003384,66,30.8,168,171,118,CURRENT,5,1
PAT_00003385,72,14.8,109,127,88,CURRENT,6,1
PAT_00003386,45,33.8,179,240,74,NEVER,5,0
PAT_00003387,52,18.1,145,237,129,UNKNOWN,1,0
PAT_00003388,43,29.5,118,126,163,FORMER,2,0
PAT_00003389,41,31.9,130,253,143,UNKNOWN,2,0
PAT_00003390,91,28.5,123,274,95,FORMER,0,0
PAT_00003391,78,20.3,108,264,246,NEVER,6,1
PAT_00003392,71,27.8,133,162,103,FORMER,5,1
PAT_00003393,67,23.8,119,205,195,NEVER,2,1
PAT_00003394,34,32.8,131,268,127,CURRENT,4,0
PAT_00003395,67,29.4,107,249,239,CURRENT,1,1
PAT_00003396,61,38.3,152,211,230,UNKNOWN,1,0
PAT_00003397,40,25.7,138,146,200,CURRENT,3,0
PAT_00003398,69,32.4,128,141,197,UNKNOWN,3,1
PAT_00003399,89,20.3,136,195,88,UNKNOWN,4,1
PAT_00003400,26,33.4,184,202,233,CURRENT,8,0
PAT_00003401,65,25.8,117,179,182,CURRENT,3,0
PAT_00003402,61,24.6,166,243,202,UNKNOWN,7,0
PAT_00003403,63,17.4,97,260,250,NEVER,1,0
PAT_00003404,87,21.7,139,208,236,FORMER,5,1
PAT_00003405,26,21.1,107,270,193,UNKNOWN,0,0
PAT_00003406,21,21.4,121,142,223,UNKNOWN,6,0
PAT_00003407,34,30.3,99,133,96,FORMER,4,0
PAT_00003408,51,27.8,101,292,197,FORMER,2,0
PAT_00003409,29,24.8,128,187,120,CURRENT,5,0
PAT_00003410,55,32.4,165,140,163,CURRENT,8,0
PAT_00003411,38,21.6,128,227,170,NEVER,5,1
PAT_00003412,31,25.6,175,239,101,FORMER,4,0
PAT_00003413,86,27.5,132,266,221,CURRENT,7,1
PAT_00003414,48,28.1,98,252,119,NEVER,5,0
PAT_00003415,72,24.1,137,296,71,CURRENT,4,1
PAT_00003416,82,29.5,101,166,237,CURRENT,2,1
PAT_00003417,63,27.1,111,132,127,CURRENT,3,0
PAT_00003418,68,30.2,121,270,115,NEVER,2,0
PAT_00003419,45,29.2,137,287,160,UNKNOWN,3,0
PAT_00003420,29,19.5,146,287,174,FORMER,7,0
PAT_00003421,32,25.9,159,178,152,UNKNOWN,1,0
PAT_00003422,56,37.4,108,241,244,UNKNOWN,8,0
PAT_00003423,82,28.1,133,192,250,CURRENT,7,1
PAT_00003424,44,23.4,105,152,96,NEVER,2,0
PAT_00003425,51,32.7,119,226,123,UNKNOWN,1,0
PAT_00003426,39,18.6,182,150,210,NEVER,1,1
PAT_00003427,58,36.0,179,186,254,CURRENT,3,0
PAT_00003428,79,24.7,184,303,128,CURRENT,4,1
PAT_00003429,37,32.0,181,224,246,UNKNOWN,2,0
PAT_00003430,32,26.2,135,283,223,UNKNOWN,1,1
PAT_00003431,77,30.3,155,267,101,FORMER,0,0
PAT_00003432,89,27.5,180,267,74,CURRENT,6,1
PAT_00003433,23,22.5,179,149,214,UNKNOWN,6,0
PAT_00003434,78,13.1,103,194,109,UNKNOWN,5,1
PAT_00003435,26,35.7,162,266,174,UNKNOWN,7,0
PAT_00003436,23,33.7,142,263,157,UNKNOWN,3,0
PAT_00003437,31,28.1,95,306,162,NEVER,2,0
PAT_00003438,50,25.6,146,143,201,FORMER,2,0
PAT_00003439,64,22.3,141,199,107,UNKNOWN,4,0
PAT_00003440,33,26.6,137,173,129,FORMER,4,0
PAT_00003441,44,25.8,150,272,175,CURRENT,1,0
PAT_00003442,72,21.3,137,232,166,FORMER,7,1
PAT_00003443,33,21.7,99,272,254,UNKNOWN,3,0
PAT_00003444,42,22.4,162,294,131,UNKNOWN,2,1
PAT_00003445,47,32.5,103,159,179,FORMER,7,0
PAT_00003446,62,21.6,97,298,136,UNKNOWN,3,0
PAT_00003447,42,26.3,131,141,189,CURRENT,5,1
PAT_00003448,47,24.1,143,305,198,FORMER,1,0
PAT_00003449,48,25.9,172,214,95,FORMER,3,0
PAT_00003450,29,16.8,123,306,134,FORMER,2,0
PAT_00003451,54,30.6,112,296,149,NEVER,1,0
PAT_00003452,65,29.2,127,224,112,CURRENT,8,0
PAT_00003453,28,33.4,144,176,123,NEVER,1,0
PAT_00003454,43,27.7,162,231,196,UNKNOWN,2,0
PAT_00003455,73,21.0,96,171,206,UNKNOWN,8,1
PAT_00003456,73,30.1,129,272,106,FORMER,2,0
PAT_00003457,91,32.0,164,301,240,FORMER,7,1
PAT_00003458,67,34.2,135,283,106,FORMER,4,1
PAT_00003459,68,22.3,101,121,229,UNKNOWN,5,1
PAT_00003460,92,23.8,163,287,139,UNKNOWN,2,0
PAT_00003461,32,25.7,162,265,206,NEVER,2,0
PAT_00003462,61,22.8,173,141,83,CURRENT,8,0
PAT_00003463,64,27.1,164,270,250,FORMER,3,0
PAT_00003464,69,24.8,105,281,166,UNKNOWN,0,0
PAT_00003465,87,24.4,169,304,83,NEVER,4,1
PAT_00003466,45,28.8,133,224,256,UNKNOWN,8,0
PAT_00003467,81,36.6,120,159,88,FORMER,6,1
PAT_00003468,41,24.2,108,276,132,CURRENT,5,0
PAT_00003469,30,24.1,107,165,122,UNKNOWN,4,0
PAT_00003470,79,26.2,149,167,156,UNKNOWN,5,1
PAT_00003471,61,21.5,166,214,184,FORMER,3,0
PAT_00003472,36,27.6,114,172,155,CURRENT,0,0
PAT_00003473,51,29.4,102,196,79,NEVER,1,0
PAT_00003474,40,25.3,118,230,84,CURRENT,4,0
PAT_00003475,85,33.8,182,183,206,CURRENT,5,1
PAT_00003476,37,28.0,169,266,139,NEVER,1,0
PAT_00003477,87,29.9,175,194,177,UNKNOWN,3,1
PAT_00003478,77,24.3,161,219,192,FORMER,8,1
PAT_00003479,71,20.8,101,164,164,CURRENT,4,1
PAT_00003480,35,22.2,155,164,237,CURRENT,3,0
PAT_00003481,32,27.9,169,207,168,NEVER,7,0
PAT_00003482,65,27.8,111,160,145,FORMER,5,0
PAT_00003483,52,27.5,179,179,137,CURRENT,3,0
PAT_00003484,26,26.1,131,240,201,NEVER,1,0
PAT_00003485,91,20.3,150,193,190,FORMER,5,1
PAT_00003486,38,19.6,147,279,134,UNKNOWN,0,0
PAT_00003487,27,31.3,98,264,183,CURRENT,7,0
PAT_00003488,75,40.5,119,226,146,CURRENT,7,1
PAT_00003489,47,32.8,163,134,92,FORMER,3,0
PAT_00003490,45,34.5,135,256,104,FORMER,7,0
PAT_00003491,29,31.2,170,224,83,FORMER,0,0
PAT_00003492,69,36.3,152,208,95,UNKNOWN,2,1
PAT_00003493,91,27.0,122,157,241,FORMER,2,1
PAT_00003494,35,25.2,176,151,204,NEVER,5,1
PAT_00003495,37,22.4,164,207,134,UNKNOWN,3,0
PAT_00003496,47,27.6,105,250,94,FORMER,5,0
PAT_00003497,31,31.8,130,266,219,NEVER,5,0
PAT_00003498,54,21.0,104,184,226,UNKNOWN,8,0
PAT_00003499,44,24.4,122,191,222,CURRENT,2,1
PAT_00003500,71,26.3,153,226,105,NEVER,2,0
PAT_00003501,48,22.1,153,238,155,CURRENT,1,0
PAT_00003502,47,31.7,126,155,192,NEVER,6,0
PAT_00003503,61,18.0,116,164,153,NEVER,7,0
PAT_00003504,26,18.2,121,243,105,CURRENT,3,0
PAT_00003505,51,24.1,112,215,110,CURRENT,6,0
PAT_00003506,29,23.7,176,164,191,NEVER,5,0
PAT_00003507,81,29.8,164,258,235,CURRENT,6,1
PAT_00003508,24,23.3,109,203,238,NEVER,8,0
PAT_00003509,72,22.5,123,227,218,NEVER,8,1
PAT_00003510,31,21.2,141,166,126,CURRENT,1,0
PAT_00003511,72,28.6,160,238,72,FORMER,8,1
PAT_00003512,86,27.3,168,184,77,NEVER,5,1
PAT_00003513,29,28.6,111,128,84,UNKNOWN,0,0
PAT_00003514,41,29.0,111,239,132,UNKNOWN,7,1
PAT_00003515,55,31.1,130,216,244,CURRENT,5,0
PAT_00003516,45,33.3,112,289,158,NEVER,3,0
PAT_00003517,90,33.9,124,178,207,FORMER,1,1
PAT_00003518,86,24.3,131,283,256,NEVER,5,1
PAT_00003519,54,29.9,138,185,168,CURRENT,7,0
PAT_00003520,68,30.9,177,289,130,CURRENT,8,1
PAT_00003521,32,26.9,180,210,251,NEVER,7,0
PAT_00003522,82,23.8,164,149,172,FORMER,4,1
PAT_00003523,34,18.8,95,196,204,UNKNOWN,8,0
PAT_00003524,46,18.7,173,132,237,NEVER,5,0
PAT_00003525,34,43.9,101,157,148,UNKNOWN,8,0
PAT_00003526,28,26.7,116,166,211,NEVER,6,0
PAT_00003527,65,32.6,185,140,115,CURRENT,3,0
PAT_00003528,89,32.8,105,180,218,CURRENT,8,1
PAT_00003529,38,28.7,185,266,244,NEVER,6,1
PAT_00003530,68,24.0,160,240,135,UNKNOWN,3,1
PAT_00003531,70,25.7,97,125,159,UNKNOWN,2,0
PAT_00003532,51,29.9,157,295,71,CURRENT,4,1
PAT_00003533,76,23.0,129,215,234,NEVER,3,1
PAT_00003534,37,27.7,169,190,217,NEVER,8,0
PAT_00003535,90,24.7,149,278,134,CURRENT,5,1
PAT_00003536,54,27.3,150,284,204,NEVER,2,0
PAT_00003537,61,38.7,180,209,156,UNKNOWN,0,0
PAT_00003538,22,33.5,174,231,241,UNKNOWN,1,0
PAT_00003539,83,28.0,113,203,189,UNKNOWN,7,1
PAT_00003540,61,25.8,103,179,75,CURRENT,2,1
PAT_00003541,53,29.6,95,159,223,UNKNOWN,0,0
PAT_00003542,50,34.5,162,235,200,CURRENT,2,0
PAT_00003543,29,34.5,171,216,199,UNKNOWN,6,0
PAT_00003544,50,25.7,137,289,184,NEVER,2,0
PAT_00003545,25,26.5,153,251,246,UNKNOWN,4,0
PAT_00003546,46,32.7,98,247,105,NEVER,6,0
PAT_00003547,67,34.4,99,241,153,UNKNOWN,8,1
PAT_00003548,49,31.4,126,215,72,FORMER,5,0
PAT_00003549,28,26.5,134,169,234,CURRENT,6,0
PAT_00003550,26,27.5,115,253,139,NEVER,2,0
PAT_00003551,23,29.1,168,211,213,NEVER,8,0
PAT_00003552,24,31.6,95,223,84,NEVER,1,0
PAT_00003553,28,26.0,134,198,154,FORMER,4,0
PAT_00003554,66,30.7,126,239,239,NEVER,7,1
PAT_00003555,40,33.0,121,133,95,FORMER,5,0
PAT_00003556,60,33.1,139,219,236,UNKNOWN,7,0
PAT_00003557,64,23.6,152,185,181,FORMER,6,0
PAT_00003558,23,29.1,185,223,243,FORMER,1,0
PAT_00003559,40,25.5,149,259,171,UNKNOWN,8,1
PAT_00003560,54,29.4,171,276,241,UNKNOWN,3,1
PAT_00003561,54,24.7,95,122,144,CURRENT,4,0
PAT_00003562,34,32.9,112,235,132,UNKNOWN,1,0
PAT_00003563,86,21.2,113,282,239,UNKNOWN,6,1
PAT_00003564,21,23.9,107,266,239,FORMER,2,0
PAT_00003565,28,29.1,140,263,219,FORMER,2,0
PAT_00003566,39,19.7,124,140,130,FORMER,1,0
PAT_00003567,85,21.9,181,191,126,CURRENT,2,0
PAT_00003568,44,31.6,154,270,203,CURRENT,1,0
PAT_00003569,69,31.4,141,137,234,UNKNOWN,6,1
PAT_00003570,54,35.6,162,290,147,CURRENT,3,0
PAT_00003571,26,17.5,179,151,190,CURRENT,6,0
PAT_00003572,69,27.2,121,159,105,CURRENT,2,0
PAT_00003573,85,27.0,157,295,162,UNKNOWN,2,1
PAT_00003574,92,30.5,105,188,165,NEVER,3,1
PAT_00003575,40,26.8,178,277,109,CURRENT,5,0
PAT_00003576,27,28.8,185,131,241,CURRENT,4,0
PAT_00003577,46,25.1,125,165,231,NEVER,4,0
PAT_00003578,73,25.9,117,289,219,UNKNOWN,8,1
PAT_00003579,21,24.8,95,137,194,UNKNOWN,3,1
PAT_00003580,66,22.2,115,128,196,UNKNOWN,7,1
PAT_00003581,90,25.3,154,158,129,NEVER,6,1
PAT_00003582,28,31.5,168,147,154,CURRENT,3,0
PAT_00003583,40,28.4,166,282,118,FORMER,8,0
PAT_00003584,90,32.5,117,303,189,CURRENT,8,1
PAT_00003585,65,24.4,167,156,106,UNKNOWN,8,0
PAT_00003586,53,35.5,116,143,191,CURRENT,5,0
PAT_00003587,36,26.1,110,178,147,NEVER,3,0
PAT_00003588,65,23.2,124,153,120,FORMER,7,0
PAT_00003589,72,22.8,165,219,203,FORMER,0,1
PAT_00003590,41,25.4,106,187,104,UNKNOWN,0,0
PAT_00003591,67,28.6,164,150,122,FORMER,8,1
PAT_00003592,31,19.8,141,123,223,CURRENT,4,0
PAT_00003593,70,21.9,138,152,72,CURRENT,7,1
PAT_00003594,89,22.3,163,200,161,FORMER,2,0
PAT_00003595,46,29.3,98,161,128,FORMER,2,1
PAT_00003596,23,34.3,182,302,149,NEVER,0,0
PAT_00003597,40,21.0,105,120,161,UNKNOWN,8,0
PAT_00003598,25,32.7,123,172,216,UNKNOWN,5,0
PAT_00003599,77,39.7,160,307,187,FORMER,6,1
PAT_00003600,53,24.7,130,210,70,UNKNOWN,4,0
PAT_00003601,88,26.8,175,166,221,FORMER,3,1
PAT_00003602,73,20.9,146,298,131,UNKNOWN,2,0
PAT_00003603,53,36.5,167,192,185,UNKNOWN,2,0
PAT_00003604,21,27.3,107,187,88,CURRENT,3,0
PAT_00003605,59,30.8,113,181,119,FORMER,1,0
PAT_00003606,45,32.4,161,249,211,CURRENT,0,0
PAT_00003607,69,27.7,167,212,196,CURRENT,8,1
PAT_00003608,91,29.5,114,197,160,FORMER,2,0
PAT_00003609,28,28.2,104,306,72,CURRENT,2,0
PAT_00003610,24,28.7,139,182,197,CURRENT,1,0
PAT_00003611,55,29.5,140,157,194,CURRENT,1,0
PAT_00003612,43,28.3,173,185,142,FORMER,2,0
PAT_00003613,49,14.5,114,134,157,CURRENT,3,0
PAT_00003614,83,28.0,148,135,154,CURRENT,2,0
PAT_00003615,89,25.8,119,283,180,FORMER,0,1
PAT_00003616,77,31.7,160,230,130,NEVER,6,1
PAT_00003617,63,26.4,123,181,71,FORMER,3,0
PAT_00003618,63,33.0,98,296,95,UNKNOWN,2,0
PAT_00003619,53,25.2,133,244,98,FORMER,0,0
PAT_00003620,31,28.2,133,191,246,CURRENT,8,0
PAT_00003621,55,33.7,139,262,249,UNKNOWN,4,0
PAT_00003622,67,29.0,184,165,226,CURRENT,7,1
PAT_00003623,63,22.9,138,140,170,NEVER,1,0
PAT_00003624,59,30.2,174,268,207,CURRENT,7,0
PAT_00003625,32,24.1,115,224,230,FORMER,1,1
PAT_00003626,29,30.2,153,160,72,FORMER,3,0
PAT_00003627,25,21.7,184,218,133,FORMER,8,1
PAT_00003628,30,28.5,182,153,121,FORMER,0,0
PAT_00003629,68,33.6,179,192,221,NEVER,2,1
PAT_00003630,59,25.3,115,165,241,FORMER,8,0
PAT_00003631,77,20.3,101,212,146,FORMER,1,0
PAT_00003632,57,18.5,121,303,164,UNKNOWN,7,0
PAT_00003633,82,36.5,149,285,192,NEVER,7,1
PAT_00003634,64,24.1,152,234,252,UNKNOWN,1,0
PAT_00003635,87,24.1,178,280,115,CURRENT,8,1
PAT_00003636,48,17.5,136,189,208,NEVER,3,0
PAT_00003637,91,25.6,173,191,209,NEVER,7,1
PAT_00003638,31,33.4,185,207,185,UNKNOWN,8,0
PAT_00003639,59,27.7,118,279,153,CURRENT,6,0
PAT_00003640,81,31.9,140,142,134,UNKNOWN,2,0
PAT_00003641,54,26.6,181,130,199,NEVER,6,0
PAT_00003642,53,27.9,146,183,96,FORMER,8,0
PAT_00003643,58,30.5,175,275,176,CURRENT,7,0
PAT_00003644,45,28.3,179,262,126,UNKNOWN,5,0
PAT_00003645,52,30.1,104,157,260,NEVER,8,0
PAT_00003646,26,32.4,100,151,218,FORMER,3,0
PAT_00003647,42,33.9,148,216,175,FORMER,0,0
PAT_00003648,51,30.0,159,271,98,CURRENT,6,0
PAT_00003649,51,31.6,175,214,122,FORMER,6,0
PAT_00003650,61,26.0,149,239,202,CURRENT,0,1
PAT_00003651,44,35.6,156,163,221,CURRENT,5,0
PAT_00003652,74,21.8,110,146,73,UNKNOWN,7,1
PAT_00003653,52,15.3,144,121,209,CURRENT,3,1
PAT_00003654,36,32.1,108,287,176,CURRENT,8,0
PAT_00003655,87,36.1,178,275,145,NEVER,4,1
PAT_00003656,84,24.2,152,262,203,CURRENT,7,1
PAT_00003657,70,26.9,165,223,106,UNKNOWN,7,1
PAT_00003658,53,26.2,157,153,143,NEVER,1,0
PAT_00003659,72,26.5,158,227,141,NEVER,7,1
PAT_00003660,54,37.2,101,148,256,UNKNOWN,3,1
PAT_00003661,57,20.5,153,217,162,FORMER,2,1
PAT_00003662,92,32.1,179,255,92,CURRENT,7,1
PAT_00003663,65,25.5,128,157,241,NEVER,0,0
PAT_00003664,61,35.4,157,155,146,UNKNOWN,0,0
PAT_00003665,75,28.9,139,182,159,FORMER,0,0
PAT_00003666,28,27.0,102,122,196,NEVER,7,0
PAT_00003667,63,34.5,173,136,159,CURRENT,4,0
PAT_00003668,78,31.0,156,184,234,CURRENT,2,1
PAT_00003669,67,22.4,163,138,236,CURRENT,2,1
PAT_00003670,46,28.3,170,272,208,UNKNOWN,1,0
PAT_00003671,78,30.1,177,204,229,FORMER,7,1
PAT_00003672,62,27.1,171,252,164,CURRENT,1,1
PAT_00003673,67,34.7,109,266,192,FORMER,3,1
PAT_00003674,83,26.2,173,199,231,FORMER,6,1
PAT_00003675,75,24.2,100,280,78,UNKNOWN,1,1
PAT_00003676,79,22.4,131,236,249,CURRENT,4,1
PAT_00003677,64,25.8,169,178,164,UNKNOWN,4,0
PAT_00003678,87,24.3,112,212,179,NEVER,1,0
PAT_00003679,78,29.9,150,212,113,UNKNOWN,2,0
PAT_00003680,50,22.1,106,127,187,CURRENT,7,0
PAT_00003681,81,25.3,114,146,254,FORMER,3,1
PAT_00003682,35,29.4,146,233,101,CURRENT,8,0
PAT_00003683,43,26.6,185,238,187,NEVER,8,0
PAT_00003684,92,29.0,151,156,235,NEVER,7,1
PAT_00003685,82,29.6,162,143,130,FORMER,7,1
PAT_00003686,40,34.6,100,300,188,NEVER,0,0
PAT_00003687,57,33.2,99,169,211,CURRENT,4,0
PAT_00003688,79,28.2,185,205,95,CURRENT,2,1
PAT_00003689,35,27.8,113,123,240,UNKNOWN,1,0
PAT_00003690,59,22.9,163,299,200,FORMER,5,0
PAT_00003691,63,28.9,115,293,175,CURRENT,5,0
PAT_00003692,59,23.4,111,289,109,UNKNOWN,0,0
PAT_00003693,86,20.4,139,160,257,NEVER,2,1
PAT_00003694,23,24.4,179,200,189,UNKNOWN,6,0
PAT_00003695,51,27.4,174,277,189,FORMER,7,0
PAT_00003696,24,29.8,96,201,95,FORMER,4,0
PAT_00003697,62,28.0,116,299,186,FORMER,5,1
PAT_00003698,60,28.1,168,236,219,NEVER,0,0
PAT_00003699,61,19.2,105,227,251,UNKNOWN,0,0
PAT_00003700,83,27.7,133,266,154,UNKNOWN,5,1
PAT_00003701,70,31.5,106,177,106,UNKNOWN,4,1
PAT_00003702,75,31.7,150,241,132,NEVER,8,1
PAT_00003703,39,28.2,118,120,70,NEVER,4,0
PAT_00003704,92,25.0,168,214,140,FORMER,3,1
PAT_00003705,60,22.3,101,149,86,FORMER,1,0
PAT_00003706,29,27.1,122,239,166,CURRENT,5,0
PAT_00003707,65,28.7,170,149,115,UNKNOWN,7,0
PAT_00003708,88,28.5,185,273,181,CURRENT,8,1
PAT_00003709,57,24.7,155,265,154,CURRENT,1,0
PAT_00003710,51,24.6,150,296,85,FORMER,6,0
PAT_00003711,84,25.9,160,301,74,NEVER,1,0
PAT_00003712,77,24.6,175,174,185,FORMER,3,1
PAT_00003713,91,29.1,151,214,210,CURRENT,3,1
PAT_00003714,78,19.2,173,204,186,UNKNOWN,5,1
PAT_00003715,76,24.7,175,168,114,NEVER,6,1
PAT_00003716,42,23.2,129,195,78,CURRENT,7,1
PAT_00003717,89,35.7,124,138,138,UNKNOWN,3,1
PAT_00003718,78,26.9,184,240,224,FORMER,3,1
PAT_00003719,25,23.7,170,186,110,CURRENT,2,0
PAT_00003720,39,25.1,151,177,159,CURRENT,8,0
PAT_00003721,79,21.2,142,306,231,NEVER,5,1
PAT_00003722,79,28.8,134,290,133,FORMER,6,1
PAT_00003723,60,32.9,160,236,93,FORMER,6,0
PAT_00003724,77,29.2,140,277,184,CURRENT,4,1
PAT_00003725,78,26.9,157,291,106,FORMER,6,1
PAT_00003726,23,23.6,139,168,133,NEVER,1,0
PAT_00003727,60,23.2,166,143,116,UNKNOWN,1,1
PAT_00003728,32,32.3,160,175,206,CURRENT,7,0
PAT_00003729,55,30.5,176,233,108,CURRENT,3,0
PAT_00003730,71,24.7,120,178,164,NEVER,2,0
PAT_00003731,24,26.9,137,190,238,UNKNOWN,0,0
PAT_00003732,40,19.1,110,269,96,CURRENT,7,0
PAT_00003733,48,28.7,127,142,249,NEVER,6,0
PAT_00003734,31,36.4,106,192,106,UNKNOWN,8,0
PAT_00003735,46,30.1,176,145,104,CURRENT,8,0
PAT_00003736,53,30.9,147,134,151,NEVER,0,0
PAT_00003737,72,31.6,160,297,109,FORMER,0,0
PAT_00003738,87,16.6,132,309,213,FORMER,5,1
PAT_00003739,61,22.9,135,291,165,NEVER,6,0
PAT_00003740,50,32.2,181,225,82,CURRENT,6,0
PAT_00003741,76,28.1,128,291,240,NEVER,4,1
PAT_00003742,29,28.4,137,204,211,FORMER,8,1
PAT_00003743,52,29.8,146,247,150,UNKNOWN,2,0
PAT_00003744,29,18.9,157,177,140,FORMER,6,0
PAT_00003745,82,30.4,109,267,155,FORMER,2,0
PAT_00003746,30,25.4,109,199,114,CURRENT,6,0
PAT_00003747,39,27.6,138,187,132,CURRENT,7,0
PAT_00003748,53,29.9,109,178,122,CURRENT,2,0
PAT_00003749,47,26.8,180,227,163,CURRENT,7,0
PAT_00003750,39,34.2,165,275,139,FORMER,8,0
PAT_00003751,23,32.1,132,194,83,NEVER,7,0
PAT_00003752,67,26.2,144,133,137,NEVER,3,1
PAT_00003753,80,35.9,167,206,119,FORMER,4,1
PAT_00003754,90,33.1,162,209,90,NEVER,8,1
PAT_00003755,91,26.5,122,152,154,CURRENT,0,0
PAT_00003756,48,32.6,177,299,102,NEVER,1,0
PAT_00003757,29,35.0,129,285,70,NEVER,2,0
PAT_00003758,40,31.5,112,175,186,NEVER,4,0
PAT_00003759,83,22.6,115,292,88,FORMER,3,1
PAT_00003760,83,29.1,147,139,254,NEVER,5,1
PAT_00003761,50,34.7,141,265,252,UNKNOWN,1,0
PAT_00003762,33,41.2,96,174,211,FORMER,4,0
PAT_00003763,32,30.6,122,291,225,UNKNOWN,5,0
PAT_00003764,46,31.8,172,143,114,UNKNOWN,1,1
PAT_00003765,70,24.1,170,201,106,FORMER,1,0
PAT_00003766,40,29.3,169,173,107,CURRENT,0,0
PAT_00003767,58,25.0,142,253,203,CURRENT,4,0
PAT_00003768,75,23.0,133,229,227,CURRENT,2,1
PAT_00003769,78,16.7,108,162,83,FORMER,0,0
PAT_00003770,25,28.4,121,184,75,NEVER,5,0
PAT_00003771,28,24.2,170,260,79,FORMER,3,0
PAT_00003772,68,28.7,100,139,121,CURRENT,7,1
PAT_00003773,90,23.9,174,138,165,FORMER,5,1
PAT_00003774,78,37.1,133,171,116,UNKNOWN,1,1
PAT_00003775,89,24.0,130,161,235,NEVER,2,1
PAT_00003776,32,33.2,126,162,77,CURRENT,4,0
PAT_00003777,79,30.2,147,132,240,UNKNOWN,4,1
PAT_00003778,46,26.6,134,129,78,CURRENT,1,0
PAT_00003779,64,31.5,101,181,122,UNKNOWN,6,0
PAT_00003780,81,20.4,102,251,173,NEVER,6,1
PAT_00003781,72,32.6,108,158,188,NEVER,5,1
PAT_00003782,51,23.4,116,269,137,FORMER,8,0
PAT_00003783,21,22.9,118,256,178,UNKNOWN,3,0
PAT_00003784,90,30.6,168,249,217,UNKNOWN,0,1
PAT_00003785,40,38.1,185,293,259,NEVER,0,0
PAT_00003786,24,28.2,135,240,117,FORMER,8,0
PAT_00003787,50,25.4,173,170,76,NEVER,0,1
PAT_00003788,51,33.5,140,161,88,NEVER,7,0
PAT_00003789,92,26.7,139,143,75,CURRENT,8,1
PAT_00003790,43,20.9,175,301,199,FORMER,2,0
PAT_00003791,90,31.7,168,192,247,NEVER,6,1
PAT_00003792,90,39.6,106,182,212,NEVER,6,1
PAT_00003793,55,30.1,156,161,206,CURRENT,1,0
PAT_00003794,33,31.8,112,253,210,CURRENT,7,0
PAT_00003795,62,30.3,160,279,146,FORMER,7,0
PAT_00003796,81,36.6,135,216,90,FORMER,7,1
PAT_00003797,53,35.8,121,140,161,FORMER,5,0
PAT_00003798,21,35.7,99,234,172,FORMER,8,0
PAT_00003799,83,32.0,105,209,140,FORMER,7,1
PAT_00003800,76,34.9,104,125,182,UNKNOWN,3,1
PAT_00003801,69,14.6,164,240,132,NEVER,4,1
PAT_00003802,56,22.0,158,170,210,FORMER,5,0
PAT_00003803,60,28.3,109,202,222,CURRENT,1,0
PAT_00003804,30,37.3,167,197,177,CURRENT,8,0
PAT_00003805,77,27.7,182,225,99,UNKNOWN,1,0
PAT_00003806,34,30.8,134,240,241,CURRENT,1,0
PAT_00003807,48,29.6,110,185,201,UNKNOWN,7,0
PAT_00003808,85,15.3,151,289,205,NEVER,7,1
PAT_00003809,28,24.8,137,226,232,UNKNOWN,2,0
PAT_00003810,83,18.3,106,168,97,UNKNOWN,5,1
PAT_00003811,39,23.2,99,229,103,FORMER,0,0
PAT_00003812,21,25.5,176,288,223,FORMER,0,0
PAT_00003813,88,31.1,110,194,196,CURRENT,6,1
PAT_00003814,62,26.6,170,305,77,FORMER,6,0
PAT_00003815,66,24.0,185,126,255,CURRENT,5,1
PAT_00003816,51,34.9,131,216,120,FORMER,3,0
PAT_00003817,61,36.1,147,190,228,UNKNOWN,0,1
PAT_00003818,46,22.9,133,198,148,CURRENT,0,1
PAT_00003819,29,22.9,110,224,252,UNKNOWN,8,0
PAT_00003820,43,24.3,116,247,215,FORMER,0,0
PAT_00003821,60,26.5,164,134,216,UNKNOWN,5,0
PAT_00003822,58,28.5,110,244,149,NEVER,0,0
PAT_00003823,70,32.6,153,271,127,NEVER,0,0
PAT_00003824,53,18.1,158,274,180,CURRENT,1,0
PAT_00003825,79,25.9,133,149,74,UNKNOWN,5,1
PAT_00003826,74,18.9,107,155,225,FORMER,6,1
PAT_00003827,25,32.0,140,198,153,UNKNOWN,7,0
PAT_00003828,54,24.4,107,145,183,FORMER,5,0
PAT_00003829,70,38.4,115,203,80,NEVER,8,1
PAT_00003830,91,35.8,119,157,234,UNKNOWN,0,1
PAT_00003831,76,17.3,124,298,188,UNKNOWN,6,1
PAT_00003832,31,29.7,149,294,256,CURRENT,8,0
PAT_00003833,68,26.8,125,185,203,NEVER,1,1
PAT_00003834,61,28.2,98,153,225,FORMER,0,1
PAT_00003835,87,29.1,141,158,233,NEVER,7,1
PAT_00003836,70,25.0,163,200,170,FORMER,8,1
PAT_00003837,27,30.9,124,287,242,UNKNOWN,6,0
PAT_00003838,77,27.0,102,159,140,FORMER,4,1
PAT_00003839,36,29.0,100,294,127,FORMER,7,0
PAT_00003840,62,20.7,123,178,191,NEVER,1,0
PAT_00003841,83,35.1,158,255,104,CURRENT,3,1
PAT_00003842,32,27.6,156,202,99,NEVER,0,1
PAT_00003843,74,16.8,118,289,173,UNKNOWN,5,1
PAT_00003844,50,21.0,144,297,120,CURRENT,2,0
PAT_00003845,86,23.8,180,183,101,CURRENT,3,1
PAT_00003846,25,28.8,109,276,81,UNKNOWN,7,0
PAT_00003847,42,22.7,171,197,78,UNKNOWN,4,1
PAT_00003848,30,27.2,158,262,72,FORMER,1,0
PAT_00003849,76,30.1,112,271,249,FORMER,1,1
PAT_00003850,55,29.7,170,133,95,CURRENT,8,0
PAT_00003851,21,35.6,159,141,252,NEVER,4,0
PAT_00003852,21,29.8,152,249,229,CURRENT,0,0
PAT_00003853,38,31.6,147,200,208,NEVER,7,0
PAT_00003854,39,31.3,178,179,166,NEVER,3,0
PAT_00003855,29,23.4,162,243,105,FORMER,5,0
PAT_00003856,65,27.1,151,240,160,FORMER,6,0
PAT_00003857,25,25.6,113,203,187,NEVER,3,0
PAT_00003858,71,25.4,114,266,136,UNKNOWN,2,0
PAT_00003859,83,22.6,160,215,244,UNKNOWN,7,1
PAT_00003860,44,32.9,153,168,160,UNKNOWN,7,0
PAT_00003861,40,31.4,175,156,94,FORMER,7,0
PAT_00003862,39,21.3,151,232,188,NEVER,0,0
PAT_00003863,81,37.3,95,264,86,NEVER,3,1
PAT_00003864,39,30.7,142,214,155,CURRENT,1,0
PAT_00003865,40,30.9,95,189,248,CURRENT,2,0
PAT_00003866,51,24.3,111,266,250,CURRENT,2,1
PAT_00003867,87,35.9,166,219,113,UNKNOWN,3,1
PAT_00003868,21,18.5,185,257,97,UNKNOWN,7,1
PAT_00003869,49,34.3,151,125,163,CURRENT,5,0
PAT_00003870,74,24.5,124,309,209,CURRENT,7,1
PAT_00003871,45,35.8,165,170,80,FORMER,7,1
PAT_00003872,84,32.6,169,299,156,NEVER,2,0
PAT_00003873,54,23.8,140,234,127,UNKNOWN,0,0
PAT_00003874,34,31.6,173,277,70,FORMER,4,0
PAT_00003875,92,21.2,178,133,188,FORMER,2,1
PAT_00003876,47,21.5,112,238,177,UNKNOWN,3,0
PAT_00003877,55,30.0,97,151,237,NEVER,7,0
PAT_00003878,39,30.6,110,128,73,FORMER,4,0
PAT_00003879,24,30.0,95,189,87,FORMER,1,0
PAT_00003880,65,24.6,117,220,112,NEVER,8,1
PAT_00003881,29,32.1,108,250,176,CURRENT,6,0
PAT_00003882,65,24.8,141,216,136,NEVER,1,0
PAT_00003883,82,34.3,96,210,89,FORMER,1,0
PAT_00003884,35,26.3,122,187,96,FORMER,8,0
PAT_00003885,25,24.1,173,269,214,UNKNOWN,5,0
PAT_00003886,89,22.8,181,159,111,UNKNOWN,6,1
PAT_00003887,75,27.8,141,208,72,FORMER,4,1
PAT_00003888,78,28.4,106,123,255,CURRENT,7,1
PAT_00003889,50,36.9,174,260,201,UNKNOWN,4,0
PAT_00003890,63,25.8,176,261,240,FORMER,8,1
PAT_00003891,86,20.0,135,278,177,CURRENT,1,0
PAT_00003892,86,24.5,180,185,189,UNKNOWN,4,1
PAT_00003893,49,22.5,181,157,189,CURRENT,8,0
PAT_00003894,58,27.1,170,167,207,FORMER,5,0
PAT_00003895,54,27.9,170,178,214,NEVER,0,0
PAT_00003896,24,32.6,100,269,171,NEVER,7,1
PAT_00003897,33,25.5,158,209,192,CURRENT,5,0
PAT_00003898,76,31.9,156,304,73,FORMER,3,1
PAT_00003899,53,28.5,111,296,102,UNKNOWN,5,0
PAT_00003900,37,33.1,139,310,114,FORMER,6,0
PAT_00003901,38,27.4,125,255,101,NEVER,6,0
PAT_00003902,91,21.7,133,216,97,UNKNOWN,8,1
PAT_00003903,70,33.8,103,136,174,FORMER,0,0
PAT_00003904,22,26.7,168,221,110,NEVER,2,0
PAT_00003905,23,24.4,136,186,96,CURRENT,1,0
PAT_00003906,30,27.1,159,189,180,FORMER,4,0
PAT_00003907,35,31.1,119,197,110,UNKNOWN,8,0
PAT_00003908,46,25.1,145,214,181,CURRENT,4,0
PAT_00003909,80,26.6,109,221,217,NEVER,4,1
PAT_00003910,68,23.2,125,233,193,UNKNOWN,2,1
PAT_00003911,63,31.5,139,159,232,NEVER,1,1
PAT_00003912,24,28.2,158,226,131,NEVER,2,0
PAT_00003913,80,32.8,182,161,259,NEVER,6,1
PAT_00003914,60,24.3,121,185,186,NEVER,3,1
PAT_00003915,69,31.4,161,121,71,CURRENT,3,1
PAT_00003916,78,17.5,137,304,127,CURRENT,3,1
PAT_00003917,42,32.2,125,204,246,UNKNOWN,0,0
PAT_00003918,85,21.1,156,186,90,CURRENT,6,1
PAT_00003919,74,28.4,103,165,171,CURRENT,4,1
PAT_00003920,75,23.5,153,310,143,UNKNOWN,1,0
PAT_00003921,24,29.3,158,169,122,NEVER,3,0
PAT_00003922,65,24.2,123,120,121,NEVER,0,0
PAT_00003923,60,20.2,167,234,79,FORMER,5,1
PAT_00003924,86,19.8,96,266,202,CURRENT,4,1
PAT_00003925,25,39.8,148,286,137,UNKNOWN,8,0
PAT_00003926,68,23.9,167,123,83,FORMER,2,0
PAT_00003927,77,34.4,101,131,132,NEVER,8,1
PAT_00003928,61,24.7,127,153,200,NEVER,8,1
PAT_00003929,52,27.5,95,193,112,CURRENT,5,1
PAT_00003930,26,21.3,147,180,226,CURRENT,1,0
PAT_00003931,86,21.9,172,277,195,FORMER,8,1
PAT_00003932,56,26.5,132,290,245,CURRENT,8,0
PAT_00003933,45,28.8,165,162,106,CURRENT,5,1
PAT_00003934,41,25.9,134,238,230,UNKNOWN,7,0
PAT_00003935,33,27.5,183,194,179,CURRENT,5,0
PAT_00003936,27,30.2,98,242,98,UNKNOWN,5,0
PAT_00003937,86,35.8,135,274,79,CURRENT,2,0
PAT_00003938,64,29.8,156,187,200,FORMER,8,0
PAT_00003939,24,25.7,140,289,202,CURRENT,2,0
PAT_00003940,71,26.6,173,279,104,UNKNOWN,8,1
PAT_00003941,48,26.7,166,206,165,NEVER,2,0
PAT_00003942,56,18.5,179,309,152,UNKNOWN,6,0
PAT_00003943,29,19.0,124,164,91,FORMER,1,0
PAT_00003944,39,30.0,180,190,202,UNKNOWN,0,0
PAT_00003945,63,26.5,104,139,82,NEVER,2,0
PAT_00003946,57,25.6,178,139,156,FORMER,4,0
PAT_00003947,57,21.8,175,244,85,UNKNOWN,4,0
PAT_00003948,65,25.1,165,150,126,UNKNOWN,7,1
PAT_00003949,38,30.2,121,125,166,UNKNOWN,5,0
PAT_00003950,50,24.9,185,230,222,NEVER,2,1
PAT_00003951,86,28.5,118,173,137,NEVER,8,1
PAT_00003952,53,22.4,142,249,184,NEVER,1,0
PAT_00003953,74,33.4,179,167,153,UNKNOWN,3,1
PAT_00003954,66,19.7,128,134,198,UNKNOWN,1,1
PAT_00003955,30,32.1,147,207,235,NEVER,8,0
PAT_00003956,36,23.7,107,255,146,UNKNOWN,8,1
PAT_00003957,64,33.6,137,120,191,CURRENT,6,1
PAT_00003958,25,26.5,142,219,227,FORMER,2,0
PAT_00003959,31,35.9,163,264,76,FORMER,6,0
PAT_00003960,72,26.4,114,208,126,FORMER,6,1
PAT_00003961,66,25.9,149,271,121,UNKNOWN,6,1
PAT_00003962,89,27.4,129,158,242,NEVER,1,1
PAT_00003963,92,30.3,130,266,174,NEVER,3,1
PAT_00003964,82,22.6,138,274,95,UNKNOWN,6,1
PAT_00003965,30,34.9,115,150,106,NEVER,8,0
PAT_00003966,78,28.5,135,191,177,UNKNOWN,4,1
PAT_00003967,85,35.1,161,134,180,CURRENT,8,1
PAT_00003968,80,31.0,130,295,83,NEVER,2,0
PAT_00003969,27,24.2,165,221,227,CURRENT,4,1
PAT_00003970,62,25.2,132,269,176,UNKNOWN,3,1
PAT_00003971,85,23.9,145,299,175,UNKNOWN,6,1
PAT_00003972,39,31.3,157,126,240,NEVER,8,0
PAT_00003973,46,26.1,126,131,206,NEVER,3,0
PAT_00003974,63,19.1,144,271,194,NEVER,4,1
PAT_00003975,70,26.1,183,198,132,NEVER,0,0
PAT_00003976,57,34.2,136,216,136,NEVER,8,0
PAT_00003977,75,21.9,115,183,164,NEVER,0,0
PAT_00003978,69,30.3,177,216,81,UNKNOWN,5,1
PAT_00003979,61,27.3,123,227,124,UNKNOWN,6,0
PAT_00003980,85,40.7,143,265,100,FORMER,3,1
PAT_00003981,31,42.6,137,180,207,CURRENT,4,0
PAT_00003982,28,23.8,99,236,98,NEVER,2,0
PAT_00003983,60,31.2,161,198,180,FORMER,1,0
PAT_00003984,29,31.8,129,282,85,NEVER,0,1
PAT_00003985,38,35.9,139,295,206,CURRENT,5,0
PAT_00003986,27,27.3,114,186,102,UNKNOWN,5,0
PAT_00003987,75,20.2,152,290,153,FORMER,3,1
PAT_00003988,21,25.4,174,206,119,CURRENT,1,0
PAT_00003989,79,30.9,181,287,129,FORMER,7,1
PAT_00003990,21,26.2,157,244,200,FORMER,8,0
PAT_00003991,74,27.7,96,214,225,CURRENT,0,1
PAT_00003992,51,25.6,111,155,122,FORMER,3,0
PAT_00003993,73,32.8,100,124,126,NEVER,4,1
PAT_00003994,54,24.3,170,197,251,FORMER,4,0
PAT_00003995,62,26.9,177,127,224,NEVER,6,0
PAT_00003996,81,24.9,150,129,228,NEVER,5,1
PAT_00003997,71,21.8,180,299,207,UNKNOWN,1,1
PAT_00003998,51,39.1,118,277,177,NEVER,3,0
PAT_00003999,46,28.6,116,123,253,UNKNOWN,6,0
PAT_00004000,67,31.6,104,188,180,CURRENT,0,0
PAT_00004001,32,25.2,162,191,212,FORMER,0,0
PAT_00004002,43,32.9,95,269,194,UNKNOWN,7,0
PAT_00004003,79,29.9,147,217,79,FORMER,2,0
PAT_00004004,65,24.1,121,232,216,FORMER,4,0
PAT_00004005,50,28.4,118,231,186,CURRENT,0,0
PAT_00004006,87,27.8,103,135,260,UNKNOWN,7,1
PAT_00004007,48,18.7,102,167,194,FORMER,6,0
PAT_00004008,79,22.8,173,151,107,FORMER,3,1
PAT_00004009,71,33.6,111,221,199,FORMER,5,1
PAT_00004010,26,25.6,180,188,210,FORMER,0,1
PAT_00004011,48,15.6,104,149,74,FORMER,7,0
PAT_00004012,37,29.3,126,167,150,CURRENT,0,0
PAT_00004013,46,26.9,160,191,131,CURRENT,8,0
PAT_00004014,27,42.3,167,170,176,CURRENT,2,0
PAT_00004015,57,32.4,147,230,229,UNKNOWN,5,0
PAT_00004016,77,31.4,115,233,255,FORMER,2,1
PAT_00004017,36,29.3,128,173,117,NEVER,7,0
PAT_00004018,61,31.8,156,194,73,FORMER,7,0
PAT_00004019,79,28.4,161,237,198,UNKNOWN,7,1
PAT_00004020,46,31.0,158,233,233,NEVER,0,0
PAT_00004021,33,44.8,149,153,123,NEVER,8,0
PAT_00004022,84,24.2,102,269,248,FORMER,5,1
PAT_00004023,51,33.8,124,262,176,FORMER,8,0
PAT_00004024,89,30.4,173,154,94,UNKNOWN,6,1
PAT_00004025,54,29.6,115,310,225,NEVER,5,0
PAT_00004026,41,29.2,119,188,195,CURRENT,1,0
PAT_00004027,70,35.9,161,310,218,UNKNOWN,2,1
PAT_00004028,42,36.4,166,212,82,FORMER,1,0
PAT_00004029,51,25.6,150,121,122,UNKNOWN,3,0
PAT_00004030,79,34.7,104,247,210,CURRENT,0,1
PAT_00004031,32,26.0,134,205,185,FORMER,4,1
PAT_00004032,88,33.4,126,121,131,NEVER,8,1
PAT_00004033,87,25.9,130,142,106,NEVER,5,1
PAT_00004034,30,26.2,100,297,259,UNKNOWN,8,0
PAT_00004035,61,28.6,152,294,226,CURRENT,7,0
PAT_00004036,26,22.7,184,173,128,NEVER,8,0
PAT_00004037,81,27.6,138,220,74,UNKNOWN,6,1
PAT_00004038,43,25.1,154,190,147,NEVER,0,0
PAT_00004039,52,21.4,98,245,143,CURRENT,3,0
PAT_00004040,39,20.6,140,292,70,CURRENT,7,0
PAT_00004041,39,34.2,96,128,92,UNKNOWN,1,0
PAT_00004042,54,31.6,95,209,70,UNKNOWN,0,0
PAT_00004043,41,27.9,160,168,100,NEVER,5,1
PAT_00004044,72,19.6,119,251,227,CURRENT,5,1
PAT_00004045,89,24.2,155,213,179,NEVER,3,1
PAT_00004046,74,24.4,153,272,230,CURRENT,6,1
PAT_00004047,90,18.8,107,218,119,NEVER,4,1
PAT_00004048,66,32.4,153,303,213,CURRENT,7,1
PAT_00004049,81,32.8,142,161,153,CURRENT,4,1
PAT_00004050,82,28.1,175,145,138,CURRENT,8,1
PAT_00004051,27,34.4,143,289,158,UNKNOWN,4,0
PAT_00004052,49,27.9,174,181,160,UNKNOWN,0,0
PAT_00004053,37,21.3,184,293,126,FORMER,4,0
PAT_00004054,87,21.2,145,206,260,UNKNOWN,7,1
PAT_00004055,57,25.1,177,167,120,FORMER,1,1
PAT_00004056,28,26.0,116,142,257,FORMER,6,1
PAT_00004057,58,30.7,135,183,89,FORMER,7,0
PAT_00004058,77,31.7,105,192,212,NEVER,8,1
PAT_00004059,63,16.7,182,304,112,CURRENT,8,1
PAT_00004060,87,30.1,110,154,103,UNKNOWN,0,1
PAT_00004061,34,28.0,151,137,217,UNKNOWN,7,0
PAT_00004062,51,26.4,165,288,258,UNKNOWN,1,0
PAT_00004063,21,25.3,185,137,121,FORMER,2,0
PAT_00004064,88,26.8,184,150,161,NEVER,5,1
PAT_00004065,48,25.1,123,208,122,NEVER,2,0
PAT_00004066,52,25.9,171,237,200,FORMER,7,0
PAT_00004067,52,23.6,99,237,181,UNKNOWN,1,0
PAT_00004068,71,15.5,98,180,142,NEVER,6,1
PAT_00004069,91,32.1,132,147,124,UNKNOWN,1,0
PAT_00004070,65,14.3,109,305,122,NEVER,5,0
PAT_00004071,27,19.9,144,238,121,FORMER,2,0
PAT_00004072,82,17.6,96,179,102,CURRENT,3,1
PAT_00004073,83,26.4,155,202,130,CURRENT,4,1
PAT_00004074,90,24.8,96,270,207,CURRENT,0,1
PAT_00004075,58,14.9,134,133,139,UNKNOWN,0,0
PAT_00004076,55,29.5,178,197,84,NEVER,2,1
PAT_00004077,89,31.4,131,234,190,FORMER,4,1
PAT_00004078,58,27.0,147,165,244,FORMER,1,0
PAT_00004079,59,30.8,178,300,116,UNKNOWN,7,0
PAT_00004080,90,31.3,136,169,250,CURRENT,0,1
PAT_00004081,66,20.4,152,168,223,NEVER,5,1
PAT_00004082,52,28.0,169,267,218,NEVER,5,0
PAT_00004083,72,40.3,124,223,127,CURRENT,1,0
PAT_00004084,46,29.9,153,131,195,CURRENT,3,0
PAT_00004085,53,36.5,165,190,108,CURRENT,0,0
PAT_00004086,28,24.3,155,154,158,UNKNOWN,7,0
PAT_00004087,78,35.0,171,256,121,NEVER,5,1
PAT_00004088,72,30.3,130,183,117,NEVER,2,0
PAT_00004089,92,35.3,111,148,113,NEVER,6,1
PAT_00004090,49,32.1,155,198,238,UNKNOWN,5,0
PAT_00004091,39,28.2,164,186,145,CURRENT,1,0
PAT_00004092,38,29.7,144,142,237,CURRENT,5,0
PAT_00004093,73,31.8,152,228,77,UNKNOWN,4,1
PAT_00004094,76,32.1,179,297,241,UNKNOWN,0,1
PAT_00004095,43,16.3,134,175,228,FORMER,1,0
PAT_00004096,80,26.6,154,263,221,UNKNOWN,0,1
PAT_00004097,38,31.7,171,176,251,FORMER,5,0
PAT_00004098,32,38.5,155,301,103,NEVER,8,0
PAT_00004099,83,30.2,142,130,131,UNKNOWN,2,0
PAT_00004100,46,26.7,170,292,259,NEVER,0,0
PAT_00004101,61,28.9,182,278,116,NEVER,8,0
PAT_00004102,72,33.1,161,308,253,UNKNOWN,2,1
PAT_00004103,60,28.2,180,224,244,FORMER,5,0
PAT_00004104,23,23.7,125,148,175,UNKNOWN,2,0
PAT_00004105,74,15.4,97,220,137,NEVER,5,1
PAT_00004106,69,24.8,158,157,137,NEVER,1,0
PAT_00004107,82,21.3,137,221,145,NEVER,7,1
PAT_00004108,89,18.6,145,308,204,CURRENT,2,1
PAT_00004109,37,28.8,164,200,225,FORMER,8,0
PAT_00004110,46,25.8,182,154,213,CURRENT,3,0
PAT_00004111,23,30.5,104,276,208,CURRENT,1,0
PAT_00004112,21,31.0,172,168,253,NEVER,0,0
PAT_00004113,84,19.4,103,189,238,UNKNOWN,5,1
PAT_00004114,64,23.3,99,295,97,FORMER,3,1
PAT_00004115,43,34.5,138,272,78,NEVER,5,0
PAT_00004116,39,34.2,153,288,181,CURRENT,3,0
PAT_00004117,82,21.9,171,133,107,UNKNOWN,3,1
PAT_00004118,68,31.8,181,272,83,CURRENT,0,1
PAT_00004119,78,31.3,170,212,90,FORMER,4,1
PAT_00004120,55,31.4,142,271,239,FORMER,0,0
PAT_00004121,37,25.8,152,128,173,NEVER,8,0
PAT_00004122,46,30.7,118,144,78,CURRENT,4,0
PAT_00004123,81,37.3,126,221,247,NEVER,8,1
PAT_00004124,44,21.5,183,227,227,UNKNOWN,2,0
PAT_00004125,21,29.5,114,282,119,CURRENT,2,0
PAT_00004126,40,28.1,103,291,128,FORMER,0,0
PAT_00004127,36,30.9,122,130,234,FORMER,0,0
PAT_00004128,52,32.0,129,214,199,NEVER,2,0
PAT_00004129,46,30.1,170,168,165,NEVER,7,0
PAT_00004130,40,29.9,176,207,202,CURRENT,6,1
PAT_00004131,88,27.0,121,122,113,CURRENT,0,0
PAT_00004132,85,31.4,122,187,188,UNKNOWN,0,1
PAT_00004133,86,28.2,176,296,113,NEVER,3,1
PAT_00004134,31,23.5,172,150,231,CURRENT,3,0
PAT_00004135,27,27.5,172,299,223,CURRENT,6,0
PAT_00004136,22,32.2,119,178,121,UNKNOWN,2,0
PAT_00004137,87,26.3,125,247,188,CURRENT,0,1
PAT_00004138,83,28.4,125,219,223,FORMER,2,1
PAT_00004139,52,32.7,111,197,75,NEVER,5,1
PAT_00004140,77,23.6,135,219,196,FORMER,4,1
PAT_00004141,32,25.2,113,140,142,UNKNOWN,8,0
PAT_00004142,76,31.4,108,270,90,NEVER,8,1
PAT_00004143,82,31.2,114,209,233,FORMER,2,1
PAT_00004144,89,21.2,126,229,188,CURRENT,2,1
PAT_00004145,67,36.3,124,242,129,FORMER,5,1
PAT_00004146,84,16.7,175,269,147,CURRENT,6,1
PAT_00004147,35,30.3,137,266,207,CURRENT,0,0
PAT_00004148,25,33.5,131,255,205,UNKNOWN,0,0
PAT_00004149,23,33.5,148,205,201,NEVER,0,0
PAT_00004150,36,28.9,170,304,95,FORMER,8,0
PAT_00004151,32,28.5,145,272,205,UNKNOWN,6,0
PAT_00004152,74,26.3,160,139,97,UNKNOWN,3,1
PAT_00004153,38,28.3,102,144,92,FORMER,5,0
PAT_00004154,43,28.6,115,226,223,NEVER,4,0
PAT_00004155,72,28.7,179,133,108,NEVER,2,0
PAT_00004156,83,33.5,160,271,192,NEVER,6,1
PAT_00004157,72,25.0,131,135,221,UNKNOWN,1,1
PAT_00004158,90,19.9,160,230,123,CURRENT,5,1
PAT_00004159,75,27.0,147,223,238,CURRENT,0,1
PAT_00004160,46,25.4,171,280,90,UNKNOWN,0,0
PAT_00004161,72,32.5,123,227,256,FORMER,5,1
PAT_00004162,71,24.5,121,163,82,NEVER,6,1
PAT_00004163,45,13.7,103,276,173,FORMER,8,0
PAT_00004164,58,29.4,155,300,154,NEVER,5,0
PAT_00004165,30,30.0,109,286,173,UNKNOWN,8,0
PAT_00004166,54,24.1,97,237,218,UNKNOWN,7,0
PAT_00004167,30,27.2,119,152,143,CURRENT,6,0
PAT_00004168,89,26.9,127,155,237,CURRENT,0,1
PAT_00004169,66,27.7,99,167,176,CURRENT,5,1
PAT_00004170,80,21.8,120,182,214,NEVER,7,1
PAT_00004171,50,24.2,106,227,243,FORMER,2,0
PAT_00004172,32,27.8,155,148,185,NEVER,6,0
PAT_00004173,32,29.5,140,302,194,FORMER,4,0
PAT_00004174,80,22.9,109,254,202,NEVER,6,1
PAT_00004175,54,22.5,100,153,251,CURRENT,0,0
PAT_00004176,70,35.3,142,187,149,NEVER,8,1
PAT_00004177,67,27.8,125,148,183,CURRENT,8,1
PAT_00004178,47,23.8,149,299,259,NEVER,4,0
PAT_00004179,87,35.0,163,257,167,UNKNOWN,4,1
PAT_00004180,60,28.5,180,182,149,FORMER,6,0
PAT_00004181,68,28.6,138,138,210,NEVER,6,1
PAT_00004182,73,24.8,172,278,124,NEVER,4,1
PAT_00004183,74,26.6,137,165,86,NEVER,7,1
PAT_00004184,33,35.6,148,186,246,NEVER,6,0
PAT_00004185,43,25.7,184,297,123,CURRENT,3,0
PAT_00004186,91,19.1,179,213,161,CURRENT,4,1
PAT_00004187,86,32.4,124,195,125,UNKNOWN,6,1
PAT_00004188,50,23.6,146,173,178,CURRENT,8,1
PAT_00004189,21,30.3,172,307,109,FORMER,8,0
PAT_00004190,63,13.9,110,274,104,CURRENT,2,0
PAT_00004191,90,25.8,126,130,231,NEVER,6,1
PAT_00004192,24,31.7,171,135,199,UNKNOWN,3,0
PAT_00004193,46,29.9,113,171,89,NEVER,1,0
PAT_00004194,22,25.0,147,275,160,NEVER,0,0
PAT_00004195,28,31.8,175,238,165,NEVER,5,0
PAT_00004196,66,28.0,99,193,151,UNKNOWN,4,1
PAT_00004197,50,22.4,161,278,229,FORMER,7,0
PAT_00004198,76,25.1,177,252,180,CURRENT,6,1
PAT_00004199,67,24.2,134,214,165,FORMER,3,1
PAT_00004200,29,27.1,181,199,166,NEVER,5,0
PAT_00004201,83,30.8,108,245,136,NEVER,5,1
PAT_00004202,90,25.0,95,199,222,NEVER,7,1
PAT_00004203,51,28.1,131,185,83,UNKNOWN,1,0
PAT_00004204,53,21.6,156,256,189,UNKNOWN,7,0
PAT_00004205,42,21.4,114,278,108,CURRENT,6,0
PAT_00004206,80,25.1,153,196,121,UNKNOWN,7,1
PAT_00004207,62,27.8,170,182,96,NEVER,4,0
PAT_00004208,82,16.9,150,274,143,UNKNOWN,7,1
PAT_00004209,33,21.2,100,144,174,NEVER,1,0
PAT_00004210,43,29.5,130,195,154,NEVER,3,0
PAT_00004211,73,23.8,114,273,82,FORMER,7,1
PAT_00004212,90,21.0,180,245,113,FORMER,5,1
PAT_00004213,83,26.8,170,144,258,FORMER,0,1
PAT_00004214,27,26.5,119,181,235,CURRENT,3,0
PAT_00004215,75,21.3,176,250,220,NEVER,1,1
PAT_00004216,27,24.3,118,181,223,FORMER,5,0
PAT_00004217,32,38.4,123,188,220,UNKNOWN,3,0
PAT_00004218,37,18.7,181,188,78,UNKNOWN,1,0
PAT_00004219,32,23.8,175,216,213,FORMER,8,0
PAT_00004220,31,28.3,101,252,95,CURRENT,2,0
PAT_00004221,35,45.2,98,307,172,CURRENT,7,0
PAT_00004222,31,27.2,110,247,171,CURRENT,6,0
PAT_00004223,26,30.0,158,255,170,FORMER,8,0
PAT_00004224,36,29.3,131,252,187,UNKNOWN,6,1
PAT_00004225,91,24.1,163,143,89,UNKNOWN,4,1
PAT_00004226,33,26.1,122,159,129,UNKNOWN,0,1
PAT_00004227,57,30.8,135,159,108,NEVER,4,0
PAT_00004228,88,21.9,172,257,246,CURRENT,0,1
PAT_00004229,68,32.2,179,242,186,FORMER,2,1
PAT_00004230,84,34.5,167,287,203,FORMER,5,1
PAT_00004231,88,31.3,130,142,213,FORMER,3,1
PAT_00004232,34,29.8,118,125,122,UNKNOWN,1,0
PAT_00004233,29,27.1,102,238,171,CURRENT,3,0
PAT_00004234,45,31.8,95,243,229,CURRENT,2,0
PAT_00004235,51,21.7,99,138,228,CURRENT,1,0
PAT_00004236,40,26.1,100,296,74,UNKNOWN,4,1
PAT_00004237,23,27.8,157,165,136,CURRENT,1,0
PAT_00004238,53,24.9,154,152,95,UNKNOWN,5,0
PAT_00004239,28,21.1,172,259,157,CURRENT,8,0
PAT_00004240,74,16.0,149,126,192,UNKNOWN,8,1
PAT_00004241,36,25.0,103,286,194,FORMER,3,0
PAT_00004242,57,18.4,130,201,95,UNKNOWN,6,1
PAT_00004243,62,19.1,101,202,91,CURRENT,5,0
PAT_00004244,45,29.5,156,239,177,FORMER,8,0
PAT_00004245,40,35.3,168,223,157,CURRENT,3,0
PAT_00004246,55,27.4,142,233,137,CURRENT,3,0
PAT_00004247,76,33.4,109,200,174,UNKNOWN,3,1
PAT_00004248,83,25.9,133,204,87,NEVER,1,0
PAT_00004249,69,23.3,112,258,155,UNKNOWN,3,1
PAT_00004250,52,30.3,173,228,153,UNKNOWN,2,0
PAT_00004251,78,33.4,103,195,125,NEVER,7,1
PAT_00004252,34,25.0,145,180,97,UNKNOWN,6,0
PAT_00004253,87,23.1,147,295,203,FORMER,2,1
PAT_00004254,30,31.3,162,206,217,NEVER,6,0
PAT_00004255,58,20.9,110,154,209,UNKNOWN,0,0
PAT_00004256,59,25.0,99,184,131,UNKNOWN,0,0
PAT_00004257,53,29.1,172,310,96,CURRENT,2,0
PAT_00004258,51,27.4,181,290,106,CURRENT,4,0
PAT_00004259,39,27.5,181,204,100,UNKNOWN,4,0
PAT_00004260,51,33.9,147,245,93,FORMER,5,0
PAT_00004261,29,23.4,167,259,244,NEVER,4,0
PAT_00004262,23,22.1,139,240,137,CURRENT,8,1
PAT_00004263,53,32.5,172,218,97,FORMER,1,0
PAT_00004264,67,24.7,158,286,199,NEVER,1,1
PAT_00004265,32,26.3,179,289,91,FORMER,0,0
PAT_00004266,22,16.3,103,162,259,UNKNOWN,5,0
PAT_00004267,60,30.2,115,244,244,CURRENT,5,0
PAT_00004268,36,28.2,114,138,239,UNKNOWN,2,0
PAT_00004269,39,30.4,144,302,192,UNKNOWN,5,0
PAT_00004270,22,23.9,174,180,165,FORMER,7,0
PAT_00004271,41,36.6,120,284,234,CURRENT,5,0
PAT_00004272,26,29.9,107,142,203,UNKNOWN,3,0
PAT_00004273,36,27.3,100,126,181,CURRENT,5,0
PAT_00004274,33,20.5,97,274,167,UNKNOWN,1,0
PAT_00004275,32,18.9,173,258,151,UNKNOWN,2,0
PAT_00004276,24,19.6,182,237,142,UNKNOWN,1,0
PAT_00004277,44,28.5,151,155,247,CURRENT,1,0
PAT_00004278,86,23.5,141,287,166,FORMER,4,1
PAT_00004279,29,27.5,136,233,247,NEVER,2,0
PAT_00004280,58,26.7,118,153,87,NEVER,3,0
PAT_00004281,59,32.3,162,155,175,UNKNOWN,5,0
PAT_00004282,72,29.1,125,231,203,NEVER,3,1
PAT_00004283,75,27.9,134,174,70,FORMER,5,1
PAT_00004284,68,22.2,159,148,90,FORMER,4,1
PAT_00004285,28,33.1,97,280,178,NEVER,3,0
PAT_00004286,35,27.6,120,151,115,UNKNOWN,7,0
PAT_00004287,77,23.2,120,205,100,FORMER,1,0
PAT_00004288,48,31.9,99,134,138,UNKNOWN,2,1
PAT_00004289,68,33.2,123,142,156,NEVER,5,1
PAT_00004290,89,24.6,151,178,162,UNKNOWN,8,1
PAT_00004291,66,25.1,146,235,240,UNKNOWN,1,1
PAT_00004292,71,20.1,157,299,172,CURRENT,6,1
PAT_00004293,64,21.0,164,129,76,FORMER,4,0
PAT_00004294,35,28.6,183,130,249,FORMER,3,0
PAT_00004295,45,20.6,149,139,228,UNKNOWN,2,0
PAT_00004296,32,22.8,106,165,205,UNKNOWN,1,0
PAT_00004297,30,29.4,152,270,82,UNKNOWN,0,1
PAT_00004298,68,30.6,122,203,258,CURRENT,7,1
PAT_00004299,52,38.4,131,195,171,UNKNOWN,7,0
PAT_00004300,56,26.1,145,140,157,NEVER,6,0
PAT_00004301,46,18.8,128,243,245,FORMER,1,0
PAT_00004302,67,15.8,102,194,73,UNKNOWN,7,1
PAT_00004303,38,36.8,133,243,101,FORMER,4,0
PAT_00004304,40,19.1,118,120,193,FORMER,7,0
PAT_00004305,91,38.1,159,202,209,CURRENT,0,1
PAT_00004306,67,33.5,157,247,238,FORMER,1,1
PAT_00004307,78,30.1,134,239,176,UNKNOWN,6,1
PAT_00004308,68,28.4,103,220,246,FORMER,1,1
PAT_00004309,67,17.1,160,191,252,NEVER,7,1
PAT_00004310,78,22.9,96,131,98,NEVER,8,1
PAT_00004311,81,24.3,126,254,71,CURRENT,5,1
PAT_00004312,26,23.1,123,289,113,CURRENT,2,0
PAT_00004313,90,28.7,129,222,260,NEVER,7,1
PAT_00004314,35,25.4,151,189,132,UNKNOWN,5,0
PAT_00004315,72,23.5,177,214,173,NEVER,2,0
PAT_00004316,40,30.1,164,241,196,CURRENT,5,0
PAT_00004317,67,12.5,149,277,127,NEVER,3,1
PAT_00004318,47,27.3,128,263,193,NEVER,6,0
PAT_00004319,63,20.7,130,132,189,CURRENT,2,0
PAT_00004320,22,28.4,96,270,189,CURRENT,5,0
PAT_00004321,43,31.1,168,199,111,FORMER,2,0
PAT_00004322,66,18.4,126,137,86,FORMER,7,1
PAT_00004323,23,35.6,148,290,142,FORMER,2,0
PAT_00004324,51,25.7,122,225,154,FORMER,5,0
PAT_00004325,54,28.2,184,291,146,CURRENT,1,0
PAT_00004326,89,23.3,134,245,212,UNKNOWN,0,1
PAT_00004327,41,33.8,147,281,78,FORMER,7,0
PAT_00004328,73,27.4,154,199,216,NEVER,3,1
PAT_00004329,71,32.4,179,140,256,UNKNOWN,4,1
PAT_00004330,67,24.9,128,226,101,NEVER,5,1
PAT_00004331,23,30.0,101,163,152,FORMER,2,1
PAT_00004332,80,26.0,156,242,84,UNKNOWN,8,1
PAT_00004333,75,29.8,128,181,94,FORMER,8,1
PAT_00004334,26,25.1,99,192,215,CURRENT,4,0
PAT_00004335,27,22.3,166,242,99,NEVER,4,0
PAT_00004336,44,26.1,156,178,184,FORMER,2,1
PAT_00004337,78,34.2,173,247,187,CURRENT,5,1
PAT_00004338,75,37.6,171,134,254,FORMER,1,1
PAT_00004339,68,30.8,150,167,163,NEVER,5,1
PAT_00004340,31,31.9,179,277,194,CURRENT,3,0
PAT_00004341,25,18.3,110,215,215,CURRENT,3,0
PAT_00004342,56,37.2,155,291,93,NEVER,5,0
PAT_00004343,25,34.5,118,224,136,FORMER,0,0
PAT_00004344,60,18.4,120,187,125,NEVER,3,0
PAT_00004345,70,31.4,105,250,204,UNKNOWN,6,1
PAT_00004346,68,26.8,149,234,224,FORMER,5,1
PAT_00004347,83,34.2,101,228,219,UNKNOWN,2,1
PAT_00004348,64,24.4,182,213,181,FORMER,3,0
PAT_00004349,82,27.0,168,251,240,NEVER,1,1
PAT_00004350,66,29.1,155,223,220,UNKNOWN,2,1
PAT_00004351,37,19.9,152,222,211,CURRENT,0,1
PAT_00004352,66,31.6,98,252,222,FORMER,8,1
PAT_00004353,38,23.3,159,289,209,CURRENT,7,0
PAT_00004354,34,30.5,102,181,145,CURRENT,8,0
PAT_00004355,27,27.2,118,266,131,FORMER,0,0
PAT_00004356,79,21.8,120,233,101,FORMER,8,1
PAT_00004357,84,17.9,138,280,158,CURRENT,8,1
PAT_00004358,29,27.9,107,170,190,FORMER,1,0
PAT_00004359,60,28.5,108,240,128,CURRENT,6,0
PAT_00004360,44,29.7,118,215,150,CURRENT,0,0
PAT_00004361,86,23.2,101,292,91,FORMER,6,1
PAT_00004362,77,23.5,122,138,213,UNKNOWN,3,1
PAT_00004363,57,24.5,121,189,202,FORMER,6,0
PAT_00004364,39,33.3,135,264,217,FORMER,3,0
PAT_00004365,92,25.7,177,273,256,FORMER,2,1
PAT_00004366,57,36.5,135,256,164,CURRENT,4,0
PAT_00004367,41,31.7,163,223,184,CURRENT,2,0
PAT_00004368,70,32.1,121,209,80,CURRENT,3,1
PAT_00004369,92,27.0,163,195,151,CURRENT,8,1
PAT_00004370,70,32.7,162,173,206,NEVER,2,1
PAT_00004371,37,25.5,109,278,74,NEVER,8,0
PAT_00004372,55,33.9,145,154,249,CURRENT,4,1
PAT_00004373,60,22.7,185,225,81,CURRENT,1,0
PAT_00004374,35,35.0,170,294,130,UNKNOWN,8,0
PAT_00004375,31,25.4,135,241,71,FORMER,1,0
PAT_00004376,32,22.4,160,293,157,UNKNOWN,1,0
PAT_00004377,82,27.6,111,142,252,CURRENT,4,1
PAT_00004378,81,35.6,151,225,120,NEVER,4,1
PAT_00004379,74,23.2,105,303,159,CURRENT,8,1
PAT_00004380,58,19.8,148,125,85,FORMER,0,0
PAT_00004381,63,28.2,157,209,201,NEVER,5,0
PAT_00004382,54,29.2,125,149,255,UNKNOWN,5,0
PAT_00004383,58,19.0,159,235,107,UNKNOWN,1,0
PAT_00004384,80,18.8,136,134,170,CURRENT,2,0
PAT_00004385,92,27.8,124,171,185,CURRENT,3,1
PAT_00004386,27,29.0,111,257,130,NEVER,2,1
PAT_00004387,35,27.3,136,158,256,FORMER,6,0
PAT_00004388,61,33.0,169,270,146,UNKNOWN,7,0
PAT_00004389,59,29.2,182,212,160,NEVER,7,0
PAT_00004390,37,30.1,177,225,227,NEVER,6,1
PAT_00004391,62,28.3,172,155,194,CURRENT,2,0
PAT_00004392,67,39.5,177,275,98,FORMER,3,1
PAT_00004393,58,26.4,141,157,77,FORMER,0,0
PAT_00004394,45,36.6,170,204,214,UNKNOWN,6,0
PAT_00004395,45,29.7,107,198,237,FORMER,6,1
PAT_00004396,63,28.7,108,147,161,UNKNOWN,4,0
PAT_00004397,30,26.6,129,164,232,CURRENT,3,0
PAT_00004398,30,20.1,184,180,110,CURRENT,1,0
PAT_00004399,66,24.8,170,201,126,CURRENT,7,1
PAT_00004400,92,27.1,126,174,171,CURRENT,8,1
PAT_00004401,47,26.7,146,310,181,UNKNOWN,7,0
PAT_00004402,68,19.3,157,143,247,CURRENT,5,1
PAT_00004403,22,29.7,96,178,176,FORMER,8,0
PAT_00004404,51,24.0,168,167,237,CURRENT,1,0
PAT_00004405,53,27.7,113,172,230,NEVER,5,0
PAT_00004406,77,30.4,125,302,256,UNKNOWN,2,1
PAT_00004407,91,21.9,185,223,137,CURRENT,0,0
PAT_00004408,38,32.9,158,164,214,NEVER,3,0
PAT_00004409,74,33.1,180,220,73,NEVER,0,0
PAT_00004410,66,36.6,154,167,174,NEVER,6,1
PAT_00004411,50,23.8,181,152,132,CURRENT,4,0
PAT_00004412,73,19.7,127,229,97,NEVER,7,1
PAT_00004413,52,25.3,117,265,196,UNKNOWN,2,0
PAT_00004414,88,24.5,111,163,93,CURRENT,0,0
PAT_00004415,52,26.9,183,170,175,FORMER,6,1
PAT_00004416,61,22.5,164,161,79,CURRENT,3,0
PAT_00004417,27,25.6,103,139,247,NEVER,5,0
PAT_00004418,71,30.2,143,225,239,FORMER,0,1
PAT_00004419,31,25.3,135,140,206,NEVER,7,0
PAT_00004420,52,19.5,180,233,174,NEVER,3,0
PAT_00004421,52,28.4,113,192,172,UNKNOWN,0,1
PAT_00004422,89,27.2,164,208,224,NEVER,4,1
PAT_00004423,76,19.4,161,220,253,CURRENT,0,1
PAT_00004424,87,32.1,150,255,183,CURRENT,6,1
PAT_00004425,76,23.3,172,128,90,UNKNOWN,0,0
PAT_00004426,24,27.3,118,273,95,NEVER,8,1
PAT_00004427,49,30.3,173,188,124,CURRENT,7,0
PAT_00004428,24,14.6,102,233,217,NEVER,7,1
PAT_00004429,67,31.1,166,144,143,NEVER,8,1
PAT_00004430,75,29.0,139,149,245,CURRENT,8,1
PAT_00004431,54,26.4,102,121,202,FORMER,0,0
PAT_00004432,56,29.5,108,144,138,UNKNOWN,1,0
PAT_00004433,32,22.1,179,302,174,CURRENT,6,0
PAT_00004434,21,29.2,183,187,232,UNKNOWN,3,0
PAT_00004435,69,31.6,112,285,192,UNKNOWN,6,1
PAT_00004436,33,17.2,174,170,242,NEVER,1,0
PAT_00004437,74,23.9,121,210,93,CURRENT,5,1
PAT_00004438,57,28.5,115,209,241,FORMER,0,1
PAT_00004439,48,27.1,132,262,81,NEVER,6,0
PAT_00004440,26,41.7,102,300,249,UNKNOWN,3,0
PAT_00004441,88,31.8,170,123,218,UNKNOWN,5,1
PAT_00004442,30,34.7,154,124,73,UNKNOWN,1,0
PAT_00004443,31,30.0,148,198,124,FORMER,2,0
PAT_00004444,60,24.4,152,267,128,CURRENT,7,0
PAT_00004445,61,24.7,143,256,78,NEVER,6,1
PAT_00004446,66,33.2,99,290,112,FORMER,3,1
PAT_00004447,92,19.4,114,152,112,UNKNOWN,4,1
PAT_00004448,26,29.8,157,140,210,UNKNOWN,6,0
PAT_00004449,83,33.2,102,197,159,CURRENT,6,1
PAT_00004450,72,32.5,164,191,159,UNKNOWN,8,1
PAT_00004451,52,27.7,173,211,114,CURRENT,5,0
PAT_00004452,33,28.1,173,171,107,NEVER,6,0
PAT_00004453,29,24.9,155,307,247,NEVER,0,0
PAT_00004454,57,26.0,183,187,134,UNKNOWN,8,0
PAT_00004455,54,36.0,126,294,170,NEVER,7,0
PAT_00004456,48,28.9,134,168,98,CURRENT,1,0
PAT_00004457,48,25.3,105,262,222,NEVER,8,0
PAT_00004458,35,21.7,138,177,213,UNKNOWN,4,1
PAT_00004459,49,25.9,141,128,91,FORMER,0,0
PAT_00004460,61,12.9,178,207,238,NEVER,0,0
PAT_00004461,78,24.5,126,157,253,FORMER,4,1
PAT_00004462,49,29.4,124,229,96,FORMER,3,0
PAT_00004463,72,27.2,122,263,255,NEVER,1,1
PAT_00004464,85,29.4,125,133,172,CURRENT,2,0
PAT_00004465,57,26.3,137,301,151,NEVER,5,0
PAT_00004466,48,31.3,164,185,175,NEVER,4,0
PAT_00004467,22,29.2,117,192,216,FORMER,6,0
PAT_00004468,37,16.7,180,257,173,UNKNOWN,2,0
PAT_00004469,60,26.3,117,270,154,NEVER,7,0
PAT_00004470,50,26.1,149,287,187,FORMER,1,0
PAT_00004471,48,26.2,159,206,82,CURRENT,0,0
PAT_00004472,46,17.1,181,227,130,UNKNOWN,8,0
PAT_00004473,37,22.9,116,171,251,UNKNOWN,7,1
PAT_00004474,46,8.6,138,156,177,UNKNOWN,3,0
PAT_00004475,46,32.2,96,217,190,CURRENT,4,0
PAT_00004476,35,16.9,152,174,150,NEVER,0,0
PAT_00004477,42,18.4,135,163,241,CURRENT,4,1
PAT_00004478,54,26.9,174,174,125,FORMER,4,0
PAT_00004479,37,32.2,147,181,252,UNKNOWN,3,0
PAT_00004480,46,23.9,144,273,253,NEVER,3,0
PAT_00004481,26,27.9,141,173,83,UNKNOWN,0,0
PAT_00004482,66,27.8,147,167,77,NEVER,3,1
PAT_00004483,77,24.6,153,172,175,NEVER,3,1
PAT_00004484,91,29.0,184,223,229,CURRENT,6,1
PAT_00004485,84,22.4,147,230,98,UNKNOWN,1,0
PAT_00004486,76,28.1,164,259,206,FORMER,3,1
PAT_00004487,26,26.6,175,249,241,CURRENT,8,0
PAT_00004488,40,25.6,119,168,220,FORMER,8,1
PAT_00004489,75,26.8,182,194,254,UNKNOWN,6,1
PAT_00004490,65,29.2,167,265,157,CURRENT,8,0
PAT_00004491,50,30.2,177,147,136,FORMER,4,0
PAT_00004492,47,21.2,108,198,188,CURRENT,5,0
PAT_00004493,46,23.0,163,244,76,CURRENT,4,0
PAT_00004494,74,33.7,172,168,221,UNKNOWN,4,1
PAT_00004495,39,28.8,139,176,219,CURRENT,1,0
PAT_00004496,65,28.7,161,124,258,UNKNOWN,2,0
PAT_00004497,26,27.9,159,269,159,FORMER,5,0
PAT_00004498,83,28.7,114,272,216,CURRENT,6,1
PAT_00004499,66,17.8,136,299,138,UNKNOWN,4,1
PAT_00004500,29,18.1,113,229,113,UNKNOWN,7,0
PAT_00004501,57,14.8,109,197,229,CURRENT,2,0
PAT_00004502,26,26.7,95,250,232,UNKNOWN,6,0
PAT_00004503,22,26.2,148,306,242,UNKNOWN,6,1
PAT_00004504,29,21.9,100,176,129,UNKNOWN,4,1
PAT_00004505,82,25.3,103,304,233,NEVER,2,1
PAT_00004506,28,30.5,144,204,255,UNKNOWN,2,0
PAT_00004507,77,31.7,169,233,216,UNKNOWN,7,1
PAT_00004508,54,34.7,150,211,116,UNKNOWN,6,0
PAT_00004509,22,24.3,147,171,127,NEVER,4,0
PAT_00004510,43,30.1,107,243,75,NEVER,4,0
PAT_00004511,65,32.9,164,278,150,FORMER,5,0
PAT_00004512,32,24.9,173,273,75,NEVER,8,0
PAT_00004513,70,30.1,109,206,108,UNKNOWN,1,0
PAT_00004514,26,33.7,133,167,217,CURRENT,8,0
PAT_00004515,25,27.3,105,176,147,UNKNOWN,2,0
PAT_00004516,88,23.2,137,122,208,FORMER,1,1
PAT_00004517,40,26.8,184,270,193,FORMER,5,0
PAT_00004518,71,28.9,136,209,80,FORMER,7,1
PAT_00004519,61,33.4,166,269,246,CURRENT,0,0
PAT_00004520,82,13.6,129,258,146,UNKNOWN,3,1
PAT_00004521,72,31.4,176,195,226,NEVER,7,1
PAT_00004522,31,24.9,112,268,190,CURRENT,4,0
PAT_00004523,51,33.3,153,256,181,CURRENT,8,0
PAT_00004524,82,31.3,145,229,120,NEVER,7,1
PAT_00004525,66,21.8,152,147,207,FORMER,4,1
PAT_00004526,87,25.3,95,140,206,CURRENT,1,1
PAT_00004527,78,32.8,110,214,216,FORMER,6,1
PAT_00004528,56,23.0,166,297,210,NEVER,0,0
PAT_00004529,83,27.8,128,145,251,CURRENT,7,1
PAT_00004530,88,19.7,146,216,236,CURRENT,5,1
PAT_00004531,41,27.1,103,241,100,UNKNOWN,7,0
PAT_00004532,63,30.3,158,302,240,FORMER,5,0
PAT_00004533,37,20.7,102,205,199,UNKNOWN,1,0
PAT_00004534,34,29.4,160,200,235,CURRENT,8,0
PAT_00004535,88,32.5,180,135,103,NEVER,4,1
PAT_00004536,83,21.5,179,147,195,NEVER,8,1
PAT_00004537,39,21.2,118,248,82,FORMER,2,0
PAT_00004538,45,32.2,137,173,116,FORMER,2,1
PAT_00004539,39,23.4,167,304,209,FORMER,0,0
PAT_00004540,36,28.6,153,190,220,FORMER,0,0
PAT_00004541,39,30.8,109,136,237,NEVER,7,0
PAT_00004542,70,27.1,178,176,101,FORMER,8,1
PAT_00004543,56,16.5,184,280,237,UNKNOWN,0,0
PAT_00004544,82,22.1,144,218,90,UNKNOWN,4,1
PAT_00004545,87,20.2,173,205,166,NEVER,3,1
PAT_00004546,62,17.4,172,197,141,FORMER,4,0
PAT_00004547,65,28.3,96,165,205,FORMER,2,0
PAT_00004548,64,26.1,153,288,102,NEVER,6,0
PAT_00004549,88,26.3,138,233,98,FORMER,8,1
PAT_00004550,84,27.5,108,209,115,NEVER,6,1
PAT_00004551,82,25.6,171,272,93,CURRENT,4,1
PAT_00004552,63,23.3,146,296,79,UNKNOWN,2,0
PAT_00004553,47,23.4,165,225,70,FORMER,0,0
PAT_00004554,65,30.2,141,177,202,NEVER,0,1
PAT_00004555,83,30.8,137,194,260,UNKNOWN,1,1
PAT_00004556,87,22.9,170,280,139,FORMER,1,0
PAT_00004557,92,32.3,120,288,235,UNKNOWN,6,1
PAT_00004558,75,33.1,157,250,147,NEVER,4,1
PAT_00004559,59,24.1,154,141,75,FORMER,6,0
PAT_00004560,46,37.4,151,244,89,NEVER,6,0
PAT_00004561,45,30.8,179,258,174,NEVER,7,0
PAT_00004562,81,24.2,115,153,212,CURRENT,5,1
PAT_00004563,51,17.1,155,185,135,UNKNOWN,2,1
PAT_00004564,77,28.5,183,307,110,FORMER,1,0
PAT_00004565,39,28.3,149,206,141,FORMER,0,0
PAT_00004566,40,23.1,122,239,238,UNKNOWN,0,0
PAT_00004567,69,20.2,98,226,186,UNKNOWN,7,1
PAT_00004568,56,23.0,179,208,195,UNKNOWN,5,0
PAT_00004569,27,29.3,137,198,198,UNKNOWN,4,0
PAT_00004570,77,19.8,181,129,142,CURRENT,7,1
PAT_00004571,82,31.5,164,308,76,NEVER,6,1
PAT_00004572,67,19.6,118,297,196,NEVER,3,1
PAT_00004573,42,33.1,165,231,174,UNKNOWN,3,0
PAT_00004574,47,15.4,95,152,105,NEVER,6,0
PAT_00004575,47,20.8,111,156,198,UNKNOWN,5,0
PAT_00004576,40,26.7,107,207,98,NEVER,2,0
PAT_00004577,47,34.7,183,200,139,CURRENT,7,0
PAT_00004578,61,13.8,171,241,135,UNKNOWN,4,0
PAT_00004579,62,27.1,112,194,171,FORMER,6,0
PAT_00004580,91,30.6,161,190,97,UNKNOWN,3,1
PAT_00004581,79,34.9,133,257,132,CURRENT,8,1
PAT_00004582,22,30.5,95,150,71,FORMER,7,0
PAT_00004583,65,26.4,180,272,131,CURRENT,6,0
PAT_00004584,55,31.5,134,128,218,CURRENT,8,0
PAT_00004585,92,38.4,104,210,106,UNKNOWN,4,1
PAT_00004586,57,29.1,111,209,80,CURRENT,6,0
PAT_00004587,35,28.7,178,177,122,NEVER,6,0
PAT_00004588,88,24.4,181,288,85,FORMER,2,0
PAT_00004589,58,29.1,137,275,223,CURRENT,6,1
PAT_00004590,76,28.2,147,199,185,FORMER,5,1
PAT_00004591,52,38.0,98,166,130,NEVER,5,0
PAT_00004592,47,29.2,95,122,201,CURRENT,4,0
PAT_00004593,55,36.5,146,308,231,FORMER,8,0
PAT_00004594,46,27.2,154,284,111,NEVER,1,0
PAT_00004595,88,29.2,131,275,96,NEVER,1,1
PAT_00004596,79,28.5,117,283,218,CURRENT,2,1
PAT_00004597,62,31.4,112,127,86,CURRENT,3,0
PAT_00004598,50,23.2,113,135,155,UNKNOWN,6,0
PAT_00004599,48,15.8,182,254,95,CURRENT,4,1
PAT_00004600,44,23.1,111,200,172,FORMER,3,1
PAT_00004601,53,27.4,132,231,145,NEVER,7,0
PAT_00004602,29,28.5,144,219,70,NEVER,5,0
PAT_00004603,87,15.6,184,183,247,UNKNOWN,0,1
PAT_00004604,34,23.4,163,172,158,NEVER,3,0
PAT_00004605,50,28.8,125,173,104,FORMER,0,0
PAT_00004606,21,36.6,133,182,137,CURRENT,4,0
PAT_00004607,91,26.1,132,222,73,FORMER,5,1
PAT_00004608,92,21.3,114,133,238,NEVER,4,1
PAT_00004609,59,28.4,126,166,138,CURRENT,0,0
PAT_00004610,31,25.5,155,304,80,FORMER,3,0
PAT_00004611,47,31.6,103,181,238,FORMER,1,0
PAT_00004612,91,28.7,112,288,241,NEVER,5,1
PAT_00004613,67,21.0,99,167,156,CURRENT,3,1
PAT_00004614,65,28.1,137,194,258,UNKNOWN,4,0
PAT_00004615,24,35.9,167,171,178,NEVER,8,0
PAT_00004616,47,30.9,117,287,189,FORMER,8,0
PAT_00004617,22,23.5,114,198,242,FORMER,5,0
PAT_00004618,52,30.1,143,303,237,FORMER,0,0
PAT_00004619,24,22.0,96,261,93,CURRENT,2,0
PAT_00004620,22,35.2,155,128,74,CURRENT,1,0
PAT_00004621,31,29.8,137,164,113,UNKNOWN,0,1
PAT_00004622,21,28.2,158,190,107,NEVER,5,0
PAT_00004623,33,29.2,175,154,156,FORMER,7,0
PAT_00004624,33,28.1,154,240,249,FORMER,1,0
PAT_00004625,89,36.8,115,268,212,FORMER,7,1
PAT_00004626,74,32.6,171,235,232,UNKNOWN,0,1
PAT_00004627,23,28.0,147,121,253,NEVER,1,0
PAT_00004628,32,33.0,167,137,140,NEVER,8,1
PAT_00004629,89,24.5,103,137,93,UNKNOWN,1,0
PAT_00004630,80,29.1,96,300,188,UNKNOWN,6,1
PAT_00004631,83,22.0,175,176,208,NEVER,3,1
PAT_00004632,26,28.0,129,240,219,NEVER,2,0
PAT_00004633,67,22.2,160,151,88,UNKNOWN,7,1
PAT_00004634,30,29.1,173,278,113,UNKNOWN,2,1
PAT_00004635,79,26.3,98,228,111,CURRENT,0,0
PAT_00004636,37,34.5,137,237,102,NEVER,3,0
PAT_00004637,53,17.4,175,132,199,FORMER,4,0
PAT_00004638,42,29.9,154,181,222,NEVER,3,0
PAT_00004639,38,27.5,128,195,173,FORMER,0,0
PAT_00004640,85,26.9,180,272,202,FORMER,2,1
PAT_00004641,88,30.6,151,190,185,FORMER,0,1
PAT_00004642,90,25.5,149,229,158,FORMER,3,1
PAT_00004643,42,29.5,112,266,100,CURRENT,7,0
PAT_00004644,32,18.9,137,287,78,UNKNOWN,8,0
PAT_00004645,52,22.3,149,208,193,CURRENT,6,0
PAT_00004646,52,37.7,132,142,255,FORMER,5,0
PAT_00004647,46,23.3,172,190,228,FORMER,0,0
PAT_00004648,59,30.9,167,186,248,CURRENT,5,0
PAT_00004649,89,27.5,131,291,143,NEVER,5,1
PAT_00004650,41,20.1,114,286,110,UNKNOWN,7,0
PAT_00004651,52,32.6,111,273,239,FORMER,0,0
PAT_00004652,31,30.0,178,170,246,CURRENT,1,0
PAT_00004653,62,36.4,160,205,105,UNKNOWN,8,0
PAT_00004654,34,35.6,174,238,136,FORMER,1,0
PAT_00004655,77,32.2,109,300,73,NEVER,4,1
PAT_00004656,76,26.4,145,285,98,CURRENT,3,1
PAT_00004657,25,25.5,179,181,227,UNKNOWN,8,0
PAT_00004658,35,22.5,96,131,239,FORMER,8,1
PAT_00004659,68,26.4,148,254,162,FORMER,4,1
PAT_00004660,26,21.8,157,284,179,CURRENT,7,0
PAT_00004661,76,27.0,105,216,202,UNKNOWN,5,1
PAT_00004662,57,28.2,164,164,187,CURRENT,3,0
PAT_00004663,28,31.5,150,288,109,UNKNOWN,2,0
PAT_00004664,82,32.7,179,167,174,CURRENT,8,1
PAT_00004665,69,36.4,152,186,185,NEVER,7,1
PAT_00004666,49,21.3,180,120,185,CURRENT,5,0
PAT_00004667,23,21.3,169,259,131,FORMER,4,0
PAT_00004668,67,24.0,175,138,247,UNKNOWN,2,1
PAT_00004669,85,28.3,137,155,118,NEVER,0,0
PAT_00004670,86,29.9,165,145,129,NEVER,8,1
PAT_00004671,41,25.4,95,196,240,FORMER,2,0
PAT_00004672,78,28.4,114,302,168,NEVER,2,0
PAT_00004673,59,19.4,102,254,110,FORMER,7,0
PAT_00004674,73,22.6,162,155,95,NEVER,3,1
PAT_00004675,36,22.5,107,174,99,FORMER,3,0
PAT_00004676,55,30.1,154,261,181,FORMER,0,0
PAT_00004677,51,17.1,123,231,76,NEVER,2,0
PAT_00004678,21,26.2,154,271,127,NEVER,6,0
PAT_00004679,40,26.0,108,215,205,CURRENT,7,0
PAT_00004680,84,23.9,175,297,93,FORMER,0,0
PAT_00004681,55,21.2,122,181,113,NEVER,5,0
PAT_00004682,56,26.2,169,225,227,FORMER,0,0
PAT_00004683,80,20.1,161,134,233,UNKNOWN,3,1
PAT_00004684,38,16.5,177,290,119,CURRENT,1,0
PAT_00004685,64,30.8,172,144,238,FORMER,3,0
PAT_00004686,87,28.4,104,291,90,FORMER,8,1
PAT_00004687,41,33.5,174,278,173,NEVER,2,0
PAT_00004688,59,21.8,100,288,189,CURRENT,7,0
PAT_00004689,86,28.5,151,148,79,CURRENT,6,1
PAT_00004690,54,19.1,129,242,222,FORMER,4,0
PAT_00004691,52,27.2,182,137,166,CURRENT,3,0
PAT_00004692,84,26.6,163,218,182,NEVER,8,1
PAT_00004693,85,24.3,184,286,234,NEVER,7,1
PAT_00004694,84,27.1,176,241,132,UNKNOWN,4,1
PAT_00004695,83,29.6,105,222,129,NEVER,4,1
PAT_00004696,51,23.5,125,278,199,UNKNOWN,6,1
PAT_00004697,31,26.1,162,170,106,FORMER,8,0
PAT_00004698,48,31.4,107,251,209,CURRENT,4,0
PAT_00004699,53,29.9,170,225,202,FORMER,1,0
PAT_00004700,58,27.8,125,224,110,UNKNOWN,4,0
PAT_00004701,35,29.7,133,144,171,CURRENT,5,0
PAT_00004702,38,29.7,100,181,191,NEVER,0,1
PAT_00004703,73,23.4,122,213,172,NEVER,1,0
PAT_00004704,83,29.7,129,225,125,UNKNOWN,3,1
PAT_00004705,38,30.5,158,260,107,UNKNOWN,3,0
PAT_00004706,80,32.0,136,161,227,FORMER,0,1
PAT_00004707,29,24.2,178,305,104,NEVER,3,0
PAT_00004708,69,18.1,120,137,166,CURRENT,3,1
PAT_00004709,79,23.5,128,225,252,UNKNOWN,0,1
PAT_00004710,62,25.6,100,247,228,CURRENT,6,0
PAT_00004711,48,22.2,129,140,192,UNKNOWN,0,0
PAT_00004712,67,30.6,95,128,235,NEVER,6,1
PAT_00004713,68,24.0,145,304,182,FORMER,2,1
PAT_00004714,90,23.4,120,196,136,FORMER,3,1
PAT_00004715,79,29.3,172,233,108,CURRENT,6,1
PAT_00004716,34,28.3,117,233,230,NEVER,2,0
PAT_00004717,63,24.7,152,168,117,UNKNOWN,0,0
PAT_00004718,46,25.5,113,245,136,NEVER,5,0
PAT_00004719,87,19.9,129,164,178,CURRENT,0,0
PAT_00004720,65,27.6,111,288,113,FORMER,0,0
PAT_00004721,54,23.8,158,157,135,NEVER,7,0
PAT_00004722,87,32.8,159,195,192,NEVER,0,1
PAT_00004723,84,29.1,172,272,92,NEVER,5,1
PAT_00004724,24,23.7,159,140,110,FORMER,6,0
PAT_00004725,83,31.6,185,257,103,FORMER,5,1
PAT_00004726,66,24.4,166,232,175,UNKNOWN,6,1
PAT_00004727,26,21.4,121,199,254,NEVER,7,0
PAT_00004728,81,24.6,116,165,183,CURRENT,1,1
PAT_00004729,33,17.1,135,295,107,NEVER,6,0
PAT_00004730,45,29.6,152,228,191,FORMER,1,0
PAT_00004731,91,23.8,117,121,123,UNKNOWN,7,1
PAT_00004732,72,27.8,112,269,234,CURRENT,5,1
PAT_00004733,37,19.1,106,138,132,UNKNOWN,0,0
PAT_00004734,57,30.9,120,253,231,UNKNOWN,6,0
PAT_00004735,71,29.3,124,155,96,FORMER,2,0
PAT_00004736,28,29.8,132,269,135,UNKNOWN,0,0
PAT_00004737,32,23.4,174,197,182,FORMER,5,1
PAT_00004738,91,18.9,122,240,149,CURRENT,6,1
PAT_00004739,89,24.9,146,240,247,UNKNOWN,5,1
PAT_00004740,55,27.9,165,232,249,CURRENT,4,0
PAT_00004741,45,23.9,146,265,177,CURRENT,3,0
PAT_00004742,27,33.8,126,126,70,CURRENT,6,0
PAT_00004743,72,26.0,114,266,258,NEVER,4,1
PAT_00004744,53,24.3,111,124,130,FORMER,5,0
PAT_00004745,77,27.7,110,256,90,CURRENT,2,0
PAT_00004746,89,26.4,145,132,127,UNKNOWN,3,1
PAT_00004747,61,32.6,107,125,132,NEVER,0,0
PAT_00004748,43,25.1,115,163,132,CURRENT,5,0
PAT_00004749,50,23.0,116,123,82,UNKNOWN,3,0
PAT_00004750,73,29.3,157,151,196,NEVER,7,1
PAT_00004751,54,27.7,107,205,122,CURRENT,2,0
PAT_00004752,28,28.4,111,257,254,NEVER,7,0
PAT_00004753,52,25.4,160,236,95,FORMER,3,0
PAT_00004754,40,18.1,180,295,95,NEVER,5,1
PAT_00004755,43,33.9,122,161,259,FORMER,1,0
PAT_00004756,91,38.5,178,309,95,UNKNOWN,1,0
PAT_00004757,21,20.5,148,154,208,CURRENT,3,0
PAT_00004758,92,22.1,164,201,229,FORMER,5,1
PAT_00004759,74,20.7,108,192,118,NEVER,0,0
PAT_00004760,75,36.7,139,178,246,CURRENT,7,1
PAT_00004761,92,26.8,128,160,71,CURRENT,3,1
PAT_00004762,52,20.4,161,257,172,CURRENT,4,0
PAT_00004763,40,28.4,166,205,227,FORMER,1,0
PAT_00004764,46,29.2,178,240,202,NEVER,2,0
PAT_00004765,84,27.1,185,272,181,UNKNOWN,0,1
PAT_00004766,41,26.9,172,124,133,UNKNOWN,0,0
PAT_00004767,56,31.3,145,306,189,CURRENT,0,0
PAT_00004768,51,35.6,170,255,158,FORMER,6,0
PAT_00004769,25,37.3,145,214,185,CURRENT,2,0
PAT_00004770,41,26.8,170,234,151,NEVER,7,0
PAT_00004771,21,36.8,98,207,148,NEVER,0,0
PAT_00004772,35,31.0,126,259,156,FORMER,2,0
PAT_00004773,53,25.8,126,259,222,NEVER,2,0
PAT_00004774,58,28.0,123,256,94,UNKNOWN,4,0
PAT_00004775,36,25.2,115,183,128,UNKNOWN,2,0
PAT_00004776,88,26.5,174,163,78,UNKNOWN,1,0
PAT_00004777,30,25.4,159,168,255,UNKNOWN,3,0
PAT_00004778,64,32.7,119,281,117,NEVER,1,0
PAT_00004779,92,30.2,153,287,84,CURRENT,7,1
PAT_00004780,28,26.0,153,258,136,NEVER,4,0
PAT_00004781,35,24.4,96,150,244,NEVER,4,0
PAT_00004782,63,29.9,163,216,200,UNKNOWN,7,0
PAT_00004783,30,30.0,178,238,73,NEVER,4,0
PAT_00004784,69,25.0,146,142,238,CURRENT,7,1
PAT_00004785,35,21.4,171,176,198,CURRENT,6,1
PAT_00004786,34,30.8,152,219,125,CURRENT,6,0
PAT_00004787,84,22.9,127,303,161,UNKNOWN,1,0
PAT_00004788,57,28.7,132,309,196,CURRENT,5,0
PAT_00004789,62,24.5,101,206,71,FORMER,6,1
PAT_00004790,30,26.1,170,261,257,UNKNOWN,3,0
PAT_00004791,91,22.6,137,131,230,NEVER,3,1
PAT_00004792,65,30.5,152,281,240,UNKNOWN,6,0
PAT_00004793,27,24.6,101,202,181,CURRENT,0,1
PAT_00004794,82,26.4,165,279,184,UNKNOWN,4,1
PAT_00004795,26,31.4,123,129,95,UNKNOWN,5,0
PAT_00004796,25,22.8,99,228,212,UNKNOWN,4,0
PAT_00004797,26,34.4,151,263,196,UNKNOWN,1,0
PAT_00004798,64,26.0,158,256,213,FORMER,7,0
PAT_00004799,33,33.9,158,205,166,CURRENT,5,1
PAT_00004800,74,29.0,106,297,166,NEVER,0,0
PAT_00004801,29,26.1,150,273,241,NEVER,3,0
PAT_00004802,41,18.2,107,257,201,UNKNOWN,6,0
PAT_00004803,86,19.5,114,188,95,UNKNOWN,5,1
PAT_00004804,76,34.1,136,275,214,CURRENT,5,1
PAT_00004805,86,21.7,124,126,182,FORMER,8,1
PAT_00004806,72,29.8,179,267,141,NEVER,6,1
PAT_00004807,61,23.6,134,169,84,NEVER,1,0
PAT_00004808,40,28.5,185,186,135,CURRENT,8,0
PAT_00004809,21,33.3,182,203,232,UNKNOWN,1,0
PAT_00004810,73,21.8,167,177,169,NEVER,6,1
PAT_00004811,91,26.3,108,145,143,FORMER,0,0
PAT_00004812,70,21.1,152,296,122,NEVER,5,1
PAT_00004813,54,32.4,112,259,165,FORMER,7,0
PAT_00004814,29,34.8,175,124,212,FORMER,1,0
PAT_00004815,78,33.4,169,260,174,CURRENT,3,1
PAT_00004816,78,26.6,163,151,221,UNKNOWN,5,1
PAT_00004817,73,26.2,164,239,164,CURRENT,3,1
PAT_00004818,24,31.8,149,219,231,NEVER,0,0
PAT_00004819,66,24.9,122,123,202,NEVER,7,1
PAT_00004820,91,23.0,152,300,71,FORMER,6,1
PAT_00004821,26,19.0,150,254,104,CURRENT,1,0
PAT_00004822,83,27.7,129,302,99,UNKNOWN,0,0
PAT_00004823,55,31.2,115,190,116,UNKNOWN,5,0
PAT_00004824,56,33.3,148,214,152,FORMER,6,0
PAT_00004825,58,25.2,114,274,98,NEVER,2,0
PAT_00004826,33,29.8,127,227,212,NEVER,0,0
PAT_00004827,58,26.2,109,231,246,UNKNOWN,8,0
PAT_00004828,70,25.8,151,299,131,CURRENT,6,1
PAT_00004829,24,24.1,122,153,222,NEVER,8,0
PAT_00004830,44,26.4,149,310,72,UNKNOWN,4,0
PAT_00004831,87,33.3,176,292,154,CURRENT,4,1
PAT_00004832,56,24.7,174,291,121,FORMER,8,0
PAT_00004833,90,18.5,164,300,89,FORMER,0,0
PAT_00004834,58,24.6,148,157,231,FORMER,2,0
PAT_00004835,77,28.4,128,227,96,UNKNOWN,5,1
PAT_00004836,44,16.0,118,305,70,FORMER,1,0
PAT_00004837,39,26.6,122,304,202,CURRENT,8,0
PAT_00004838,83,28.2,154,228,110,NEVER,8,1
PAT_00004839,27,24.0,114,127,236,CURRENT,8,0
PAT_00004840,84,21.3,139,201,103,FORMER,6,1
PAT_00004841,68,36.1,173,267,76,FORMER,3,1
PAT_00004842,62,29.0,103,268,168,FORMER,3,0
PAT_00004843,88,26.3,96,230,234,NEVER,0,1
PAT_00004844,53,22.9,141,302,232,FORMER,4,0
PAT_00004845,25,26.1,123,294,135,FORMER,8,0
PAT_00004846,82,26.4,114,168,113,FORMER,8,1
PAT_00004847,49,26.6,158,269,239,CURRENT,7,0
PAT_00004848,31,28.5,177,214,75,UNKNOWN,7,0
PAT_00004849,72,30.2,135,229,231,NEVER,8,1
PAT_00004850,68,31.8,107,126,234,NEVER,4,1
PAT_00004851,51,27.1,173,209,214,CURRENT,1,0
PAT_00004852,54,31.9,145,238,78,UNKNOWN,7,0
PAT_00004853,42,15.4,142,121,128,CURRENT,0,0
PAT_00004854,62,31.3,151,279,224,FORMER,8,0
PAT_00004855,64,24.8,98,209,208,NEVER,1,0
PAT_00004856,68,28.8,168,232,84,FORMER,0,0
PAT_00004857,91,24.7,131,201,110,NEVER,2,0
PAT_00004858,91,22.2,153,297,226,CURRENT,1,1
PAT_00004859,60,19.7,104,208,172,CURRENT,3,1
PAT_00004860,78,19.3,99,218,231,FORMER,1,1
PAT_00004861,70,20.6,115,144,224,CURRENT,8,1
PAT_00004862,90,20.2,163,231,98,NEVER,0,0
PAT_00004863,36,29.3,172,150,171,NEVER,3,0
PAT_00004864,53,27.4,172,146,181,FORMER,6,0
PAT_00004865,58,19.2,96,156,73,CURRENT,1,0
PAT_00004866,73,24.5,179,168,221,FORMER,6,1
PAT_00004867,77,28.7,183,126,90,FORMER,4,1
PAT_00004868,66,29.5,104,150,242,CURRENT,3,1
PAT_00004869,43,20.3,130,288,81,NEVER,3,0
PAT_00004870,53,35.1,110,120,88,FORMER,2,1
PAT_00004871,28,30.0,151,262,195,NEVER,3,0
PAT_00004872,47,19.1,101,142,233,NEVER,5,0
PAT_00004873,85,12.9,147,138,175,NEVER,3,1
PAT_00004874,59,24.8,95,292,198,UNKNOWN,1,0
PAT_00004875,65,25.0,183,222,157,FORMER,5,1
PAT_00004876,36,28.1,106,241,208,CURRENT,4,0
PAT_00004877,64,36.3,129,233,245,FORMER,7,0
PAT_00004878,73,25.5,101,189,133,FORMER,8,1
PAT_00004879,80,30.6,157,251,135,CURRENT,2,0
PAT_00004880,42,35.6,184,189,249,FORMER,1,0
PAT_00004881,43,20.8,114,220,146,NEVER,6,0
PAT_00004882,27,36.3,95,199,254,CURRENT,2,0
PAT_00004883,49,24.4,124,181,207,FORMER,2,0
PAT_00004884,41,21.3,117,220,77,CURRENT,8,0
PAT_00004885,26,27.5,138,159,222,FORMER,0,0
PAT_00004886,46,26.0,174,138,172,CURRENT,8,0
PAT_00004887,55,26.5,141,270,185,UNKNOWN,2,0
PAT_00004888,75,21.4,150,129,205,CURRENT,2,1
PAT_00004889,49,19.4,133,269,184,CURRENT,0,0
PAT_00004890,89,26.3,132,128,214,NEVER,2,1
PAT_00004891,39,28.0,140,137,121,CURRENT,4,0
PAT_00004892,79,23.4,182,132,121,UNKNOWN,7,1
PAT_00004893,92,23.1,147,233,222,UNKNOWN,5,1
PAT_00004894,46,35.2,182,248,106,CURRENT,4,0
PAT_00004895,44,26.8,127,130,161,FORMER,6,0
PAT_00004896,70,29.3,179,179,134,NEVER,4,1
PAT_00004897,34,35.5,148,181,189,UNKNOWN,5,0
PAT_00004898,35,22.0,110,177,119,FORMER,2,0
PAT_00004899,44,21.0,144,216,227,CURRENT,5,0
PAT_00004900,25,38.4,157,254,127,FORMER,8,0
PAT_00004901,80,25.7,129,302,145,UNKNOWN,8,1
PAT_00004902,24,31.3,131,275,78,CURRENT,3,1
PAT_00004903,45,26.2,143,164,184,CURRENT,8,1
PAT_00004904,48,20.5,116,194,218,UNKNOWN,6,1
PAT_00004905,82,26.2,109,290,75,CURRENT,0,0
PAT_00004906,79,38.3,156,256,226,NEVER,3,1
PAT_00004907,64,33.9,129,175,254,UNKNOWN,0,1
PAT_00004908,29,23.0,124,252,70,UNKNOWN,6,0
PAT_00004909,48,36.3,112,278,89,FORMER,3,0
PAT_00004910,44,31.4,162,186,164,CURRENT,1,0
PAT_00004911,41,24.2,177,153,253,FORMER,8,0
PAT_00004912,68,29.0,133,274,76,UNKNOWN,2,0
PAT_00004913,59,32.0,153,182,73,FORMER,1,0
PAT_00004914,67,25.3,150,300,130,FORMER,0,0
PAT_00004915,67,31.8,132,181,220,CURRENT,4,1
PAT_00004916,80,21.2,154,190,226,FORMER,6,1
PAT_00004917,57,19.2,164,168,177,NEVER,5,0
PAT_00004918,91,17.6,161,248,149,FORMER,5,1
PAT_00004919,61,39.0,142,238,94,CURRENT,4,1
PAT_00004920,27,31.9,177,250,201,FORMER,4,0
PAT_00004921,47,20.7,142,248,79,CURRENT,5,0
PAT_00004922,73,18.7,163,157,74,UNKNOWN,0,0
PAT_00004923,36,25.0,168,165,139,UNKNOWN,4,0
PAT_00004924,84,26.2,184,205,244,UNKNOWN,4,1
PAT_00004925,82,26.1,168,186,167,FORMER,2,0
PAT_00004926,60,18.0,169,201,179,FORMER,6,0
PAT_00004927,50,22.1,145,255,253,CURRENT,0,0
PAT_00004928,69,23.8,150,304,209,CURRENT,7,1
PAT_00004929,40,23.6,104,173,172,CURRENT,6,0
PAT_00004930,55,31.9,167,171,112,NEVER,1,0
PAT_00004931,72,19.2,175,183,189,NEVER,0,1
PAT_00004932,58,31.6,143,135,222,CURRENT,5,0
PAT_00004933,26,24.4,148,130,156,CURRENT,5,1
PAT_00004934,48,31.8,139,262,163,NEVER,6,0
PAT_00004935,83,26.5,123,151,172,NEVER,2,0
PAT_00004936,86,24.7,169,126,145,NEVER,6,1
PAT_00004937,21,27.5,131,248,177,NEVER,6,0
PAT_00004938,68,25.3,114,194,242,NEVER,1,1
PAT_00004939,82,26.8,182,166,211,UNKNOWN,1,1
PAT_00004940,28,33.9,111,292,245,NEVER,2,0
PAT_00004941,29,25.1,169,135,225,UNKNOWN,0,0
PAT_00004942,62,26.0,104,165,153,CURRENT,3,0
PAT_00004943,74,22.8,106,218,162,FORMER,4,1
PAT_00004944,54,31.6,96,198,82,FORMER,3,0
PAT_00004945,67,21.6,118,286,171,FORMER,0,0
PAT_00004946,78,26.6,144,273,155,CURRENT,6,1
PAT_00004947,27,35.5,148,262,91,NEVER,8,0
PAT_00004948,26,20.2,180,297,72,CURRENT,1,0
PAT_00004949,82,25.2,107,284,188,UNKNOWN,4,1
PAT_00004950,54,22.3,115,281,245,NEVER,2,0
PAT_00004951,80,18.5,180,242,252,FORMER,6,1
PAT_00004952,64,23.5,123,251,143,UNKNOWN,8,0
PAT_00004953,44,20.5,103,294,79,UNKNOWN,5,0
PAT_00004954,52,16.7,136,235,184,NEVER,0,0
PAT_00004955,53,24.8,113,129,246,FORMER,3,0
PAT_00004956,38,22.1,109,184,116,CURRENT,3,0
PAT_00004957,57,21.6,136,299,153,NEVER,3,0
PAT_00004958,65,27.2,101,263,224,FORMER,1,0
PAT_00004959,66,21.8,122,210,146,CURRENT,4,1
PAT_00004960,23,27.9,179,136,198,CURRENT,0,0
PAT_00004961,33,22.8,157,231,198,UNKNOWN,8,0
PAT_00004962,41,29.7,140,129,249,UNKNOWN,5,0
PAT_00004963,67,39.7,144,186,93,FORMER,0,0
PAT_00004964,67,17.5,144,281,233,UNKNOWN,5,1
PAT_00004965,62,30.9,144,206,84,UNKNOWN,4,0
PAT_00004966,89,42.9,129,221,108,FORMER,3,1
PAT_00004967,80,30.5,129,308,70,UNKNOWN,3,1
PAT_00004968,24,34.9,130,264,153,NEVER,6,0
PAT_00004969,79,29.0,183,142,250,NEVER,2,1
PAT_00004970,69,29.8,181,238,109,UNKNOWN,3,1
PAT_00004971,85,25.9,165,305,114,UNKNOWN,3,1
PAT_00004972,72,26.6,114,218,74,FORMER,7,1
PAT_00004973,51,31.1,135,193,190,FORMER,3,0
PAT_00004974,42,36.9,114,190,216,FORMER,8,0
PAT_00004975,33,26.8,162,276,164,UNKNOWN,2,0
PAT_00004976,29,39.1,101,210,163,NEVER,8,0
PAT_00004977,58,25.2,170,167,168,FORMER,4,0
PAT_00004978,71,19.5,166,210,76,NEVER,3,1
PAT_00004979,83,41.1,179,158,160,UNKNOWN,4,1
PAT_00004980,41,25.0,118,173,185,UNKNOWN,6,0
PAT_00004981,50,22.3,157,175,181,FORMER,0,0
PAT_00004982,58,21.4,147,271,182,NEVER,1,0
PAT_00004983,41,31.5,115,127,218,CURRENT,5,0
PAT_00004984,23,24.3,122,226,126,UNKNOWN,1,0
PAT_00004985,46,16.7,152,302,242,CURRENT,3,0
PAT_00004986,78,25.2,174,219,106,CURRENT,7,1
PAT_00004987,65,27.3,103,279,163,FORMER,3,0
PAT_00004988,85,17.1,180,122,81,FORMER,7,1
PAT_00004989,59,26.7,136,200,201,FORMER,6,0
PAT_00004990,91,22.0,176,238,128,UNKNOWN,5,1
PAT_00004991,24,25.9,122,197,179,FORMER,6,0
PAT_00004992,81,23.7,185,213,116,NEVER,4,1
PAT_00004993,28,23.6,157,206,125,CURRENT,8,0
PAT_00004994,46,32.8,131,153,213,FORMER,7,0
PAT_00004995,61,22.3,98,203,117,FORMER,1,0
PAT_00004996,66,25.7,112,186,89,NEVER,1,0
PAT_00004997,85,32.0,119,286,200,FORMER,1,1
PAT_00004998,36,22.5,175,150,128,NEVER,5,1
PAT_00004999,69,23.1,132,305,220,FORMER,2,1
PAT_00005000,43,23.1,132,140,251,UNKNOWN,1,0
PAT_00005001,71,25.9,165,241,224,FORMER,1,1
PAT_00005002,48,25.1,163,142,250,UNKNOWN,4,0
PAT_00005003,82,35.7,167,170,240,UNKNOWN,7,1
PAT_00005004,33,23.2,170,285,202,CURRENT,0,0
PAT_00005005,32,36.9,159,166,224,NEVER,3,1
PAT_00005006,67,21.5,165,210,124,FORMER,8,1
PAT_00005007,90,25.1,172,179,232,UNKNOWN,4,1
PAT_00005008,64,18.3,162,186,95,CURRENT,8,0
PAT_00005009,69,34.6,152,177,160,CURRENT,3,1
PAT_00005010,58,21.4,148,282,158,UNKNOWN,0,0
PAT_00005011,66,21.9,158,168,117,CURRENT,3,1
PAT_00005012,44,26.0,108,310,236,FORMER,6,1
PAT_00005013,34,20.6,162,198,90,UNKNOWN,8,0
PAT_00005014,75,26.3,181,176,174,NEVER,6,1
PAT_00005015,46,37.5,131,211,106,NEVER,3,0
PAT_00005016,75,19.1,121,203,206,NEVER,4,1
PAT_00005017,73,25.7,175,156,140,UNKNOWN,0,0
PAT_00005018,75,24.5,138,268,111,NEVER,5,1
PAT_00005019,41,27.8,120,293,127,NEVER,7,0
PAT_00005020,45,27.5,169,269,232,CURRENT,0,0
PAT_00005021,78,24.8,141,137,232,NEVER,8,1
PAT_00005022,65,33.8,130,138,116,UNKNOWN,3,0
PAT_00005023,48,36.2,142,136,87,UNKNOWN,4,0
PAT_00005024,23,29.4,147,261,196,NEVER,3,0
PAT_00005025,25,24.1,117,217,205,UNKNOWN,0,0
PAT_00005026,43,29.0,143,156,80,FORMER,3,0
PAT_00005027,90,30.0,103,205,231,FORMER,0,1
PAT_00005028,41,25.4,116,285,215,CURRENT,2,0
PAT_00005029,81,29.1,116,189,77,CURRENT,4,1
PAT_00005030,65,20.7,101,141,173,FORMER,8,0
PAT_00005031,50,29.5,142,235,106,NEVER,0,0
PAT_00005032,24,22.8,165,173,257,UNKNOWN,1,0
PAT_00005033,46,35.6,184,262,254,CURRENT,8,0
PAT_00005034,29,17.6,155,178,221,UNKNOWN,4,0
PAT_00005035,80,26.3,106,257,102,FORMER,6,1
PAT_00005036,56,18.8,145,151,212,FORMER,4,0
PAT_00005037,65,26.3,96,227,164,UNKNOWN,8,1
PAT_00005038,72,25.2,168,204,246,CURRENT,6,1
PAT_00005039,77,30.8,114,196,226,FORMER,4,1
PAT_00005040,47,34.5,125,199,155,UNKNOWN,6,0
PAT_00005041,29,28.1,136,192,243,NEVER,4,0
PAT_00005042,40,24.9,178,212,211,FORMER,8,0
PAT_00005043,61,24.4,116,169,78,NEVER,6,0
PAT_00005044,43,26.3,162,259,130,CURRENT,3,0
PAT_00005045,78,20.6,177,289,178,NEVER,3,1
PAT_00005046,77,25.1,139,309,197,UNKNOWN,2,1
PAT_00005047,72,26.6,149,275,88,NEVER,5,1
PAT_00005048,64,25.7,107,138,110,UNKNOWN,1,0
PAT_00005049,38,22.4,128,137,170,CURRENT,0,0
PAT_00005050,84,24.3,107,234,105,NEVER,0,0
PAT_00005051,66,32.8,169,183,228,FORMER,7,1
PAT_00005052,52,21.6,101,259,226,UNKNOWN,1,0
PAT_00005053,74,29.9,125,186,144,CURRENT,1,0
PAT_00005054,22,30.7,121,134,206,UNKNOWN,0,1
PAT_00005055,40,31.8,173,157,228,CURRENT,7,0
PAT_00005056,56,25.6,103,291,182,NEVER,6,0
PAT_00005057,62,23.8,150,216,155,UNKNOWN,3,0
PAT_00005058,25,23.5,183,170,132,FORMER,0,0
PAT_00005059,86,37.7,166,308,197,CURRENT,8,1
PAT_00005060,42,30.1,166,199,188,NEVER,5,0
PAT_00005061,24,27.7,179,182,217,FORMER,2,0
PAT_00005062,27,33.4,131,176,138,NEVER,1,0
PAT_00005063,44,23.0,147,156,187,UNKNOWN,1,0
PAT_00005064,30,27.6,129,160,161,CURRENT,0,0
PAT_00005065,56,26.9,143,259,122,NEVER,6,0
PAT_00005066,21,31.3,106,284,84,NEVER,8,0
PAT_00005067,68,28.2,107,230,156,NEVER,5,1
PAT_00005068,40,29.5,126,294,260,NEVER,4,0
PAT_00005069,26,27.0,180,233,72,FORMER,1,1
PAT_00005070,48,34.2,135,248,161,CURRENT,8,0
PAT_00005071,84,25.6,131,141,140,UNKNOWN,1,0
PAT_00005072,49,24.2,122,272,208,UNKNOWN,7,0
PAT_00005073,81,33.9,124,237,129,NEVER,3,1
PAT_00005074,40,28.3,147,174,131,NEVER,1,1
PAT_00005075,29,17.2,99,300,135,NEVER,4,0
PAT_00005076,28,23.6,162,234,99,UNKNOWN,2,1
PAT_00005077,55,21.5,139,273,93,NEVER,4,0
PAT_00005078,53,20.3,126,186,257,UNKNOWN,5,0
PAT_00005079,30,24.2,163,124,184,FORMER,1,0
PAT_00005080,80,20.9,98,182,131,FORMER,3,1
PAT_00005081,23,20.0,162,277,91,FORMER,5,0
PAT_00005082,69,21.2,95,255,260,NEVER,0,1
PAT_00005083,87,32.2,120,204,193,UNKNOWN,8,1
PAT_00005084,34,28.0,97,162,149,FORMER,4,0
PAT_00005085,51,28.4,146,152,141,UNKNOWN,2,1
PAT_00005086,53,31.9,111,194,165,FORMER,5,0
PAT_00005087,63,27.9,170,238,184,UNKNOWN,2,0
PAT_00005088,78,30.1,106,237,133,UNKNOWN,0,0
PAT_00005089,63,35.8,142,295,102,FORMER,0,0
PAT_00005090,67,25.4,119,174,205,NEVER,3,1
PAT_00005091,76,30.2,103,160,241,CURRENT,7,1
PAT_00005092,32,26.2,97,227,169,CURRENT,7,0
PAT_00005093,43,29.5,133,156,136,CURRENT,6,1
PAT_00005094,85,24.0,171,278,159,FORMER,1,0
PAT_00005095,68,27.8,101,284,171,UNKNOWN,2,0
PAT_00005096,74,38.9,161,276,140,UNKNOWN,8,1
PAT_00005097,40,24.0,178,142,172,CURRENT,2,1
PAT_00005098,90,27.3,111,223,82,NEVER,5,1
PAT_00005099,81,23.9,126,244,242,CURRENT,5,1
PAT_00005100,70,21.1,149,305,121,CURRENT,7,1
PAT_00005101,38,17.5,183,168,206,CURRENT,4,0
PAT_00005102,85,28.6,172,304,80,FORMER,7,1
PAT_00005103,36,26.9,146,202,150,FORMER,1,0
PAT_00005104,86,31.5,127,202,161,NEVER,3,1
PAT_00005105,50,30.9,118,139,166,CURRENT,6,0
PAT_00005106,53,22.1,135,199,132,CURRENT,2,0
PAT_00005107,37,34.5,142,248,121,UNKNOWN,8,0
PAT_00005108,21,35.5,133,277,116,UNKNOWN,4,0
PAT_00005109,39,25.1,171,275,133,NEVER,5,0
PAT_00005110,64,19.9,174,268,130,FORMER,6,0
PAT_00005111,39,27.2,127,219,192,FORMER,0,0
PAT_00005112,56,24.4,169,306,74,CURRENT,3,0
PAT_00005113,88,24.9,129,136,260,FORMER,4,1
PAT_00005114,79,21.9,98,209,150,NEVER,4,1
PAT_00005115,86,26.1,110,204,226,UNKNOWN,8,1
PAT_00005116,39,23.5,119,252,191,NEVER,7,0
PAT_00005117,41,26.1,184,146,216,CURRENT,4,0
PAT_00005118,33,32.3,122,234,120,CURRENT,4,0
PAT_00005119,81,21.4,176,219,132,FORMER,5,1
PAT_00005120,41,31.2,107,143,146,FORMER,3,0
PAT_00005121,86,24.3,148,268,260,NEVER,6,1
PAT_00005122,76,21.0,172,176,77,NEVER,5,1
PAT_00005123,37,30.4,168,241,169,CURRENT,2,0
PAT_00005124,66,18.9,151,296,175,CURRENT,3,1
PAT_00005125,45,25.4,97,217,84,UNKNOWN,1,0
PAT_00005126,59,27.0,185,260,161,NEVER,7,0
PAT_00005127,68,33.5,125,186,134,UNKNOWN,3,1
PAT_00005128,55,31.1,153,208,164,NEVER,0,0
PAT_00005129,59,31.3,100,130,234,UNKNOWN,3,0
PAT_00005130,60,13.6,105,259,247,UNKNOWN,6,0
PAT_00005131,42,30.2,184,274,226,NEVER,2,0
PAT_00005132,56,34.4,170,186,161,CURRENT,2,0
PAT_00005133,86,30.7,146,237,193,NEVER,0,1
PAT_00005134,26,27.1,142,186,146,FORMER,7,0
PAT_00005135,91,19.2,180,178,251,UNKNOWN,2,1
PAT_00005136,43,24.8,105,283,81,FORMER,0,0
PAT_00005137,87,27.6,116,176,164,NEVER,5,1
PAT_00005138,67,26.6,107,131,101,NEVER,6,1
PAT_00005139,82,35.9,136,285,166,FORMER,8,1
PAT_00005140,89,28.0,164,161,171,UNKNOWN,3,1
PAT_00005141,82,30.2,170,172,120,FORMER,3,1
PAT_00005142,51,33.5,126,124,77,UNKNOWN,2,0
PAT_00005143,88,24.2,106,144,180,NEVER,2,1
PAT_00005144,78,23.7,99,214,175,CURRENT,7,1
PAT_00005145,75,23.4,172,235,143,UNKNOWN,8,1
PAT_00005146,35,27.7,105,234,79,CURRENT,2,0
PAT_00005147,86,15.4,125,144,144,FORMER,8,1
PAT_00005148,79,27.6,106,233,147,FORMER,2,0
PAT_00005149,91,21.2,140,199,151,NEVER,5,1
PAT_00005150,26,30.5,155,251,99,UNKNOWN,3,0
PAT_00005151,67,39.9,108,148,112,UNKNOWN,4,1
PAT_00005152,38,28.9,141,225,172,UNKNOWN,7,0
PAT_00005153,67,19.4,170,158,257,CURRENT,7,1
PAT_00005154,33,22.4,117,259,97,CURRENT,0,0
PAT_00005155,28,33.0,123,169,260,FORMER,8,1
PAT_00005156,64,27.9,106,190,107,NEVER,5,0
PAT_00005157,57,28.0,154,208,102,CURRENT,5,0
PAT_00005158,89,30.3,97,171,99,CURRENT,7,1
PAT_00005159,42,22.8,177,219,219,NEVER,2,0
PAT_00005160,52,29.7,117,245,86,FORMER,6,0
PAT_00005161,77,28.9,130,151,133,CURRENT,8,1
PAT_00005162,89,27.6,184,166,214,FORMER,2,1
PAT_00005163,81,24.1,128,205,78,UNKNOWN,5,1
PAT_00005164,58,35.2,99,125,217,CURRENT,7,0
PAT_00005165,64,32.2,153,287,111,CURRENT,8,1
PAT_00005166,68,34.7,168,219,112,FORMER,2,0
PAT_00005167,60,28.9,148,240,239,FORMER,3,0
PAT_00005168,24,24.5,144,147,259,CURRENT,7,0
PAT_00005169,88,31.1,156,120,159,NEVER,4,1
PAT_00005170,69,32.3,167,297,102,NEVER,6,1
PAT_00005171,88,24.7,137,167,206,NEVER,8,1
PAT_00005172,27,19.1,153,178,139,NEVER,1,0
PAT_00005173,59,21.0,159,281,152,FORMER,4,0
PAT_00005174,44,22.8,181,126,245,FORMER,2,1
PAT_00005175,62,33.8,167,237,207,CURRENT,7,1
PAT_00005176,29,32.3,137,153,78,FORMER,0,0
PAT_00005177,27,29.3,103,236,212,UNKNOWN,2,0
PAT_00005178,58,25.1,106,291,253,UNKNOWN,4,0
PAT_00005179,83,38.7,174,219,95,NEVER,6,1
PAT_00005180,88,25.6,95,187,75,NEVER,4,1
PAT_00005181,25,29.4,175,163,94,CURRENT,1,0
PAT_00005182,56,21.0,183,178,104,NEVER,7,0
PAT_00005183,52,36.8,179,259,204,FORMER,4,0
PAT_00005184,62,26.2,170,150,70,CURRENT,6,0
PAT_00005185,32,22.2,161,150,125,UNKNOWN,2,0
PAT_00005186,89,17.7,152,230,157,CURRENT,6,1
PAT_00005187,80,36.3,182,239,220,UNKNOWN,8,1
PAT_00005188,57,27.6,174,258,145,NEVER,8,0
PAT_00005189,57,30.4,141,263,199,FORMER,6,1
PAT_00005190,58,20.9,139,210,147,NEVER,0,0
PAT_00005191,91,27.4,183,251,238,FORMER,2,1
PAT_00005192,72,30.5,140,197,254,CURRENT,5,1
PAT_00005193,53,29.2,95,244,144,NEVER,1,1
PAT_00005194,74,27.7,175,164,138,CURRENT,0,0
PAT_00005195,87,33.7,137,289,248,CURRENT,6,1
PAT_00005196,27,27.8,138,301,170,UNKNOWN,7,1
PAT_00005197,56,29.9,172,221,162,NEVER,6,0
PAT_00005198,79,31.0,120,181,201,CURRENT,6,1
PAT_00005199,43,13.8,109,289,180,UNKNOWN,0,1
PAT_00005200,50,35.7,104,146,200,CURRENT,0,0
PAT_00005201,65,28.5,137,138,204,NEVER,0,0
PAT_00005202,33,18.0,122,244,135,CURRENT,8,0
PAT_00005203,26,11.3,152,208,229,FORMER,3,0
PAT_00005204,48,21.1,102,139,76,UNKNOWN,6,0
PAT_00005205,21,28.3,162,238,138,UNKNOWN,0,0
PAT_00005206,50,28.0,121,297,128,NEVER,7,1
PAT_00005207,77,39.0,110,252,231,FORMER,4,1
PAT_00005208,25,30.0,158,174,158,FORMER,4,0
PAT_00005209,56,32.0,180,125,194,CURRENT,5,1
PAT_00005210,43,29.3,99,199,219,NEVER,1,0
PAT_00005211,27,23.3,95,249,212,FORMER,3,0
PAT_00005212,44,26.1,165,244,259,NEVER,8,0
PAT_00005213,84,29.7,99,217,126,UNKNOWN,1,0
PAT_00005214,24,27.4,102,235,191,FORMER,8,0
PAT_00005215,71,28.0,124,129,171,UNKNOWN,0,0
PAT_00005216,92,22.1,171,256,184,UNKNOWN,1,1
PAT_00005217,44,15.0,170,144,78,FORMER,1,0
PAT_00005218,35,33.2,167,309,241,UNKNOWN,5,0
PAT_00005219,32,29.3,141,204,170,CURRENT,7,0
PAT_00005220,75,27.9,133,136,202,UNKNOWN,6,1
PAT_00005221,29,21.8,150,307,79,UNKNOWN,3,0
PAT_00005222,72,23.3,101,255,166,NEVER,6,1
PAT_00005223,38,20.6,173,177,87,NEVER,8,0
PAT_00005224,89,18.1,179,199,225,CURRENT,7,1
PAT_00005225,52,30.7,180,253,128,NEVER,5,0
PAT_00005226,34,39.0,112,211,89,UNKNOWN,5,0
PAT_00005227,73,28.7,157,203,248,CURRENT,1,1
PAT_00005228,47,20.3,163,176,214,FORMER,6,0
PAT_00005229,39,21.5,172,181,140,UNKNOWN,7,0
PAT_00005230,37,24.7,96,213,136,UNKNOWN,2,0
PAT_00005231,49,30.9,156,212,184,NEVER,2,1
PAT_00005232,30,30.1,150,307,191,UNKNOWN,6,0
PAT_00005233,61,22.8,176,304,185,NEVER,1,0
PAT_00005234,57,27.2,108,258,240,UNKNOWN,5,0
PAT_00005235,86,31.9,116,121,185,UNKNOWN,8,1
PAT_00005236,22,25.6,133,267,91,UNKNOWN,3,0
PAT_00005237,47,37.2,99,196,134,NEVER,0,0
PAT_00005238,37,22.0,96,134,124,CURRENT,4,0
PAT_00005239,38,36.0,168,131,138,FORMER,8,0
PAT_00005240,26,19.8,134,203,164,FORMER,6,0
PAT_00005241,89,28.7,114,286,233,NEVER,3,1
PAT_00005242,27,17.3,101,137,141,NEVER,3,0
PAT_00005243,37,32.4,99,201,97,CURRENT,0,0
PAT_00005244,65,24.5,103,262,185,CURRENT,8,0
PAT_00005245,73,30.5,183,136,140,FORMER,6,1
PAT_00005246,59,17.7,106,136,77,FORMER,1,1
PAT_00005247,77,30.6,174,267,228,UNKNOWN,0,1
PAT_00005248,72,31.0,165,273,186,UNKNOWN,6,1
PAT_00005249,39,26.5,178,281,157,UNKNOWN,3,1
PAT_00005250,42,37.9,126,249,97,FORMER,0,0
PAT_00005251,75,25.0,99,231,170,CURRENT,2,0
PAT_00005252,58,34.0,145,308,114,UNKNOWN,4,0
PAT_00005253,46,21.6,109,286,136,UNKNOWN,3,0
PAT_00005254,58,34.4,154,155,76,UNKNOWN,6,0
PAT_00005255,38,27.1,109,237,187,UNKNOWN,7,0
PAT_00005256,24,24.9,130,179,240,NEVER,8,0
PAT_00005257,70,25.1,156,168,116,NEVER,3,1
PAT_00005258,63,27.0,117,200,212,CURRENT,6,1
PAT_00005259,43,19.9,147,273,150,FORMER,4,1
PAT_00005260,59,28.9,106,178,115,NEVER,7,0
PAT_00005261,31,27.7,98,125,123,NEVER,0,0
PAT_00005262,62,22.8,182,184,164,UNKNOWN,5,0
PAT_00005263,36,19.6,165,188,179,NEVER,1,0
PAT_00005264,78,35.1,133,275,171,CURRENT,8,1
PAT_00005265,69,27.3,134,222,196,CURRENT,1,1
PAT_00005266,26,31.6,164,220,196,CURRENT,6,0
PAT_00005267,54,28.1,166,182,153,UNKNOWN,3,0
PAT_00005268,52,20.7,173,284,228,NEVER,6,0
PAT_00005269,66,29.3,144,188,107,UNKNOWN,8,1
PAT_00005270,27,26.6,108,175,234,CURRENT,7,0
PAT_00005271,50,29.3,164,189,94,CURRENT,1,0
PAT_00005272,74,33.8,168,225,219,NEVER,2,1
PAT_00005273,36,32.9,138,306,157,FORMER,3,0
PAT_00005274,70,29.2,150,294,165,CURRENT,0,0
PAT_00005275,31,24.4,155,235,185,NEVER,2,0
PAT_00005276,47,27.6,122,250,231,UNKNOWN,2,0
PAT_00005277,81,32.0,166,204,73,CURRENT,8,1
PAT_00005278,85,39.4,172,286,196,UNKNOWN,4,1
PAT_00005279,77,19.7,152,200,127,NEVER,1,0
PAT_00005280,77,16.0,148,210,247,CURRENT,7,1
PAT_00005281,69,28.2,173,127,227,FORMER,1,1
PAT_00005282,52,30.6,181,273,161,CURRENT,3,0
PAT_00005283,71,29.4,102,262,225,UNKNOWN,1,1
PAT_00005284,47,27.1,185,239,239,CURRENT,0,0
PAT_00005285,39,21.5,156,252,184,FORMER,0,1
PAT_00005286,22,24.0,172,212,203,NEVER,8,0
PAT_00005287,32,27.0,165,282,212,UNKNOWN,2,1
PAT_00005288,69,31.4,181,227,116,FORMER,3,1
PAT_00005289,37,28.3,109,189,140,FORMER,7,1
PAT_00005290,35,24.7,99,120,204,CURRENT,3,0
PAT_00005291,87,32.5,135,133,192,UNKNOWN,8,1
PAT_00005292,43,31.2,179,235,205,CURRENT,4,0
PAT_00005293,48,29.8,181,145,189,CURRENT,3,0
PAT_00005294,91,19.2,121,126,113,NEVER,4,1
PAT_00005295,66,24.9,95,193,108,NEVER,7,1
PAT_00005296,37,21.1,104,299,247,UNKNOWN,8,1
PAT_00005297,41,29.8,115,163,164,NEVER,4,0
PAT_00005298,35,23.3,101,221,219,FORMER,0,0
PAT_00005299,50,33.0,144,154,193,NEVER,3,0
PAT_00005300,53,34.6,132,284,85,CURRENT,7,0
PAT_00005301,69,23.9,167,192,226,CURRENT,2,1
PAT_00005302,79,18.2,138,136,71,UNKNOWN,6,1
PAT_00005303,33,36.1,111,258,141,UNKNOWN,7,1
PAT_00005304,31,35.6,177,271,73,UNKNOWN,2,0
PAT_00005305,35,30.6,116,121,170,UNKNOWN,3,0
PAT_00005306,25,30.6,164,196,116,NEVER,0,0
PAT_00005307,82,25.6,154,295,96,FORMER,3,1
PAT_00005308,74,30.0,103,228,175,NEVER,4,1
PAT_00005309,56,29.6,113,253,190,NEVER,7,0
PAT_00005310,80,21.4,169,186,254,CURRENT,3,1
PAT_00005311,72,14.0,101,155,124,CURRENT,2,0
PAT_00005312,62,25.9,166,163,105,NEVER,0,0
PAT_00005313,36,20.4,157,288,184,CURRENT,7,0
PAT_00005314,88,33.3,158,177,236,UNKNOWN,1,1
PAT_00005315,82,33.9,126,201,165,NEVER,0,0
PAT_00005316,31,25.2,156,233,150,UNKNOWN,2,1
PAT_00005317,89,26.1,185,241,72,FORMER,4,1
PAT_00005318,78,33.5,122,199,82,CURRENT,2,0
PAT_00005319,25,28.0,132,170,159,CURRENT,3,0
PAT_00005320,56,20.2,104,140,212,UNKNOWN,5,0
PAT_00005321,59,18.1,119,185,207,UNKNOWN,3,0
PAT_00005322,21,20.3,147,299,249,NEVER,2,0
PAT_00005323,67,24.9,162,226,144,UNKNOWN,6,1
PAT_00005324,22,19.7,159,175,141,NEVER,4,0
PAT_00005325,62,32.3,138,232,114,UNKNOWN,8,0
PAT_00005326,84,31.9,184,153,210,CURRENT,0,1
PAT_00005327,37,29.8,182,290,112,FORMER,2,0
PAT_00005328,86,18.9,172,168,173,NEVER,7,1
PAT_00005329,40,34.9,112,227,70,CURRENT,1,0
PAT_00005330,40,24.4,104,289,108,NEVER,8,0
PAT_00005331,89,34.5,162,269,156,CURRENT,7,1
PAT_00005332,49,35.0,119,254,250,NEVER,3,0
PAT_00005333,77,37.3,167,164,238,NEVER,6,1
PAT_00005334,64,24.8,143,120,132,NEVER,1,0
PAT_00005335,66,16.8,159,150,234,NEVER,8,1
PAT_00005336,88,32.8,95,174,204,UNKNOWN,5,1
PAT_00005337,44,39.4,114,243,204,NEVER,8,0
PAT_00005338,47,31.6,166,200,89,NEVER,3,0
PAT_00005339,59,35.0,183,238,207,CURRENT,7,0
PAT_00005340,77,27.8,95,299,169,CURRENT,6,1
PAT_00005341,86,28.0,145,293,90,FORMER,3,1
PAT_00005342,83,18.0,177,273,209,NEVER,0,1
PAT_00005343,22,20.8,165,217,132,FORMER,7,0
PAT_00005344,79,39.5,119,276,234,UNKNOWN,2,1
PAT_00005345,79,29.2,146,187,185,NEVER,8,1
PAT_00005346,72,29.4,160,285,194,CURRENT,1,1
PAT_00005347,33,26.4,138,236,137,NEVER,8,0
PAT_00005348,42,26.2,170,270,91,UNKNOWN,5,1
PAT_00005349,25,30.4,123,267,179,NEVER,0,0
PAT_00005350,70,28.4,138,130,106,CURRENT,6,1
PAT_00005351,70,23.6,131,215,133,CURRENT,4,1
PAT_00005352,88,27.4,118,291,156,UNKNOWN,1,0
PAT_00005353,30,24.4,126,209,196,NEVER,4,0
PAT_00005354,77,36.4,128,152,154,UNKNOWN,7,1
PAT_00005355,25,31.2,174,176,135,CURRENT,1,0
PAT_00005356,53,32.1,128,137,183,FORMER,7,0
PAT_00005357,91,29.8,164,157,144,UNKNOWN,6,1
PAT_00005358,77,22.1,99,304,166,CURRENT,1,0
PAT_00005359,76,25.4,171,294,113,UNKNOWN,1,1
PAT_00005360,87,31.4,166,151,118,FORMER,7,1
PAT_00005361,90,21.2,159,230,134,NEVER,7,1
PAT_00005362,77,33.7,125,217,152,FORMER,0,0
PAT_00005363,84,34.3,115,285,239,UNKNOWN,8,1
PAT_00005364,92,29.0,138,304,109,NEVER,7,1
PAT_00005365,88,25.8,130,248,231,CURRENT,6,1
PAT_00005366,23,24.3,158,158,202,UNKNOWN,4,0
PAT_00005367,71,27.3,175,266,191,FORMER,1,1
PAT_00005368,43,33.3,130,205,75,FORMER,8,0
PAT_00005369,31,26.5,118,298,113,UNKNOWN,5,0
PAT_00005370,51,26.5,97,171,77,UNKNOWN,6,0
PAT_00005371,90,35.1,149,304,184,FORMER,8,1
PAT_00005372,23,28.8,165,213,184,NEVER,5,1
PAT_00005373,83,29.4,164,223,77,CURRENT,0,0
PAT_00005374,78,29.4,108,153,187,FORMER,2,1
PAT_00005375,22,28.7,98,291,175,FORMER,3,0
PAT_00005376,91,24.2,101,266,118,FORMER,0,0
PAT_00005377,75,30.9,139,189,188,CURRENT,6,1
PAT_00005378,42,26.3,120,255,141,FORMER,6,1
PAT_00005379,42,24.2,179,243,181,FORMER,1,0
PAT_00005380,51,37.1,101,232,243,CURRENT,8,0
PAT_00005381,46,24.4,107,254,145,UNKNOWN,0,0
PAT_00005382,63,30.5,139,303,187,CURRENT,2,0
PAT_00005383,56,37.2,173,267,161,NEVER,7,1
PAT_00005384,33,29.0,165,306,171,CURRENT,7,0
PAT_00005385,75,27.1,124,151,191,UNKNOWN,8,1
PAT_00005386,51,24.3,180,243,179,FORMER,4,0
PAT_00005387,57,28.0,185,165,133,UNKNOWN,4,0
PAT_00005388,66,28.2,126,177,111,CURRENT,1,0
PAT_00005389,92,21.6,160,203,133,FORMER,2,0
PAT_00005390,79,25.6,162,302,140,UNKNOWN,3,1
PAT_00005391,24,33.3,133,160,170,UNKNOWN,3,1
PAT_00005392,23,17.4,100,157,116,CURRENT,7,0
PAT_00005393,25,21.2,150,145,193,NEVER,8,0
PAT_00005394,75,27.7,159,259,187,UNKNOWN,1,1
PAT_00005395,82,24.9,96,177,254,UNKNOWN,5,1
PAT_00005396,63,20.8,152,248,252,NEVER,4,0
PAT_00005397,87,26.5,115,159,162,NEVER,5,1
PAT_00005398,56,32.3,162,243,152,NEVER,0,0
PAT_00005399,80,32.6,102,181,205,UNKNOWN,3,1
PAT_00005400,70,24.9,129,293,186,NEVER,1,1
PAT_00005401,85,37.8,123,262,180,NEVER,7,1
PAT_00005402,92,31.6,121,131,124,UNKNOWN,6,1
PAT_00005403,42,17.7,150,199,159,FORMER,2,0
PAT_00005404,64,31.2,167,203,192,CURRENT,4,0
PAT_00005405,90,23.3,146,200,84,CURRENT,4,1
PAT_00005406,61,25.0,140,179,94,UNKNOWN,5,0
PAT_00005407,32,37.4,104,157,206,FORMER,3,0
PAT_00005408,62,26.1,184,215,115,UNKNOWN,1,0
PAT_00005409,55,29.4,116,132,220,UNKNOWN,5,0
PAT_00005410,46,26.2,179,307,141,CURRENT,1,0
PAT_00005411,54,28.2,145,128,179,UNKNOWN,2,0
PAT_00005412,78,33.8,106,124,125,CURRENT,8,1
PAT_00005413,90,33.1,153,270,107,UNKNOWN,5,1
PAT_00005414,73,27.4,152,120,177,CURRENT,3,1
PAT_00005415,87,32.0,174,226,72,NEVER,2,0
PAT_00005416,22,31.1,119,261,132,UNKNOWN,7,0
PAT_00005417,38,36.8,119,162,116,NEVER,4,1
PAT_00005418,43,26.4,138,298,102,CURRENT,4,0
PAT_00005419,52,26.2,104,293,106,CURRENT,5,0
PAT_00005420,24,29.0,124,177,232,FORMER,8,0
PAT_00005421,55,39.1,120,305,129,FORMER,0,0
PAT_00005422,86,27.4,149,147,108,FORMER,8,1
PAT_00005423,26,24.8,118,241,185,CURRENT,8,0
PAT_00005424,78,26.8,158,299,114,UNKNOWN,3,1
PAT_00005425,70,26.9,137,268,221,UNKNOWN,5,1
PAT_00005426,50,24.8,169,124,168,UNKNOWN,4,0
PAT_00005427,72,26.2,100,121,255,NEVER,2,1
PAT_00005428,72,25.0,131,261,190,NEVER,5,1
PAT_00005429,68,31.3,155,132,259,CURRENT,6,1
PAT_00005430,24,29.5,175,240,200,CURRENT,6,0
PAT_00005431,50,27.1,122,299,123,UNKNOWN,1,0
PAT_00005432,60,25.6,164,143,112,NEVER,1,0
PAT_00005433,55,23.8,159,170,143,FORMER,0,0
PAT_00005434,33,23.3,122,276,210,UNKNOWN,2,0
PAT_00005435,58,34.3,122,190,203,CURRENT,7,1
PAT_00005436,33,29.2,108,199,127,NEVER,2,0
PAT_00005437,41,33.5,151,175,184,NEVER,3,0
PAT_00005438,29,37.6,176,212,128,UNKNOWN,5,1
PAT_00005439,34,28.5,171,266,200,CURRENT,3,0
PAT_00005440,49,37.6,135,130,256,CURRENT,7,0
PAT_00005441,72,32.6,161,228,214,CURRENT,3,1
PAT_00005442,24,23.6,152,136,185,FORMER,7,0
PAT_00005443,91,27.2,143,172,199,UNKNOWN,3,1
PAT_00005444,51,29.1,105,297,184,NEVER,6,0
PAT_00005445,62,21.8,184,215,245,FORMER,8,0
PAT_00005446,64,30.9,182,234,221,UNKNOWN,2,0
PAT_00005447,73,36.3,144,225,167,UNKNOWN,8,1
PAT_00005448,66,40.5,97,186,201,UNKNOWN,7,1
PAT_00005449,82,29.9,176,143,183,NEVER,6,1
PAT_00005450,66,31.1,109,198,136,NEVER,5,1
PAT_00005451,40,28.7,172,124,205,NEVER,1,0
PAT_00005452,25,32.6,104,284,137,NEVER,1,0
PAT_00005453,69,30.2,182,265,228,FORMER,6,1
PAT_00005454,89,29.7,170,221,151,NEVER,6,1
PAT_00005455,22,33.2,150,139,244,CURRENT,4,0
PAT_00005456,61,29.6,124,236,108,NEVER,7,0
PAT_00005457,48,27.3,184,284,235,NEVER,0,0
PAT_00005458,80,27.6,137,241,124,CURRENT,0,0
PAT_00005459,43,19.5,107,241,187,CURRENT,5,0
PAT_00005460,52,25.4,161,137,70,NEVER,0,0
PAT_00005461,67,38.7,100,270,249,CURRENT,7,1
PAT_00005462,64,30.0,97,180,234,NEVER,7,0
PAT_00005463,58,29.1,171,275,171,FORMER,6,0
PAT_00005464,61,21.2,169,285,214,UNKNOWN,8,0
PAT_00005465,71,26.6,153,249,224,UNKNOWN,0,1
PAT_00005466,59,21.7,113,310,99,CURRENT,1,0
PAT_00005467,31,23.8,107,254,124,CURRENT,7,0
PAT_00005468,89,28.2,155,213,104,NEVER,7,1
PAT_00005469,70,25.8,129,169,194,NEVER,1,1
PAT_00005470,36,26.6,172,242,179,UNKNOWN,5,0
PAT_00005471,91,35.3,98,196,260,UNKNOWN,4,1
PAT_00005472,38,22.0,154,293,109,FORMER,1,0
PAT_00005473,64,35.3,116,275,216,UNKNOWN,2,0
PAT_00005474,40,24.2,173,305,123,NEVER,8,0
PAT_00005475,28,34.5,148,129,127,UNKNOWN,3,0
PAT_00005476,43,31.4,174,280,90,NEVER,6,0
PAT_00005477,36,31.9,161,264,116,NEVER,2,0
PAT_00005478,51,28.7,162,182,212,CURRENT,5,0
PAT_00005479,78,34.6,175,277,170,NEVER,0,0
PAT_00005480,84,34.8,165,137,239,CURRENT,7,1
PAT_00005481,56,37.4,176,233,183,NEVER,1,0
PAT_00005482,37,25.1,144,303,211,UNKNOWN,6,0
PAT_00005483,61,19.7,148,292,145,FORMER,8,0
PAT_00005484,38,29.2,105,273,241,NEVER,6,0
PAT_00005485,44,29.1,140,271,204,FORMER,1,0
PAT_00005486,89,28.4,119,274,250,NEVER,7,1
PAT_00005487,59,26.6,183,234,159,UNKNOWN,7,0
PAT_00005488,30,28.7,99,212,126,FORMER,8,0
PAT_00005489,57,28.3,150,144,169,FORMER,2,0
PAT_00005490,80,28.1,161,270,114,UNKNOWN,8,1
PAT_00005491,72,33.7,95,231,168,FORMER,3,1
PAT_00005492,30,27.4,167,139,195,UNKNOWN,1,0
PAT_00005493,49,18.5,107,176,139,FORMER,6,0
PAT_00005494,61,29.5,180,284,235,FORMER,3,0
PAT_00005495,34,28.3,141,182,237,UNKNOWN,0,0
PAT_00005496,60,24.4,183,206,203,NEVER,0,0
PAT_00005497,74,27.8,170,146,234,UNKNOWN,8,1
PAT_00005498,68,23.8,158,160,104,NEVER,3,1
PAT_00005499,42,22.2,128,248,259,UNKNOWN,4,0
PAT_00005500,38,31.6,110,199,208,UNKNOWN,3,0
PAT_00005501,26,33.7,151,171,105,CURRENT,0,0
PAT_00005502,90,26.1,175,167,255,FORMER,1,1
PAT_00005503,24,23.0,99,169,238,NEVER,7,0
PAT_00005504,66,22.8,154,239,141,FORMER,1,1
PAT_00005505,86,27.9,115,255,123,UNKNOWN,8,1
PAT_00005506,28,20.9,163,171,124,UNKNOWN,8,0
PAT_00005507,65,24.8,112,230,88,UNKNOWN,1,0
PAT_00005508,57,35.1,162,208,135,FORMER,4,1
PAT_00005509,37,27.3,109,185,188,NEVER,4,0
PAT_00005510,80,28.4,138,222,111,FORMER,3,1
PAT_00005511,78,22.5,174,258,148,UNKNOWN,4,1
PAT_00005512,42,27.2,149,250,244,FORMER,4,0
PAT_00005513,63,32.7,95,170,194,CURRENT,5,0
PAT_00005514,86,28.8,163,285,103,UNKNOWN,8,1
PAT_00005515,33,34.3,153,288,201,CURRENT,0,0
PAT_00005516,36,30.7,177,208,220,FORMER,3,1
PAT_00005517,32,19.8,126,215,159,NEVER,7,0
PAT_00005518,52,31.2,142,232,104,FORMER,7,0
PAT_00005519,34,19.3,148,145,107,UNKNOWN,1,0
PAT_00005520,92,34.2,176,130,80,NEVER,6,1
PAT_00005521,33,21.1,106,281,130,FORMER,0,0
PAT_00005522,79,23.3,144,232,147,NEVER,2,0
PAT_00005523,62,28.3,130,175,236,FORMER,7,0
PAT_00005524,36,19.1,103,269,174,CURRENT,1,0
PAT_00005525,35,23.2,115,260,237,FORMER,6,0
PAT_00005526,48,22.5,127,127,155,UNKNOWN,5,0
PAT_00005527,70,28.5,124,237,95,NEVER,0,0
PAT_00005528,36,32.7,105,173,174,FORMER,1,0
PAT_00005529,45,38.7,150,243,147,CURRENT,5,0
PAT_00005530,60,28.3,139,139,100,CURRENT,8,0
PAT_00005531,68,23.2,178,292,202,NEVER,6,1
PAT_00005532,44,18.1,123,273,186,CURRENT,1,0
PAT_00005533,22,28.8,97,185,71,UNKNOWN,5,1
PAT_00005534,45,34.3,104,164,118,UNKNOWN,0,0
PAT_00005535,86,26.5,105,152,235,NEVER,8,1
PAT_00005536,90,33.9,184,168,229,NEVER,6,1
PAT_00005537,81,20.0,165,285,257,UNKNOWN,5,1
PAT_00005538,71,31.2,111,203,191,CURRENT,6,1
PAT_00005539,70,24.9,147,252,217,NEVER,0,1
PAT_00005540,63,25.7,115,228,173,FORMER,7,0
PAT_00005541,68,31.0,103,131,257,CURRENT,5,1
PAT_00005542,25,25.1,120,253,196,FORMER,1,0
PAT_00005543,33,21.1,117,215,156,CURRENT,1,0
PAT_00005544,85,26.0,152,217,165,NEVER,8,1
PAT_00005545,24,34.0,176,310,224,FORMER,6,0
PAT_00005546,90,13.0,127,124,241,FORMER,6,1
PAT_00005547,33,27.8,180,173,258,FORMER,4,0
PAT_00005548,66,33.6,151,188,195,UNKNOWN,8,1
PAT_00005549,42,35.7,96,280,100,NEVER,4,0
PAT_00005550,67,34.6,155,303,240,CURRENT,7,1
PAT_00005551,50,21.0,103,187,164,CURRENT,4,0
PAT_00005552,56,23.6,146,204,133,NEVER,5,0
PAT_00005553,23,31.0,168,209,158,FORMER,3,0
PAT_00005554,82,28.4,168,160,134,UNKNOWN,0,1
PAT_00005555,75,31.9,104,183,175,UNKNOWN,0,0
PAT_00005556,57,20.7,136,248,124,NEVER,7,0
PAT_00005557,88,30.0,144,231,232,NEVER,1,1
PAT_00005558,52,34.5,109,270,147,NEVER,6,1
PAT_00005559,40,27.4,124,280,194,CURRENT,8,0
PAT_00005560,59,22.7,157,159,73,UNKNOWN,1,0
PAT_00005561,68,22.1,170,263,107,FORMER,0,0
PAT_00005562,21,34.1,144,191,210,NEVER,5,0
PAT_00005563,39,24.9,167,169,184,CURRENT,0,0
PAT_00005564,28,21.9,175,141,99,CURRENT,8,0
PAT_00005565,92,28.9,137,208,145,NEVER,3,1
PAT_00005566,41,25.7,129,225,209,UNKNOWN,1,0
PAT_00005567,57,33.1,182,155,181,UNKNOWN,2,0
PAT_00005568,67,29.3,165,305,75,CURRENT,3,1
PAT_00005569,81,16.8,163,145,168,NEVER,4,1
PAT_00005570,36,27.7,142,277,182,UNKNOWN,5,0
PAT_00005571,25,25.6,153,238,180,NEVER,2,0
PAT_00005572,86,30.7,183,282,117,CURRENT,0,0
PAT_00005573,71,17.5,176,255,196,UNKNOWN,4,1
PAT_00005574,82,27.9,135,188,108,UNKNOWN,1,0
PAT_00005575,44,22.7,122,200,200,FORMER,3,0
PAT_00005576,21,27.9,138,163,246,NEVER,0,0
PAT_00005577,32,18.7,162,260,72,UNKNOWN,6,0
PAT_00005578,23,21.7,171,167,173,FORMER,5,0
PAT_00005579,73,23.0,149,253,102,FORMER,6,1
PAT_00005580,31,26.0,149,241,248,CURRENT,3,0
PAT_00005581,67,33.3,162,183,232,NEVER,1,1
PAT_00005582,86,22.4,116,163,210,FORMER,5,1
PAT_00005583,86,26.2,171,228,176,UNKNOWN,0,0
PAT_00005584,37,30.3,182,287,175,UNKNOWN,0,0
PAT_00005585,57,30.1,170,262,75,NEVER,1,0
PAT_00005586,28,22.1,97,251,195,CURRENT,2,1
PAT_00005587,86,30.1,119,273,180,NEVER,8,1
PAT_00005588,63,36.1,154,274,168,CURRENT,3,1
PAT_00005589,33,28.2,133,171,179,NEVER,3,1
PAT_00005590,65,18.5,113,212,81,FORMER,6,0
PAT_00005591,73,17.6,96,204,158,UNKNOWN,0,0
PAT_00005592,74,35.4,100,194,210,CURRENT,7,1
PAT_00005593,60,39.7,120,177,213,NEVER,8,0
PAT_00005594,79,23.0,106,166,98,NEVER,0,0
PAT_00005595,44,34.7,183,209,123,FORMER,5,0
PAT_00005596,90,33.4,168,264,105,FORMER,3,1
PAT_00005597,75,37.0,133,256,70,UNKNOWN,7,1
PAT_00005598,62,25.2,112,240,91,NEVER,6,0
PAT_00005599,43,28.0,136,200,97,NEVER,4,0
PAT_00005600,22,30.3,174,250,136,FORMER,0,0
PAT_00005601,50,25.8,153,133,114,NEVER,7,0
PAT_00005602,35,35.8,157,225,76,CURRENT,1,0
PAT_00005603,26,37.1,150,304,215,NEVER,4,0
PAT_00005604,91,24.8,175,138,88,CURRENT,3,1
PAT_00005605,65,38.3,108,304,247,CURRENT,8,0
PAT_00005606,91,19.1,176,131,218,CURRENT,5,1
PAT_00005607,40,18.9,119,220,118,NEVER,7,0
PAT_00005608,50,24.6,185,263,220,CURRENT,1,0
PAT_00005609,35,24.1,116,308,147,NEVER,1,0
PAT_00005610,31,33.0,127,274,111,CURRENT,3,0
PAT_00005611,52,33.0,128,252,259,UNKNOWN,1,0
PAT_00005612,73,27.4,102,252,109,CURRENT,1,0
PAT_00005613,36,20.9,143,281,100,CURRENT,6,1
PAT_00005614,52,25.2,141,139,207,NEVER,3,0
PAT_00005615,68,19.1,138,202,160,UNKNOWN,5,1
PAT_00005616,71,21.2,164,230,109,UNKNOWN,6,1
PAT_00005617,72,27.6,114,250,217,NEVER,4,1
PAT_00005618,53,24.8,123,180,185,UNKNOWN,3,0
PAT_00005619,56,41.0,114,182,249,NEVER,4,0
PAT_00005620,66,25.7,121,149,132,UNKNOWN,2,0
PAT_00005621,89,35.8,158,168,144,FORMER,1,1
PAT_00005622,44,28.7,115,237,86,NEVER,7,0
PAT_00005623,65,21.5,158,193,88,NEVER,1,0
PAT_00005624,73,30.0,157,192,188,CURRENT,2,1
PAT_00005625,72,24.9,177,167,206,UNKNOWN,6,1
PAT_00005626,68,28.3,112,224,227,CURRENT,8,1
PAT_00005627,60,34.5,141,294,117,FORMER,2,0
PAT_00005628,67,33.0,184,236,187,UNKNOWN,2,1
PAT_00005629,35,29.9,111,242,228,FORMER,8,0
PAT_00005630,40,28.4,105,198,210,FORMER,2,0
PAT_00005631,30,22.0,158,135,166,FORMER,0,1
PAT_00005632,54,21.7,138,203,172,CURRENT,4,0
PAT_00005633,87,32.6,128,253,75,UNKNOWN,8,1
PAT_00005634,82,25.6,103,259,210,FORMER,8,1
PAT_00005635,21,22.6,180,242,133,NEVER,7,0
PAT_00005636,81,28.1,101,181,195,NEVER,2,1
PAT_00005637,40,30.7,146,147,226,CURRENT,7,0
PAT_00005638,57,32.0,142,167,260,FORMER,1,0
PAT_00005639,49,32.3,126,205,116,FORMER,8,1
PAT_00005640,77,31.0,102,288,171,CURRENT,3,1
PAT_00005641,81,33.2,106,231,156,CURRENT,1,0
PAT_00005642,47,17.1,162,146,236,FORMER,2,0
PAT_00005643,22,28.6,109,148,183,FORMER,4,0
PAT_00005644,42,25.3,179,310,147,CURRENT,7,0
PAT_00005645,27,35.9,134,220,144,NEVER,5,0
PAT_00005646,30,26.6,138,219,152,CURRENT,7,1
PAT_00005647,25,30.4,129,195,153,CURRENT,6,0
PAT_00005648,92,25.1,133,250,147,FORMER,4,1
PAT_00005649,68,22.9,122,170,215,CURRENT,1,1
PAT_00005650,32,27.2,161,299,210,NEVER,0,0
PAT_00005651,55,26.5,141,205,177,CURRENT,1,0
PAT_00005652,81,21.6,102,241,186,FORMER,0,1
PAT_00005653,64,33.9,136,250,152,NEVER,8,0
PAT_00005654,40,24.4,181,309,152,FORMER,3,0
PAT_00005655,37,28.6,185,124,110,UNKNOWN,6,0
PAT_00005656,78,30.7,139,287,244,CURRENT,8,1
PAT_00005657,77,27.7,159,292,221,NEVER,8,1
PAT_00005658,37,26.5,114,258,256,NEVER,5,0
PAT_00005659,31,24.1,104,188,162,NEVER,1,0
PAT_00005660,81,33.0,139,138,215,NEVER,6,1
PAT_00005661,78,25.4,134,177,168,UNKNOWN,2,1
PAT_00005662,50,25.9,161,238,168,FORMER,6,0
PAT_00005663,78,26.1,135,254,259,UNKNOWN,5,1
PAT_00005664,67,21.5,96,164,81,UNKNOWN,8,1
PAT_00005665,78,27.9,181,167,124,NEVER,2,0
PAT_00005666,23,32.9,166,174,127,UNKNOWN,5,0
PAT_00005667,70,25.8,126,204,190,UNKNOWN,1,1
PAT_00005668,83,22.5,98,223,161,CURRENT,8,1
PAT_00005669,65,28.7,136,216,125,FORMER,4,0
PAT_00005670,41,19.0,127,202,256,FORMER,2,0
PAT_00005671,59,28.3,141,137,84,NEVER,1,0
PAT_00005672,52,27.5,148,227,176,CURRENT,1,0
PAT_00005673,53,19.6,124,301,183,FORMER,4,0
PAT_00005674,47,32.5,139,279,109,CURRENT,0,0
PAT_00005675,24,24.5,154,288,146,FORMER,2,0
PAT_00005676,44,31.8,169,289,139,UNKNOWN,7,0
PAT_00005677,79,30.3,115,268,72,CURRENT,5,1
PAT_00005678,50,21.7,172,166,203,CURRENT,1,0
PAT_00005679,74,28.7,162,175,201,UNKNOWN,5,1
PAT_00005680,50,29.4,121,204,147,UNKNOWN,8,0
PAT_00005681,59,18.9,111,192,202,FORMER,1,0
PAT_00005682,60,27.7,113,239,224,UNKNOWN,5,0
PAT_00005683,53,28.9,118,178,192,CURRENT,2,0
PAT_00005684,37,34.8,172,225,111,CURRENT,0,0
PAT_00005685,81,29.3,133,277,142,UNKNOWN,3,1
PAT_00005686,73,39.0,183,196,190,NEVER,0,1
PAT_00005687,40,31.7,151,249,144,NEVER,7,0
PAT_00005688,70,34.3,137,190,225,NEVER,7,1
PAT_00005689,83,25.4,162,154,241,CURRENT,3,1
PAT_00005690,90,19.0,154,166,169,FORMER,7,1
PAT_00005691,81,17.7,110,270,101,NEVER,7,1
PAT_00005692,25,26.9,146,121,110,CURRENT,4,0
PAT_00005693,45,24.0,111,251,235,UNKNOWN,6,0
PAT_00005694,37,22.9,96,310,187,UNKNOWN,0,1
PAT_00005695,43,32.8,141,300,86,FORMER,2,0
PAT_00005696,55,21.4,154,266,106,NEVER,3,0
PAT_00005697,92,22.9,170,291,119,FORMER,0,0
PAT_00005698,49,27.4,167,299,85,UNKNOWN,4,0
PAT_00005699,35,29.5,154,255,244,FORMER,6,1
PAT_00005700,73,34.8,148,222,190,NEVER,2,1
PAT_00005701,28,29.6,136,310,175,CURRENT,1,0
PAT_00005702,81,17.1,164,171,246,FORMER,8,1
PAT_00005703,77,24.1,123,124,207,UNKNOWN,0,1
PAT_00005704,60,30.7,103,290,192,CURRENT,5,0
PAT_00005705,88,31.8,105,304,120,CURRENT,1,1
PAT_00005706,21,33.0,176,248,204,UNKNOWN,3,0
PAT_00005707,76,25.7,154,241,97,UNKNOWN,8,1
PAT_00005708,49,21.3,181,121,99,CURRENT,0,0
PAT_00005709,44,35.2,153,295,70,NEVER,0,0
PAT_00005710,73,33.5,133,222,111,UNKNOWN,6,1
PAT_00005711,83,26.5,130,174,197,UNKNOWN,3,1
PAT_00005712,71,26.9,122,193,176,UNKNOWN,2,0
PAT_00005713,71,23.7,129,251,174,CURRENT,6,1
PAT_00005714,92,20.4,101,273,260,UNKNOWN,6,1
PAT_00005715,49,28.9,156,296,76,CURRENT,7,0
PAT_00005716,38,33.3,182,218,97,CURRENT,0,0
PAT_00005717,56,36.4,123,284,235,CURRENT,0,0
PAT_00005718,65,26.6,107,122,105,NEVER,3,0
PAT_00005719,55,25.0,135,280,130,UNKNOWN,6,0
PAT_00005720,49,24.6,116,289,195,UNKNOWN,1,1
PAT_00005721,91,25.9,131,262,191,CURRENT,3,1
PAT_00005722,88,31.7,148,201,126,NEVER,1,0
PAT_00005723,59,22.0,109,290,116,CURRENT,4,0
PAT_00005724,50,32.4,133,231,209,CURRENT,6,0
PAT_00005725,47,36.6,145,281,260,FORMER,1,0
PAT_00005726,82,23.0,98,182,90,CURRENT,4,1
PAT_00005727,32,23.6,120,279,75,CURRENT,7,0
PAT_00005728,84,22.5,111,270,129,CURRENT,7,1
PAT_00005729,65,33.8,111,127,182,FORMER,1,0
PAT_00005730,52,31.6,135,129,100,UNKNOWN,7,0
PAT_00005731,21,33.0,97,160,139,UNKNOWN,3,0
PAT_00005732,38,22.6,163,297,164,UNKNOWN,5,0
PAT_00005733,79,32.5,147,291,212,CURRENT,4,1
PAT_00005734,32,26.9,185,295,72,NEVER,4,0
PAT_00005735,66,24.4,152,305,236,UNKNOWN,4,1
PAT_00005736,91,21.5,118,127,74,CURRENT,8,1
PAT_00005737,69,28.2,152,123,192,NEVER,4,1
PAT_00005738,76,27.8,109,293,134,FORMER,3,1
PAT_00005739,82,32.9,135,209,89,UNKNOWN,4,1
PAT_00005740,39,16.5,156,247,235,NEVER,4,0
PAT_00005741,67,38.0,143,200,189,CURRENT,7,1
PAT_00005742,27,21.8,164,302,236,CURRENT,6,0
PAT_00005743,62,21.7,145,188,256,UNKNOWN,1,0
PAT_00005744,72,33.0,164,218,111,UNKNOWN,5,1
PAT_00005745,45,28.9,160,217,220,FORMER,1,0
PAT_00005746,57,17.5,125,281,252,CURRENT,1,0
PAT_00005747,65,29.8,171,207,192,UNKNOWN,1,0
PAT_00005748,56,23.2,173,234,186,CURRENT,1,0
PAT_00005749,73,32.4,164,152,174,FORMER,1,0
PAT_00005750,46,15.1,179,293,129,FORMER,7,0
PAT_00005751,22,27.8,135,151,72,UNKNOWN,6,0
PAT_00005752,65,32.6,113,260,171,UNKNOWN,5,0
PAT_00005753,92,28.3,98,273,223,NEVER,6,1
PAT_00005754,40,26.2,184,289,230,UNKNOWN,0,0
PAT_00005755,52,28.9,172,279,130,NEVER,5,0
PAT_00005756,46,28.8,180,223,181,FORMER,4,0
PAT_00005757,82,26.1,127,281,189,UNKNOWN,8,1
PAT_00005758,78,32.9,123,194,229,FORMER,2,1
PAT_00005759,52,27.7,137,163,73,FORMER,8,0
PAT_00005760,33,23.0,157,209,164,FORMER,1,1
PAT_00005761,73,29.4,110,306,152,NEVER,2,0
PAT_00005762,64,33.0,143,274,110,NEVER,8,0
PAT_00005763,36,37.1,108,263,203,FORMER,3,0
PAT_00005764,30,21.0,96,176,186,NEVER,7,0
PAT_00005765,45,31.6,102,125,248,FORMER,2,0
PAT_00005766,65,30.8,166,258,201,UNKNOWN,1,1
PAT_00005767,74,28.1,103,123,242,CURRENT,7,1
PAT_00005768,80,29.6,159,186,76,UNKNOWN,1,0
PAT_00005769,22,23.4,139,235,150,FORMER,0,0
PAT_00005770,68,23.4,155,256,138,CURRENT,8,1
PAT_00005771,21,33.3,127,152,131,UNKNOWN,4,0
PAT_00005772,90,24.2,178,261,192,NEVER,5,1
PAT_00005773,82,27.5,134,215,190,FORMER,0,1
PAT_00005774,65,24.9,106,206,71,CURRENT,1,0
PAT_00005775,44,27.1,113,236,104,UNKNOWN,5,0
PAT_00005776,79,23.1,144,245,171,CURRENT,5,1
PAT_00005777,36,34.8,119,217,171,UNKNOWN,6,0
PAT_00005778,56,27.7,157,175,211,NEVER,2,1
PAT_00005779,88,34.1,95,132,205,FORMER,5,1
PAT_00005780,63,25.8,180,220,243,FORMER,6,0
PAT_00005781,33,27.2,101,297,212,FORMER,3,0
PAT_00005782,63,29.9,161,210,139,NEVER,7,1
PAT_00005783,22,32.2,107,290,168,UNKNOWN,2,1
PAT_00005784,75,26.9,184,241,122,NEVER,8,1
PAT_00005785,81,29.9,109,173,257,NEVER,8,1
PAT_00005786,49,26.2,158,252,148,UNKNOWN,2,0
PAT_00005787,73,31.5,142,135,206,NEVER,1,1
PAT_00005788,32,23.3,114,222,187,NEVER,3,0
PAT_00005789,79,20.1,163,263,218,FORMER,1,1
PAT_00005790,21,22.8,117,153,88,FORMER,4,0
PAT_00005791,91,33.9,153,302,259,NEVER,1,1
PAT_00005792,28,33.5,185,235,138,NEVER,4,0
PAT_00005793,31,27.1,175,299,197,UNKNOWN,1,0
PAT_00005794,83,25.6,125,224,79,UNKNOWN,5,1
PAT_00005795,83,24.0,150,185,205,NEVER,0,1
PAT_00005796,60,30.5,162,310,218,CURRENT,8,0
PAT_00005797,41,29.7,110,297,148,UNKNOWN,0,1
PAT_00005798,52,28.1,178,230,132,FORMER,7,0
PAT_00005799,24,19.0,182,299,98,NEVER,0,0
PAT_00005800,49,28.5,113,167,130,CURRENT,8,0
PAT_00005801,56,36.8,150,254,108,UNKNOWN,2,0
PAT_00005802,92,26.7,177,273,149,NEVER,3,1
PAT_00005803,91,29.0,150,216,232,UNKNOWN,1,1
PAT_00005804,74,26.2,108,129,113,UNKNOWN,7,1
PAT_00005805,52,24.0,128,185,84,CURRENT,5,0
PAT_00005806,24,21.6,162,286,247,FORMER,4,0
PAT_00005807,79,21.5,152,216,155,FORMER,1,0
PAT_00005808,78,26.3,121,148,222,FORMER,2,1
PAT_00005809,87,31.5,180,265,80,CURRENT,2,0
PAT_00005810,25,32.4,139,281,100,UNKNOWN,6,0
PAT_00005811,90,26.2,128,122,81,UNKNOWN,3,1
PAT_00005812,60,35.2,96,256,188,UNKNOWN,0,0
PAT_00005813,69,33.1,116,178,137,CURRENT,7,1
PAT_00005814,92,32.0,113,261,117,UNKNOWN,4,1
PAT_00005815,70,32.7,175,220,95,CURRENT,8,1
PAT_00005816,72,18.4,147,143,110,CURRENT,0,0
PAT_00005817,22,16.7,152,274,230,NEVER,3,0
PAT_00005818,79,27.9,146,146,245,CURRENT,2,1
PAT_00005819,62,20.5,104,143,196,NEVER,8,0
PAT_00005820,29,32.0,133,244,218,CURRENT,7,0
PAT_00005821,24,24.8,136,215,123,FORMER,3,0
PAT_00005822,48,28.3,99,178,169,NEVER,1,0
PAT_00005823,28,32.4,130,181,185,UNKNOWN,4,0
PAT_00005824,65,29.6,160,148,192,FORMER,4,0
PAT_00005825,28,24.0,137,257,206,NEVER,7,0
PAT_00005826,45,18.4,163,130,251,FORMER,2,0
PAT_00005827,25,24.5,144,125,200,CURRENT,3,0
PAT_00005828,28,24.2,184,190,103,CURRENT,4,0
PAT_00005829,49,37.9,129,262,157,FORMER,5,0
PAT_00005830,91,24.4,137,162,148,FORMER,6,1
PAT_00005831,32,25.4,108,265,200,CURRENT,2,0
PAT_00005832,23,31.2,139,177,122,UNKNOWN,2,1
PAT_00005833,62,30.0,179,199,176,UNKNOWN,8,0
PAT_00005834,27,31.2,165,129,247,FORMER,3,0
PAT_00005835,57,27.9,137,137,140,UNKNOWN,2,0
PAT_00005836,21,20.0,179,278,129,UNKNOWN,2,1
PAT_00005837,68,20.1,104,195,109,UNKNOWN,5,1
PAT_00005838,75,26.3,115,128,155,FORMER,1,0
PAT_00005839,91,18.0,158,266,224,CURRENT,3,1
PAT_00005840,33,33.2,143,235,213,NEVER,5,1
PAT_00005841,83,26.2,158,136,210,NEVER,4,1
PAT_00005842,73,36.6,144,157,237,CURRENT,2,1
PAT_00005843,41,28.9,151,207,115,NEVER,0,0
PAT_00005844,66,21.1,114,281,87,FORMER,7,1
PAT_00005845,28,23.6,113,265,189,CURRENT,1,1
PAT_00005846,42,26.9,151,163,170,UNKNOWN,3,0
PAT_00005847,79,33.0,126,178,194,UNKNOWN,4,1
PAT_00005848,28,29.7,117,248,226,FORMER,2,0
PAT_00005849,83,26.4,155,242,199,FORMER,5,1
PAT_00005850,77,27.7,98,276,163,FORMER,1,0
PAT_00005851,77,20.1,121,146,170,CURRENT,5,1
PAT_00005852,86,16.1,137,135,213,NEVER,5,1
PAT_00005853,87,30.4,158,223,181,CURRENT,0,1
PAT_00005854,60,19.6,118,199,106,NEVER,3,1
PAT_00005855,89,22.6,183,132,144,FORMER,5,1
PAT_00005856,52,29.6,173,141,222,NEVER,4,0
PAT_00005857,33,31.7,179,141,207,CURRENT,4,1
PAT_00005858,34,34.2,179,144,92,UNKNOWN,6,0
PAT_00005859,27,20.4,99,301,160,CURRENT,7,0
PAT_00005860,63,26.3,134,149,187,FORMER,8,0
PAT_00005861,84,28.6,175,185,228,NEVER,4,1
PAT_00005862,83,25.7,176,218,243,FORMER,3,1
PAT_00005863,79,35.3,154,220,191,NEVER,7,1
PAT_00005864,52,17.4,184,230,167,NEVER,3,0
PAT_00005865,59,32.6,121,301,169,UNKNOWN,5,0
PAT_00005866,52,33.0,169,214,124,UNKNOWN,4,0
PAT_00005867,61,34.3,168,296,199,UNKNOWN,4,1
PAT_00005868,89,29.5,106,184,240,NEVER,1,1
PAT_00005869,81,30.0,153,147,177,FORMER,7,1
PAT_00005870,63,26.3,172,201,222,UNKNOWN,8,0
PAT_00005871,45,32.0,142,139,111,FORMER,2,0
PAT_00005872,56,26.4,169,268,245,FORMER,0,0
PAT_00005873,79,28.5,152,268,156,UNKNOWN,6,1
PAT_00005874,77,30.8,149,230,126,NEVER,8,1
PAT_00005875,81,26.2,133,305,129,UNKNOWN,2,0
PAT_00005876,55,26.2,163,179,83,UNKNOWN,8,0
PAT_00005877,27,13.9,115,265,81,CURRENT,4,0
PAT_00005878,44,20.3,115,300,103,NEVER,5,0
PAT_00005879,71,29.9,181,207,203,NEVER,7,1
PAT_00005880,45,30.7,165,255,135,UNKNOWN,1,1
PAT_00005881,92,22.9,110,237,201,CURRENT,2,1
PAT_00005882,85,17.0,170,262,159,FORMER,0,0
PAT_00005883,91,20.6,123,293,138,NEVER,3,1
PAT_00005884,90,27.0,133,185,218,CURRENT,7,1
PAT_00005885,42,31.5,175,136,166,UNKNOWN,8,0
PAT_00005886,33,21.0,142,254,132,CURRENT,5,0
PAT_00005887,78,28.8,103,240,158,NEVER,5,1
PAT_00005888,56,21.7,148,243,106,UNKNOWN,5,0
PAT_00005889,82,28.7,163,241,175,NEVER,8,1
PAT_00005890,48,30.9,138,208,160,FORMER,0,0
PAT_00005891,89,28.3,141,146,242,NEVER,0,1
PAT_00005892,56,22.0,136,264,217,UNKNOWN,2,0
PAT_00005893,72,35.4,147,225,131,CURRENT,5,1
PAT_00005894,59,18.0,144,187,105,UNKNOWN,3,0
PAT_00005895,56,28.9,116,265,167,UNKNOWN,7,0
PAT_00005896,82,35.6,104,198,146,CURRENT,8,1
PAT_00005897,77,32.7,173,121,114,NEVER,7,1
PAT_00005898,68,25.8,102,302,70,FORMER,5,1
PAT_00005899,73,17.7,134,185,112,NEVER,1,0
PAT_00005900,36,31.3,135,310,108,FORMER,3,0
PAT_00005901,21,24.6,114,234,132,NEVER,4,1
PAT_00005902,35,28.3,153,279,179,FORMER,3,0
PAT_00005903,24,26.5,101,262,221,CURRENT,1,0
PAT_00005904,24,24.5,185,193,110,FORMER,5,0
PAT_00005905,87,30.3,121,267,253,UNKNOWN,3,1
PAT_00005906,47,28.0,127,276,90,NEVER,0,0
PAT_00005907,58,28.8,142,183,150,CURRENT,4,0
PAT_00005908,81,23.5,116,195,177,CURRENT,0,0
PAT_00005909,25,27.0,133,146,196,FORMER,0,0
PAT_00005910,46,28.2,147,208,173,NEVER,0,0
PAT_00005911,76,30.5,127,147,204,CURRENT,6,1
PAT_00005912,25,23.8,126,154,240,CURRENT,0,0
PAT_00005913,67,28.0,165,221,237,FORMER,1,1
PAT_00005914,59,30.9,165,228,102,FORMER,7,0
PAT_00005915,27,26.8,181,176,101,NEVER,7,0
PAT_00005916,30,27.6,107,168,190,NEVER,4,0
PAT_00005917,90,29.3,104,175,176,FORMER,6,1
PAT_00005918,86,21.3,139,136,121,FORMER,3,1
PAT_00005919,56,27.9,118,266,201,FORMER,6,0
PAT_00005920,28,26.0,178,212,172,CURRENT,2,0
PAT_00005921,61,25.6,117,290,181,UNKNOWN,5,0
PAT_00005922,62,24.1,109,181,246,NEVER,2,0
PAT_00005923,63,26.0,97,238,100,NEVER,2,0
PAT_00005924,91,28.2,101,239,90,FORMER,7,1
PAT_00005925,79,25.2,164,265,127,NEVER,1,0
PAT_00005926,41,23.1,134,122,209,UNKNOWN,7,0
PAT_00005927,50,25.0,123,302,80,UNKNOWN,4,1
PAT_00005928,56,24.6,170,268,99,UNKNOWN,7,0
PAT_00005929,44,28.1,175,286,98,FORMER,7,0
PAT_00005930,42,31.9,140,135,182,NEVER,3,0
PAT_00005931,27,31.8,109,263,146,NEVER,7,0
PAT_00005932,28,33.1,105,175,132,NEVER,3,0
PAT_00005933,29,35.4,120,260,102,NEVER,6,0
PAT_00005934,31,39.3,137,237,240,FORMER,1,0
PAT_00005935,58,28.8,162,183,86,CURRENT,2,1
PAT_00005936,36,24.1,181,131,97,UNKNOWN,8,0
PAT_00005937,27,26.2,146,229,258,FORMER,7,0
PAT_00005938,38,28.2,148,272,136,UNKNOWN,3,0
PAT_00005939,22,26.0,182,283,203,NEVER,4,0
PAT_00005940,91,32.5,134,167,220,FORMER,2,1
PAT_00005941,22,33.6,180,251,96,CURRENT,8,0
PAT_00005942,71,33.1,174,289,253,FORMER,7,1
PAT_00005943,65,28.7,129,180,204,CURRENT,7,0
PAT_00005944,70,21.5,97,243,122,CURRENT,8,1
PAT_00005945,41,37.3,122,196,242,FORMER,5,0
PAT_00005946,52,34.6,144,215,229,UNKNOWN,1,0
PAT_00005947,90,33.1,123,234,176,NEVER,0,0
PAT_00005948,41,31.4,135,140,196,NEVER,6,0
PAT_00005949,39,34.1,95,165,130,CURRENT,8,0
PAT_00005950,74,27.3,161,129,241,CURRENT,0,1
PAT_00005951,86,29.6,149,193,236,FORMER,7,1
PAT_00005952,34,27.6,182,298,215,FORMER,2,1
PAT_00005953,37,22.5,183,160,144,FORMER,6,0
PAT_00005954,67,27.2,174,196,148,CURRENT,4,1
PAT_00005955,29,33.3,99,275,136,FORMER,0,0
PAT_00005956,69,19.1,140,256,246,CURRENT,0,1
PAT_00005957,43,26.7,185,273,159,NEVER,7,0
PAT_00005958,50,20.7,165,205,213,CURRENT,6,0
PAT_00005959,36,29.6,181,234,115,FORMER,2,0
PAT_00005960,47,22.1,148,229,137,CURRENT,2,0
PAT_00005961,35,22.5,148,268,208,CURRENT,3,0
PAT_00005962,34,18.9,132,128,189,FORMER,3,0
PAT_00005963,66,22.1,108,143,186,FORMER,2,1
PAT_00005964,65,31.2,95,211,132,CURRENT,8,0
PAT_00005965,27,26.2,128,246,158,CURRENT,0,0
PAT_00005966,27,21.2,150,247,239,NEVER,3,0
PAT_00005967,23,21.6,104,231,140,UNKNOWN,7,1
PAT_00005968,73,27.8,151,220,131,NEVER,6,1
PAT_00005969,58,22.4,95,274,210,NEVER,5,0
PAT_00005970,25,33.6,175,130,110,CURRENT,3,0
PAT_00005971,85,24.8,135,262,136,NEVER,7,1
PAT_00005972,31,31.8,134,201,129,FORMER,5,0
PAT_00005973,74,33.8,104,130,162,UNKNOWN,8,1
PAT_00005974,61,20.8,171,210,182,CURRENT,2,0
PAT_00005975,34,19.9,174,163,101,CURRENT,1,0
PAT_00005976,63,28.2,122,267,243,FORMER,1,1
PAT_00005977,86,33.8,151,278,128,CURRENT,7,1
PAT_00005978,57,36.1,103,264,132,NEVER,4,0
PAT_00005979,53,27.5,153,305,222,UNKNOWN,3,0
PAT_00005980,71,26.2,123,270,185,UNKNOWN,8,1
PAT_00005981,24,29.4,162,180,245,UNKNOWN,2,0
PAT_00005982,81,32.1,163,184,154,CURRENT,7,1
PAT_00005983,83,30.1,151,248,241,NEVER,2,1
PAT_00005984,39,24.9,139,200,163,NEVER,5,0
PAT_00005985,79,34.7,103,306,84,NEVER,2,0
PAT_00005986,60,35.1,185,160,200,NEVER,6,0
PAT_00005987,85,34.2,137,238,100,CURRENT,0,0
PAT_00005988,68,32.5,150,257,194,NEVER,7,1
PAT_00005989,77,31.2,182,293,221,FORMER,6,1
PAT_00005990,80,30.6,135,164,193,FORMER,7,1
PAT_00005991,33,25.8,173,259,78,NEVER,7,0
PAT_00005992,34,23.4,149,284,225,NEVER,1,0
PAT_00005993,88,36.0,125,297,120,FORMER,2,0
PAT_00005994,62,24.9,129,259,232,FORMER,4,0
PAT_00005995,87,31.9,182,178,163,CURRENT,6,1
PAT_00005996,73,30.5,143,151,228,FORMER,7,1
PAT_00005997,25,34.5,173,282,99,NEVER,8,0
PAT_00005998,57,31.6,146,264,230,CURRENT,4,0
PAT_00005999,60,17.9,144,146,132,UNKNOWN,8,0
PAT_00006000,36,31.3,96,176,213,UNKNOWN,7,0
PAT_00006001,70,30.6,183,157,79,FORMER,1,0
PAT_00006002,33,27.3,107,165,253,FORMER,8,0
PAT_00006003,88,31.3,128,125,248,CURRENT,1,1
PAT_00006004,35,23.7,185,257,139,CURRENT,0,0
PAT_00006005,47,31.2,103,159,183,UNKNOWN,8,1
PAT_00006006,21,33.8,172,185,102,NEVER,0,0
PAT_00006007,39,29.8,134,285,110,NEVER,3,0
PAT_00006008,82,27.1,166,220,137,NEVER,0,1
PAT_00006009,83,25.2,122,245,224,NEVER,1,1
PAT_00006010,78,37.3,118,307,192,NEVER,7,1
PAT_00006011,46,28.4,178,166,192,CURRENT,1,0
PAT_00006012,48,28.9,174,254,85,CURRENT,1,0
PAT_00006013,23,24.5,148,247,163,FORMER,1,0
PAT_00006014,89,25.6,170,297,117,NEVER,7,1
PAT_00006015,60,18.9,180,183,237,FORMER,1,0
PAT_00006016,86,28.2,133,125,92,NEVER,3,1
PAT_00006017,81,22.5,132,305,183,UNKNOWN,3,1
PAT_00006018,53,25.2,101,310,104,FORMER,1,0
PAT_00006019,30,38.5,145,202,140,NEVER,6,0
PAT_00006020,87,27.8,180,150,181,NEVER,8,1
PAT_00006021,69,14.7,176,169,82,UNKNOWN,0,0
PAT_00006022,55,22.9,134,164,126,CURRENT,5,0
PAT_00006023,49,33.1,97,216,97,NEVER,0,1
PAT_00006024,44,27.9,155,132,238,CURRENT,5,0
PAT_00006025,32,30.1,157,182,202,CURRENT,8,0
PAT_00006026,43,32.5,172,256,80,NEVER,8,0
PAT_00006027,42,33.2,178,120,84,FORMER,0,1
PAT_00006028,42,24.1,167,137,141,NEVER,1,0
PAT_00006029,88,30.5,117,294,188,CURRENT,7,1
PAT_00006030,40,27.0,169,186,151,FORMER,8,0
PAT_00006031,69,28.6,157,135,193,UNKNOWN,1,1
PAT_00006032,91,29.1,116,208,89,NEVER,8,1
PAT_00006033,33,38.1,121,215,95,NEVER,1,0
PAT_00006034,47,20.7,151,124,213,FORMER,8,1
PAT_00006035,74,23.7,104,179,78,NEVER,0,0
PAT_00006036,58,25.1,172,256,84,UNKNOWN,3,0
PAT_00006037,67,24.3,120,247,141,CURRENT,5,1
PAT_00006038,90,27.3,127,235,180,NEVER,3,1
PAT_00006039,68,19.5,117,265,229,NEVER,4,1
PAT_00006040,60,25.2,105,229,188,FORMER,0,0
PAT_00006041,23,33.2,154,151,251,UNKNOWN,3,0
PAT_00006042,55,31.6,130,152,154,NEVER,8,0
PAT_00006043,84,26.6,180,141,121,CURRENT,7,1
PAT_00006044,59,28.2,112,239,103,UNKNOWN,4,0
PAT_00006045,33,35.4,116,144,83,NEVER,4,0
PAT_00006046,28,26.8,103,156,221,CURRENT,0,0
PAT_00006047,83,28.1,142,260,155,CURRENT,4,1
PAT_00006048,61,28.2,122,292,166,UNKNOWN,0,0
PAT_00006049,42,25.4,110,307,169,FORMER,0,0
PAT_00006050,32,32.0,151,302,83,NEVER,0,0
PAT_00006051,63,26.2,96,234,71,FORMER,2,0
PAT_00006052,38,25.8,139,303,184,FORMER,4,0
PAT_00006053,66,23.2,121,158,145,FORMER,2,0
PAT_00006054,27,24.5,114,218,159,CURRENT,7,0
PAT_00006055,82,28.4,150,224,130,CURRENT,2,0
PAT_00006056,29,31.0,129,296,233,FORMER,2,0
PAT_00006057,83,28.8,153,210,78,NEVER,0,0
PAT_00006058,43,24.1,142,307,168,FORMER,7,0
PAT_00006059,47,24.1,116,295,77,FORMER,5,1
PAT_00006060,34,19.3,135,291,73,NEVER,6,0
PAT_00006061,38,25.7,96,212,219,CURRENT,1,0
PAT_00006062,82,30.2,156,251,167,CURRENT,6,1
PAT_00006063,47,34.1,138,193,150,NEVER,5,0
PAT_00006064,66,33.7,167,254,234,CURRENT,8,1
PAT_00006065,67,28.8,128,240,139,UNKNOWN,2,0
PAT_00006066,83,31.9,143,207,162,UNKNOWN,8,1
PAT_00006067,66,37.1,111,138,164,NEVER,3,1
PAT_00006068,37,30.3,126,293,102,FORMER,3,0
PAT_00006069,32,34.3,128,294,193,UNKNOWN,5,0
PAT_00006070,42,30.1,129,225,226,CURRENT,0,0
PAT_00006071,69,31.4,112,308,85,CURRENT,1,0
PAT_00006072,39,20.7,132,184,71,CURRENT,8,0
PAT_00006073,32,26.8,137,183,72,FORMER,0,1
PAT_00006074,23,29.7,96,184,181,CURRENT,7,0
PAT_00006075,74,22.4,106,194,226,CURRENT,8,1
PAT_00006076,71,21.9,184,296,196,UNKNOWN,3,1
PAT_00006077,47,21.3,175,217,133,UNKNOWN,4,0
PAT_00006078,67,20.9,128,190,204,CURRENT,8,1
PAT_00006079,72,31.1,117,162,94,UNKNOWN,5,1
PAT_00006080,28,21.9,145,293,182,UNKNOWN,3,0
PAT_00006081,59,33.2,100,258,108,UNKNOWN,3,0
PAT_00006082,36,21.0,102,303,123,CURRENT,2,0
PAT_00006083,61,35.3,100,167,206,CURRENT,7,0
PAT_00006084,71,33.4,185,135,197,CURRENT,1,1
PAT_00006085,56,23.5,137,263,245,CURRENT,1,0
PAT_00006086,21,25.4,101,278,259,NEVER,7,0
PAT_00006087,52,30.4,113,233,207,CURRENT,0,1
PAT_00006088,36,21.9,99,171,198,CURRENT,7,0
PAT_00006089,62,14.0,171,277,154,NEVER,0,0
PAT_00006090,25,23.5,103,305,206,FORMER,2,0
PAT_00006091,64,27.1,153,132,161,UNKNOWN,4,0
PAT_00006092,90,29.0,151,183,239,FORMER,8,1
PAT_00006093,88,22.9,150,206,238,CURRENT,2,1
PAT_00006094,26,21.7,110,186,237,CURRENT,8,1
PAT_00006095,39,26.3,163,158,255,CURRENT,5,0
PAT_00006096,43,28.2,130,217,228,CURRENT,1,0
PAT_00006097,63,26.1,107,155,231,FORMER,2,0
PAT_00006098,23,22.5,155,228,220,NEVER,5,0
PAT_00006099,53,23.7,131,185,138,FORMER,0,0
PAT_00006100,70,24.0,103,246,186,NEVER,7,1
PAT_00006101,82,26.5,175,215,94,UNKNOWN,4,1
PAT_00006102,43,26.2,148,222,167,NEVER,3,1
PAT_00006103,83,32.8,132,232,155,NEVER,6,1
PAT_00006104,61,24.4,147,205,96,NEVER,2,0
PAT_00006105,28,33.9,170,240,169,CURRENT,2,0
PAT_00006106,43,17.0,144,255,250,CURRENT,0,0
PAT_00006107,59,25.0,160,278,142,UNKNOWN,0,0
PAT_00006108,22,24.5,148,271,221,CURRENT,1,0
PAT_00006109,34,33.8,120,176,76,NEVER,8,0
PAT_00006110,50,26.2,141,301,259,NEVER,7,0
PAT_00006111,39,24.1,122,169,143,FORMER,2,0
PAT_00006112,63,29.0,163,126,259,UNKNOWN,5,1
PAT_00006113,86,32.8,164,266,231,NEVER,6,1
PAT_00006114,26,24.5,183,233,199,NEVER,4,1
PAT_00006115,78,28.9,165,262,132,CURRENT,3,1
PAT_00006116,83,19.3,147,153,78,FORMER,5,1
PAT_00006117,66,32.3,174,204,212,CURRENT,7,1
PAT_00006118,23,25.1,178,246,101,CURRENT,7,0
PAT_00006119,71,29.7,124,301,254,NEVER,6,1
PAT_00006120,73,28.3,96,172,124,FORMER,4,1
PAT_00006121,92,33.2,163,255,253,NEVER,3,1
PAT_00006122,67,25.3,142,292,225,FORMER,4,1
PAT_00006123,40,23.5,141,297,112,FORMER,6,0
PAT_00006124,58,28.8,119,157,158,NEVER,3,0
PAT_00006125,71,28.3,170,303,129,FORMER,8,1
PAT_00006126,80,29.8,169,136,249,FORMER,0,1
PAT_00006127,53,18.6,170,200,206,UNKNOWN,2,1
PAT_00006128,38,28.8,131,260,217,FORMER,7,0
PAT_00006129,46,18.2,101,243,189,UNKNOWN,1,0
PAT_00006130,52,25.2,171,128,88,CURRENT,7,0
PAT_00006131,46,31.3,125,245,211,UNKNOWN,2,1
PAT_00006132,86,24.1,178,288,103,UNKNOWN,0,0
PAT_00006133,22,35.0,108,280,201,NEVER,0,0
PAT_00006134,51,26.2,150,168,78,NEVER,5,0
PAT_00006135,66,32.4,121,261,223,NEVER,1,1
PAT_00006136,25,30.7,122,260,185,CURRENT,4,0
PAT_00006137,59,24.6,159,244,153,NEVER,4,0
PAT_00006138,82,29.8,165,160,179,NEVER,5,1
PAT_00006139,77,27.4,99,248,246,UNKNOWN,4,1
PAT_00006140,72,32.1,142,222,84,CURRENT,0,0
PAT_00006141,92,23.1,137,272,226,UNKNOWN,3,1
PAT_00006142,62,16.9,124,290,231,UNKNOWN,0,1
PAT_00006143,70,28.4,151,173,103,NEVER,3,1
PAT_00006144,63,22.5,148,279,196,CURRENT,5,1
PAT_00006145,72,30.8,130,233,211,UNKNOWN,3,1
PAT_00006146,23,30.2,117,226,127,NEVER,7,0
PAT_00006147,51,25.2,163,217,96,UNKNOWN,5,0
PAT_00006148,43,31.7,125,253,212,NEVER,1,1
PAT_00006149,35,31.0,110,153,129,UNKNOWN,6,0
PAT_00006150,78,26.0,106,284,108,CURRENT,2,0
PAT_00006151,59,25.0,180,255,227,FORMER,3,0
PAT_00006152,42,32.9,112,221,207,FORMER,5,1
PAT_00006153,39,27.5,149,276,244,CURRENT,2,0
PAT_00006154,71,33.8,177,219,107,NEVER,6,1
PAT_00006155,25,34.2,149,253,100,NEVER,3,1
PAT_00006156,75,20.2,135,210,115,UNKNOWN,7,1
PAT_00006157,58,33.8,166,308,148,UNKNOWN,3,0
PAT_00006158,86,30.3,100,198,250,NEVER,4,1
PAT_00006159,65,22.7,142,262,92,NEVER,6,0
PAT_00006160,85,31.2,171,211,127,FORMER,4,1
PAT_00006161,27,16.3,127,241,191,NEVER,3,0
PAT_00006162,57,26.4,98,149,245,UNKNOWN,8,0
PAT_00006163,55,37.2,142,141,140,CURRENT,8,0
PAT_00006164,66,28.3,127,121,90,UNKNOWN,7,1
PAT_00006165,48,33.1,148,248,196,FORMER,1,0
PAT_00006166,53,31.0,183,258,74,UNKNOWN,3,0
PAT_00006167,25,22.5,118,120,86,NEVER,3,0
PAT_00006168,23,19.1,111,224,109,NEVER,4,0
PAT_00006169,45,31.3,184,175,181,NEVER,2,1
PAT_00006170,34,40.0,176,155,144,FORMER,6,0
PAT_00006171,46,19.9,127,289,101,CURRENT,7,0
PAT_00006172,84,30.7,174,283,78,CURRENT,4,1
PAT_00006173,22,27.2,174,220,119,CURRENT,0,0
PAT_00006174,77,28.5,104,169,198,UNKNOWN,8,1
PAT_00006175,37,34.3,148,241,234,FORMER,7,0
PAT_00006176,66,16.2,185,191,86,CURRENT,8,1
PAT_00006177,69,29.3,157,124,229,FORMER,3,1
PAT_00006178,42,40.8,120,255,243,NEVER,5,0
PAT_00006179,45,27.8,151,138,102,FORMER,1,0
PAT_00006180,79,24.6,142,294,116,FORMER,3,1
PAT_00006181,21,23.1,163,185,196,CURRENT,4,0
PAT_00006182,33,25.8,156,243,241,FORMER,8,1
PAT_00006183,27,27.2,149,190,166,FORMER,6,0
PAT_00006184,84,24.7,185,279,105,NEVER,7,1
PAT_00006185,77,24.7,173,226,97,NEVER,3,1
PAT_00006186,84,25.6,102,120,145,NEVER,5,1
PAT_00006187,23,26.2,124,197,72,UNKNOWN,2,1
PAT_00006188,56,33.5,125,275,196,UNKNOWN,0,0
PAT_00006189,22,30.1,166,225,176,FORMER,5,0
PAT_00006190,70,24.8,95,249,212,FORMER,3,1
PAT_00006191,83,18.2,102,224,162,FORMER,0,0
PAT_00006192,48,24.2,116,269,194,UNKNOWN,1,0
PAT_00006193,40,25.0,165,153,131,CURRENT,2,0
PAT_00006194,54,32.3,162,163,123,CURRENT,1,1
PAT_00006195,59,29.3,156,297,239,FORMER,5,0
PAT_00006196,68,19.0,101,174,215,NEVER,2,1
PAT_00006197,61,18.3,178,271,184,FORMER,6,0
PAT_00006198,73,27.7,170,253,172,FORMER,8,1
PAT_00006199,48,29.7,180,151,217,FORMER,2,1
PAT_00006200,32,37.8,102,179,91,FORMER,0,0
PAT_00006201,29,27.4,145,190,96,UNKNOWN,0,0
PAT_00006202,79,23.7,141,167,163,UNKNOWN,4,1
PAT_00006203,49,38.4,130,306,81,FORMER,8,0
PAT_00006204,72,31.3,158,194,216,UNKNOWN,0,1
PAT_00006205,22,21.0,156,159,245,FORMER,4,1
PAT_00006206,45,37.6,114,274,76,NEVER,4,0
PAT_00006207,86,30.7,148,177,243,NEVER,8,1
PAT_00006208,25,33.2,147,126,246,FORMER,6,1
PAT_00006209,53,24.2,152,154,98,CURRENT,5,0
PAT_00006210,60,16.8,153,134,212,CURRENT,7,0
PAT_00006211,26,30.3,176,284,123,CURRENT,0,0
PAT_00006212,27,23.2,103,126,234,FORMER,4,0
PAT_00006213,54,21.6,164,299,231,CURRENT,1,0
PAT_00006214,38,17.7,122,146,85,CURRENT,2,1
PAT_00006215,31,26.9,151,212,102,NEVER,7,0
PAT_00006216,62,14.3,95,309,209,NEVER,0,0
PAT_00006217,67,23.4,129,145,162,UNKNOWN,6,1
PAT_00006218,69,24.1,128,199,210,FORMER,0,1
PAT_00006219,22,31.2,142,134,123,NEVER,0,0
PAT_00006220,54,31.9,145,242,137,FORMER,0,0
PAT_00006221,44,27.8,131,127,81,FORMER,3,0
PAT_00006222,64,34.3,165,195,89,NEVER,3,0
PAT_00006223,57,23.2,139,255,75,FORMER,2,0
PAT_00006224,49,27.5,106,186,238,UNKNOWN,4,1
PAT_00006225,68,25.1,147,167,116,CURRENT,7,1
PAT_00006226,36,26.4,133,298,189,UNKNOWN,5,0
PAT_00006227,35,20.1,137,137,86,FORMER,3,0
PAT_00006228,23,38.3,98,147,153,CURRENT,2,0
PAT_00006229,59,32.5,97,151,124,UNKNOWN,2,0
PAT_00006230,49,26.3,180,257,152,CURRENT,6,0
PAT_00006231,72,28.0,177,280,256,CURRENT,8,1
PAT_00006232,78,34.6,141,305,244,UNKNOWN,7,1
PAT_00006233,25,24.5,109,181,162,FORMER,8,0
PAT_00006234,30,31.2,119,231,178,UNKNOWN,7,0
PAT_00006235,83,28.0,135,138,172,UNKNOWN,2,0
PAT_00006236,92,25.4,170,131,99,NEVER,5,1
PAT_00006237,60,28.3,125,122,186,FORMER,0,1
PAT_00006238,37,15.8,184,286,105,NEVER,7,0
PAT_00006239,54,36.8,106,151,259,CURRENT,1,0
PAT_00006240,34,28.2,139,163,77,FORMER,0,0
PAT_00006241,68,27.5,119,153,156,CURRENT,8,1
PAT_00006242,27,31.5,99,152,229,FORMER,0,0
PAT_00006243,84,27.4,132,303,117,UNKNOWN,3,1
PAT_00006244,81,32.3,129,279,122,UNKNOWN,5,1
PAT_00006245,75,38.9,158,247,143,FORMER,4,1
PAT_00006246,27,34.2,183,251,242,CURRENT,5,0
PAT_00006247,28,32.2,157,154,260,FORMER,0,0
PAT_00006248,31,23.9,145,243,156,UNKNOWN,8,0
PAT_00006249,54,23.5,152,297,101,UNKNOWN,6,0
PAT_00006250,83,26.4,153,275,89,CURRENT,4,1
PAT_00006251,66,24.4,144,231,142,UNKNOWN,8,1
PAT_00006252,25,23.6,117,283,166,CURRENT,6,1
PAT_00006253,32,25.5,102,151,87,UNKNOWN,4,0
PAT_00006254,43,19.4,105,182,93,NEVER,5,0
PAT_00006255,81,23.7,173,164,161,UNKNOWN,3,1
PAT_00006256,27,32.2,102,230,136,CURRENT,3,0
PAT_00006257,35,26.8,121,123,209,NEVER,6,0
PAT_00006258,22,29.6,126,277,110,CURRENT,8,1
PAT_00006259,58,27.5,154,196,158,UNKNOWN,8,1
PAT_00006260,21,23.4,143,199,210,FORMER,3,0
PAT_00006261,63,34.3,175,277,195,UNKNOWN,1,0
PAT_00006262,56,34.7,136,170,232,UNKNOWN,3,0
PAT_00006263,60,27.5,149,254,92,CURRENT,3,0
PAT_00006264,51,33.0,121,222,112,FORMER,7,0
PAT_00006265,51,24.2,145,229,218,UNKNOWN,0,0
PAT_00006266,88,33.5,116,210,201,FORMER,3,1
PAT_00006267,27,22.0,96,302,251,FORMER,2,0
PAT_00006268,89,25.1,99,192,93,FORMER,5,1
PAT_00006269,81,32.5,99,283,211,FORMER,6,1
PAT_00006270,89,26.6,178,236,238,UNKNOWN,6,1
PAT_00006271,72,24.5,128,236,198,CURRENT,8,1
PAT_00006272,63,26.0,106,136,112,UNKNOWN,5,0
PAT_00006273,45,27.2,185,234,90,NEVER,5,0
PAT_00006274,25,38.1,132,146,96,UNKNOWN,7,0
PAT_00006275,43,27.2,126,125,71,NEVER,0,0
PAT_00006276,37,27.7,149,249,172,FORMER,4,1
PAT_00006277,70,17.7,151,140,215,UNKNOWN,8,1
PAT_00006278,76,30.5,159,230,76,CURRENT,1,0
PAT_00006279,70,22.9,143,167,102,CURRENT,3,1
PAT_00006280,54,25.9,126,125,216,CURRENT,1,0
PAT_00006281,91,34.1,123,289,181,FORMER,0,1
PAT_00006282,68,28.5,172,154,146,CURRENT,0,0
PAT_00006283,47,26.3,137,160,250,NEVER,7,0
PAT_00006284,78,28.0,151,230,81,CURRENT,1,1
PAT_00006285,46,26.8,153,295,148,CURRENT,1,0
PAT_00006286,44,26.3,99,139,126,UNKNOWN,3,0
PAT_00006287,87,20.5,102,156,187,UNKNOWN,6,1
PAT_00006288,68,20.7,129,145,98,NEVER,8,1
PAT_00006289,64,25.7,138,237,119,CURRENT,3,0
PAT_00006290,74,30.2,184,137,110,NEVER,2,0
PAT_00006291,57,28.3,114,252,233,CURRENT,3,0
PAT_00006292,60,22.8,136,180,84,NEVER,8,0
PAT_00006293,72,29.1,163,161,116,FORMER,5,1
PAT_00006294,82,26.8,166,133,234,FORMER,8,1
PAT_00006295,33,28.4,185,246,113,UNKNOWN,0,0
PAT_00006296,92,31.0,114,173,158,FORMER,0,0
PAT_00006297,55,24.6,170,193,235,NEVER,5,0
PAT_00006298,81,21.5,150,227,150,UNKNOWN,0,0
PAT_00006299,57,24.9,110,249,228,NEVER,5,0
PAT_00006300,45,20.8,138,262,204,CURRENT,3,0
PAT_00006301,87,19.8,167,289,93,NEVER,6,1
PAT_00006302,70,20.7,118,278,141,NEVER,0,0
PAT_00006303,51,34.0,115,180,80,FORMER,4,0
PAT_00006304,23,22.5,150,127,139,FORMER,2,0
PAT_00006305,39,32.6,158,259,146,FORMER,4,0
PAT_00006306,37,28.0,148,181,166,UNKNOWN,5,0
PAT_00006307,43,27.1,131,165,239,CURRENT,7,0
PAT_00006308,48,32.3,137,210,162,UNKNOWN,5,0
PAT_00006309,91,35.8,138,280,254,UNKNOWN,3,1
PAT_00006310,68,32.2,179,147,110,UNKNOWN,8,1
PAT_00006311,61,31.4,108,218,233,UNKNOWN,2,0
PAT_00006312,83,35.6,162,206,218,CURRENT,7,1
PAT_00006313,62,21.7,168,150,259,NEVER,1,0
PAT_00006314,27,30.8,127,195,143,NEVER,8,0
PAT_00006315,68,28.1,115,244,83,NEVER,5,1
PAT_00006316,24,32.6,136,237,76,NEVER,5,0
PAT_00006317,24,25.4,169,256,169,NEVER,7,0
PAT_00006318,34,26.1,129,197,201,UNKNOWN,3,0
PAT_00006319,85,26.1,122,273,81,NEVER,3,1
PAT_00006320,81,29.1,97,137,128,CURRENT,5,1
PAT_00006321,79,25.6,144,302,117,FORMER,2,0
PAT_00006322,92,24.1,137,246,74,CURRENT,8,1
PAT_00006323,58,31.9,96,190,78,FORMER,6,0
PAT_00006324,80,29.0,176,146,79,UNKNOWN,4,1
PAT_00006325,80,32.3,151,164,167,FORMER,0,0
PAT_00006326,58,32.0,103,287,166,NEVER,1,0
PAT_00006327,79,24.4,129,288,118,NEVER,0,0
PAT_00006328,24,25.0,116,237,116,FORMER,3,1
PAT_00006329,51,22.4,164,202,129,NEVER,5,0
PAT_00006330,83,34.3,156,131,80,UNKNOWN,6,1
PAT_00006331,69,34.3,128,216,248,FORMER,3,1
PAT_00006332,30,24.2,156,308,239,NEVER,4,0
PAT_00006333,29,24.0,179,205,244,CURRENT,2,0
PAT_00006334,51,34.4,176,129,233,NEVER,5,0
PAT_00006335,86,24.2,95,140,230,CURRENT,7,1
PAT_00006336,37,32.0,157,238,101,FORMER,7,0
PAT_00006337,82,28.1,146,134,203,CURRENT,2,1
PAT_00006338,81,21.6,185,216,157,UNKNOWN,4,1
PAT_00006339,64,36.8,125,177,146,UNKNOWN,6,0
PAT_00006340,62,23.5,162,158,83,UNKNOWN,6,0
PAT_00006341,48,27.1,173,287,80,CURRENT,7,0
PAT_00006342,36,30.3,109,120,151,UNKNOWN,0,0
PAT_00006343,58,22.6,156,200,163,FORMER,8,0
PAT_00006344,56,23.2,116,148,152,UNKNOWN,1,0
PAT_00006345,52,32.8,156,276,255,FORMER,4,0
PAT_00006346,56,21.3,180,270,147,FORMER,6,0
PAT_00006347,48,30.8,165,233,89,NEVER,0,1
PAT_00006348,54,24.9,110,289,225,UNKNOWN,5,0
PAT_00006349,85,28.3,164,211,163,CURRENT,4,1
PAT_00006350,86,36.2,177,304,76,NEVER,2,0
PAT_00006351,41,24.3,182,237,225,NEVER,5,0
PAT_00006352,52,34.9,100,180,84,CURRENT,7,0
PAT_00006353,23,26.6,109,220,215,NEVER,8,1
PAT_00006354,53,34.5,98,132,170,FORMER,3,1
PAT_00006355,25,36.5,183,120,109,NEVER,1,0
PAT_00006356,35,33.5,141,196,157,FORMER,8,0
PAT_00006357,52,39.6,97,230,98,FORMER,7,0
PAT_00006358,47,25.7,181,130,106,FORMER,7,1
PAT_00006359,75,27.4,138,127,137,NEVER,5,1
PAT_00006360,30,35.7,153,225,233,FORMER,6,0
PAT_00006361,28,37.2,118,264,149,CURRENT,7,0
PAT_00006362,69,35.6,165,287,245,FORMER,8,1
PAT_00006363,60,26.2,100,208,260,UNKNOWN,8,0
PAT_00006364,70,23.6,152,190,153,FORMER,3,1
PAT_00006365,49,32.6,123,123,141,FORMER,7,0
PAT_00006366,92,29.7,173,237,77,CURRENT,5,1
PAT_00006367,29,27.7,149,300,242,CURRENT,7,0
PAT_00006368,77,27.4,152,201,251,UNKNOWN,4,1
PAT_00006369,42,25.3,178,124,117,CURRENT,5,1
PAT_00006370,51,25.7,148,234,227,CURRENT,1,0
PAT_00006371,66,33.9,149,245,216,UNKNOWN,1,1
PAT_00006372,86,29.3,154,296,249,NEVER,3,1
PAT_00006373,44,22.7,107,238,203,UNKNOWN,2,0
PAT_00006374,72,21.1,173,232,139,UNKNOWN,4,1
PAT_00006375,56,31.0,104,168,180,CURRENT,5,0
PAT_00006376,39,26.7,160,164,136,FORMER,1,0
PAT_00006377,24,28.2,161,203,90,NEVER,1,0
PAT_00006378,48,31.0,132,138,225,UNKNOWN,6,0
PAT_00006379,50,22.1,104,256,89,NEVER,2,1
PAT_00006380,41,25.0,178,253,75,CURRENT,8,0
PAT_00006381,86,31.4,177,284,207,CURRENT,1,1
PAT_00006382,86,22.6,99,216,232,FORMER,7,1
PAT_00006383,61,36.6,178,142,71,UNKNOWN,3,0
PAT_00006384,26,16.6,95,132,230,NEVER,1,0
PAT_00006385,62,20.8,116,198,98,CURRENT,0,1
PAT_00006386,34,30.1,146,120,186,NEVER,5,0
PAT_00006387,81,31.6,148,120,141,NEVER,6,1
PAT_00006388,65,31.3,137,201,111,NEVER,2,0
PAT_00006389,26,23.2,156,202,259,FORMER,2,0
PAT_00006390,54,30.2,151,200,102,CURRENT,3,0
PAT_00006391,75,41.6,154,132,244,NEVER,8,1
PAT_00006392,88,25.3,141,146,96,NEVER,6,1
PAT_00006393,47,23.5,109,199,113,FORMER,6,0
PAT_00006394,81,31.4,101,246,130,UNKNOWN,8,1
PAT_00006395,65,32.8,185,184,247,NEVER,1,0
PAT_00006396,77,18.3,95,278,94,NEVER,6,1
PAT_00006397,43,28.3,95,120,244,CURRENT,0,1
PAT_00006398,59,23.7,148,215,126,CURRENT,3,0
PAT_00006399,81,31.6,123,171,78,NEVER,6,1
PAT_00006400,36,24.2,101,301,99,NEVER,7,0
PAT_00006401,80,27.5,105,169,162,UNKNOWN,4,1
PAT_00006402,84,27.3,100,289,219,UNKNOWN,4,1
PAT_00006403,91,38.5,155,169,242,NEVER,7,1
PAT_00006404,61,33.2,178,275,91,FORMER,8,0
PAT_00006405,70,30.2,164,136,96,FORMER,3,1
PAT_00006406,72,32.1,179,243,244,FORMER,7,1
PAT_00006407,78,34.1,147,120,251,FORMER,7,1
PAT_00006408,89,29.7,111,198,85,UNKNOWN,3,1
PAT_00006409,92,29.2,164,227,180,FORMER,5,1
PAT_00006410,92,24.5,184,122,84,UNKNOWN,4,1
PAT_00006411,42,28.4,143,205,216,NEVER,2,0
PAT_00006412,83,35.0,113,244,238,NEVER,6,1
PAT_00006413,91,18.8,164,246,170,FORMER,1,0
PAT_00006414,25,25.4,177,125,182,CURRENT,2,0
PAT_00006415,27,31.9,145,128,238,NEVER,1,1
PAT_00006416,88,24.5,170,214,126,FORMER,6,1
PAT_00006417,78,32.1,157,148,138,CURRENT,6,1
PAT_00006418,35,22.3,175,305,121,UNKNOWN,4,0
PAT_00006419,74,27.3,161,239,199,UNKNOWN,7,1
PAT_00006420,22,28.0,103,168,150,UNKNOWN,4,0
PAT_00006421,22,27.6,135,278,255,CURRENT,7,0
PAT_00006422,49,16.4,122,242,232,NEVER,0,0
PAT_00006423,82,30.2,99,225,145,NEVER,1,0
PAT_00006424,36,27.9,107,154,230,FORMER,1,0
PAT_00006425,84,23.4,125,205,167,UNKNOWN,2,0
PAT_00006426,60,34.3,138,122,124,NEVER,6,0
PAT_00006427,74,28.3,163,255,248,NEVER,2,1
PAT_00006428,66,21.4,160,309,134,CURRENT,1,0
PAT_00006429,69,26.2,156,211,236,CURRENT,6,1
PAT_00006430,29,33.7,107,247,255,UNKNOWN,0,0
PAT_00006431,85,28.1,140,226,82,UNKNOWN,4,1
PAT_00006432,32,28.5,146,130,134,UNKNOWN,5,0
PAT_00006433,91,38.0,107,220,93,CURRENT,5,1
PAT_00006434,75,30.1,123,286,225,UNKNOWN,0,1
PAT_00006435,79,22.4,102,239,108,UNKNOWN,2,0
PAT_00006436,87,25.4,157,211,113,UNKNOWN,0,0
PAT_00006437,91,24.4,112,301,151,NEVER,2,0
PAT_00006438,74,18.3,157,263,202,NEVER,5,1
PAT_00006439,77,25.4,120,147,210,FORMER,2,1
PAT_00006440,84,34.1,130,189,149,NEVER,6,1
PAT_00006441,30,26.2,143,160,121,FORMER,8,0
PAT_00006442,57,31.0,133,122,218,UNKNOWN,2,0
PAT_00006443,37,26.0,180,147,216,CURRENT,2,0
PAT_00006444,29,28.1,118,173,240,FORMER,0,0
PAT_00006445,85,26.8,115,168,190,NEVER,1,1
PAT_00006446,91,30.3,176,151,121,UNKNOWN,1,0
PAT_00006447,33,24.6,104,252,244,UNKNOWN,5,0
PAT_00006448,28,25.5,157,222,71,FORMER,0,0
PAT_00006449,67,15.0,138,159,235,FORMER,0,1
PAT_00006450,89,27.5,166,159,129,UNKNOWN,4,1
PAT_00006451,74,24.0,135,272,105,CURRENT,2,0
PAT_00006452,50,22.4,108,227,212,NEVER,4,0
PAT_00006453,29,31.3,157,177,91,UNKNOWN,8,1
PAT_00006454,58,25.0,124,305,103,UNKNOWN,3,0
PAT_00006455,77,28.1,151,273,189,UNKNOWN,8,1
PAT_00006456,92,26.3,113,224,94,NEVER,0,0
PAT_00006457,44,25.3,160,145,169,FORMER,7,0
PAT_00006458,49,22.0,127,153,159,NEVER,7,0
PAT_00006459,57,28.5,170,171,86,NEVER,6,0
PAT_00006460,73,28.4,141,129,108,UNKNOWN,4,1
PAT_00006461,44,21.4,185,224,159,UNKNOWN,2,0
PAT_00006462,27,24.7,142,217,87,NEVER,3,1
PAT_00006463,62,26.6,104,188,180,NEVER,2,0
PAT_00006464,81,26.3,162,308,104,FORMER,0,0
PAT_00006465,68,33.7,95,296,185,UNKNOWN,1,1
PAT_00006466,84,34.1,150,236,228,UNKNOWN,7,1
PAT_00006467,79,19.5,131,197,218,UNKNOWN,7,1
PAT_00006468,64,28.6,115,183,195,CURRENT,5,0
PAT_00006469,31,20.4,103,131,180,NEVER,0,0
PAT_00006470,24,25.5,165,214,138,NEVER,0,0
PAT_00006471,27,22.9,97,162,247,CURRENT,3,0
PAT_00006472,89,26.7,134,275,153,FORMER,1,0
PAT_00006473,56,33.6,183,251,256,FORMER,4,0
PAT_00006474,74,19.0,96,141,217,CURRENT,1,1
PAT_00006475,57,29.7,137,244,184,NEVER,7,0
PAT_00006476,70,28.7,118,268,202,NEVER,3,1
PAT_00006477,92,23.1,179,122,95,UNKNOWN,8,1
PAT_00006478,59,31.4,124,171,179,UNKNOWN,3,0
PAT_00006479,76,19.3,181,271,214,NEVER,6,1
PAT_00006480,62,15.6,99,247,256,FORMER,3,0
PAT_00006481,73,33.1,116,217,149,CURRENT,2,0
PAT_00006482,64,22.0,100,215,215,NEVER,2,0
PAT_00006483,63,28.9,159,180,227,CURRENT,5,0
PAT_00006484,85,25.8,172,306,177,NEVER,5,1
PAT_00006485,45,23.3,126,179,146,CURRENT,3,0
PAT_00006486,67,23.2,121,138,237,FORMER,4,1
PAT_00006487,53,30.0,118,303,258,NEVER,4,0
PAT_00006488,77,35.2,106,153,118,CURRENT,6,1
PAT_00006489,72,23.3,167,158,160,NEVER,6,1
PAT_00006490,81,17.3,112,254,172,FORMER,3,1
PAT_00006491,54,26.7,131,150,220,CURRENT,8,0
PAT_00006492,34,28.9,146,243,70,CURRENT,2,0
PAT_00006493,56,21.6,130,120,89,UNKNOWN,4,1
PAT_00006494,56,30.7,136,145,181,UNKNOWN,7,0
PAT_00006495,83,30.3,110,257,149,NEVER,6,1
PAT_00006496,32,31.4,168,204,150,UNKNOWN,6,0
PAT_00006497,36,20.6,175,187,154,UNKNOWN,0,0
PAT_00006498,57,32.9,106,137,201,NEVER,0,1
PAT_00006499,27,28.4,180,244,253,NEVER,3,0
PAT_00006500,89,23.8,160,307,142,CURRENT,1,0
PAT_00006501,35,26.9,114,136,188,CURRENT,1,0
PAT_00006502,32,31.9,159,173,140,UNKNOWN,3,0
PAT_00006503,25,27.3,168,306,105,FORMER,6,0
PAT_00006504,36,33.1,101,234,205,FORMER,0,0
PAT_00006505,30,25.4,181,121,256,NEVER,2,0
PAT_00006506,33,32.0,161,148,217,CURRENT,8,0
PAT_00006507,47,22.4,155,236,246,UNKNOWN,5,1
PAT_00006508,57,17.4,103,135,89,NEVER,4,0
PAT_00006509,53,22.9,149,146,210,NEVER,7,1
PAT_00006510,48,25.3,138,163,186,UNKNOWN,4,0
PAT_00006511,47,23.1,120,233,256,UNKNOWN,2,0
PAT_00006512,27,28.2,101,125,179,CURRENT,2,0
PAT_00006513,47,22.7,102,259,120,NEVER,4,0
PAT_00006514,39,27.9,115,210,228,FORMER,3,0
PAT_00006515,53,21.3,155,202,129,UNKNOWN,0,0
PAT_00006516,42,23.1,176,310,115,UNKNOWN,8,0
PAT_00006517,57,28.3,153,201,71,UNKNOWN,7,1
PAT_00006518,84,33.6,154,148,112,CURRENT,2,0
PAT_00006519,50,24.0,106,137,246,NEVER,2,0
PAT_00006520,89,30.9,175,219,254,CURRENT,6,1
PAT_00006521,42,33.2,151,225,208,UNKNOWN,4,1
PAT_00006522,21,26.8,125,195,89,NEVER,0,0
PAT_00006523,78,28.9,168,178,89,NEVER,3,1
PAT_00006524,36,34.3,139,204,163,UNKNOWN,3,1
PAT_00006525,64,31.5,132,129,108,UNKNOWN,5,0
PAT_00006526,71,27.1,164,302,95,UNKNOWN,7,1
PAT_00006527,82,27.5,116,257,213,UNKNOWN,5,1
PAT_00006528,79,35.5,108,269,111,CURRENT,4,1
PAT_00006529,56,24.3,101,291,219,CURRENT,8,0
PAT_00006530,80,23.7,145,242,190,CURRENT,2,1
PAT_00006531,72,27.6,167,287,83,UNKNOWN,0,0
PAT_00006532,75,29.8,102,262,90,FORMER,1,0
PAT_00006533,22,25.9,136,178,106,CURRENT,8,0
PAT_00006534,34,34.5,109,154,90,UNKNOWN,2,0
PAT_00006535,74,30.1,125,268,141,CURRENT,7,1
PAT_00006536,72,22.7,156,122,196,UNKNOWN,0,1
PAT_00006537,92,25.8,161,300,134,UNKNOWN,1,0
PAT_00006538,42,22.3,164,129,242,FORMER,4,0
PAT_00006539,51,35.4,167,215,203,CURRENT,8,0
PAT_00006540,54,31.3,156,274,158,CURRENT,8,0
PAT_00006541,70,28.2,115,263,252,NEVER,3,1
PAT_00006542,40,23.2,177,305,145,FORMER,6,0
PAT_00006543,28,21.6,176,232,106,NEVER,2,0
PAT_00006544,43,28.4,132,179,93,CURRENT,8,0
PAT_00006545,55,26.4,105,126,192,FORMER,4,0
PAT_00006546,48,37.7,126,208,190,UNKNOWN,2,0
PAT_00006547,59,32.6,131,263,82,UNKNOWN,1,0
PAT_00006548,90,27.3,167,259,129,FORMER,4,1
PAT_00006549,21,27.4,96,222,99,CURRENT,6,0
PAT_00006550,59,25.8,177,197,100,NEVER,3,0
PAT_00006551,51,28.6,121,163,221,FORMER,1,0
PAT_00006552,54,21.5,158,235,97,NEVER,2,1
PAT_00006553,87,24.9,168,254,132,UNKNOWN,0,0
PAT_00006554,69,26.6,138,186,156,UNKNOWN,1,0
PAT_00006555,86,25.9,163,207,207,NEVER,2,1
PAT_00006556,66,31.7,144,247,98,NEVER,8,1
PAT_00006557,67,20.1,134,218,122,NEVER,5,1
PAT_00006558,76,25.6,172,308,258,NEVER,4,1
PAT_00006559,42,33.4,143,167,123,NEVER,7,0
PAT_00006560,40,17.6,159,234,183,FORMER,1,0
PAT_00006561,66,22.3,147,190,124,UNKNOWN,3,1
PAT_00006562,90,28.4,141,218,247,UNKNOWN,5,1
PAT_00006563,37,28.2,151,164,246,NEVER,8,1
PAT_00006564,65,27.3,95,187,214,UNKNOWN,0,0
PAT_00006565,91,33.6,104,257,213,FORMER,1,1
PAT_00006566,72,35.4,101,306,198,NEVER,6,1
PAT_00006567,85,26.9,125,229,128,NEVER,3,1
PAT_00006568,63,21.7,133,194,122,UNKNOWN,4,0
PAT_00006569,77,35.4,178,200,160,FORMER,8,1
PAT_00006570,39,31.5,155,232,247,UNKNOWN,2,0
PAT_00006571,76,30.9,122,166,122,CURRENT,7,1
PAT_00006572,78,23.2,108,193,78,UNKNOWN,6,1
PAT_00006573,47,22.0,99,200,168,NEVER,0,0
PAT_00006574,81,29.4,111,217,151,NEVER,3,1
PAT_00006575,57,31.4,134,189,147,FORMER,7,0
PAT_00006576,51,22.6,145,131,127,UNKNOWN,5,0
PAT_00006577,45,23.3,129,249,241,FORMER,8,0
PAT_00006578,33,28.2,156,226,163,FORMER,7,0
PAT_00006579,63,18.9,141,195,142,NEVER,2,0
PAT_00006580,56,24.7,136,269,243,FORMER,8,0
PAT_00006581,89,32.0,120,229,80,FORMER,2,0
PAT_00006582,87,24.3,145,283,91,UNKNOWN,6,1
PAT_00006583,63,22.7,180,240,231,UNKNOWN,2,0
PAT_00006584,63,29.6,142,165,186,CURRENT,1,1
PAT_00006585,50,29.7,142,136,204,FORMER,8,0
PAT_00006586,58,29.2,179,138,189,UNKNOWN,8,0
PAT_00006587,86,24.4,178,222,145,FORMER,1,0
PAT_00006588,41,36.8,131,240,232,UNKNOWN,7,0
PAT_00006589,89,27.7,152,283,137,CURRENT,6,1
PAT_00006590,38,22.9,132,160,120,FORMER,7,0
PAT_00006591,43,26.1,103,239,216,NEVER,5,0
PAT_00006592,90,33.8,173,220,143,UNKNOWN,3,1
PAT_00006593,70,18.9,177,135,103,UNKNOWN,6,1
PAT_00006594,84,26.0,144,143,118,CURRENT,4,1
PAT_00006595,86,19.9,117,173,186,NEVER,4,1
PAT_00006596,24,24.4,174,217,158,UNKNOWN,5,0
PAT_00006597,39,24.3,169,265,169,CURRENT,5,1
PAT_00006598,77,36.0,132,255,180,CURRENT,5,1
PAT_00006599,58,36.3,120,228,170,NEVER,8,0
PAT_00006600,66,27.6,178,210,206,UNKNOWN,4,1
PAT_00006601,56,27.3,113,154,137,UNKNOWN,7,0
PAT_00006602,32,24.1,117,152,232,UNKNOWN,1,0
PAT_00006603,74,20.6,95,192,237,UNKNOWN,2,1
PAT_00006604,67,26.1,172,125,106,FORMER,6,1
PAT_00006605,59,24.9,136,262,75,CURRENT,0,0
PAT_00006606,40,20.7,166,234,110,UNKNOWN,8,0
PAT_00006607,55,27.9,131,253,70,CURRENT,0,1
PAT_00006608,61,23.8,113,241,168,NEVER,5,0
PAT_00006609,39,25.9,167,238,135,UNKNOWN,1,0
PAT_00006610,80,23.6,167,260,76,FORMER,6,1
PAT_00006611,45,21.1,100,128,233,UNKNOWN,1,0
PAT_00006612,31,21.0,100,165,76,FORMER,0,1
PAT_00006613,49,31.4,95,294,105,FORMER,5,0
PAT_00006614,27,27.8,113,206,82,FORMER,7,0
PAT_00006615,70,28.7,137,146,213,NEVER,0,1
PAT_00006616,32,37.2,184,300,142,UNKNOWN,5,0
PAT_00006617,88,38.6,160,296,77,CURRENT,4,1
PAT_00006618,52,32.0,153,260,210,NEVER,2,0
PAT_00006619,76,21.9,135,121,104,FORMER,6,1
PAT_00006620,81,23.0,162,189,71,UNKNOWN,5,1
PAT_00006621,79,22.0,182,276,221,CURRENT,5,1
PAT_00006622,42,23.4,168,148,74,UNKNOWN,0,0
PAT_00006623,66,28.8,173,284,165,CURRENT,0,0
PAT_00006624,74,25.3,98,179,210,NEVER,6,1
PAT_00006625,27,28.7,118,308,100,CURRENT,3,0
PAT_00006626,49,26.1,135,245,227,NEVER,7,0
PAT_00006627,38,28.2,140,126,95,FORMER,2,0
PAT_00006628,73,31.7,167,249,104,NEVER,3,1
PAT_00006629,70,31.1,104,288,246,UNKNOWN,7,1
PAT_00006630,46,23.4,179,227,221,NEVER,0,0
PAT_00006631,37,23.4,129,260,91,NEVER,1,0
PAT_00006632,65,25.9,114,159,212,UNKNOWN,4,0
PAT_00006633,71,29.5,101,193,234,CURRENT,6,1
PAT_00006634,76,18.4,125,146,143,UNKNOWN,8,1
PAT_00006635,71,30.2,138,308,76,FORMER,4,1
PAT_00006636,49,29.7,114,276,213,FORMER,5,0
PAT_00006637,38,26.1,104,147,97,UNKNOWN,6,0
PAT_00006638,44,27.2,153,161,79,UNKNOWN,7,0
PAT_00006639,68,26.4,118,297,143,NEVER,2,0
PAT_00006640,90,27.8,151,178,112,CURRENT,8,1
PAT_00006641,67,35.2,170,262,117,CURRENT,2,1
PAT_00006642,36,32.7,102,160,183,UNKNOWN,4,0
PAT_00006643,80,28.4,179,264,101,NEVER,8,1
PAT_00006644,73,27.6,115,159,238,NEVER,8,1
PAT_00006645,83,32.9,174,273,222,CURRENT,5,1
PAT_00006646,77,25.8,133,294,255,CURRENT,5,1
PAT_00006647,25,22.4,174,288,109,CURRENT,6,0
PAT_00006648,23,32.1,133,264,217,NEVER,3,1
PAT_00006649,83,37.0,185,187,155,UNKNOWN,5,1
PAT_00006650,82,23.3,141,132,173,NEVER,5,1
PAT_00006651,77,22.2,170,248,122,UNKNOWN,2,0
PAT_00006652,53,28.3,130,139,129,UNKNOWN,6,0
PAT_00006653,76,28.3,165,290,147,FORMER,5,1
PAT_00006654,76,30.7,184,207,234,UNKNOWN,5,1
PAT_00006655,58,38.0,168,253,131,FORMER,7,1
PAT_00006656,61,32.2,178,152,209,FORMER,3,0
PAT_00006657,56,21.3,173,194,131,FORMER,1,0
PAT_00006658,51,27.0,116,192,110,UNKNOWN,4,1
PAT_00006659,30,26.6,175,294,192,FORMER,1,1
PAT_00006660,81,24.7,148,289,105,FORMER,2,0
PAT_00006661,29,26.8,175,136,208,UNKNOWN,5,0
PAT_00006662,67,33.3,128,195,165,CURRENT,8,1
PAT_00006663,69,28.0,137,283,121,CURRENT,4,1
PAT_00006664,77,25.3,185,302,100,NEVER,6,1
PAT_00006665,76,27.2,104,259,204,CURRENT,6,1
PAT_00006666,43,29.0,99,142,140,FORMER,2,0
PAT_00006667,81,25.9,183,170,252,UNKNOWN,4,1
PAT_00006668,55,33.0,149,297,213,UNKNOWN,4,0
PAT_00006669,53,28.5,172,290,173,NEVER,2,0
PAT_00006670,30,30.4,115,213,211,FORMER,4,0
PAT_00006671,91,26.8,141,208,159,CURRENT,8,1
PAT_00006672,66,17.0,180,254,187,UNKNOWN,1,1
PAT_00006673,84,27.6,178,296,244,UNKNOWN,0,1
PAT_00006674,29,20.1,141,223,92,UNKNOWN,4,0
PAT_00006675,76,22.3,165,132,254,CURRENT,7,1
PAT_00006676,80,24.4,181,296,109,CURRENT,4,1
PAT_00006677,43,24.4,148,130,227,CURRENT,6,0
PAT_00006678,84,29.2,172,301,223,CURRENT,4,1
PAT_00006679,86,30.1,166,135,118,FORMER,6,1
PAT_00006680,64,38.5,172,223,184,UNKNOWN,6,0
PAT_00006681,27,32.6,105,151,112,CURRENT,5,0
PAT_00006682,61,21.8,160,212,198,CURRENT,7,0
PAT_00006683,21,30.7,110,175,214,CURRENT,4,0
PAT_00006684,81,36.3,140,300,127,UNKNOWN,8,1
PAT_00006685,45,29.4,144,185,158,NEVER,7,0
PAT_00006686,30,31.2,135,255,225,NEVER,5,0
PAT_00006687,73,33.7,124,237,80,CURRENT,1,0
PAT_00006688,36,32.4,146,166,102,NEVER,2,0
PAT_00006689,28,29.5,113,234,163,UNKNOWN,3,0
PAT_00006690,32,27.6,167,132,230,NEVER,8,1
PAT_00006691,65,24.9,138,187,85,UNKNOWN,2,0
PAT_00006692,91,24.9,111,225,153,FORMER,5,1
PAT_00006693,21,25.5,160,168,149,NEVER,8,1
PAT_00006694,52,30.6,105,218,122,NEVER,5,0
PAT_00006695,84,27.0,127,309,227,CURRENT,1,1
PAT_00006696,47,30.7,149,238,212,UNKNOWN,4,0
PAT_00006697,81,24.8,106,200,185,NEVER,0,1
PAT_00006698,64,30.1,157,263,207,NEVER,2,0
PAT_00006699,82,21.6,184,306,72,UNKNOWN,1,0
PAT_00006700,29,26.6,95,255,231,FORMER,3,0
PAT_00006701,32,23.5,103,177,248,FORMER,3,0
PAT_00006702,23,24.3,97,220,90,CURRENT,8,0
PAT_00006703,37,30.3,167,222,80,NEVER,8,0
PAT_00006704,32,22.3,154,149,240,NEVER,1,0
PAT_00006705,24,35.9,143,225,108,NEVER,8,1
PAT_00006706,30,26.9,136,266,259,NEVER,5,0
PAT_00006707,44,22.8,149,183,207,NEVER,2,0
PAT_00006708,35,21.2,161,120,81,UNKNOWN,5,0
PAT_00006709,51,26.0,147,226,136,CURRENT,5,0
PAT_00006710,25,34.5,154,165,90,NEVER,7,0
PAT_00006711,89,29.0,166,277,184,CURRENT,4,1
PAT_00006712,24,29.4,139,287,89,UNKNOWN,5,0
PAT_00006713,25,19.6,151,189,207,UNKNOWN,5,0
PAT_00006714,33,26.6,182,297,182,FORMER,6,0
PAT_00006715,23,39.4,148,159,140,UNKNOWN,2,0
PAT_00006716,25,33.3,142,252,133,FORMER,3,0
PAT_00006717,87,22.1,139,263,231,UNKNOWN,6,1
PAT_00006718,31,24.8,185,268,119,CURRENT,8,0
PAT_00006719,74,28.9,182,289,109,FORMER,3,1
PAT_00006720,74,16.7,169,273,79,CURRENT,5,1
PAT_00006721,76,37.5,146,180,72,UNKNOWN,4,1
PAT_00006722,50,25.8,127,162,186,CURRENT,7,0
PAT_00006723,90,21.5,121,300,81,UNKNOWN,6,1
PAT_00006724,54,31.2,124,308,260,NEVER,5,0
PAT_00006725,61,25.1,140,209,150,FORMER,4,0
PAT_00006726,70,33.1,173,303,240,NEVER,0,1
PAT_00006727,52,31.0,117,143,194,NEVER,8,0
PAT_00006728,81,25.3,97,289,144,FORMER,7,1
PAT_00006729,27,20.9,148,147,113,FORMER,4,1
PAT_00006730,59,28.4,155,277,183,FORMER,6,0
PAT_00006731,70,27.7,103,209,200,UNKNOWN,1,1
PAT_00006732,59,28.3,157,233,149,FORMER,2,0
PAT_00006733,46,38.7,161,232,104,FORMER,6,0
PAT_00006734,57,35.0,130,248,122,FORMER,7,0
PAT_00006735,27,29.9,122,224,226,FORMER,4,0
PAT_00006736,44,29.0,151,178,235,NEVER,3,0
PAT_00006737,35,38.9,162,245,247,CURRENT,4,0
PAT_00006738,79,22.4,173,253,202,FORMER,3,1
PAT_00006739,91,21.0,119,264,105,FORMER,8,1
PAT_00006740,28,25.0,136,161,125,CURRENT,4,0
PAT_00006741,29,30.1,154,223,166,NEVER,4,0
PAT_00006742,89,26.7,104,248,91,CURRENT,3,1
PAT_00006743,30,32.8,178,245,155,FORMER,7,0
PAT_00006744,84,25.8,169,140,185,CURRENT,3,1
PAT_00006745,37,27.6,108,274,156,FORMER,4,0
PAT_00006746,78,24.8,129,230,136,UNKNOWN,4,1
PAT_00006747,81,25.2,175,175,208,UNKNOWN,2,1
PAT_00006748,50,33.1,140,142,216,UNKNOWN,8,0
PAT_00006749,33,30.1,134,256,79,FORMER,0,0
PAT_00006750,33,28.7,162,163,142,FORMER,6,0
PAT_00006751,74,29.2,133,207,163,FORMER,5,1
PAT_00006752,82,25.9,150,266,81,UNKNOWN,0,0
PAT_00006753,53,29.9,97,202,89,CURRENT,4,1
PAT_00006754,28,23.0,122,156,114,UNKNOWN,7,0
PAT_00006755,29,32.1,137,250,137,NEVER,3,0
PAT_00006756,52,32.1,157,228,209,CURRENT,3,0
PAT_00006757,51,26.1,104,240,230,FORMER,6,0
PAT_00006758,64,25.6,98,254,189,CURRENT,5,0
PAT_00006759,53,28.7,153,240,108,CURRENT,2,0
PAT_00006760,39,30.9,146,130,198,UNKNOWN,3,0
PAT_00006761,45,35.5,148,187,187,FORMER,1,0
PAT_00006762,63,40.4,154,140,163,FORMER,1,0
PAT_00006763,37,22.6,133,156,206,UNKNOWN,2,0
PAT_00006764,61,27.2,171,206,230,UNKNOWN,7,0
PAT_00006765,64,27.8,157,132,196,UNKNOWN,5,1
PAT_00006766,85,26.1,185,154,200,UNKNOWN,6,1
PAT_00006767,83,32.7,132,169,99,FORMER,7,1
PAT_00006768,26,30.2,154,215,82,UNKNOWN,8,0
PAT_00006769,58,30.1,111,210,215,NEVER,1,0
PAT_00006770,82,14.0,111,131,81,UNKNOWN,3,1
PAT_00006771,86,24.6,146,182,115,FORMER,2,1
PAT_00006772,25,26.3,128,244,193,NEVER,1,0
PAT_00006773,45,25.4,128,208,108,FORMER,7,0
PAT_00006774,87,30.7,157,129,119,UNKNOWN,3,1
PAT_00006775,82,37.6,132,263,229,FORMER,1,1
PAT_00006776,28,24.2,162,302,173,NEVER,1,1
PAT_00006777,78,25.4,144,146,157,FORMER,6,1
PAT_00006778,68,28.0,106,136,109,NEVER,2,1
PAT_00006779,33,23.7,110,143,86,UNKNOWN,5,0
PAT_00006780,78,34.0,141,162,156,UNKNOWN,0,0
PAT_00006781,78,30.4,106,243,162,NEVER,6,1
PAT_00006782,66,26.4,171,301,214,FORMER,1,1
PAT_00006783,40,22.5,97,260,168,FORMER,6,1
PAT_00006784,77,23.3,150,232,169,UNKNOWN,1,0
PAT_00006785,54,26.1,167,304,150,CURRENT,2,0
PAT_00006786,24,24.0,121,142,148,NEVER,1,0
PAT_00006787,81,23.7,123,211,217,CURRENT,0,1
PAT_00006788,62,30.1,184,253,176,FORMER,1,0
PAT_00006789,81,25.9,124,127,230,NEVER,6,1
PAT_00006790,21,36.5,180,184,180,NEVER,1,0
PAT_00006791,24,27.5,176,129,258,CURRENT,0,0
PAT_00006792,68,35.7,159,267,101,UNKNOWN,7,1
PAT_00006793,50,25.9,121,195,204,FORMER,3,0
PAT_00006794,74,35.1,166,120,188,CURRENT,3,1
PAT_00006795,81,37.7,180,238,133,CURRENT,6,1
PAT_00006796,65,20.1,129,244,210,UNKNOWN,2,1
PAT_00006797,51,24.4,157,307,242,CURRENT,2,0
PAT_00006798,30,22.5,110,290,207,FORMER,2,0
PAT_00006799,43,23.3,98,297,233,NEVER,8,0
PAT_00006800,23,25.6,138,179,113,CURRENT,8,0
PAT_00006801,25,20.4,99,297,136,UNKNOWN,1,0
PAT_00006802,25,20.5,174,212,150,UNKNOWN,7,0
PAT_00006803,53,22.7,140,224,253,NEVER,5,0
PAT_00006804,76,24.3,169,203,83,NEVER,0,0
PAT_00006805,85,28.2,164,182,89,FORMER,1,0
PAT_00006806,39,37.0,167,212,94,UNKNOWN,0,0
PAT_00006807,69,30.7,148,151,216,FORMER,8,1
PAT_00006808,83,22.3,184,208,95,CURRENT,1,0
PAT_00006809,81,33.0,181,296,260,FORMER,7,1
PAT_00006810,32,30.2,166,176,192,FORMER,5,0
PAT_00006811,52,28.4,161,277,187,NEVER,4,0
PAT_00006812,81,28.1,173,269,102,CURRENT,5,1
PAT_00006813,63,30.4,167,280,112,NEVER,3,0
PAT_00006814,46,22.9,99,170,105,UNKNOWN,5,0
PAT_00006815,66,33.8,135,138,189,NEVER,7,1
PAT_00006816,71,26.4,122,264,199,NEVER,0,1
PAT_00006817,44,19.9,185,200,118,NEVER,5,1
PAT_00006818,23,34.8,176,125,207,FORMER,5,0
PAT_00006819,90,34.2,176,205,183,NEVER,6,1
PAT_00006820,76,37.1,148,273,236,UNKNOWN,0,1
PAT_00006821,22,30.8,148,172,102,UNKNOWN,1,1
PAT_00006822,35,23.4,117,267,212,FORMER,1,1
PAT_00006823,38,36.1,162,205,104,FORMER,6,0
PAT_00006824,38,31.4,98,306,141,NEVER,2,1
PAT_00006825,79,25.4,172,188,236,CURRENT,7,1
PAT_00006826,37,34.1,114,177,134,NEVER,8,0
PAT_00006827,54,23.7,122,215,163,FORMER,3,0
PAT_00006828,92,36.3,101,139,186,FORMER,7,1
PAT_00006829,53,36.6,158,141,244,NEVER,5,0
PAT_00006830,86,34.5,128,168,114,CURRENT,7,1
PAT_00006831,27,29.7,157,161,208,CURRENT,6,0
PAT_00006832,59,22.8,150,295,90,CURRENT,4,0
PAT_00006833,92,27.2,173,185,181,FORMER,2,1
PAT_00006834,80,25.4,99,135,217,FORMER,0,1
PAT_00006835,57,27.5,141,263,131,NEVER,0,0
PAT_00006836,29,22.4,169,296,198,NEVER,6,0
PAT_00006837,67,27.8,129,124,212,NEVER,2,1
PAT_00006838,42,33.9,184,213,217,FORMER,2,0
PAT_00006839,60,24.0,151,289,158,FORMER,3,0
PAT_00006840,26,27.8,111,163,139,FORMER,4,0
PAT_00006841,77,39.0,98,178,168,UNKNOWN,6,1
PAT_00006842,58,30.3,179,221,217,CURRENT,2,0
PAT_00006843,31,26.0,118,294,143,CURRENT,8,0
PAT_00006844,37,29.7,129,136,239,NEVER,6,0
PAT_00006845,78,30.3,124,287,237,FORMER,7,1
PAT_00006846,40,20.2,114,222,83,UNKNOWN,4,0
PAT_00006847,43,25.7,121,140,134,NEVER,6,0
PAT_00006848,87,34.2,138,284,73,UNKNOWN,0,0
PAT_00006849,31,27.4,140,253,156,CURRENT,8,0
PAT_00006850,69,23.5,183,158,211,NEVER,5,1
PAT_00006851,59,34.6,107,246,145,FORMER,3,0
PAT_00006852,40,36.8,123,277,210,UNKNOWN,7,0
PAT_00006853,69,29.2,100,300,255,NEVER,5,1
PAT_00006854,67,28.2,148,195,149,CURRENT,1,0
PAT_00006855,39,35.3,167,302,173,FORMER,3,0
PAT_00006856,89,19.1,125,293,182,NEVER,1,1
PAT_00006857,43,44.6,120,237,251,UNKNOWN,2,0
PAT_00006858,68,37.5,110,260,87,CURRENT,6,1
PAT_00006859,47,22.7,146,132,118,UNKNOWN,2,0
PAT_00006860,50,33.5,161,292,80,NEVER,4,0
PAT_00006861,61,29.0,97,171,114,CURRENT,0,0
PAT_00006862,42,26.1,120,205,86,FORMER,6,0
PAT_00006863,49,26.6,110,214,242,FORMER,7,1
PAT_00006864,56,26.2,105,252,235,CURRENT,7,0
PAT_00006865,55,31.1,139,299,252,UNKNOWN,3,0
PAT_00006866,23,28.7,105,280,99,FORMER,7,0
PAT_00006867,26,23.5,177,162,76,FORMER,6,0
PAT_00006868,63,33.5,172,253,143,NEVER,5,0
PAT_00006869,23,23.7,134,292,228,NEVER,5,0
PAT_00006870,54,34.2,149,209,219,CURRENT,3,0
PAT_00006871,22,20.8,157,149,138,UNKNOWN,2,0
PAT_00006872,43,29.0,108,181,88,UNKNOWN,1,0
PAT_00006873,80,22.5,154,195,172,NEVER,1,0
PAT_00006874,50,25.1,117,223,219,FORMER,0,0
PAT_00006875,57,32.8,181,304,108,FORMER,0,0
PAT_00006876,76,27.0,101,286,127,CURRENT,8,1
PAT_00006877,34,19.8,161,122,128,FORMER,1,0
PAT_00006878,45,17.6,125,310,255,CURRENT,3,1
PAT_00006879,65,35.5,183,244,239,CURRENT,0,0
PAT_00006880,52,25.1,162,208,163,UNKNOWN,8,0
PAT_00006881,36,30.8,101,168,91,NEVER,3,0
PAT_00006882,90,18.1,179,217,232,UNKNOWN,8,1
PAT_00006883,81,34.5,168,159,147,CURRENT,2,1
PAT_00006884,87,28.1,162,254,125,CURRENT,3,1
PAT_00006885,21,21.1,133,178,127,NEVER,1,0
PAT_00006886,63,25.4,131,255,86,FORMER,4,1
PAT_00006887,45,25.7,128,166,194,NEVER,2,0
PAT_00006888,73,34.2,119,198,239,NEVER,3,1
PAT_00006889,65,28.1,162,277,245,NEVER,1,1
PAT_00006890,50,34.2,105,207,90,UNKNOWN,8,0
PAT_00006891,84,26.0,175,137,191,CURRENT,3,1
PAT_00006892,66,27.6,139,223,113,NEVER,4,1
PAT_00006893,56,31.8,122,238,105,FORMER,1,0
PAT_00006894,44,23.7,108,127,196,NEVER,0,0
PAT_00006895,43,28.6,149,246,246,CURRENT,1,0
PAT_00006896,38,24.5,155,138,231,NEVER,1,0
PAT_00006897,66,21.8,143,252,201,NEVER,3,1
PAT_00006898,27,26.6,99,123,93,UNKNOWN,5,0
PAT_00006899,49,19.7,183,143,86,NEVER,7,0
PAT_00006900,21,22.9,155,232,166,NEVER,4,0
PAT_00006901,48,19.2,113,282,143,NEVER,1,0
PAT_00006902,60,29.7,183,216,217,UNKNOWN,4,0
PAT_00006903,52,29.0,105,203,173,NEVER,0,1
PAT_00006904,39,30.7,118,187,204,FORMER,1,0
PAT_00006905,82,29.6,142,235,97,FORMER,2,0
PAT_00006906,77,26.4,178,232,87,UNKNOWN,6,1
PAT_00006907,74,30.0,146,261,150,UNKNOWN,7,1
PAT_00006908,56,21.6,108,266,214,CURRENT,1,0
PAT_00006909,51,27.6,126,212,179,NEVER,4,0
PAT_00006910,88,33.5,117,164,81,FORMER,0,0
PAT_00006911,40,18.4,159,288,206,UNKNOWN,3,0
PAT_00006912,57,22.6,121,160,138,UNKNOWN,4,0
PAT_00006913,28,28.8,174,185,191,NEVER,5,0
PAT_00006914,79,29.9,95,134,77,NEVER,6,1
PAT_00006915,46,29.4,160,190,133,NEVER,2,0
PAT_00006916,44,38.2,115,156,231,UNKNOWN,0,0
PAT_00006917,79,24.8,150,168,226,NEVER,5,1
PAT_00006918,37,26.1,111,214,148,NEVER,6,0
PAT_00006919,63,27.4,136,247,132,NEVER,6,0
PAT_00006920,58,26.0,140,236,108,CURRENT,6,0
PAT_00006921,67,28.8,137,282,217,CURRENT,5,1
PAT_00006922,67,26.9,152,220,100,FORMER,7,1
PAT_00006923,84,28.3,137,157,103,UNKNOWN,3,1
PAT_00006924,40,25.2,184,242,247,NEVER,4,0
PAT_00006925,65,30.7,177,244,218,FORMER,7,0
PAT_00006926,78,23.8,166,130,175,FORMER,4,1
PAT_00006927,67,30.8,176,194,110,UNKNOWN,8,1
PAT_00006928,47,23.8,125,140,143,UNKNOWN,1,0
PAT_00006929,77,23.7,138,201,182,CURRENT,1,1
PAT_00006930,36,28.0,126,223,212,FORMER,5,1
PAT_00006931,46,33.3,133,191,115,CURRENT,2,0
PAT_00006932,46,30.7,129,231,96,CURRENT,8,0
PAT_00006933,37,14.6,96,224,71,UNKNOWN,6,0
PAT_00006934,90,26.8,163,301,102,NEVER,8,1
PAT_00006935,84,31.7,185,248,168,UNKNOWN,7,1
PAT_00006936,69,26.9,169,140,222,CURRENT,4,1
PAT_00006937,32,25.9,131,194,165,NEVER,3,0
PAT_00006938,91,27.6,149,189,126,UNKNOWN,7,1
PAT_00006939,57,32.2,180,173,228,UNKNOWN,5,0
PAT_00006940,44,34.2,129,288,106,UNKNOWN,6,0
PAT_00006941,25,30.8,137,139,209,CURRENT,3,1
PAT_00006942,73,30.6,95,139,112,NEVER,6,1
PAT_00006943,26,28.2,145,264,225,FORMER,4,0
PAT_00006944,45,23.5,110,155,120,FORMER,2,0
PAT_00006945,70,34.4,166,210,141,FORMER,2,0
PAT_00006946,67,26.4,125,137,205,UNKNOWN,4,1
PAT_00006947,67,25.6,149,169,130,CURRENT,7,1
PAT_00006948,72,27.1,95,289,101,NEVER,6,1
PAT_00006949,24,32.4,170,282,122,CURRENT,3,0
PAT_00006950,28,27.0,174,149,105,CURRENT,1,1
PAT_00006951,90,22.8,103,281,93,FORMER,7,1
PAT_00006952,73,33.1,120,280,139,FORMER,8,1
PAT_00006953,45,30.5,155,121,193,FORMER,4,1
PAT_00006954,30,31.8,103,174,223,FORMER,3,0
PAT_00006955,53,33.2,116,147,226,FORMER,4,0
PAT_00006956,59,24.7,120,285,209,FORMER,8,0
PAT_00006957,23,25.1,124,253,73,FORMER,7,0
PAT_00006958,73,25.6,98,211,220,CURRENT,7,1
PAT_00006959,85,25.4,161,304,70,NEVER,6,1
PAT_00006960,87,26.8,139,188,115,CURRENT,0,0
PAT_00006961,91,34.7,166,293,156,UNKNOWN,0,0
PAT_00006962,27,26.1,142,276,253,CURRENT,6,0
PAT_00006963,82,36.3,153,226,160,FORMER,3,1
PAT_00006964,56,19.8,171,272,154,CURRENT,8,0
PAT_00006965,70,28.9,168,166,120,FORMER,7,1
PAT_00006966,81,34.8,139,143,108,FORMER,2,0
PAT_00006967,24,22.3,151,261,167,NEVER,5,0
PAT_00006968,49,27.4,97,195,88,CURRENT,0,0
PAT_00006969,32,29.5,154,183,222,UNKNOWN,1,0
PAT_00006970,41,39.9,152,174,75,CURRENT,5,0
PAT_00006971,77,17.3,101,165,255,NEVER,2,1
PAT_00006972,36,29.6,113,220,140,CURRENT,4,0
PAT_00006973,59,34.0,166,279,172,FORMER,3,0
PAT_00006974,69,22.8,126,223,243,FORMER,0,1
PAT_00006975,26,29.1,142,279,89,FORMER,0,0
PAT_00006976,45,24.2,102,235,180,CURRENT,3,0
PAT_00006977,39,30.4,148,230,183,FORMER,2,0
PAT_00006978,60,22.3,183,128,199,UNKNOWN,5,0
PAT_00006979,26,27.6,158,158,255,FORMER,2,0
PAT_00006980,71,27.4,173,256,148,NEVER,0,1
PAT_00006981,65,25.5,182,304,231,CURRENT,5,0
PAT_00006982,25,33.0,160,272,127,CURRENT,2,0
PAT_00006983,33,26.4,173,280,132,NEVER,8,0
PAT_00006984,59,24.5,97,183,95,CURRENT,3,0
PAT_00006985,52,23.2,135,149,195,NEVER,1,0
PAT_00006986,21,25.2,169,153,162,FORMER,2,0
PAT_00006987,87,24.6,179,293,101,NEVER,8,1
PAT_00006988,48,27.2,148,243,138,UNKNOWN,4,1
PAT_00006989,92,34.0,145,287,111,CURRENT,3,1
PAT_00006990,25,27.3,157,238,176,NEVER,6,0
PAT_00006991,30,21.3,136,175,241,UNKNOWN,5,0
PAT_00006992,63,32.1,117,149,214,CURRENT,1,0
PAT_00006993,67,31.6,128,248,173,UNKNOWN,7,1
PAT_00006994,85,20.4,170,308,85,NEVER,8,1
PAT_00006995,22,29.0,182,130,161,FORMER,2,0
PAT_00006996,77,31.6,108,248,78,UNKNOWN,7,1
PAT_00006997,46,34.3,181,263,188,CURRENT,2,0
PAT_00006998,67,29.6,130,200,252,UNKNOWN,2,1
PAT_00006999,77,25.2,184,258,192,FORMER,0,1
PAT_00007000,56,29.3,145,189,176,UNKNOWN,8,0
PAT_00007001,70,36.0,103,150,161,NEVER,7,1
PAT_00007002,22,24.2,171,154,71,FORMER,3,0
PAT_00007003,31,35.5,150,271,257,FORMER,8,0
PAT_00007004,86,32.2,127,306,77,CURRENT,8,1
PAT_00007005,72,23.8,124,148,76,CURRENT,5,1
PAT_00007006,83,13.6,120,165,97,UNKNOWN,7,1
PAT_00007007,74,18.7,137,247,184,NEVER,5,1
PAT_00007008,79,34.1,117,220,205,CURRENT,5,1
PAT_00007009,60,39.6,161,201,177,CURRENT,3,0
PAT_00007010,28,35.2,159,189,125,FORMER,0,0
PAT_00007011,71,26.5,160,149,102,NEVER,0,0
PAT_00007012,50,26.9,110,269,177,CURRENT,5,0
PAT_00007013,34,31.9,182,184,98,CURRENT,0,0
PAT_00007014,76,16.3,152,193,129,FORMER,6,1
PAT_00007015,88,23.1,95,202,111,FORMER,6,1
PAT_00007016,61,27.8,142,143,106,UNKNOWN,5,0
PAT_00007017,67,23.9,123,185,85,UNKNOWN,4,1
PAT_00007018,91,33.9,157,138,193,CURRENT,4,1
PAT_00007019,69,22.7,140,185,105,UNKNOWN,8,1
PAT_00007020,49,30.8,106,153,220,FORMER,0,0
PAT_00007021,27,27.4,98,238,211,NEVER,4,0
PAT_00007022,44,19.8,157,273,240,FORMER,0,0
PAT_00007023,78,36.9,116,122,125,NEVER,6,1
PAT_00007024,89,21.5,177,145,244,UNKNOWN,4,1
PAT_00007025,91,33.5,96,244,209,FORMER,1,1
PAT_00007026,57,33.9,157,255,136,UNKNOWN,8,0
PAT_00007027,42,22.5,120,194,212,UNKNOWN,5,0
PAT_00007028,51,26.1,112,232,97,FORMER,7,0
PAT_00007029,39,27.7,136,225,221,UNKNOWN,8,0
PAT_00007030,90,34.9,145,305,91,FORMER,2,0
PAT_00007031,58,33.8,173,131,198,CURRENT,7,1
PAT_00007032,88,27.7,170,239,120,FORMER,3,1
PAT_00007033,27,24.5,161,273,105,UNKNOWN,4,0
PAT_00007034,37,30.0,140,147,210,NEVER,2,0
PAT_00007035,77,28.5,114,209,87,UNKNOWN,7,1
PAT_00007036,72,19.2,104,306,124,UNKNOWN,8,1
PAT_00007037,29,26.9,135,211,127,CURRENT,0,0
PAT_00007038,47,25.0,177,192,95,NEVER,0,0
PAT_00007039,45,28.2,141,121,81,NEVER,6,0
PAT_00007040,79,37.0,126,138,188,NEVER,1,1
PAT_00007041,85,20.7,104,151,253,NEVER,6,1
PAT_00007042,61,43.5,96,213,105,UNKNOWN,8,0
PAT_00007043,39,19.3,154,288,93,NEVER,6,0
PAT_00007044,27,32.4,184,295,150,NEVER,6,0
PAT_00007045,65,26.8,103,283,255,CURRENT,0,0
PAT_00007046,61,18.9,137,288,226,NEVER,5,0
PAT_00007047,58,17.3,163,289,157,CURRENT,3,1
PAT_00007048,58,22.0,114,143,182,FORMER,3,1
PAT_00007049,36,18.3,179,164,169,NEVER,3,0
PAT_00007050,41,18.2,138,210,148,NEVER,2,1
PAT_00007051,68,14.1,108,181,173,UNKNOWN,6,1
PAT_00007052,74,28.0,103,193,206,FORMER,0,1
PAT_00007053,92,27.1,152,215,173,CURRENT,1,0
PAT_00007054,37,37.1,119,164,105,CURRENT,5,0
PAT_00007055,55,19.4,165,247,151,FORMER,0,0
PAT_00007056,91,32.6,145,138,126,FORMER,7,1
PAT_00007057,58,21.1,138,125,218,NEVER,1,0
PAT_00007058,45,27.6,174,233,242,CURRENT,2,0
PAT_00007059,40,29.7,146,299,151,UNKNOWN,7,0
PAT_00007060,63,34.1,120,212,240,NEVER,3,0
PAT_00007061,81,23.6,125,310,142,UNKNOWN,0,0
PAT_00007062,85,33.3,140,167,152,CURRENT,8,1
PAT_00007063,62,31.8,102,177,244,CURRENT,4,0
PAT_00007064,62,32.5,135,279,158,CURRENT,3,0
PAT_00007065,82,30.8,98,206,251,UNKNOWN,4,1
PAT_00007066,53,21.9,150,306,219,NEVER,0,0
PAT_00007067,47,17.8,135,277,163,NEVER,1,0
PAT_00007068,52,23.2,119,200,180,UNKNOWN,2,0
PAT_00007069,77,21.1,113,145,91,CURRENT,2,1
PAT_00007070,87,33.5,168,166,91,NEVER,5,1
PAT_00007071,90,31.8,147,252,218,NEVER,8,1
PAT_00007072,73,29.5,101,181,226,FORMER,5,1
PAT_00007073,27,27.8,151,129,109,UNKNOWN,4,0
PAT_00007074,33,24.2,123,261,140,CURRENT,3,0
PAT_00007075,83,25.3,113,209,80,CURRENT,4,1
PAT_00007076,78,32.3,131,138,71,NEVER,5,1
PAT_00007077,49,22.8,144,133,137,CURRENT,7,0
PAT_00007078,89,24.7,128,258,145,UNKNOWN,0,0
PAT_00007079,81,36.7,137,139,209,NEVER,3,1
PAT_00007080,74,21.8,129,278,154,CURRENT,8,1
PAT_00007081,30,30.4,167,282,211,CURRENT,5,0
PAT_00007082,28,27.3,101,140,243,CURRENT,8,1
PAT_00007083,70,32.3,163,193,255,NEVER,5,1
PAT_00007084,92,28.7,126,236,258,NEVER,5,1
PAT_00007085,67,29.3,178,122,100,NEVER,0,0
PAT_00007086,88,32.3,127,214,157,UNKNOWN,5,1
PAT_00007087,21,37.0,132,186,139,FORMER,4,0
PAT_00007088,70,21.4,156,237,136,CURRENT,3,1
PAT_00007089,41,33.6,148,123,218,FORMER,3,0
PAT_00007090,91,28.9,118,183,256,CURRENT,3,1
PAT_00007091,61,24.6,155,295,137,NEVER,0,0
PAT_00007092,76,34.4,102,137,105,FORMER,4,1
PAT_00007093,50,33.0,128,250,139,UNKNOWN,6,1
PAT_00007094,29,30.5,129,160,90,FORMER,2,0
PAT_00007095,49,34.5,116,164,256,FORMER,1,0
PAT_00007096,34,22.7,121,280,243,FORMER,0,1
PAT_00007097,71,16.0,110,162,187,NEVER,3,1
PAT_00007098,47,32.4,97,205,215,NEVER,4,0
PAT_00007099,80,26.0,151,307,94,CURRENT,7,1
PAT_00007100,68,27.3,185,190,242,NEVER,0,1
PAT_00007101,38,38.4,162,238,138,CURRENT,3,1
PAT_00007102,45,27.8,123,269,99,CURRENT,1,1
PAT_00007103,47,32.4,135,188,101,NEVER,5,0
PAT_00007104,73,36.6,180,268,168,CURRENT,8,1
PAT_00007105,84,33.6,95,224,260,CURRENT,0,1
PAT_00007106,80,30.2,151,170,235,UNKNOWN,7,1
PAT_00007107,67,31.0,157,273,97,NEVER,0,1
PAT_00007108,33,35.3,179,128,160,NEVER,4,0
PAT_00007109,88,31.7,182,249,241,CURRENT,3,1
PAT_00007110,84,22.4,163,289,175,FORMER,3,1
PAT_00007111,31,27.9,167,246,75,FORMER,8,1
PAT_00007112,60,33.0,155,222,143,FORMER,6,0
PAT_00007113,47,27.4,124,147,132,FORMER,3,0
PAT_00007114,74,34.3,168,125,77,CURRENT,7,1
PAT_00007115,89,25.0,168,186,121,CURRENT,5,1
PAT_00007116,89,13.8,122,266,77,FORMER,1,0
PAT_00007117,51,19.1,148,131,260,UNKNOWN,3,1
PAT_00007118,41,25.6,114,168,246,CURRENT,6,0
PAT_00007119,58,19.5,131,266,86,CURRENT,2,0
PAT_00007120,32,14.2,147,183,85,CURRENT,8,0
PAT_00007121,89,27.0,145,128,206,NEVER,5,1
PAT_00007122,23,33.7,115,290,217,CURRENT,2,0
PAT_00007123,86,26.2,143,159,249,FORMER,8,1
PAT_00007124,67,31.3,146,202,110,FORMER,3,1
PAT_00007125,51,25.4,125,164,221,CURRENT,6,0
PAT_00007126,44,36.3,154,259,171,UNKNOWN,3,0
PAT_00007127,27,22.5,96,227,145,CURRENT,8,0
PAT_00007128,22,33.9,158,294,169,FORMER,7,0
PAT_00007129,67,23.5,132,150,173,FORMER,6,1
PAT_00007130,70,29.1,123,305,99,NEVER,5,1
PAT_00007131,70,29.5,132,213,226,NEVER,2,1
PAT_00007132,60,34.8,115,199,84,CURRENT,7,0
PAT_00007133,25,31.4,164,180,237,FORMER,3,1
PAT_00007134,82,29.8,120,303,198,CURRENT,8,1
PAT_00007135,26,29.2,161,141,248,CURRENT,8,0
PAT_00007136,82,37.1,164,208,83,NEVER,3,1
PAT_00007137,64,28.6,178,279,92,CURRENT,4,1
PAT_00007138,27,26.3,138,171,160,UNKNOWN,7,0
PAT_00007139,68,25.6,148,229,120,FORMER,2,1
PAT_00007140,83,25.4,166,235,233,FORMER,7,1
PAT_00007141,70,23.7,149,284,124,UNKNOWN,1,0
PAT_00007142,59,27.6,111,177,183,NEVER,8,0
PAT_00007143,87,28.3,161,235,178,CURRENT,1,0
PAT_00007144,66,27.9,172,270,173,NEVER,6,1
PAT_00007145,64,19.3,154,229,254,NEVER,0,0
PAT_00007146,57,15.9,121,134,219,UNKNOWN,6,0
PAT_00007147,31,25.2,142,259,153,CURRENT,1,1
PAT_00007148,30,28.3,142,232,158,NEVER,7,0
PAT_00007149,72,32.1,180,134,183,CURRENT,8,1
PAT_00007150,65,25.3,156,161,77,CURRENT,5,0
PAT_00007151,61,17.3,140,224,155,NEVER,2,0
PAT_00007152,49,19.8,172,144,148,FORMER,2,0
PAT_00007153,77,22.5,108,169,149,CURRENT,7,1
PAT_00007154,21,31.1,167,234,257,UNKNOWN,1,0
PAT_00007155,47,30.7,178,134,120,UNKNOWN,4,0
PAT_00007156,39,29.6,162,239,247,NEVER,3,0
PAT_00007157,73,33.2,97,251,87,UNKNOWN,1,0
PAT_00007158,38,34.8,150,161,214,CURRENT,2,0
PAT_00007159,68,18.6,136,276,252,NEVER,6,1
PAT_00007160,45,21.9,125,309,213,FORMER,1,0
PAT_00007161,35,25.4,146,294,157,CURRENT,2,0
PAT_00007162,44,30.5,161,308,182,NEVER,8,0
PAT_00007163,27,24.0,150,144,234,CURRENT,6,0
PAT_00007164,80,24.6,149,200,72,FORMER,4,1
PAT_00007165,74,26.2,155,123,70,CURRENT,0,1
PAT_00007166,84,21.3,120,141,128,UNKNOWN,4,1
PAT_00007167,52,35.1,103,150,178,FORMER,4,0
PAT_00007168,60,22.5,182,219,101,NEVER,6,1
PAT_00007169,24,26.0,130,192,199,FORMER,5,0
PAT_00007170,45,36.0,148,224,232,FORMER,6,0
PAT_00007171,30,21.2,114,164,240,CURRENT,6,0
PAT_00007172,59,18.8,121,308,70,NEVER,8,0
PAT_00007173,43,33.7,117,301,241,CURRENT,7,0
PAT_00007174,92,29.3,156,209,156,UNKNOWN,8,1
PAT_00007175,50,25.6,158,192,173,UNKNOWN,8,0
PAT_00007176,51,31.6,134,190,112,CURRENT,2,0
PAT_00007177,44,29.0,112,220,95,NEVER,5,1
PAT_00007178,82,28.5,104,293,169,UNKNOWN,4,1
PAT_00007179,65,27.3,174,283,190,FORMER,3,0
PAT_00007180,26,23.9,122,142,240,UNKNOWN,5,0
PAT_00007181,46,31.6,173,123,252,FORMER,6,0
PAT_00007182,24,28.4,96,123,239,NEVER,0,0
PAT_00007183,42,26.3,143,148,152,CURRENT,7,0
PAT_00007184,57,27.4,108,140,95,UNKNOWN,5,1
PAT_00007185,44,16.6,170,271,92,NEVER,5,0
PAT_00007186,37,31.1,181,182,78,UNKNOWN,2,0
PAT_00007187,63,35.4,154,287,126,CURRENT,2,0
PAT_00007188,74,30.2,105,136,112,FORMER,5,1
PAT_00007189,69,30.9,127,174,180,FORMER,2,0
PAT_00007190,70,31.3,154,147,161,UNKNOWN,7,1
PAT_00007191,49,21.6,161,232,115,UNKNOWN,6,0
PAT_00007192,37,32.2,114,223,162,NEVER,0,0
PAT_00007193,47,24.2,175,182,94,FORMER,8,0
PAT_00007194,92,38.6,156,143,96,CURRENT,6,1
PAT_00007195,57,14.3,137,293,101,UNKNOWN,7,0
PAT_00007196,36,31.3,129,209,137,CURRENT,0,0
PAT_00007197,87,33.1,171,204,242,NEVER,3,1
PAT_00007198,54,32.8,178,286,227,CURRENT,6,0
PAT_00007199,55,25.0,122,307,163,NEVER,1,0
PAT_00007200,89,24.7,96,228,92,CURRENT,6,1
PAT_00007201,46,27.4,146,158,73,FORMER,3,0
PAT_00007202,29,18.4,185,181,78,FORMER,3,0
PAT_00007203,88,19.6,154,192,158,UNKNOWN,1,0
PAT_00007204,54,33.7,175,230,124,CURRENT,6,0
PAT_00007205,70,19.6,139,309,219,CURRENT,3,1
PAT_00007206,47,31.3,119,245,112,NEVER,1,1
PAT_00007207,72,23.1,154,228,195,CURRENT,3,1
PAT_00007208,88,28.4,119,178,177,NEVER,7,1
PAT_00007209,37,32.6,164,214,78,CURRENT,8,0
PAT_00007210,43,25.2,179,191,185,UNKNOWN,4,0
PAT_00007211,39,25.2,182,136,101,UNKNOWN,6,0
PAT_00007212,62,26.6,113,126,240,UNKNOWN,3,0
PAT_00007213,45,19.9,167,224,165,UNKNOWN,0,1
PAT_00007214,84,19.5,129,203,84,CURRENT,6,1
PAT_00007215,27,29.3,178,214,227,FORMER,2,1
PAT_00007216,77,31.1,122,238,164,NEVER,4,1
PAT_00007217,79,19.2,107,197,247,CURRENT,0,1
PAT_00007218,22,27.3,114,172,137,UNKNOWN,4,0
PAT_00007219,25,30.8,110,211,244,UNKNOWN,7,0
PAT_00007220,63,32.8,102,305,81,NEVER,2,1
PAT_00007221,45,28.5,138,230,190,NEVER,8,0
PAT_00007222,78,24.3,105,199,227,CURRENT,8,1
PAT_00007223,56,30.8,143,207,214,CURRENT,7,0
PAT_00007224,27,21.7,140,138,76,FORMER,5,0
PAT_00007225,76,19.1,179,272,82,CURRENT,3,1
PAT_00007226,69,22.8,170,122,108,FORMER,1,1
PAT_00007227,69,23.8,114,274,79,UNKNOWN,1,0
PAT_00007228,67,28.3,151,218,130,UNKNOWN,2,0
PAT_00007229,30,19.0,104,178,204,UNKNOWN,4,0
PAT_00007230,77,36.2,139,128,95,NEVER,7,1
PAT_00007231,72,30.9,116,147,71,UNKNOWN,0,0
PAT_00007232,23,32.3,117,120,127,NEVER,0,0
PAT_00007233,27,27.4,101,152,149,NEVER,6,0
PAT_00007234,45,27.3,137,269,130,NEVER,8,0
PAT_00007235,36,36.0,147,293,248,UNKNOWN,0,1
PAT_00007236,59,32.4,97,224,218,NEVER,6,0
PAT_00007237,71,26.9,123,149,156,FORMER,7,1
PAT_00007238,57,25.2,149,257,97,CURRENT,0,0
PAT_00007239,60,31.6,153,161,122,UNKNOWN,1,0
PAT_00007240,56,30.4,122,197,95,NEVER,5,0
PAT_00007241,39,29.7,100,121,215,UNKNOWN,8,0
PAT_00007242,40,28.3,160,122,89,FORMER,8,0
PAT_00007243,52,31.3,120,214,126,FORMER,6,0
PAT_00007244,22,24.0,149,295,168,FORMER,1,0
PAT_00007245,46,31.9,129,264,183,NEVER,3,0
PAT_00007246,66,30.4,133,299,82,CURRENT,1,0
PAT_00007247,54,29.2,149,238,191,UNKNOWN,4,0
PAT_00007248,85,26.1,184,219,237,NEVER,3,1
PAT_00007249,89,32.5,168,191,111,CURRENT,3,1
PAT_00007250,81,24.4,145,133,121,NEVER,0,0
PAT_00007251,60,32.8,140,230,148,FORMER,1,0
PAT_00007252,79,22.5,131,287,183,UNKNOWN,6,1
PAT_00007253,49,31.4,139,258,179,FORMER,4,0
PAT_00007254,37,29.6,174,172,255,NEVER,5,0
PAT_00007255,30,23.4,163,276,198,CURRENT,4,0
PAT_00007256,74,31.4,117,181,98,CURRENT,4,1
PAT_00007257,73,26.9,134,280,129,FORMER,8,1
PAT_00007258,91,26.4,143,160,238,FORMER,8,1
PAT_00007259,89,24.8,108,190,127,NEVER,8,1
PAT_00007260,84,25.6,178,208,81,FORMER,1,0
PAT_00007261,44,25.0,138,281,165,UNKNOWN,2,0
PAT_00007262,43,28.6,180,271,241,NEVER,8,0
PAT_00007263,30,36.5,118,179,258,NEVER,7,0
PAT_00007264,77,31.3,116,195,240,FORMER,6,1
PAT_00007265,29,29.3,148,214,144,UNKNOWN,7,0
PAT_00007266,89,27.4,126,281,87,CURRENT,5,1
PAT_00007267,49,36.3,136,191,246,CURRENT,4,0
PAT_00007268,89,17.4,163,234,175,UNKNOWN,0,0
PAT_00007269,57,26.7,113,295,84,UNKNOWN,8,1
PAT_00007270,76,30.7,143,271,113,NEVER,7,1
PAT_00007271,73,32.7,120,149,231,FORMER,2,1
PAT_00007272,39,21.8,144,309,146,FORMER,2,0
PAT_00007273,92,27.0,179,143,110,UNKNOWN,1,0
PAT_00007274,58,32.0,103,248,164,NEVER,2,0
PAT_00007275,24,26.9,149,293,208,FORMER,1,0
PAT_00007276,52,26.9,100,148,196,FORMER,7,0
PAT_00007277,30,34.7,160,242,166,FORMER,7,0
PAT_00007278,79,28.8,95,307,145,CURRENT,4,1
PAT_00007279,65,29.8,173,197,153,UNKNOWN,5,0
PAT_00007280,89,26.0,140,229,98,UNKNOWN,3,1
PAT_00007281,66,34.4,132,304,248,UNKNOWN,1,1
PAT_00007282,77,33.4,171,263,71,CURRENT,3,1
PAT_00007283,48,32.4,160,240,105,FORMER,8,1
PAT_00007284,63,31.8,153,302,252,NEVER,5,1
PAT_00007285,85,29.9,119,234,84,NEVER,1,0
PAT_00007286,32,33.7,168,306,146,NEVER,4,1
PAT_00007287,72,26.4,120,306,140,UNKNOWN,7,1
PAT_00007288,47,29.6,159,240,231,UNKNOWN,5,1
PAT_00007289,73,25.2,161,224,214,NEVER,1,1
PAT_00007290,81,33.3,178,275,164,NEVER,5,1
PAT_00007291,52,19.7,104,149,255,NEVER,3,0
PAT_00007292,56,31.6,170,120,131,FORMER,1,0
PAT_00007293,48,29.4,136,270,237,FORMER,5,0
PAT_00007294,43,24.0,119,251,164,NEVER,8,0
PAT_00007295,76,21.6,123,237,224,FORMER,8,1
PAT_00007296,55,19.3,158,308,207,UNKNOWN,1,0
PAT_00007297,43,34.6,125,135,207,NEVER,8,0
PAT_00007298,68,29.3,157,197,222,FORMER,6,1
PAT_00007299,76,29.4,153,193,146,FORMER,2,1
PAT_00007300,76,30.5,121,271,158,CURRENT,2,0
PAT_00007301,54,19.0,135,257,198,CURRENT,4,0
PAT_00007302,36,22.5,113,143,209,FORMER,6,0
PAT_00007303,27,23.1,139,211,152,NEVER,6,0
PAT_00007304,64,27.9,95,204,87,NEVER,8,0
PAT_00007305,71,15.5,153,183,141,NEVER,5,1
PAT_00007306,42,36.2,101,138,218,FORMER,3,0
PAT_00007307,47,27.5,131,289,157,UNKNOWN,8,0
PAT_00007308,27,33.7,96,287,78,CURRENT,3,0
PAT_00007309,83,18.9,115,224,246,CURRENT,4,1
PAT_00007310,37,25.7,97,165,172,FORMER,7,0
PAT_00007311,77,30.8,156,188,110,CURRENT,4,1
PAT_00007312,33,29.9,113,141,106,NEVER,4,0
PAT_00007313,33,23.6,154,277,204,FORMER,8,0
PAT_00007314,30,23.1,95,149,190,FORMER,1,0
PAT_00007315,52,34.3,117,220,89,NEVER,6,0
PAT_00007316,58,27.2,117,248,121,UNKNOWN,7,0
PAT_00007317,80,29.1,166,268,232,CURRENT,7,1
PAT_00007318,32,29.4,95,128,96,FORMER,1,0
PAT_00007319,25,17.8,132,152,246,NEVER,4,0
PAT_00007320,47,29.9,155,249,201,UNKNOWN,8,1
PAT_00007321,57,16.8,98,251,149,UNKNOWN,3,0
PAT_00007322,25,27.9,102,130,114,CURRENT,7,0
PAT_00007323,90,39.2,106,132,92,CURRENT,5,1
PAT_00007324,30,32.8,102,169,249,FORMER,6,0
PAT_00007325,64,23.1,134,263,183,FORMER,2,0
PAT_00007326,37,28.8,157,185,167,UNKNOWN,4,0
PAT_00007327,35,24.9,150,253,123,UNKNOWN,6,0
PAT_00007328,26,23.2,134,149,193,NEVER,7,1
PAT_00007329,38,23.2,135,218,140,NEVER,5,0
PAT_00007330,22,30.5,159,302,143,CURRENT,2,0
PAT_00007331,36,22.6,157,241,118,FORMER,2,0
PAT_00007332,57,27.7,131,269,247,FORMER,2,0
PAT_00007333,53,25.8,121,167,258,NEVER,8,0
PAT_00007334,44,18.7,97,304,153,NEVER,7,0
PAT_00007335,73,26.5,101,140,234,FORMER,5,1
PAT_00007336,49,24.6,119,163,124,UNKNOWN,7,0
PAT_00007337,45,36.1,154,229,117,CURRENT,3,0
PAT_00007338,47,30.0,106,158,141,FORMER,1,0
PAT_00007339,41,17.5,115,179,157,CURRENT,6,0
PAT_00007340,22,17.2,99,213,73,CURRENT,7,0
PAT_00007341,50,33.5,139,281,75,CURRENT,1,0
PAT_00007342,76,23.0,119,145,225,UNKNOWN,7,1
PAT_00007343,50,24.7,148,209,96,UNKNOWN,6,0
PAT_00007344,49,25.8,131,249,91,UNKNOWN,8,0
PAT_00007345,90,26.1,146,274,166,NEVER,5,1
PAT_00007346,45,32.3,118,150,79,CURRENT,7,0
PAT_00007347,78,39.2,104,249,74,CURRENT,3,1
PAT_00007348,47,25.3,132,168,113,CURRENT,0,0
PAT_00007349,36,36.0,141,176,149,FORMER,6,0
PAT_00007350,52,17.9,176,219,236,UNKNOWN,7,0
PAT_00007351,84,22.8,175,145,250,NEVER,3,1
PAT_00007352,64,34.4,100,198,213,NEVER,2,0
PAT_00007353,51,26.5,142,132,99,FORMER,7,0
PAT_00007354,21,25.9,106,182,74,CURRENT,7,0
PAT_00007355,59,20.3,110,266,174,UNKNOWN,1,0
PAT_00007356,85,24.3,110,228,229,NEVER,5,1
PAT_00007357,53,25.7,177,214,225,NEVER,5,0
PAT_00007358,39,27.1,129,180,237,UNKNOWN,4,0
PAT_00007359,75,26.8,147,284,127,NEVER,2,0
PAT_00007360,88,22.9,104,193,224,NEVER,0,1
PAT_00007361,68,22.2,130,160,249,NEVER,7,1
PAT_00007362,42,31.8,157,278,245,NEVER,0,0
PAT_00007363,90,26.1,95,161,116,CURRENT,2,0
PAT_00007364,31,26.8,129,134,175,NEVER,1,0
PAT_00007365,49,21.9,106,196,161,FORMER,8,0
PAT_00007366,52,32.5,149,189,191,FORMER,4,0
PAT_00007367,29,20.7,140,188,121,FORMER,0,0
PAT_00007368,40,27.7,172,139,204,NEVER,6,0
PAT_00007369,84,20.5,137,222,153,CURRENT,6,1
PAT_00007370,36,24.3,159,194,163,UNKNOWN,7,0
PAT_00007371,32,27.2,145,229,94,CURRENT,1,0
PAT_00007372,89,26.5,163,203,208,NEVER,3,1
PAT_00007373,37,28.9,117,240,79,NEVER,5,0
PAT_00007374,75,29.7,172,292,258,CURRENT,8,1
PAT_00007375,59,35.3,96,138,213,CURRENT,4,0
PAT_00007376,78,28.8,169,211,174,NEVER,4,1
PAT_00007377,45,19.7,108,298,244,NEVER,0,0
PAT_00007378,68,30.4,184,150,216,CURRENT,3,1
PAT_00007379,45,26.0,112,286,211,FORMER,3,0
PAT_00007380,78,30.1,132,125,160,CURRENT,8,1
PAT_00007381,59,24.3,128,268,256,UNKNOWN,3,0
PAT_00007382,58,22.9,160,236,163,FORMER,6,0
PAT_00007383,85,30.6,184,214,256,UNKNOWN,1,1
PAT_00007384,61,23.1,170,267,119,UNKNOWN,4,0
PAT_00007385,42,28.4,146,131,83,CURRENT,8,0
PAT_00007386,23,35.9,153,202,93,UNKNOWN,8,1
PAT_00007387,38,28.7,172,238,260,UNKNOWN,8,0
PAT_00007388,43,21.6,155,212,102,NEVER,3,1
PAT_00007389,57,27.0,123,176,109,CURRENT,1,0
PAT_00007390,39,30.4,114,228,213,FORMER,4,0
PAT_00007391,23,31.7,169,261,178,CURRENT,4,0
PAT_00007392,42,32.8,141,243,116,FORMER,6,0
PAT_00007393,45,20.0,111,291,78,FORMER,5,0
PAT_00007394,68,28.4,108,181,99,CURRENT,3,1
PAT_00007395,90,32.4,142,217,183,FORMER,1,1
PAT_00007396,44,25.1,95,270,99,FORMER,3,1
PAT_00007397,37,17.2,178,136,157,FORMER,0,0
PAT_00007398,35,32.7,179,177,223,CURRENT,1,0
PAT_00007399,50,37.1,172,169,108,UNKNOWN,5,0
PAT_00007400,65,28.3,137,170,77,NEVER,6,1
PAT_00007401,62,27.0,125,178,230,CURRENT,8,0
PAT_00007402,79,30.4,165,137,158,UNKNOWN,4,1
PAT_00007403,48,37.7,148,302,99,UNKNOWN,4,0
PAT_00007404,31,19.7,145,158,177,FORMER,5,0
PAT_00007405,69,24.2,143,138,165,NEVER,5,1
PAT_00007406,71,28.3,176,301,184,CURRENT,6,1
PAT_00007407,67,32.2,123,283,121,FORMER,6,1
PAT_00007408,87,30.8,111,136,84,CURRENT,4,1
PAT_00007409,90,21.9,116,275,216,UNKNOWN,8,1
PAT_00007410,85,16.5,155,155,183,CURRENT,1,1
PAT_00007411,73,25.8,157,283,186,FORMER,0,1
PAT_00007412,60,17.6,115,151,182,CURRENT,6,0
PAT_00007413,45,23.4,110,174,138,NEVER,4,0
PAT_00007414,82,25.0,110,235,254,FORMER,3,1
PAT_00007415,57,22.8,157,267,113,UNKNOWN,4,0
PAT_00007416,29,33.5,158,309,260,FORMER,5,0
PAT_00007417,81,35.9,103,139,183,FORMER,8,1
PAT_00007418,82,22.2,140,247,107,NEVER,0,0
PAT_00007419,56,26.8,168,306,114,FORMER,6,1
PAT_00007420,58,28.4,157,236,178,CURRENT,3,0
PAT_00007421,75,27.6,107,201,157,UNKNOWN,4,1
PAT_00007422,62,31.1,160,285,186,NEVER,3,0
PAT_00007423,27,30.4,112,179,175,NEVER,8,0
PAT_00007424,29,24.9,184,301,72,NEVER,8,0
PAT_00007425,91,25.1,184,226,212,CURRENT,4,1
PAT_00007426,35,34.6,114,291,118,CURRENT,1,0
PAT_00007427,92,27.3,95,231,131,FORMER,0,0
PAT_00007428,42,27.4,185,207,195,CURRENT,4,1
PAT_00007429,42,19.1,180,305,98,FORMER,1,1
PAT_00007430,69,25.3,116,240,241,UNKNOWN,5,1
PAT_00007431,43,24.9,145,181,241,CURRENT,5,0
PAT_00007432,42,27.7,97,262,219,CURRENT,6,0
PAT_00007433,66,27.3,125,296,186,FORMER,6,1
PAT_00007434,73,27.0,132,240,115,UNKNOWN,8,1
PAT_00007435,87,33.2,167,152,243,UNKNOWN,5,1
PAT_00007436,88,30.6,111,164,171,NEVER,5,1
PAT_00007437,78,33.0,118,214,219,CURRENT,8,1
PAT_00007438,42,30.6,119,219,144,CURRENT,6,1
PAT_00007439,70,26.6,110,126,142,FORMER,8,1
PAT_00007440,51,19.7,95,213,159,CURRENT,1,0
PAT_00007441,27,26.3,156,137,204,NEVER,5,0
PAT_00007442,43,20.1,146,145,86,NEVER,5,0
PAT_00007443,22,26.6,181,162,80,NEVER,0,1
PAT_00007444,57,28.4,111,151,202,NEVER,8,0
PAT_00007445,43,22.2,156,247,108,CURRENT,7,0
PAT_00007446,47,30.0,172,212,145,FORMER,3,0
PAT_00007447,53,27.7,97,229,200,NEVER,3,0
PAT_00007448,75,39.9,95,171,99,NEVER,2,0
PAT_00007449,42,30.3,137,216,238,NEVER,5,0
PAT_00007450,50,27.7,100,225,254,NEVER,1,0
PAT_00007451,61,19.7,146,126,232,UNKNOWN,0,0
PAT_00007452,75,21.0,116,226,108,CURRENT,1,0
PAT_00007453,77,14.1,115,130,218,CURRENT,1,1
PAT_00007454,61,21.8,123,183,256,CURRENT,8,0
PAT_00007455,31,26.1,182,282,129,NEVER,3,0
PAT_00007456,88,32.5,166,120,160,NEVER,3,1
PAT_00007457,59,22.6,106,262,164,CURRENT,7,0
PAT_00007458,68,32.9,106,162,171,NEVER,0,0
PAT_00007459,73,24.9,140,204,228,NEVER,6,1
PAT_00007460,24,26.0,140,264,211,NEVER,7,0
PAT_00007461,67,25.1,141,301,190,CURRENT,3,1
PAT_00007462,53,25.4,180,223,221,FORMER,1,0
PAT_00007463,50,25.0,138,207,174,CURRENT,0,0
PAT_00007464,53,33.8,118,297,219,FORMER,6,0
PAT_00007465,21,25.1,162,244,149,CURRENT,6,0
PAT_00007466,34,18.1,183,307,251,UNKNOWN,1,0
PAT_00007467,65,31.3,159,267,117,FORMER,8,0
PAT_00007468,51,25.4,182,259,241,FORMER,6,0
PAT_00007469,75,29.1,106,293,231,NEVER,6,1
PAT_00007470,34,25.0,179,227,207,NEVER,3,0
PAT_00007471,35,25.7,185,278,223,FORMER,3,1
PAT_00007472,63,21.9,141,130,207,CURRENT,5,0
PAT_00007473,62,29.9,167,223,80,CURRENT,8,1
PAT_00007474,52,31.6,118,310,103,CURRENT,3,0
PAT_00007475,58,34.0,120,226,187,CURRENT,8,0
PAT_00007476,21,30.1,103,245,199,FORMER,6,0
PAT_00007477,36,29.2,131,211,221,UNKNOWN,2,0
PAT_00007478,56,22.3,159,201,100,UNKNOWN,5,0
PAT_00007479,54,26.1,182,152,168,NEVER,4,1
PAT_00007480,79,20.4,182,143,70,FORMER,8,1
PAT_00007481,26,28.6,183,263,99,NEVER,5,0
PAT_00007482,74,22.3,173,161,132,NEVER,6,1
PAT_00007483,52,31.7,133,235,248,UNKNOWN,7,1
PAT_00007484,70,27.6,134,283,74,CURRENT,2,0
PAT_00007485,40,26.1,117,189,153,FORMER,1,0
PAT_00007486,74,28.9,117,190,257,NEVER,2,1
PAT_00007487,26,21.1,136,248,255,FORMER,3,0
PAT_00007488,57,32.2,128,294,169,NEVER,3,0
PAT_00007489,36,27.3,147,121,150,CURRENT,0,0
PAT_00007490,23,27.1,165,262,180,NEVER,3,0
PAT_00007491,26,29.9,153,174,148,UNKNOWN,1,0
PAT_00007492,86,22.3,168,143,177,FORMER,7,1
PAT_00007493,34,23.9,154,192,174,NEVER,3,0
PAT_00007494,48,28.7,163,241,146,CURRENT,6,0
PAT_00007495,39,31.5,126,127,128,CURRENT,2,0
PAT_00007496,69,32.9,112,256,196,NEVER,8,1
PAT_00007497,76,26.2,161,182,234,CURRENT,5,1
PAT_00007498,39,31.9,155,277,228,CURRENT,5,0
PAT_00007499,54,19.5,111,164,90,NEVER,7,1
PAT_00007500,67,29.5,133,275,217,UNKNOWN,5,1
PAT_00007501,61,24.6,105,144,145,CURRENT,8,0
PAT_00007502,86,36.0,114,239,132,CURRENT,0,0
PAT_00007503,41,14.6,172,120,184,FORMER,2,0
PAT_00007504,50,19.9,126,258,119,FORMER,2,0
PAT_00007505,84,35.4,145,133,155,NEVER,4,1
PAT_00007506,77,27.9,118,135,227,NEVER,3,1
PAT_00007507,26,32.3,128,207,168,UNKNOWN,2,0
PAT_00007508,48,25.5,155,154,156,NEVER,4,0
PAT_00007509,56,17.9,179,303,252,NEVER,8,0
PAT_00007510,33,29.7,139,173,122,FORMER,3,0
PAT_00007511,21,27.9,175,240,212,FORMER,7,0
PAT_00007512,22,29.2,180,294,80,UNKNOWN,6,0
PAT_00007513,51,26.1,173,282,209,UNKNOWN,0,0
PAT_00007514,70,43.2,159,269,143,CURRENT,8,1
PAT_00007515,53,27.2,117,204,173,CURRENT,7,0
PAT_00007516,81,23.9,119,204,109,FORMER,0,0
PAT_00007517,69,27.1,117,140,139,FORMER,3,1
PAT_00007518,89,24.3,118,227,165,UNKNOWN,1,0
PAT_00007519,22,30.8,99,223,147,FORMER,3,1
PAT_00007520,26,26.9,144,164,221,CURRENT,2,0
PAT_00007521,83,28.8,122,127,225,FORMER,2,1
PAT_00007522,36,28.0,136,206,181,CURRENT,7,0
PAT_00007523,43,37.0,124,184,73,UNKNOWN,0,0
PAT_00007524,40,29.3,138,185,191,CURRENT,2,0
PAT_00007525,63,22.6,115,225,252,FORMER,6,0
PAT_00007526,87,30.7,138,305,200,CURRENT,6,1
PAT_00007527,39,19.4,160,176,72,UNKNOWN,8,0
PAT_00007528,69,29.9,117,138,83,FORMER,3,1
PAT_00007529,86,28.4,143,275,239,FORMER,5,1
PAT_00007530,86,30.2,134,219,100,NEVER,1,0
PAT_00007531,71,31.5,113,202,144,FORMER,0,0
PAT_00007532,23,18.3,158,205,247,NEVER,7,0
PAT_00007533,30,23.1,122,283,80,NEVER,3,0
PAT_00007534,35,33.1,162,278,70,FORMER,5,0
PAT_00007535,46,33.6,142,262,223,CURRENT,7,0
PAT_00007536,62,14.0,171,174,219,NEVER,1,0
PAT_00007537,46,24.1,166,173,86,NEVER,3,0
PAT_00007538,64,31.6,185,204,156,FORMER,6,0
PAT_00007539,36,25.8,113,125,159,UNKNOWN,2,0
PAT_00007540,43,30.7,126,274,89,UNKNOWN,7,0
PAT_00007541,46,24.1,131,270,137,CURRENT,1,1
PAT_00007542,25,30.5,136,172,131,NEVER,1,0
PAT_00007543,46,25.0,108,122,84,CURRENT,5,0
PAT_00007544,71,34.6,127,197,195,CURRENT,2,1
PAT_00007545,87,28.5,122,263,220,NEVER,6,1
PAT_00007546,27,33.7,159,222,143,FORMER,8,0
PAT_00007547,44,25.6,112,230,238,CURRENT,4,1
PAT_00007548,74,27.5,105,284,116,FORMER,4,1
PAT_00007549,25,23.9,126,220,99,CURRENT,3,0
PAT_00007550,73,34.2,127,146,214,UNKNOWN,3,1
PAT_00007551,67,20.3,123,283,86,NEVER,1,0
PAT_00007552,51,30.3,150,147,156,UNKNOWN,6,0
PAT_00007553,38,21.8,124,208,218,NEVER,3,0
PAT_00007554,72,22.6,146,168,178,UNKNOWN,5,1
PAT_00007555,42,27.7,144,190,248,UNKNOWN,7,0
PAT_00007556,91,23.4,183,147,221,CURRENT,0,1
PAT_00007557,25,23.9,106,190,140,NEVER,0,0
PAT_00007558,25,25.1,120,150,151,FORMER,2,1
PAT_00007559,57,19.9,105,278,253,UNKNOWN,4,0
PAT_00007560,51,28.2,103,233,70,CURRENT,4,0
PAT_00007561,74,24.0,182,236,114,UNKNOWN,5,1
PAT_00007562,41,20.5,148,149,141,FORMER,3,0
PAT_00007563,28,28.1,140,131,201,UNKNOWN,3,0
PAT_00007564,73,27.3,151,266,89,UNKNOWN,1,0
PAT_00007565,33,27.4,125,284,194,UNKNOWN,6,0
PAT_00007566,35,25.0,130,172,153,FORMER,6,0
PAT_00007567,51,14.3,163,280,135,FORMER,7,0
PAT_00007568,70,35.0,121,162,171,CURRENT,3,1
PAT_00007569,66,23.6,180,153,78,NEVER,1,0
PAT_00007570,84,32.3,115,141,126,CURRENT,2,0
PAT_00007571,86,30.6,170,210,217,NEVER,5,1
PAT_00007572,36,23.1,130,246,86,UNKNOWN,6,0
PAT_00007573,79,23.7,152,259,175,FORMER,7,1
PAT_00007574,83,21.5,176,126,199,NEVER,5,1
PAT_00007575,54,34.1,116,264,115,NEVER,6,0
PAT_00007576,90,37.9,185,178,146,FORMER,5,1
PAT_00007577,37,32.7,100,211,150,FORMER,0,0
PAT_00007578,45,33.9,143,269,171,NEVER,7,0
PAT_00007579,50,21.3,177,286,71,UNKNOWN,4,0
PAT_00007580,69,36.0,181,302,117,NEVER,2,0
PAT_00007581,29,30.1,159,152,151,UNKNOWN,7,0
PAT_00007582,90,30.2,100,275,230,FORMER,2,1
PAT_00007583,51,31.7,167,223,132,UNKNOWN,3,0
PAT_00007584,78,29.0,126,162,226,NEVER,8,1
PAT_00007585,46,30.6,164,138,89,NEVER,1,0
PAT_00007586,64,21.6,166,181,206,CURRENT,8,0
PAT_00007587,92,34.5,139,164,116,UNKNOWN,6,1
PAT_00007588,59,26.2,158,185,168,UNKNOWN,7,0
PAT_00007589,64,22.8,172,141,157,CURRENT,3,0
PAT_00007590,91,28.2,111,146,244,UNKNOWN,5,1
PAT_00007591,90,22.2,180,199,72,FORMER,3,1
PAT_00007592,47,29.0,179,126,156,UNKNOWN,6,0
PAT_00007593,42,31.1,172,158,180,FORMER,0,1
PAT_00007594,70,24.6,124,131,216,FORMER,4,1
PAT_00007595,31,30.6,165,140,136,NEVER,1,0
PAT_00007596,65,27.5,113,277,142,FORMER,3,0
PAT_00007597,74,31.4,109,262,171,CURRENT,4,1
PAT_00007598,48,17.8,135,122,213,CURRENT,0,0
PAT_00007599,45,24.9,110,205,166,NEVER,4,0
PAT_00007600,85,24.1,135,201,196,UNKNOWN,1,1
PAT_00007601,81,28.5,108,165,121,CURRENT,1,0
PAT_00007602,76,34.4,103,130,115,FORMER,3,1
PAT_00007603,86,34.6,150,164,240,NEVER,3,1
PAT_00007604,81,36.4,99,303,198,FORMER,4,1
PAT_00007605,42,38.5,153,249,105,FORMER,7,0
PAT_00007606,27,34.4,165,250,252,UNKNOWN,1,1
PAT_00007607,67,35.3,135,281,113,CURRENT,3,1
PAT_00007608,54,18.3,151,234,84,FORMER,0,0
PAT_00007609,63,21.8,182,195,186,FORMER,0,0
PAT_00007610,59,21.4,177,261,162,UNKNOWN,5,0
PAT_00007611,73,18.1,127,310,113,CURRENT,8,1
PAT_00007612,50,34.1,99,307,174,CURRENT,8,0
PAT_00007613,86,28.8,134,144,256,CURRENT,8,1
PAT_00007614,58,27.4,177,289,175,NEVER,6,0
PAT_00007615,92,23.4,160,132,107,CURRENT,6,1
PAT_00007616,47,31.9,180,125,196,NEVER,2,0
PAT_00007617,86,24.4,167,120,115,NEVER,5,1
PAT_00007618,31,30.6,144,242,148,CURRENT,4,0
PAT_00007619,69,20.9,185,240,213,FORMER,3,1
PAT_00007620,53,36.6,127,155,110,CURRENT,5,0
PAT_00007621,47,29.9,124,123,75,NEVER,8,0
PAT_00007622,43,20.7,179,261,182,UNKNOWN,2,0
PAT_00007623,88,25.8,129,310,232,UNKNOWN,3,1
PAT_00007624,82,30.2,152,185,193,CURRENT,2,1
PAT_00007625,72,32.7,113,172,238,NEVER,4,1
PAT_00007626,69,27.9,113,120,95,CURRENT,2,0
PAT_00007627,82,26.2,110,227,77,NEVER,0,0
PAT_00007628,65,29.9,134,211,126,FORMER,1,0
PAT_00007629,72,26.7,180,158,109,UNKNOWN,4,1
PAT_00007630,82,29.4,176,124,115,UNKNOWN,1,0
PAT_00007631,52,20.2,161,128,118,NEVER,1,1
PAT_00007632,76,32.5,150,191,164,UNKNOWN,5,1
PAT_00007633,26,23.1,103,195,158,CURRENT,6,0
PAT_00007634,38,32.2,123,277,170,CURRENT,5,0
PAT_00007635,65,22.6,108,255,251,FORMER,7,0
PAT_00007636,49,30.6,102,252,127,CURRENT,2,0
PAT_00007637,70,16.3,131,266,243,UNKNOWN,2,1
PAT_00007638,79,28.6,184,191,186,NEVER,7,1
PAT_00007639,56,27.5,135,158,157,NEVER,1,0
PAT_00007640,75,33.9,132,207,77,NEVER,1,0
PAT_00007641,75,24.2,135,151,78,NEVER,0,0
PAT_00007642,25,22.1,131,252,200,UNKNOWN,4,0
PAT_00007643,61,25.8,134,160,255,UNKNOWN,1,0
PAT_00007644,31,32.9,172,228,112,FORMER,0,0
PAT_00007645,68,25.2,103,121,71,UNKNOWN,6,1
PAT_00007646,22,27.1,178,133,177,UNKNOWN,6,0
PAT_00007647,35,35.6,114,254,83,UNKNOWN,5,0
PAT_00007648,39,22.2,127,286,109,CURRENT,5,0
PAT_00007649,63,29.5,100,120,90,UNKNOWN,0,0
PAT_00007650,83,31.6,110,211,87,FORMER,8,1
PAT_00007651,33,24.7,137,120,98,FORMER,1,0
PAT_00007652,78,34.3,96,221,146,FORMER,8,1
PAT_00007653,60,33.9,158,242,79,CURRENT,8,0
PAT_00007654,66,29.2,176,150,228,CURRENT,0,1
PAT_00007655,69,31.6,115,219,164,CURRENT,2,0
PAT_00007656,23,30.7,107,302,206,UNKNOWN,8,0
PAT_00007657,44,29.0,117,253,206,CURRENT,4,0
PAT_00007658,30,30.6,140,149,180,CURRENT,5,0
PAT_00007659,68,38.5,149,176,85,UNKNOWN,1,0
PAT_00007660,58,24.7,150,133,165,FORMER,0,0
PAT_00007661,83,28.3,144,149,132,UNKNOWN,4,1
PAT_00007662,38,27.0,173,235,138,UNKNOWN,4,1
PAT_00007663,57,27.7,131,240,136,FORMER,2,0
PAT_00007664,27,26.2,145,206,219,UNKNOWN,4,0
PAT_00007665,55,29.8,158,219,177,NEVER,6,0
PAT_00007666,32,22.2,144,128,258,UNKNOWN,6,0
PAT_00007667,34,23.9,123,183,240,FORMER,6,0
PAT_00007668,54,23.4,139,291,112,UNKNOWN,0,0
PAT_00007669,91,24.9,160,198,213,NEVER,7,1
PAT_00007670,29,31.3,138,275,95,FORMER,7,0
PAT_00007671,62,19.8,142,134,91,CURRENT,2,0
PAT_00007672,82,19.5,126,276,243,UNKNOWN,7,1
PAT_00007673,48,28.8,175,259,208,UNKNOWN,4,0
PAT_00007674,46,32.2,95,308,243,NEVER,2,0
PAT_00007675,39,24.7,140,193,106,NEVER,0,0
PAT_00007676,66,26.3,147,152,206,FORMER,5,1
PAT_00007677,46,26.5,111,145,104,UNKNOWN,1,0
PAT_00007678,45,19.6,110,200,193,NEVER,8,0
PAT_00007679,65,26.6,144,247,201,FORMER,8,0
PAT_00007680,61,19.5,139,247,114,FORMER,6,0
PAT_00007681,60,32.1,169,244,194,FORMER,6,0
PAT_00007682,52,33.2,130,223,144,NEVER,0,0
PAT_00007683,39,32.5,140,195,96,NEVER,7,0
PAT_00007684,46,25.1,154,248,214,FORMER,6,0
PAT_00007685,38,26.6,140,219,71,FORMER,5,0
PAT_00007686,56,35.6,131,248,164,CURRENT,2,0
PAT_00007687,88,36.6,157,245,107,NEVER,5,1
PAT_00007688,65,30.6,125,140,179,FORMER,7,0
PAT_00007689,48,18.1,134,210,174,CURRENT,5,1
PAT_00007690,64,21.6,151,263,141,NEVER,6,0
PAT_00007691,79,23.4,129,224,121,UNKNOWN,8,1
PAT_00007692,47,29.5,103,236,237,FORMER,5,0
PAT_00007693,32,25.7,175,251,85,NEVER,2,0
PAT_00007694,88,23.5,176,297,167,FORMER,4,1
PAT_00007695,76,40.1,103,233,248,FORMER,4,1
PAT_00007696,34,19.2,156,280,224,UNKNOWN,5,0
PAT_00007697,91,29.4,131,215,83,FORMER,2,0
PAT_00007698,51,24.7,142,239,189,UNKNOWN,5,1
PAT_00007699,78,26.3,155,124,100,UNKNOWN,2,0
PAT_00007700,31,33.2,177,239,190,FORMER,8,0
PAT_00007701,90,23.4,148,303,115,CURRENT,4,1
PAT_00007702,47,25.5,156,187,81,NEVER,2,0
PAT_00007703,53,22.7,97,218,212,UNKNOWN,4,0
PAT_00007704,32,26.5,163,176,214,NEVER,3,0
PAT_00007705,76,23.9,181,292,241,NEVER,4,1
PAT_00007706,36,28.8,174,189,174,UNKNOWN,2,0
PAT_00007707,79,26.0,177,260,195,FORMER,5,1
PAT_00007708,42,16.6,167,217,81,CURRENT,0,0
PAT_00007709,68,20.9,145,147,123,CURRENT,7,1
PAT_00007710,50,19.7,104,125,158,CURRENT,4,0
PAT_00007711,33,28.3,148,288,93,FORMER,6,0
PAT_00007712,54,31.0,155,144,170,UNKNOWN,2,0
PAT_00007713,57,29.3,170,145,173,UNKNOWN,2,0
PAT_00007714,58,19.3,175,309,245,FORMER,5,0
PAT_00007715,90,26.3,101,128,256,NEVER,2,1
PAT_00007716,23,34.3,102,237,191,FORMER,8,0
PAT_00007717,51,31.7,179,163,254,UNKNOWN,1,0
PAT_00007718,89,34.3,166,296,130,CURRENT,7,1
PAT_00007719,83,27.3,153,246,152,FORMER,5,1
PAT_00007720,25,13.5,141,145,222,UNKNOWN,0,0
PAT_00007721,51,27.8,146,295,225,UNKNOWN,1,0
PAT_00007722,79,20.6,177,151,180,UNKNOWN,8,1
PAT_00007723,38,26.3,101,295,134,UNKNOWN,8,0
PAT_00007724,69,28.0,174,150,143,CURRENT,4,1
PAT_00007725,73,31.1,101,194,144,UNKNOWN,6,1
PAT_00007726,77,27.9,165,289,209,UNKNOWN,1,1
PAT_00007727,84,29.7,97,146,113,CURRENT,4,1
PAT_00007728,28,29.8,178,233,166,NEVER,5,0
PAT_00007729,72,15.7,157,221,245,NEVER,4,1
PAT_00007730,27,23.7,154,154,129,NEVER,0,0
PAT_00007731,43,23.1,157,307,217,FORMER,6,0
PAT_00007732,83,24.4,147,287,163,UNKNOWN,5,1
PAT_00007733,59,32.4,157,166,127,CURRENT,5,0
PAT_00007734,66,33.3,115,305,125,NEVER,1,1
PAT_00007735,51,24.7,95,149,203,FORMER,8,0
PAT_00007736,64,21.9,116,178,255,UNKNOWN,4,0
PAT_00007737,91,33.1,121,204,116,NEVER,4,1
PAT_00007738,34,25.8,152,251,157,UNKNOWN,8,1
PAT_00007739,34,21.3,115,140,161,CURRENT,1,0
PAT_00007740,91,29.7,97,135,164,CURRENT,8,1
PAT_00007741,83,23.6,171,157,81,UNKNOWN,4,1
PAT_00007742,54,30.6,177,151,246,FORMER,4,0
PAT_00007743,87,28.5,141,121,140,NEVER,4,1
PAT_00007744,80,30.4,103,257,178,FORMER,4,1
PAT_00007745,25,32.9,172,267,98,FORMER,2,0
PAT_00007746,65,27.4,167,257,241,CURRENT,0,0
PAT_00007747,63,21.4,173,139,87,UNKNOWN,0,0
PAT_00007748,30,30.0,115,284,129,FORMER,8,0
PAT_00007749,85,31.1,167,237,106,NEVER,8,1
PAT_00007750,78,29.7,179,185,107,FORMER,0,1
PAT_00007751,41,25.5,168,199,241,FORMER,3,0
PAT_00007752,91,20.8,117,218,214,UNKNOWN,1,1
PAT_00007753,59,31.5,127,263,247,CURRENT,5,0
PAT_00007754,82,34.9,99,152,238,UNKNOWN,5,1
PAT_00007755,51,30.5,148,217,168,NEVER,7,1
PAT_00007756,67,30.9,98,233,216,FORMER,1,1
PAT_00007757,88,29.8,172,292,87,FORMER,8,1
PAT_00007758,49,31.5,165,306,239,FORMER,3,0
PAT_00007759,60,34.8,158,167,212,FORMER,0,0
PAT_00007760,75,20.5,150,192,152,CURRENT,6,1
PAT_00007761,32,23.3,150,280,166,UNKNOWN,7,0
PAT_00007762,77,26.8,136,282,121,NEVER,3,1
PAT_00007763,62,29.7,121,128,189,NEVER,7,0
PAT_00007764,31,28.7,146,156,127,CURRENT,4,0
PAT_00007765,71,27.2,111,234,142,CURRENT,5,1
PAT_00007766,63,26.1,118,132,240,NEVER,6,0
PAT_00007767,61,31.7,180,255,225,CURRENT,4,0
PAT_00007768,23,31.5,95,283,176,FORMER,5,0
PAT_00007769,72,29.9,147,179,94,CURRENT,4,1
PAT_00007770,22,37.1,173,121,160,CURRENT,5,0
PAT_00007771,58,26.0,174,275,141,NEVER,8,0
PAT_00007772,73,37.7,146,145,218,FORMER,8,1
PAT_00007773,36,22.2,100,300,202,FORMER,8,0
PAT_00007774,23,34.5,100,122,81,NEVER,5,0
PAT_00007775,75,24.9,121,152,110,NEVER,8,1
PAT_00007776,56,25.8,156,248,82,NEVER,7,0
PAT_00007777,89,28.9,170,184,141,FORMER,5,1
PAT_00007778,72,28.8,136,197,247,CURRENT,5,1
PAT_00007779,72,29.5,109,193,168,FORMER,2,0
PAT_00007780,31,24.0,136,129,125,NEVER,2,0
PAT_00007781,34,22.4,185,297,149,CURRENT,4,0
PAT_00007782,76,16.2,127,251,149,FORMER,8,1
PAT_00007783,26,30.8,128,255,90,CURRENT,3,0
PAT_00007784,91,34.0,120,124,196,FORMER,3,1
PAT_00007785,85,35.9,127,293,124,CURRENT,5,1
PAT_00007786,42,23.2,113,121,247,UNKNOWN,5,0
PAT_00007787,59,35.9,126,146,216,FORMER,0,0
PAT_00007788,41,28.8,183,121,113,CURRENT,1,1
PAT_00007789,42,28.3,179,188,202,CURRENT,2,0
PAT_00007790,27,31.3,113,229,111,FORMER,2,0
PAT_00007791,53,20.8,129,186,94,UNKNOWN,8,0
PAT_00007792,36,28.1,183,269,173,CURRENT,3,0
PAT_00007793,43,16.9,96,143,70,FORMER,2,0
PAT_00007794,46,19.8,122,143,239,UNKNOWN,8,0
PAT_00007795,65,30.6,143,251,236,UNKNOWN,2,0
PAT_00007796,79,31.8,161,203,203,FORMER,0,1
PAT_00007797,90,24.7,177,204,169,NEVER,3,1
PAT_00007798,46,20.2,171,288,225,NEVER,6,0
PAT_00007799,92,32.0,166,258,123,FORMER,3,1
PAT_00007800,68,25.6,184,168,140,NEVER,4,1
PAT_00007801,46,36.1,113,255,198,CURRENT,5,0
PAT_00007802,61,26.4,99,140,215,NEVER,7,0
PAT_00007803,49,29.1,106,292,253,CURRENT,0,1
PAT_00007804,59,24.1,99,166,104,NEVER,3,0
PAT_00007805,38,29.6,113,182,190,CURRENT,7,0
PAT_00007806,90,30.5,180,263,74,FORMER,0,0
PAT_00007807,32,17.0,166,256,163,CURRENT,3,0
PAT_00007808,78,27.8,166,297,204,FORMER,8,1
PAT_00007809,54,25.0,127,225,196,UNKNOWN,0,0
PAT_00007810,72,29.8,98,165,86,CURRENT,3,1
PAT_00007811,40,34.5,141,153,181,CURRENT,1,0
PAT_00007812,84,29.6,121,290,96,UNKNOWN,8,1
PAT_00007813,23,16.1,133,281,136,NEVER,5,0
PAT_00007814,66,35.9,161,182,174,NEVER,5,1
PAT_00007815,34,26.0,124,177,182,FORMER,6,0
PAT_00007816,92,28.8,108,254,236,UNKNOWN,4,1
PAT_00007817,81,35.1,120,175,246,CURRENT,3,1
PAT_00007818,41,16.5,127,159,135,UNKNOWN,6,1
PAT_00007819,54,37.8,143,128,232,NEVER,2,0
PAT_00007820,30,26.7,173,235,210,UNKNOWN,3,0
PAT_00007821,59,41.6,126,265,175,NEVER,2,0
PAT_00007822,84,33.8,103,126,129,NEVER,7,1
PAT_00007823,58,18.0,122,203,184,FORMER,4,0
PAT_00007824,81,17.8,182,211,254,CURRENT,4,1
PAT_00007825,68,27.6,164,214,175,NEVER,6,1
PAT_00007826,27,25.5,152,140,218,FORMER,6,0
PAT_00007827,77,32.7,124,228,260,FORMER,4,1
PAT_00007828,74,31.1,97,300,199,CURRENT,5,1
PAT_00007829,48,23.7,136,252,255,UNKNOWN,8,0
PAT_00007830,52,31.7,140,252,108,CURRENT,1,0
PAT_00007831,68,25.4,157,157,172,UNKNOWN,5,1
PAT_00007832,59,31.9,180,174,87,NEVER,4,0
PAT_00007833,73,21.5,131,242,83,FORMER,7,1
PAT_00007834,79,29.4,112,161,253,NEVER,7,1
PAT_00007835,22,31.6,125,161,257,NEVER,7,0
PAT_00007836,52,28.1,119,140,118,NEVER,4,0
PAT_00007837,85,24.3,156,295,115,CURRENT,3,1
PAT_00007838,83,26.5,140,223,248,FORMER,8,1
PAT_00007839,25,25.0,184,305,212,NEVER,2,0
PAT_00007840,76,19.7,129,126,100,UNKNOWN,4,1
PAT_00007841,35,25.5,111,277,119,FORMER,1,1
PAT_00007842,73,25.8,179,154,190,FORMER,0,1
PAT_00007843,57,24.2,144,274,112,UNKNOWN,0,0
PAT_00007844,41,19.8,164,230,208,NEVER,1,0
PAT_00007845,53,29.9,159,220,150,UNKNOWN,7,0
PAT_00007846,47,28.8,96,162,183,NEVER,2,0
PAT_00007847,42,20.9,176,170,168,NEVER,4,0
PAT_00007848,49,30.8,185,168,76,FORMER,7,0
PAT_00007849,72,23.7,98,121,256,NEVER,8,1
PAT_00007850,25,26.1,136,205,185,CURRENT,2,1
PAT_00007851,55,29.6,139,186,150,CURRENT,7,1
PAT_00007852,55,30.3,165,252,143,UNKNOWN,3,0
PAT_00007853,70,23.0,114,203,193,UNKNOWN,1,1
PAT_00007854,80,22.7,181,272,142,NEVER,4,1
PAT_00007855,61,24.3,158,259,219,FORMER,4,0
PAT_00007856,50,26.7,153,288,205,UNKNOWN,5,0
PAT_00007857,77,19.5,165,294,124,NEVER,1,0
PAT_00007858,69,15.9,105,279,83,CURRENT,7,1
PAT_00007859,68,22.3,96,233,257,UNKNOWN,2,1
PAT_00007860,77,26.5,164,201,166,FORMER,8,1
PAT_00007861,85,28.5,100,239,151,NEVER,5,1
PAT_00007862,39,27.2,177,214,99,UNKNOWN,3,0
PAT_00007863,41,33.7,120,129,213,NEVER,3,0
PAT_00007864,79,10.6,148,284,188,NEVER,1,1
PAT_00007865,69,26.5,117,122,222,CURRENT,7,1
PAT_00007866,74,29.5,181,120,126,UNKNOWN,1,0
PAT_00007867,26,31.2,123,166,104,UNKNOWN,3,0
PAT_00007868,80,25.6,181,269,162,CURRENT,1,0
PAT_00007869,80,24.8,112,190,254,FORMER,5,1
PAT_00007870,78,25.4,184,222,153,CURRENT,8,1
PAT_00007871,76,21.8,184,262,147,CURRENT,3,1
PAT_00007872,66,33.7,130,264,73,NEVER,8,1
PAT_00007873,38,21.4,125,246,181,FORMER,2,0
PAT_00007874,86,22.7,156,129,156,UNKNOWN,4,1
PAT_00007875,73,30.5,165,217,123,NEVER,7,1
PAT_00007876,30,28.1,110,124,150,CURRENT,4,0
PAT_00007877,73,35.0,166,140,156,NEVER,1,0
PAT_00007878,44,24.1,103,279,118,UNKNOWN,7,0
PAT_00007879,54,29.6,144,191,72,NEVER,1,0
PAT_00007880,36,28.0,124,177,176,CURRENT,5,0
PAT_00007881,65,18.6,100,125,93,FORMER,2,0
PAT_00007882,80,24.8,166,128,99,CURRENT,2,0
PAT_00007883,65,27.4,99,281,107,UNKNOWN,4,0
PAT_00007884,56,21.8,132,136,140,NEVER,6,0
PAT_00007885,22,33.8,117,288,147,CURRENT,5,0
PAT_00007886,21,27.8,110,294,243,UNKNOWN,0,0
PAT_00007887,53,25.7,170,189,121,UNKNOWN,3,0
PAT_00007888,85,40.1,117,153,126,UNKNOWN,1,0
PAT_00007889,53,31.6,99,134,186,FORMER,5,0
PAT_00007890,63,30.6,116,198,145,CURRENT,5,0
PAT_00007891,70,29.0,101,291,177,UNKNOWN,8,1
PAT_00007892,59,25.4,130,256,197,UNKNOWN,0,0
PAT_00007893,63,25.6,123,266,205,NEVER,1,0
PAT_00007894,33,27.0,127,286,161,CURRENT,1,0
PAT_00007895,42,25.4,125,210,219,FORMER,1,0
PAT_00007896,88,31.7,151,178,86,CURRENT,8,1
PAT_00007897,75,30.6,172,200,227,FORMER,2,1
PAT_00007898,34,30.7,143,130,146,FORMER,4,0
PAT_00007899,25,30.4,178,302,257,CURRENT,6,1
PAT_00007900,31,39.4,165,189,183,FORMER,5,0
PAT_00007901,38,29.2,108,122,122,FORMER,8,0
PAT_00007902,42,19.6,163,225,144,FORMER,8,0
PAT_00007903,60,26.0,157,235,137,FORMER,3,0
PAT_00007904,72,20.8,119,249,233,CURRENT,7,1
PAT_00007905,43,21.5,153,308,206,UNKNOWN,2,0
PAT_00007906,25,26.4,178,297,159,NEVER,3,0
PAT_00007907,62,21.2,158,209,249,FORMER,7,0
PAT_00007908,57,26.0,119,216,229,NEVER,3,0
PAT_00007909,85,21.4,180,171,80,UNKNOWN,8,1
PAT_00007910,26,28.7,169,198,84,CURRENT,0,0
PAT_00007911,92,21.9,130,251,218,CURRENT,2,1
PAT_00007912,44,29.5,177,254,138,UNKNOWN,7,0
PAT_00007913,37,28.3,131,221,153,CURRENT,6,0
PAT_00007914,62,34.1,114,183,224,CURRENT,6,0
PAT_00007915,53,29.4,150,287,193,UNKNOWN,8,0
PAT_00007916,21,30.1,134,163,253,UNKNOWN,4,0
PAT_00007917,28,18.1,170,218,256,FORMER,6,0
PAT_00007918,66,34.7,114,261,197,CURRENT,0,1
PAT_00007919,90,30.5,130,272,135,FORMER,1,0
PAT_00007920,32,31.6,140,267,125,UNKNOWN,0,0
PAT_00007921,89,32.0,129,218,194,NEVER,6,1
PAT_00007922,64,32.1,157,276,229,CURRENT,2,0
PAT_00007923,85,30.5,151,144,199,FORMER,7,1
PAT_00007924,87,30.9,184,290,228,UNKNOWN,4,1
PAT_00007925,31,24.8,101,256,224,UNKNOWN,8,0
PAT_00007926,35,28.2,116,128,189,NEVER,5,0
PAT_00007927,89,26.5,164,245,157,UNKNOWN,2,0
PAT_00007928,21,23.2,108,268,212,FORMER,1,0
PAT_00007929,59,21.7,168,199,196,CURRENT,4,0
PAT_00007930,27,25.9,120,191,230,UNKNOWN,7,0
PAT_00007931,78,27.3,146,122,194,FORMER,2,1
PAT_00007932,62,25.2,170,160,209,NEVER,1,0
PAT_00007933,26,34.1,146,291,141,UNKNOWN,1,0
PAT_00007934,46,31.4,114,277,135,FORMER,8,0
PAT_00007935,80,26.8,140,137,160,NEVER,6,1
PAT_00007936,90,33.1,119,207,195,CURRENT,2,1
PAT_00007937,61,26.2,135,223,96,NEVER,3,0
PAT_00007938,42,25.1,142,194,166,CURRENT,7,0
PAT_00007939,24,26.4,121,306,113,FORMER,4,1
PAT_00007940,73,32.8,162,238,139,FORMER,4,1
PAT_00007941,57,22.4,113,218,174,UNKNOWN,3,1
PAT_00007942,22,29.2,95,139,188,NEVER,8,0
PAT_00007943,59,25.4,97,139,255,NEVER,8,0
PAT_00007944,44,26.9,158,238,151,FORMER,6,0
PAT_00007945,34,23.8,180,242,95,NEVER,2,0
PAT_00007946,44,30.6,140,249,204,FORMER,4,0
PAT_00007947,28,27.0,177,170,174,FORMER,7,1
PAT_00007948,75,17.3,128,171,90,UNKNOWN,0,0
PAT_00007949,53,36.1,100,176,212,NEVER,8,0
PAT_00007950,79,31.3,173,241,99,NEVER,7,1
PAT_00007951,25,22.9,165,214,131,UNKNOWN,1,0
PAT_00007952,59,29.3,114,149,237,FORMER,1,0
PAT_00007953,38,31.7,132,303,215,UNKNOWN,6,0
PAT_00007954,84,37.3,145,241,176,CURRENT,3,1
PAT_00007955,52,26.0,96,193,77,CURRENT,7,0
PAT_00007956,64,22.9,133,223,218,FORMER,7,0
PAT_00007957,54,27.7,101,211,178,UNKNOWN,8,0
PAT_00007958,43,26.1,111,309,206,UNKNOWN,7,0
PAT_00007959,36,26.0,174,209,140,CURRENT,1,0
PAT_00007960,73,23.6,136,257,255,CURRENT,3,1
PAT_00007961,66,20.2,182,215,174,UNKNOWN,7,1
PAT_00007962,52,25.7,144,198,214,CURRENT,4,0
PAT_00007963,70,23.6,163,231,103,NEVER,4,1
PAT_00007964,36,30.1,165,227,252,FORMER,8,0
PAT_00007965,33,23.7,159,229,190,UNKNOWN,3,0
PAT_00007966,73,29.1,167,252,194,UNKNOWN,8,1
PAT_00007967,36,24.2,121,183,77,UNKNOWN,7,0
PAT_00007968,45,21.3,164,131,160,UNKNOWN,2,0
PAT_00007969,44,28.2,176,272,234,UNKNOWN,8,0
PAT_00007970,79,24.1,108,212,93,NEVER,2,1
PAT_00007971,44,31.6,175,249,213,FORMER,4,0
PAT_00007972,55,18.7,113,273,200,NEVER,6,0
PAT_00007973,38,29.4,109,165,139,CURRENT,4,0
PAT_00007974,58,33.2,120,268,124,UNKNOWN,1,0
PAT_00007975,56,35.0,128,135,244,CURRENT,2,0
PAT_00007976,81,33.7,112,159,182,NEVER,7,1
PAT_00007977,53,24.6,175,272,73,UNKNOWN,5,0
PAT_00007978,36,23.8,115,243,86,FORMER,8,0
PAT_00007979,87,23.7,150,298,168,UNKNOWN,2,0
PAT_00007980,72,27.0,184,258,135,CURRENT,5,1
PAT_00007981,61,26.6,177,227,233,UNKNOWN,4,0
PAT_00007982,28,25.4,164,126,236,FORMER,7,0
PAT_00007983,76,25.0,183,197,219,UNKNOWN,5,1
PAT_00007984,44,28.1,185,240,161,NEVER,7,0
PAT_00007985,57,22.1,139,225,181,FORMER,8,1
PAT_00007986,84,30.7,116,164,180,NEVER,3,1
PAT_00007987,78,26.6,163,260,237,NEVER,0,1
PAT_00007988,39,25.1,128,207,183,CURRENT,0,0
PAT_00007989,50,38.0,178,210,250,NEVER,3,0
PAT_00007990,81,17.0,116,303,238,FORMER,1,1
PAT_00007991,85,30.6,107,262,184,UNKNOWN,0,1
PAT_00007992,83,17.7,165,158,245,CURRENT,0,1
PAT_00007993,52,32.4,166,150,225,NEVER,6,0
PAT_00007994,27,18.0,149,260,150,FORMER,3,0
PAT_00007995,28,28.0,119,176,141,CURRENT,3,0
PAT_00007996,42,24.6,107,228,79,UNKNOWN,8,0
PAT_00007997,63,26.9,181,226,129,NEVER,8,0
PAT_00007998,41,34.8,160,126,141,UNKNOWN,0,1
PAT_00007999,88,23.4,110,306,179,FORMER,2,0
PAT_00008000,77,26.9,149,281,120,CURRENT,8,1
