reading_id,factory_id,machine_id,temp_celsius,vibration_mms,power_consumption_kw,oil_pressure_bar,acoustic_db,maintenance_required
IOT_00000001,FAC_04,MCH_68,88.9,0.288,53.1,2.61,72.4,0
IOT_00000002,FAC_05,MCH_13,65.51,3.175,33.0,7.41,85.6,0
IOT_00000003,FAC_03,MCH_81,84.27,0.795,36.1,6.15,96.7,0
IOT_00000004,FAC_01,MCH_74,44.46,5.051,129.3,3.4,71.6,0
IOT_00000005,FAC_03,MCH_98,49.83,5.237,129.4,7.2,95.5,0
IOT_00000006,FAC_03,MCH_11,64.52,3.848,94.2,3.09,102.1,1
IOT_00000007,FAC_02,MCH_89,47.28,2.914,57.7,3.01,62.8,0
IOT_00000008,FAC_02,MCH_34,41.31,5.241,89.6,6.38,82.1,0
IOT_00000009,FAC_02,MCH_96,35.65,6.236,61.6,3.89,73.8,0
IOT_00000010,FAC_05,MCH_35,46.54,0.597,69.5,5.64,106.4,1
IOT_00000011,FAC_02,MCH_82,74.52,4.067,61.9,3.31,93.7,1
IOT_00000012,FAC_05,MCH_29,44.29,4.632,23.4,6.85,94.7,0
IOT_00000013,FAC_05,MCH_53,91.19,4.259,19.7,4.18,84.8,0
IOT_00000014,FAC_01,MCH_36,77.69,5.89,73.4,5.75,74.1,0
IOT_00000015,FAC_02,MCH_75,37.95,5.357,60.2,2.76,95.9,0
IOT_00000016,FAC_04,MCH_86,53.57,1.775,100.1,2.64,57.2,0
IOT_00000017,FAC_05,MCH_91,35.07,3.713,28.9,5.23,100.7,0
IOT_00000018,FAC_02,MCH_28,59.53,4.008,23.4,5.84,62.9,0
IOT_00000019,FAC_01,MCH_34,70.73,3.807,145.5,3.49,78.7,0
IOT_00000020,FAC_04,MCH_36,39.07,3.668,89.4,7.7,81.2,0
IOT_00000021,FAC_05,MCH_91,41.15,6.003,43.8,6.71,63.2,1
IOT_00000022,FAC_05,MCH_29,67.12,1.096,47.0,5.75,96.9,0
IOT_00000023,FAC_03,MCH_95,89.67,0.773,86.8,6.84,59.3,0
IOT_00000024,FAC_05,MCH_58,54.45,0.759,132.9,7.36,93.7,0
IOT_00000025,FAC_04,MCH_99,37.93,2.986,87.6,6.44,68.3,0
IOT_00000026,FAC_05,MCH_74,78.29,6.479,146.3,2.65,89.6,0
IOT_00000027,FAC_03,MCH_32,74.58,5.407,64.4,4.57,64.6,0
IOT_00000028,FAC_04,MCH_19,62.82,6.182,42.0,7.36,108.3,0
IOT_00000029,FAC_01,MCH_38,83.74,1.932,63.8,7.87,55.0,0
IOT_00000030,FAC_03,MCH_49,70.16,2.447,14.7,2.99,89.5,0
IOT_00000031,FAC_04,MCH_89,47.6,0.407,61.3,3.24,91.3,0
IOT_00000032,FAC_05,MCH_56,37.43,5.954,122.6,4.42,57.1,0
IOT_00000033,FAC_01,MCH_38,40.04,2.655,12.4,4.54,71.8,0
IOT_00000034,FAC_03,MCH_91,41.7,4.656,64.5,3.87,70.5,0
IOT_00000035,FAC_04,MCH_67,68.47,4.314,145.5,5.42,89.5,0
IOT_00000036,FAC_02,MCH_42,83.51,5.631,27.0,2.51,67.1,0
IOT_00000037,FAC_04,MCH_54,49.91,0.477,55.7,4.99,101.7,0
IOT_00000038,FAC_04,MCH_74,56.82,4.291,59.7,4.86,81.1,0
IOT_00000039,FAC_01,MCH_97,61.21,4.656,92.1,5.5,102.8,1
IOT_00000040,FAC_03,MCH_31,63.3,2.877,45.2,7.5,83.9,0
IOT_00000041,FAC_02,MCH_61,87.13,4.767,138.6,6.13,69.5,0
IOT_00000042,FAC_04,MCH_78,58.52,0.679,96.5,6.17,80.0,0
IOT_00000043,FAC_02,MCH_24,35.07,3.824,131.9,4.98,86.9,0
IOT_00000044,FAC_02,MCH_71,67.58,1.806,76.6,7.06,96.6,0
IOT_00000045,FAC_04,MCH_37,74.99,5.374,83.4,7.77,102.6,0
IOT_00000046,FAC_02,MCH_19,38.77,2.39,32.4,7.26,99.7,0
IOT_00000047,FAC_01,MCH_65,79.91,5.953,110.3,7.06,89.9,0
IOT_00000048,FAC_05,MCH_42,36.99,2.999,145.6,6.47,66.0,1
IOT_00000049,FAC_04,MCH_10,52.8,5.756,68.3,4.74,77.8,0
IOT_00000050,FAC_02,MCH_27,40.85,5.379,140.2,4.02,77.6,0
IOT_00000051,FAC_03,MCH_55,83.26,4.783,92.7,5.44,90.7,0
IOT_00000052,FAC_02,MCH_57,56.34,4.045,33.2,3.37,83.5,0
IOT_00000053,FAC_03,MCH_16,73.96,2.971,30.6,6.21,93.1,0
IOT_00000054,FAC_04,MCH_79,87.67,4.579,53.6,7.98,65.1,0
IOT_00000055,FAC_01,MCH_56,59.25,0.732,46.6,7.46,64.5,0
IOT_00000056,FAC_04,MCH_49,48.27,5.787,41.5,4.73,70.9,0
IOT_00000057,FAC_05,MCH_77,68.44,0.961,93.7,3.38,72.1,0
IOT_00000058,FAC_04,MCH_60,53.91,4.015,41.9,2.55,107.1,0
IOT_00000059,FAC_05,MCH_77,59.76,3.901,110.5,4.89,64.2,0
IOT_00000060,FAC_03,MCH_49,84.61,2.162,47.3,6.11,63.4,0
IOT_00000061,FAC_03,MCH_73,72.8,6.194,29.0,4.85,66.8,0
IOT_00000062,FAC_01,MCH_15,61.65,0.311,21.3,3.2,90.9,0
IOT_00000063,FAC_01,MCH_76,41.04,1.706,119.2,4.43,103.3,0
IOT_00000064,FAC_02,MCH_35,62.6,0.561,13.1,5.33,66.3,0
IOT_00000065,FAC_04,MCH_71,59.53,5.47,149.7,5.03,78.3,0
IOT_00000066,FAC_01,MCH_52,86.33,1.309,128.5,6.4,84.5,0
IOT_00000067,FAC_01,MCH_25,39.55,5.415,149.8,3.03,68.7,0
IOT_00000068,FAC_04,MCH_40,69.61,0.646,114.9,2.8,77.8,0
IOT_00000069,FAC_02,MCH_57,36.53,5.415,23.5,3.66,78.1,0
IOT_00000070,FAC_04,MCH_69,48.12,0.324,25.0,2.96,102.9,0
IOT_00000071,FAC_04,MCH_38,94.22,4.615,18.5,4.12,76.3,0
IOT_00000072,FAC_02,MCH_60,59.23,3.432,89.9,3.57,72.9,0
IOT_00000073,FAC_05,MCH_38,79.29,0.848,105.4,7.33,70.7,0
IOT_00000074,FAC_05,MCH_90,56.53,3.649,71.7,7.64,62.5,0
IOT_00000075,FAC_04,MCH_25,62.28,3.986,130.1,3.19,109.9,0
IOT_00000076,FAC_01,MCH_52,94.73,6.385,53.3,3.42,60.8,0
IOT_00000077,FAC_04,MCH_28,77.93,3.394,26.0,7.35,99.9,0
IOT_00000078,FAC_04,MCH_52,49.32,3.192,111.9,5.46,68.8,0
IOT_00000079,FAC_03,MCH_43,62.8,2.261,30.5,3.56,104.7,0
IOT_00000080,FAC_03,MCH_57,92.27,5.755,40.8,4.08,107.1,0
IOT_00000081,FAC_05,MCH_72,72.54,0.63,101.9,5.8,103.7,0
IOT_00000082,FAC_04,MCH_54,57.3,3.011,94.2,6.48,66.0,0
IOT_00000083,FAC_04,MCH_19,77.91,4.462,74.7,5.62,57.7,0
IOT_00000084,FAC_03,MCH_28,45.51,4.45,19.9,7.65,76.4,1
IOT_00000085,FAC_01,MCH_80,78.65,1.897,84.3,7.68,74.7,0
IOT_00000086,FAC_04,MCH_98,71.45,0.295,119.9,4.65,70.9,0
IOT_00000087,FAC_01,MCH_27,70.5,2.37,90.2,4.03,95.4,0
IOT_00000088,FAC_05,MCH_15,59.52,5.806,109.5,6.52,66.8,0
IOT_00000089,FAC_01,MCH_46,63.51,3.205,102.6,7.9,84.2,0
IOT_00000090,FAC_02,MCH_78,46.14,2.608,72.7,3.61,75.7,0
IOT_00000091,FAC_05,MCH_94,60.55,5.745,76.3,6.4,55.2,0
IOT_00000092,FAC_04,MCH_54,37.58,5.44,107.7,5.91,56.7,0
IOT_00000093,FAC_05,MCH_58,49.59,3.973,49.9,5.16,88.4,0
IOT_00000094,FAC_03,MCH_69,68.62,4.235,31.2,4.24,64.8,0
IOT_00000095,FAC_01,MCH_42,43.12,2.243,132.2,2.94,84.8,0
IOT_00000096,FAC_04,MCH_82,88.72,4.063,77.2,5.59,99.6,0
IOT_00000097,FAC_01,MCH_50,64.72,5.625,106.6,4.95,74.4,0
IOT_00000098,FAC_04,MCH_73,76.26,1.602,34.3,6.63,101.8,0
IOT_00000099,FAC_04,MCH_77,80.14,3.647,22.5,7.94,70.4,0
IOT_00000100,FAC_04,MCH_98,90.27,5.798,130.5,3.28,101.6,0
IOT_00000101,FAC_01,MCH_65,65.82,4.398,131.4,2.78,76.2,0
IOT_00000102,FAC_02,MCH_28,45.59,0.368,83.2,7.8,64.8,1
IOT_00000103,FAC_03,MCH_55,37.1,6.446,66.0,7.4,83.3,0
IOT_00000104,FAC_02,MCH_84,66.34,1.245,149.5,5.69,74.9,0
IOT_00000105,FAC_03,MCH_93,79.92,3.207,24.9,7.08,60.0,0
IOT_00000106,FAC_05,MCH_64,39.34,1.264,146.3,5.48,100.6,0
IOT_00000107,FAC_01,MCH_95,56.71,5.814,84.9,2.79,88.6,0
IOT_00000108,FAC_03,MCH_14,46.68,6.369,100.7,7.64,77.2,0
IOT_00000109,FAC_04,MCH_98,94.85,3.858,148.7,2.81,78.2,0
IOT_00000110,FAC_01,MCH_44,75.55,0.94,75.0,3.85,63.1,0
IOT_00000111,FAC_03,MCH_59,43.56,6.209,73.7,7.48,93.4,0
IOT_00000112,FAC_04,MCH_60,53.28,2.673,58.1,7.98,84.3,0
IOT_00000113,FAC_04,MCH_33,64.75,5.468,19.2,7.71,80.9,0
IOT_00000114,FAC_05,MCH_54,42.59,1.937,72.8,3.66,95.7,0
IOT_00000115,FAC_04,MCH_73,88.11,4.846,82.4,2.96,81.0,0
IOT_00000116,FAC_05,MCH_39,92.66,5.573,69.9,6.58,91.1,0
IOT_00000117,FAC_04,MCH_75,61.07,3.232,127.6,4.13,68.2,0
IOT_00000118,FAC_05,MCH_18,59.76,5.646,103.5,6.98,104.7,0
IOT_00000119,FAC_01,MCH_73,37.59,3.235,126.8,3.45,105.2,0
IOT_00000120,FAC_02,MCH_43,59.19,4.417,65.0,7.83,60.5,1
IOT_00000121,FAC_04,MCH_84,66.54,2.633,99.7,4.18,108.1,0
IOT_00000122,FAC_05,MCH_42,90.76,2.58,48.0,7.39,58.1,0
IOT_00000123,FAC_04,MCH_86,78.97,5.049,116.7,4.4,103.6,0
IOT_00000124,FAC_01,MCH_96,43.06,1.37,17.9,7.0,62.4,0
IOT_00000125,FAC_02,MCH_49,66.27,1.295,12.9,3.4,87.1,0
IOT_00000126,FAC_02,MCH_26,42.64,2.526,43.9,4.0,79.0,0
IOT_00000127,FAC_02,MCH_54,68.56,2.529,76.8,5.46,98.6,0
IOT_00000128,FAC_03,MCH_51,37.94,4.718,34.6,6.81,63.3,0
IOT_00000129,FAC_03,MCH_74,39.11,4.66,120.5,7.57,87.8,0
IOT_00000130,FAC_02,MCH_35,69.21,0.579,15.5,5.35,55.9,0
IOT_00000131,FAC_02,MCH_85,74.23,1.649,136.9,7.92,60.9,0
IOT_00000132,FAC_02,MCH_30,92.41,6.17,84.8,5.07,97.7,0
IOT_00000133,FAC_05,MCH_51,59.03,2.286,24.6,5.04,55.7,0
IOT_00000134,FAC_02,MCH_80,92.47,6.25,76.0,3.15,70.3,0
IOT_00000135,FAC_01,MCH_67,94.45,1.849,143.0,4.45,70.1,0
IOT_00000136,FAC_02,MCH_82,86.47,1.743,120.0,3.76,99.9,0
IOT_00000137,FAC_01,MCH_16,51.67,0.835,61.9,2.66,61.9,1
IOT_00000138,FAC_01,MCH_69,74.81,5.472,46.3,6.38,99.6,0
IOT_00000139,FAC_05,MCH_34,60.7,5.363,98.2,6.67,102.5,0
IOT_00000140,FAC_02,MCH_54,93.27,1.922,37.7,3.84,93.4,1
IOT_00000141,FAC_05,MCH_50,76.92,1.912,98.7,3.73,85.1,0
IOT_00000142,FAC_03,MCH_31,58.1,0.399,119.2,3.76,97.0,0
IOT_00000143,FAC_01,MCH_28,44.83,1.872,123.3,6.63,74.3,1
IOT_00000144,FAC_01,MCH_96,55.77,5.287,79.5,3.49,89.3,0
IOT_00000145,FAC_02,MCH_85,38.18,2.822,105.5,6.19,72.0,0
IOT_00000146,FAC_02,MCH_68,78.57,3.052,50.4,6.22,82.3,0
IOT_00000147,FAC_04,MCH_65,36.74,4.005,79.0,7.21,60.3,0
IOT_00000148,FAC_02,MCH_73,93.61,6.048,96.7,6.58,99.1,0
IOT_00000149,FAC_04,MCH_74,92.46,4.216,137.6,5.59,87.8,0
IOT_00000150,FAC_01,MCH_40,61.02,0.665,56.0,6.43,61.1,0
IOT_00000151,FAC_01,MCH_78,36.06,2.893,14.4,3.95,73.2,0
IOT_00000152,FAC_02,MCH_10,73.9,0.528,38.5,4.83,64.2,0
IOT_00000153,FAC_02,MCH_71,54.78,4.293,43.4,7.46,65.4,0
IOT_00000154,FAC_01,MCH_18,81.86,4.212,118.0,7.95,59.4,0
IOT_00000155,FAC_04,MCH_10,89.97,5.507,76.9,7.57,106.3,0
IOT_00000156,FAC_05,MCH_67,83.63,5.203,40.0,3.81,81.9,0
IOT_00000157,FAC_05,MCH_59,35.49,6.083,124.5,5.03,103.9,0
IOT_00000158,FAC_05,MCH_42,62.57,1.532,111.6,4.84,65.3,0
IOT_00000159,FAC_03,MCH_19,86.11,4.939,66.3,4.29,69.8,0
IOT_00000160,FAC_01,MCH_30,72.71,3.864,40.8,4.48,67.6,0
IOT_00000161,FAC_01,MCH_87,88.79,4.778,24.3,5.47,77.8,0
IOT_00000162,FAC_02,MCH_12,90.71,0.408,39.3,2.97,59.5,0
IOT_00000163,FAC_01,MCH_17,58.97,4.34,66.6,6.2,64.0,0
IOT_00000164,FAC_02,MCH_20,54.03,3.565,145.8,5.44,56.3,0
IOT_00000165,FAC_01,MCH_26,43.48,2.458,41.5,6.1,91.3,0
IOT_00000166,FAC_01,MCH_51,90.3,0.558,55.8,3.44,99.1,1
IOT_00000167,FAC_02,MCH_19,76.23,4.766,40.7,5.34,108.2,0
IOT_00000168,FAC_03,MCH_21,57.44,0.108,15.2,7.67,74.2,0
IOT_00000169,FAC_03,MCH_81,76.08,4.68,51.6,6.8,61.5,0
IOT_00000170,FAC_03,MCH_36,80.3,4.761,48.8,4.55,87.4,0
IOT_00000171,FAC_02,MCH_12,60.46,2.094,142.8,7.6,61.6,0
IOT_00000172,FAC_01,MCH_99,87.62,1.274,59.9,5.24,107.3,0
IOT_00000173,FAC_02,MCH_95,67.67,4.654,35.0,6.5,96.7,0
IOT_00000174,FAC_05,MCH_30,82.84,5.081,132.0,6.95,57.3,0
IOT_00000175,FAC_01,MCH_90,77.82,1.05,35.2,6.24,94.4,0
IOT_00000176,FAC_02,MCH_22,74.66,1.425,29.4,7.59,77.6,0
IOT_00000177,FAC_04,MCH_21,82.08,6.357,145.3,5.27,81.8,0
IOT_00000178,FAC_05,MCH_50,58.81,2.005,35.7,4.92,74.9,0
IOT_00000179,FAC_05,MCH_80,54.31,5.226,90.8,7.9,91.4,0
IOT_00000180,FAC_03,MCH_94,82.27,2.867,129.4,3.5,59.2,0
IOT_00000181,FAC_03,MCH_84,54.13,4.947,62.9,7.31,69.2,0
IOT_00000182,FAC_04,MCH_43,57.43,1.94,97.2,6.39,82.1,0
IOT_00000183,FAC_04,MCH_40,82.2,6.23,149.0,7.77,65.0,0
IOT_00000184,FAC_04,MCH_80,94.15,1.865,71.5,6.04,87.2,0
IOT_00000185,FAC_03,MCH_49,66.78,3.137,133.4,7.85,86.6,0
IOT_00000186,FAC_02,MCH_82,72.32,2.54,125.0,3.87,80.8,0
IOT_00000187,FAC_02,MCH_24,71.05,5.041,27.3,5.65,79.9,0
IOT_00000188,FAC_05,MCH_11,93.51,2.973,42.8,6.43,99.1,1
IOT_00000189,FAC_05,MCH_63,68.75,4.902,125.4,4.02,69.7,1
IOT_00000190,FAC_03,MCH_36,94.16,0.143,112.7,7.57,55.2,0
IOT_00000191,FAC_01,MCH_31,52.35,4.609,42.3,3.2,98.8,0
IOT_00000192,FAC_05,MCH_54,78.53,2.36,91.4,2.91,66.0,1
IOT_00000193,FAC_02,MCH_87,42.93,4.141,147.5,6.78,93.6,0
IOT_00000194,FAC_02,MCH_95,81.73,5.037,58.6,2.62,92.5,0
IOT_00000195,FAC_01,MCH_11,40.77,3.475,144.1,5.93,66.4,0
IOT_00000196,FAC_04,MCH_62,60.74,0.557,18.6,7.26,98.0,0
IOT_00000197,FAC_04,MCH_90,36.64,1.204,37.2,4.43,56.1,0
IOT_00000198,FAC_02,MCH_73,51.66,5.259,83.5,4.82,108.9,0
IOT_00000199,FAC_02,MCH_57,92.91,3.117,61.1,7.2,63.9,0
IOT_00000200,FAC_03,MCH_14,84.2,5.996,23.6,3.8,70.8,0
IOT_00000201,FAC_01,MCH_66,61.93,4.752,45.5,7.55,103.7,0
IOT_00000202,FAC_02,MCH_14,47.39,0.666,50.6,6.17,86.3,0
IOT_00000203,FAC_05,MCH_13,76.64,6.446,70.1,7.0,57.7,0
IOT_00000204,FAC_05,MCH_27,41.4,2.759,136.1,4.5,85.4,0
IOT_00000205,FAC_01,MCH_82,41.42,2.956,40.5,2.78,57.3,0
IOT_00000206,FAC_01,MCH_93,45.53,4.092,120.4,6.64,108.9,0
IOT_00000207,FAC_01,MCH_80,65.09,1.609,91.9,6.83,107.4,0
IOT_00000208,FAC_01,MCH_38,73.99,4.068,20.3,2.83,57.9,0
IOT_00000209,FAC_05,MCH_46,90.65,6.184,18.5,5.03,59.3,1
IOT_00000210,FAC_01,MCH_96,57.86,1.235,34.1,4.7,98.5,1
IOT_00000211,FAC_03,MCH_72,70.47,4.879,87.7,7.91,65.6,0
IOT_00000212,FAC_04,MCH_84,81.01,3.255,36.8,7.4,107.8,0
IOT_00000213,FAC_05,MCH_83,82.76,3.083,61.7,7.5,109.4,0
IOT_00000214,FAC_02,MCH_71,64.61,3.38,61.9,2.72,108.3,0
IOT_00000215,FAC_01,MCH_49,63.28,3.954,90.8,3.34,108.0,0
IOT_00000216,FAC_04,MCH_55,88.81,1.782,87.0,7.08,79.2,0
IOT_00000217,FAC_04,MCH_31,49.52,3.247,49.2,5.9,76.6,0
IOT_00000218,FAC_02,MCH_26,47.76,2.848,133.9,2.82,68.1,0
IOT_00000219,FAC_02,MCH_44,92.72,6.098,131.7,7.66,72.4,0
IOT_00000220,FAC_05,MCH_27,76.51,4.926,35.9,4.85,78.9,0
IOT_00000221,FAC_01,MCH_62,53.95,5.368,107.0,2.62,65.8,0
IOT_00000222,FAC_03,MCH_37,80.34,4.71,52.2,7.73,64.7,0
IOT_00000223,FAC_03,MCH_86,44.14,4.443,61.7,3.34,99.8,0
IOT_00000224,FAC_05,MCH_77,76.56,5.984,45.5,7.07,106.2,0
IOT_00000225,FAC_05,MCH_69,71.21,5.112,54.7,5.65,61.2,0
IOT_00000226,FAC_05,MCH_47,82.39,3.513,29.8,4.09,61.3,0
IOT_00000227,FAC_03,MCH_57,59.15,0.652,111.5,3.98,67.0,0
IOT_00000228,FAC_03,MCH_10,79.12,6.32,34.0,6.36,104.5,0
IOT_00000229,FAC_01,MCH_90,94.74,3.058,67.6,7.95,69.6,0
IOT_00000230,FAC_01,MCH_62,36.1,6.264,71.8,2.7,57.8,0
IOT_00000231,FAC_04,MCH_65,49.04,1.475,61.6,7.34,104.0,0
IOT_00000232,FAC_01,MCH_28,45.97,2.847,20.8,7.11,76.4,0
IOT_00000233,FAC_05,MCH_32,43.58,2.797,68.7,6.46,86.1,0
IOT_00000234,FAC_05,MCH_31,63.37,2.39,63.3,2.84,58.8,0
IOT_00000235,FAC_03,MCH_78,55.94,2.757,135.6,4.45,104.9,0
IOT_00000236,FAC_01,MCH_38,86.62,6.233,44.0,3.85,92.5,0
IOT_00000237,FAC_04,MCH_80,47.49,0.369,40.8,3.41,104.2,0
IOT_00000238,FAC_02,MCH_81,90.0,5.247,137.1,5.81,96.5,0
IOT_00000239,FAC_05,MCH_63,87.71,6.343,100.1,7.28,82.0,0
IOT_00000240,FAC_03,MCH_79,66.17,4.338,74.5,7.51,77.6,0
IOT_00000241,FAC_05,MCH_60,91.47,0.571,69.3,6.45,65.8,0
IOT_00000242,FAC_03,MCH_55,93.53,4.981,33.1,7.38,85.2,0
IOT_00000243,FAC_04,MCH_72,35.97,2.906,72.3,5.24,83.6,0
IOT_00000244,FAC_02,MCH_83,49.61,4.671,73.4,7.65,59.5,0
IOT_00000245,FAC_05,MCH_70,94.9,5.627,97.0,4.63,92.7,0
IOT_00000246,FAC_01,MCH_47,53.71,4.343,69.5,5.82,68.5,0
IOT_00000247,FAC_02,MCH_76,63.54,2.159,87.0,4.32,80.4,0
IOT_00000248,FAC_01,MCH_47,68.63,3.644,42.6,4.5,66.0,0
IOT_00000249,FAC_02,MCH_80,46.32,5.065,112.5,7.54,108.3,0
IOT_00000250,FAC_05,MCH_41,39.26,4.574,149.0,6.79,79.0,0
IOT_00000251,FAC_01,MCH_14,64.8,3.399,72.4,7.18,96.9,0
IOT_00000252,FAC_01,MCH_60,73.65,4.644,133.6,6.34,100.7,0
IOT_00000253,FAC_02,MCH_89,89.26,1.457,108.5,5.14,66.1,0
IOT_00000254,FAC_04,MCH_15,49.4,0.546,107.6,7.24,95.2,0
IOT_00000255,FAC_04,MCH_83,61.59,3.339,121.6,3.41,102.1,0
IOT_00000256,FAC_04,MCH_23,75.81,5.734,138.8,4.24,62.0,0
IOT_00000257,FAC_03,MCH_33,54.06,5.347,29.1,6.35,77.4,0
IOT_00000258,FAC_05,MCH_18,69.13,6.052,109.6,6.68,67.7,0
IOT_00000259,FAC_05,MCH_56,86.32,6.155,23.9,5.05,82.8,0
IOT_00000260,FAC_02,MCH_67,60.14,0.701,86.4,5.1,91.2,0
IOT_00000261,FAC_01,MCH_24,89.67,2.347,35.0,3.05,64.8,0
IOT_00000262,FAC_03,MCH_49,55.08,1.76,93.5,4.45,64.4,0
IOT_00000263,FAC_02,MCH_35,69.1,1.146,148.6,6.68,72.1,0
IOT_00000264,FAC_03,MCH_38,70.35,0.866,140.7,3.14,98.0,0
IOT_00000265,FAC_03,MCH_72,39.18,1.333,29.5,5.27,96.9,0
IOT_00000266,FAC_03,MCH_15,79.63,6.444,110.8,7.87,66.4,0
IOT_00000267,FAC_04,MCH_26,57.87,4.682,85.5,6.89,103.3,0
IOT_00000268,FAC_01,MCH_37,89.49,3.512,54.9,5.13,103.9,0
IOT_00000269,FAC_04,MCH_49,62.15,2.111,34.3,2.9,109.3,0
IOT_00000270,FAC_01,MCH_87,56.96,1.536,27.0,4.71,100.0,0
IOT_00000271,FAC_05,MCH_23,35.29,1.083,65.3,6.51,100.9,0
IOT_00000272,FAC_03,MCH_43,80.23,6.347,146.7,6.57,77.9,0
IOT_00000273,FAC_03,MCH_17,54.28,4.933,93.3,5.42,75.2,0
IOT_00000274,FAC_05,MCH_40,86.45,1.988,60.9,3.14,63.9,1
IOT_00000275,FAC_02,MCH_59,55.64,4.516,126.6,4.84,93.0,0
IOT_00000276,FAC_05,MCH_84,64.02,0.486,106.2,3.14,88.7,0
IOT_00000277,FAC_01,MCH_75,77.72,1.161,13.0,4.24,108.5,0
IOT_00000278,FAC_01,MCH_76,64.63,2.277,24.1,4.6,78.6,0
IOT_00000279,FAC_02,MCH_62,39.67,3.072,46.6,5.75,59.7,0
IOT_00000280,FAC_05,MCH_57,92.65,4.864,82.2,3.45,78.7,0
IOT_00000281,FAC_05,MCH_96,43.73,2.902,78.7,6.4,83.0,0
IOT_00000282,FAC_04,MCH_96,93.95,1.943,33.5,3.7,74.3,0
IOT_00000283,FAC_01,MCH_94,85.33,1.796,17.6,4.23,106.2,0
IOT_00000284,FAC_02,MCH_79,35.87,4.619,52.6,3.44,55.9,0
IOT_00000285,FAC_04,MCH_29,75.12,5.139,83.4,3.17,70.2,0
IOT_00000286,FAC_02,MCH_42,41.34,5.254,42.4,7.77,66.1,0
IOT_00000287,FAC_05,MCH_93,88.57,0.752,48.5,3.18,93.5,0
IOT_00000288,FAC_01,MCH_29,88.73,4.72,98.6,6.9,74.5,0
IOT_00000289,FAC_05,MCH_43,52.83,1.196,125.4,3.95,109.5,1
IOT_00000290,FAC_03,MCH_35,43.15,1.487,48.0,3.42,90.2,1
IOT_00000291,FAC_03,MCH_26,59.84,4.902,116.0,5.1,83.5,1
IOT_00000292,FAC_02,MCH_23,49.78,3.485,71.5,2.94,89.1,0
IOT_00000293,FAC_02,MCH_40,44.37,3.483,85.1,2.64,59.4,0
IOT_00000294,FAC_01,MCH_47,46.39,4.05,97.7,6.01,83.0,0
IOT_00000295,FAC_03,MCH_57,80.79,4.39,117.8,3.11,81.2,0
IOT_00000296,FAC_02,MCH_87,88.24,0.544,125.5,3.73,72.2,0
IOT_00000297,FAC_04,MCH_31,75.28,4.295,34.3,6.49,65.0,0
IOT_00000298,FAC_01,MCH_73,47.45,1.855,51.6,3.38,57.3,0
IOT_00000299,FAC_05,MCH_70,72.28,4.179,71.0,7.21,62.4,0
IOT_00000300,FAC_02,MCH_16,86.81,0.811,99.6,3.42,78.0,0
IOT_00000301,FAC_04,MCH_74,56.27,4.277,110.1,7.53,72.5,0
IOT_00000302,FAC_02,MCH_92,60.84,6.045,141.0,5.82,63.4,0
IOT_00000303,FAC_05,MCH_68,79.77,1.538,74.7,3.76,109.1,0
IOT_00000304,FAC_01,MCH_62,63.95,1.657,42.2,4.06,70.3,0
IOT_00000305,FAC_04,MCH_44,73.81,0.787,108.4,6.92,62.0,0
IOT_00000306,FAC_02,MCH_47,75.17,5.829,46.9,5.0,73.1,0
IOT_00000307,FAC_04,MCH_18,40.71,2.175,14.6,7.77,57.7,0
IOT_00000308,FAC_01,MCH_39,55.31,0.88,40.0,4.63,56.2,1
IOT_00000309,FAC_03,MCH_30,84.8,4.718,111.9,7.32,81.7,0
IOT_00000310,FAC_02,MCH_38,91.02,1.398,37.9,7.01,76.1,0
IOT_00000311,FAC_01,MCH_83,63.19,5.357,62.3,7.13,76.6,0
IOT_00000312,FAC_04,MCH_36,75.29,5.727,70.1,7.59,89.3,0
IOT_00000313,FAC_03,MCH_98,53.73,0.504,77.7,4.38,100.4,0
IOT_00000314,FAC_01,MCH_28,52.47,4.294,17.8,3.66,86.7,0
IOT_00000315,FAC_02,MCH_86,69.5,4.116,64.9,3.55,104.4,0
IOT_00000316,FAC_03,MCH_53,57.1,0.766,13.5,4.28,83.7,0
IOT_00000317,FAC_05,MCH_30,42.97,1.789,141.1,3.59,64.8,0
IOT_00000318,FAC_03,MCH_41,87.02,4.518,48.1,2.69,101.8,0
IOT_00000319,FAC_05,MCH_28,72.47,0.599,36.1,4.2,57.5,0
IOT_00000320,FAC_02,MCH_39,72.61,3.062,61.4,7.33,95.3,0
IOT_00000321,FAC_02,MCH_17,92.44,6.04,54.5,4.19,86.7,0
IOT_00000322,FAC_04,MCH_51,72.95,0.716,103.2,6.37,94.9,0
IOT_00000323,FAC_04,MCH_16,40.12,3.59,93.1,4.75,76.1,1
IOT_00000324,FAC_02,MCH_81,69.93,4.246,15.9,7.1,61.4,0
IOT_00000325,FAC_01,MCH_10,67.01,6.187,140.6,7.33,103.7,0
IOT_00000326,FAC_05,MCH_80,68.78,5.166,63.0,5.0,66.9,0
IOT_00000327,FAC_04,MCH_66,75.91,4.816,134.3,7.77,59.0,0
IOT_00000328,FAC_02,MCH_58,73.09,2.548,13.7,3.65,105.6,0
IOT_00000329,FAC_05,MCH_57,58.17,3.334,44.9,4.83,61.5,0
IOT_00000330,FAC_04,MCH_24,79.27,1.817,37.8,7.71,55.0,1
IOT_00000331,FAC_05,MCH_38,49.78,0.484,86.5,5.58,95.3,0
IOT_00000332,FAC_01,MCH_26,43.02,0.517,128.6,6.73,55.9,0
IOT_00000333,FAC_05,MCH_17,35.94,1.798,35.2,7.37,70.4,0
IOT_00000334,FAC_04,MCH_25,61.26,2.193,143.3,3.65,55.3,1
IOT_00000335,FAC_04,MCH_33,54.7,0.905,51.9,3.65,70.8,0
IOT_00000336,FAC_05,MCH_64,41.11,5.358,77.4,3.44,89.4,0
IOT_00000337,FAC_03,MCH_91,89.67,6.038,138.8,5.71,86.3,0
IOT_00000338,FAC_03,MCH_57,47.51,4.588,136.1,5.31,79.7,0
IOT_00000339,FAC_05,MCH_15,85.23,0.7,93.0,3.94,72.0,0
IOT_00000340,FAC_04,MCH_40,79.17,0.234,65.4,6.69,85.6,0
IOT_00000341,FAC_01,MCH_31,85.63,6.143,119.8,5.47,71.3,0
IOT_00000342,FAC_01,MCH_23,44.72,4.436,105.5,6.26,83.3,0
IOT_00000343,FAC_04,MCH_89,38.89,5.2,89.2,4.23,76.6,0
IOT_00000344,FAC_04,MCH_33,83.5,3.075,131.2,3.43,60.8,1
IOT_00000345,FAC_02,MCH_67,78.44,6.107,134.8,7.47,78.9,0
IOT_00000346,FAC_03,MCH_88,37.74,1.695,38.8,2.72,101.5,0
IOT_00000347,FAC_04,MCH_61,53.09,6.036,14.1,6.16,67.9,0
IOT_00000348,FAC_01,MCH_50,52.77,2.548,39.3,7.27,88.1,0
IOT_00000349,FAC_05,MCH_83,54.13,5.848,137.7,3.19,80.7,0
IOT_00000350,FAC_05,MCH_22,91.84,2.495,141.3,3.53,62.0,0
IOT_00000351,FAC_04,MCH_67,80.8,5.152,101.9,6.47,62.4,0
IOT_00000352,FAC_03,MCH_89,52.31,4.162,71.1,2.79,101.8,0
IOT_00000353,FAC_01,MCH_26,52.86,4.268,115.1,7.59,102.2,0
IOT_00000354,FAC_02,MCH_37,35.3,0.785,77.5,6.03,86.9,0
IOT_00000355,FAC_01,MCH_66,94.5,3.896,68.2,3.86,88.1,0
IOT_00000356,FAC_04,MCH_26,38.5,1.767,49.7,6.17,61.1,0
IOT_00000357,FAC_05,MCH_57,86.23,6.444,110.7,6.29,99.7,0
IOT_00000358,FAC_04,MCH_80,61.2,4.943,85.6,4.3,80.7,0
IOT_00000359,FAC_03,MCH_89,78.54,3.776,117.7,2.58,68.2,0
IOT_00000360,FAC_05,MCH_87,85.22,5.983,33.9,6.01,74.3,0
IOT_00000361,FAC_04,MCH_15,65.06,1.623,47.9,4.0,64.5,0
IOT_00000362,FAC_02,MCH_59,62.76,3.623,20.1,5.16,62.1,0
IOT_00000363,FAC_03,MCH_25,36.16,5.417,39.5,5.22,106.0,0
IOT_00000364,FAC_05,MCH_78,63.01,3.361,137.5,4.15,95.6,0
IOT_00000365,FAC_03,MCH_34,84.93,4.91,102.7,3.42,88.9,0
IOT_00000366,FAC_03,MCH_23,49.92,4.469,19.3,2.6,92.6,0
IOT_00000367,FAC_03,MCH_21,68.32,0.402,64.1,7.11,103.4,0
IOT_00000368,FAC_04,MCH_61,42.07,4.158,138.0,3.07,82.9,0
IOT_00000369,FAC_03,MCH_73,81.9,3.461,117.1,5.49,80.7,0
IOT_00000370,FAC_03,MCH_87,74.4,3.839,37.8,3.77,100.4,0
IOT_00000371,FAC_04,MCH_40,53.87,4.735,17.0,5.93,89.4,0
IOT_00000372,FAC_01,MCH_16,90.89,4.51,92.3,7.28,107.9,0
IOT_00000373,FAC_01,MCH_75,55.14,6.135,112.6,6.9,109.2,0
IOT_00000374,FAC_03,MCH_84,63.39,0.116,125.9,3.7,108.3,0
IOT_00000375,FAC_05,MCH_38,71.35,2.16,49.7,7.69,107.0,0
IOT_00000376,FAC_04,MCH_40,40.4,6.306,115.2,6.26,72.3,0
IOT_00000377,FAC_03,MCH_17,86.82,1.828,79.4,5.06,68.0,0
IOT_00000378,FAC_01,MCH_26,43.49,3.45,14.4,2.82,62.7,1
IOT_00000379,FAC_04,MCH_68,69.67,0.24,128.1,6.58,82.6,0
IOT_00000380,FAC_01,MCH_84,59.75,5.611,149.3,4.51,81.5,0
IOT_00000381,FAC_02,MCH_12,52.26,1.544,38.0,4.71,102.9,1
IOT_00000382,FAC_03,MCH_28,64.57,5.706,53.8,7.71,109.1,1
IOT_00000383,FAC_05,MCH_79,46.68,1.212,100.2,3.62,101.9,0
IOT_00000384,FAC_05,MCH_93,49.79,4.267,59.9,6.39,69.4,0
IOT_00000385,FAC_01,MCH_47,59.2,3.04,62.2,2.99,106.2,0
IOT_00000386,FAC_04,MCH_74,77.69,3.597,134.3,7.19,65.4,0
IOT_00000387,FAC_04,MCH_10,78.49,3.393,124.0,3.51,97.2,0
IOT_00000388,FAC_02,MCH_74,88.38,6.432,38.2,5.28,93.6,0
IOT_00000389,FAC_02,MCH_88,89.73,4.656,137.8,3.2,81.3,0
IOT_00000390,FAC_02,MCH_74,55.62,0.862,73.1,7.96,102.5,0
IOT_00000391,FAC_05,MCH_67,51.76,5.239,36.1,2.79,68.9,0
IOT_00000392,FAC_01,MCH_77,55.24,5.901,95.7,6.33,94.8,1
IOT_00000393,FAC_04,MCH_75,80.1,1.241,55.8,6.57,105.7,0
IOT_00000394,FAC_01,MCH_74,48.41,2.52,103.2,4.52,59.4,0
IOT_00000395,FAC_04,MCH_31,40.31,1.636,27.4,4.38,59.0,0
IOT_00000396,FAC_04,MCH_47,84.68,3.657,30.0,7.08,89.4,0
IOT_00000397,FAC_02,MCH_16,50.45,6.425,39.8,2.88,105.7,0
IOT_00000398,FAC_04,MCH_64,41.38,5.302,48.6,6.94,58.7,0
IOT_00000399,FAC_03,MCH_59,41.61,4.311,16.9,2.51,79.6,0
IOT_00000400,FAC_02,MCH_33,57.18,2.133,91.8,7.05,88.4,0
IOT_00000401,FAC_02,MCH_69,77.99,1.964,30.6,4.89,84.3,0
IOT_00000402,FAC_01,MCH_76,37.04,1.222,127.6,3.65,71.2,0
IOT_00000403,FAC_03,MCH_87,44.61,3.904,129.9,5.27,86.7,0
IOT_00000404,FAC_05,MCH_26,49.18,0.607,62.0,4.85,101.1,0
IOT_00000405,FAC_04,MCH_50,79.36,0.962,85.9,6.42,81.3,0
IOT_00000406,FAC_03,MCH_36,37.07,2.38,110.9,3.26,85.7,0
IOT_00000407,FAC_05,MCH_45,90.05,4.255,85.8,6.22,59.9,0
IOT_00000408,FAC_03,MCH_62,43.45,1.021,66.1,3.56,85.1,0
IOT_00000409,FAC_04,MCH_61,81.39,3.262,132.5,6.14,108.0,0
IOT_00000410,FAC_03,MCH_53,50.17,0.738,75.9,4.15,109.1,0
IOT_00000411,FAC_05,MCH_70,90.72,1.387,48.0,7.76,82.5,0
IOT_00000412,FAC_04,MCH_87,35.2,2.92,46.3,5.02,75.5,0
IOT_00000413,FAC_02,MCH_29,58.33,1.097,139.4,3.35,108.1,0
IOT_00000414,FAC_04,MCH_62,75.69,3.645,112.8,7.66,93.7,0
IOT_00000415,FAC_04,MCH_35,50.51,2.765,24.9,6.51,72.2,0
IOT_00000416,FAC_02,MCH_72,79.65,3.222,111.5,7.19,85.9,0
IOT_00000417,FAC_03,MCH_43,80.35,1.813,141.9,3.8,67.5,1
IOT_00000418,FAC_02,MCH_58,73.21,1.622,113.5,4.22,65.3,0
IOT_00000419,FAC_05,MCH_74,65.71,2.84,121.8,7.36,85.9,0
IOT_00000420,FAC_01,MCH_84,48.39,1.708,14.0,7.25,97.3,0
IOT_00000421,FAC_02,MCH_10,56.8,2.69,44.5,4.4,55.2,0
IOT_00000422,FAC_05,MCH_21,66.63,1.883,134.5,4.01,84.9,0
IOT_00000423,FAC_04,MCH_20,86.73,4.144,121.6,3.98,106.7,0
IOT_00000424,FAC_01,MCH_42,63.3,4.177,146.1,5.56,76.1,0
IOT_00000425,FAC_01,MCH_11,52.63,5.331,139.4,6.18,67.9,0
IOT_00000426,FAC_03,MCH_22,74.41,2.522,67.8,5.05,106.3,0
IOT_00000427,FAC_01,MCH_89,74.49,2.24,111.7,2.82,87.2,0
IOT_00000428,FAC_01,MCH_53,47.78,3.35,12.2,5.81,109.1,0
IOT_00000429,FAC_03,MCH_38,75.26,0.472,87.8,5.47,108.2,0
IOT_00000430,FAC_03,MCH_56,91.65,5.374,28.1,7.91,55.9,0
IOT_00000431,FAC_05,MCH_13,47.71,4.814,51.9,5.96,84.0,0
IOT_00000432,FAC_04,MCH_31,85.38,1.365,84.7,3.28,91.5,0
IOT_00000433,FAC_04,MCH_42,47.07,3.106,58.9,4.13,78.5,0
IOT_00000434,FAC_02,MCH_45,42.1,5.226,121.0,7.68,91.8,0
IOT_00000435,FAC_03,MCH_39,47.56,5.917,114.9,4.8,65.5,0
IOT_00000436,FAC_04,MCH_53,61.31,4.694,56.2,7.91,79.0,0
IOT_00000437,FAC_04,MCH_31,75.86,3.29,100.4,4.42,78.2,0
IOT_00000438,FAC_04,MCH_70,62.43,0.615,51.6,3.52,77.2,0
IOT_00000439,FAC_04,MCH_42,61.22,1.89,88.6,3.72,103.1,0
IOT_00000440,FAC_04,MCH_16,81.81,4.037,57.8,4.9,96.0,0
IOT_00000441,FAC_02,MCH_11,51.89,4.625,61.8,2.96,57.1,0
IOT_00000442,FAC_01,MCH_91,37.28,2.912,88.0,4.74,80.2,0
IOT_00000443,FAC_02,MCH_55,59.85,4.211,56.7,3.07,97.8,0
IOT_00000444,FAC_05,MCH_29,90.93,5.913,132.5,4.46,56.2,0
IOT_00000445,FAC_03,MCH_23,52.35,4.729,79.8,5.87,78.8,0
IOT_00000446,FAC_01,MCH_94,47.43,0.295,45.5,3.77,102.8,0
IOT_00000447,FAC_03,MCH_39,74.22,6.422,46.1,3.11,103.2,0
IOT_00000448,FAC_05,MCH_12,36.81,3.753,42.7,5.8,63.6,0
IOT_00000449,FAC_05,MCH_75,42.62,3.509,78.9,4.96,60.4,0
IOT_00000450,FAC_02,MCH_81,73.41,4.871,17.0,6.1,84.5,0
IOT_00000451,FAC_01,MCH_77,76.08,3.733,131.3,4.36,93.7,0
IOT_00000452,FAC_05,MCH_23,78.77,1.679,17.0,6.83,96.9,0
IOT_00000453,FAC_05,MCH_65,92.56,4.03,141.7,5.74,62.2,0
IOT_00000454,FAC_02,MCH_99,50.84,4.968,108.8,2.67,58.5,0
IOT_00000455,FAC_05,MCH_63,38.27,4.965,66.7,6.11,98.5,0
IOT_00000456,FAC_03,MCH_63,48.85,6.183,81.1,5.86,75.3,0
IOT_00000457,FAC_01,MCH_50,58.9,5.539,59.6,3.35,73.1,0
IOT_00000458,FAC_04,MCH_28,37.56,5.345,20.0,3.65,76.0,0
IOT_00000459,FAC_04,MCH_43,77.81,1.618,87.4,5.82,59.1,0
IOT_00000460,FAC_02,MCH_33,52.17,1.996,78.0,7.5,92.2,0
IOT_00000461,FAC_03,MCH_64,54.92,0.372,131.2,7.05,61.7,0
IOT_00000462,FAC_02,MCH_65,60.11,0.846,146.5,7.65,61.5,0
IOT_00000463,FAC_02,MCH_21,46.66,2.062,137.1,4.56,96.1,0
IOT_00000464,FAC_02,MCH_91,52.02,4.754,70.1,3.58,57.9,0
IOT_00000465,FAC_02,MCH_35,43.01,1.822,98.5,5.56,67.6,0
IOT_00000466,FAC_04,MCH_76,54.87,3.03,107.6,4.14,104.4,0
IOT_00000467,FAC_02,MCH_71,51.57,1.704,91.2,5.66,84.9,0
IOT_00000468,FAC_01,MCH_26,84.04,3.434,100.3,4.24,62.1,0
IOT_00000469,FAC_03,MCH_92,73.62,6.488,112.6,4.66,84.1,0
IOT_00000470,FAC_04,MCH_13,58.48,1.211,52.3,6.41,70.6,0
IOT_00000471,FAC_04,MCH_96,59.87,4.098,48.8,4.35,103.5,0
IOT_00000472,FAC_01,MCH_77,65.14,5.477,130.9,6.59,64.9,0
IOT_00000473,FAC_03,MCH_22,84.21,0.242,15.4,3.13,108.7,0
IOT_00000474,FAC_03,MCH_61,41.82,2.057,35.7,3.18,55.5,0
IOT_00000475,FAC_05,MCH_92,54.5,0.969,35.6,5.84,101.4,0
IOT_00000476,FAC_02,MCH_80,56.66,1.386,146.5,5.76,67.8,1
IOT_00000477,FAC_02,MCH_32,63.45,3.848,53.1,7.2,80.8,0
IOT_00000478,FAC_01,MCH_79,52.82,4.922,65.8,6.31,66.6,0
IOT_00000479,FAC_04,MCH_83,81.54,3.231,27.8,6.77,88.2,0
IOT_00000480,FAC_01,MCH_18,79.32,2.092,43.5,2.66,93.2,1
IOT_00000481,FAC_03,MCH_77,37.66,5.066,112.6,5.03,89.7,0
IOT_00000482,FAC_01,MCH_45,38.89,0.375,106.2,6.0,55.5,0
IOT_00000483,FAC_03,MCH_70,71.29,6.011,128.2,7.93,70.1,1
IOT_00000484,FAC_05,MCH_89,93.75,0.85,40.5,3.59,88.0,1
IOT_00000485,FAC_05,MCH_94,63.34,1.19,55.3,7.14,75.4,0
IOT_00000486,FAC_04,MCH_32,82.52,4.125,89.8,4.72,98.0,0
IOT_00000487,FAC_04,MCH_35,69.04,6.351,61.8,4.4,89.6,0
IOT_00000488,FAC_04,MCH_21,65.95,5.009,33.1,5.16,67.9,0
IOT_00000489,FAC_03,MCH_53,76.17,2.441,117.6,6.16,62.8,0
IOT_00000490,FAC_05,MCH_83,81.86,0.995,12.1,6.85,70.9,0
IOT_00000491,FAC_05,MCH_47,42.0,3.063,125.3,5.58,72.6,0
IOT_00000492,FAC_02,MCH_84,50.44,1.979,33.6,4.96,94.4,0
IOT_00000493,FAC_03,MCH_13,64.29,5.38,62.2,3.96,56.6,0
IOT_00000494,FAC_05,MCH_80,35.24,2.464,71.7,2.67,55.9,0
IOT_00000495,FAC_01,MCH_42,47.76,3.769,79.9,3.66,59.3,0
IOT_00000496,FAC_03,MCH_12,64.89,1.15,64.7,4.28,86.3,0
IOT_00000497,FAC_02,MCH_40,54.95,3.0,119.4,5.71,105.3,0
IOT_00000498,FAC_05,MCH_86,74.22,0.68,48.9,5.24,105.4,0
IOT_00000499,FAC_05,MCH_74,46.87,1.507,77.1,5.19,105.3,1
IOT_00000500,FAC_03,MCH_53,52.51,0.969,102.4,7.7,107.1,0
IOT_00000501,FAC_01,MCH_15,54.09,3.423,64.4,3.83,83.7,0
IOT_00000502,FAC_05,MCH_28,85.56,3.598,98.6,6.51,81.7,0
IOT_00000503,FAC_02,MCH_42,67.92,1.262,111.4,7.94,75.9,0
IOT_00000504,FAC_05,MCH_79,58.61,4.156,108.4,7.91,69.7,0
IOT_00000505,FAC_02,MCH_10,73.86,5.718,50.3,5.08,76.5,0
IOT_00000506,FAC_05,MCH_71,47.56,5.599,91.1,4.84,78.4,0
IOT_00000507,FAC_05,MCH_30,70.33,5.576,75.1,2.77,59.1,0
IOT_00000508,FAC_04,MCH_83,85.58,5.197,105.8,6.19,58.4,0
IOT_00000509,FAC_01,MCH_43,40.81,1.053,74.9,3.36,100.2,0
IOT_00000510,FAC_01,MCH_64,66.61,0.267,72.7,3.03,71.0,0
IOT_00000511,FAC_01,MCH_64,38.3,1.75,87.8,7.42,56.6,0
IOT_00000512,FAC_02,MCH_52,62.9,4.899,119.3,5.01,60.9,0
IOT_00000513,FAC_03,MCH_54,76.45,4.768,42.2,6.51,70.3,0
IOT_00000514,FAC_03,MCH_26,83.4,3.206,96.4,4.38,80.4,0
IOT_00000515,FAC_04,MCH_19,48.46,2.522,62.1,6.29,68.9,0
IOT_00000516,FAC_02,MCH_60,72.8,4.916,21.2,6.89,75.6,0
IOT_00000517,FAC_01,MCH_22,50.59,3.371,39.6,4.05,59.6,0
IOT_00000518,FAC_02,MCH_79,73.63,0.558,141.7,7.02,58.8,1
IOT_00000519,FAC_01,MCH_36,55.7,2.035,103.2,4.49,58.7,0
IOT_00000520,FAC_01,MCH_24,75.25,2.731,138.6,7.26,76.4,0
IOT_00000521,FAC_02,MCH_90,40.06,5.533,51.8,5.22,57.6,0
IOT_00000522,FAC_04,MCH_49,46.13,6.198,41.9,6.99,91.9,0
IOT_00000523,FAC_05,MCH_96,45.92,2.813,69.2,6.87,63.2,0
IOT_00000524,FAC_04,MCH_33,71.77,5.18,88.8,3.96,76.4,0
IOT_00000525,FAC_02,MCH_30,54.42,1.612,14.4,5.15,96.3,0
IOT_00000526,FAC_05,MCH_35,74.73,2.657,42.8,4.03,90.1,0
IOT_00000527,FAC_05,MCH_20,51.91,0.982,138.9,2.94,68.5,0
IOT_00000528,FAC_03,MCH_10,81.39,0.995,115.2,4.81,108.6,0
IOT_00000529,FAC_02,MCH_34,45.75,2.36,19.8,4.27,62.6,0
IOT_00000530,FAC_03,MCH_43,69.04,1.478,120.8,7.55,90.8,0
IOT_00000531,FAC_01,MCH_61,58.12,1.933,94.3,2.58,74.5,0
IOT_00000532,FAC_05,MCH_48,66.05,3.202,82.1,6.55,70.9,0
IOT_00000533,FAC_01,MCH_15,86.72,5.189,138.4,5.99,65.3,0
IOT_00000534,FAC_03,MCH_89,76.97,3.328,100.6,4.89,83.6,0
IOT_00000535,FAC_02,MCH_20,45.46,0.961,147.6,5.97,73.5,0
IOT_00000536,FAC_03,MCH_96,63.72,2.506,32.8,5.68,66.5,0
IOT_00000537,FAC_03,MCH_90,91.92,1.534,53.9,7.9,59.0,1
IOT_00000538,FAC_01,MCH_20,52.17,3.14,139.1,7.86,93.5,0
IOT_00000539,FAC_03,MCH_16,68.91,5.871,49.1,3.96,98.8,0
IOT_00000540,FAC_02,MCH_81,54.77,5.034,128.9,3.21,85.3,1
IOT_00000541,FAC_03,MCH_73,45.62,5.51,118.8,6.46,80.1,0
IOT_00000542,FAC_02,MCH_55,87.83,1.156,74.2,6.88,95.0,0
IOT_00000543,FAC_05,MCH_86,73.6,2.451,115.1,6.31,88.3,0
IOT_00000544,FAC_04,MCH_48,52.52,0.783,58.7,3.68,84.7,0
IOT_00000545,FAC_05,MCH_48,71.58,3.746,32.2,4.99,66.8,0
IOT_00000546,FAC_03,MCH_53,44.0,6.15,95.1,3.73,87.2,0
IOT_00000547,FAC_04,MCH_33,77.36,1.509,57.6,2.95,90.5,0
IOT_00000548,FAC_02,MCH_65,91.58,4.705,150.0,3.44,72.7,0
IOT_00000549,FAC_04,MCH_30,84.47,3.305,48.3,5.44,85.0,1
IOT_00000550,FAC_02,MCH_13,94.3,2.76,139.6,6.11,109.4,0
IOT_00000551,FAC_03,MCH_56,74.4,1.653,48.1,5.54,76.4,0
IOT_00000552,FAC_03,MCH_45,92.66,6.276,22.4,4.81,66.2,0
IOT_00000553,FAC_01,MCH_91,90.84,4.05,127.7,2.66,71.3,0
IOT_00000554,FAC_03,MCH_28,82.5,5.637,140.5,3.56,73.8,0
IOT_00000555,FAC_02,MCH_50,90.98,3.918,85.2,6.44,68.7,0
IOT_00000556,FAC_04,MCH_36,39.69,2.216,33.2,5.18,106.9,0
IOT_00000557,FAC_01,MCH_29,92.74,3.71,138.7,7.33,97.1,0
IOT_00000558,FAC_05,MCH_39,36.78,1.278,133.2,6.62,64.3,0
IOT_00000559,FAC_02,MCH_10,79.64,3.051,94.5,4.6,76.1,0
IOT_00000560,FAC_03,MCH_51,50.45,4.335,16.1,7.89,96.9,1
IOT_00000561,FAC_05,MCH_72,47.96,5.19,142.3,3.77,88.8,0
IOT_00000562,FAC_02,MCH_99,92.12,2.511,71.9,5.57,109.1,0
IOT_00000563,FAC_04,MCH_14,54.48,2.188,112.6,7.44,74.3,0
IOT_00000564,FAC_01,MCH_87,43.59,4.331,137.7,7.51,87.6,0
IOT_00000565,FAC_04,MCH_70,53.12,1.419,129.4,4.23,87.3,1
IOT_00000566,FAC_05,MCH_60,45.38,3.168,32.9,4.4,59.9,0
IOT_00000567,FAC_05,MCH_91,71.43,4.362,144.8,2.78,80.7,0
IOT_00000568,FAC_01,MCH_97,42.04,0.987,80.8,5.36,97.3,0
IOT_00000569,FAC_01,MCH_15,75.51,4.214,61.9,4.66,80.0,0
IOT_00000570,FAC_02,MCH_72,71.75,0.849,111.0,3.22,75.5,0
IOT_00000571,FAC_04,MCH_42,39.04,1.707,80.7,7.71,61.8,0
IOT_00000572,FAC_03,MCH_44,53.41,2.648,44.6,4.62,105.9,0
IOT_00000573,FAC_05,MCH_92,43.04,3.535,94.8,7.24,72.7,0
IOT_00000574,FAC_02,MCH_45,46.23,0.979,71.4,4.05,82.5,0
IOT_00000575,FAC_03,MCH_70,37.16,6.074,134.6,7.27,83.3,0
IOT_00000576,FAC_03,MCH_73,44.4,4.67,95.4,4.39,107.6,0
IOT_00000577,FAC_02,MCH_19,89.59,2.803,127.7,5.71,89.3,0
IOT_00000578,FAC_01,MCH_33,75.8,1.828,41.0,6.99,76.1,0
IOT_00000579,FAC_03,MCH_88,84.53,5.55,43.5,2.87,89.0,0
IOT_00000580,FAC_02,MCH_76,44.71,1.437,104.2,5.4,81.6,0
IOT_00000581,FAC_05,MCH_47,81.59,1.836,89.0,4.44,71.1,0
IOT_00000582,FAC_03,MCH_86,39.99,5.976,142.4,5.66,68.4,0
IOT_00000583,FAC_04,MCH_80,45.36,1.758,85.8,7.91,89.2,0
IOT_00000584,FAC_03,MCH_89,60.8,1.904,138.2,3.49,83.5,0
IOT_00000585,FAC_05,MCH_67,58.64,5.674,37.8,4.21,87.1,0
IOT_00000586,FAC_05,MCH_97,75.33,5.117,78.7,6.32,104.9,0
IOT_00000587,FAC_02,MCH_30,42.25,0.239,92.7,4.0,93.7,1
IOT_00000588,FAC_01,MCH_11,51.53,2.217,147.0,6.21,74.3,0
IOT_00000589,FAC_01,MCH_59,43.87,0.979,53.3,6.27,88.5,0
IOT_00000590,FAC_05,MCH_87,44.96,4.75,82.2,7.95,93.7,0
IOT_00000591,FAC_02,MCH_15,47.02,5.921,31.7,6.49,74.0,0
IOT_00000592,FAC_03,MCH_69,63.47,2.951,136.9,5.01,77.7,0
IOT_00000593,FAC_05,MCH_55,91.08,1.968,42.5,5.56,73.5,0
IOT_00000594,FAC_01,MCH_94,85.51,1.256,99.2,6.95,81.8,0
IOT_00000595,FAC_01,MCH_71,39.61,1.225,30.5,7.07,68.8,0
IOT_00000596,FAC_02,MCH_96,50.56,2.268,78.5,6.46,83.6,0
IOT_00000597,FAC_03,MCH_74,49.48,3.621,114.3,2.81,82.1,0
IOT_00000598,FAC_03,MCH_85,70.69,0.279,143.7,3.13,101.7,1
IOT_00000599,FAC_01,MCH_58,48.57,0.986,33.0,7.41,57.6,0
IOT_00000600,FAC_04,MCH_54,68.94,3.419,74.9,6.33,61.6,0
IOT_00000601,FAC_05,MCH_67,80.67,4.364,15.8,7.04,71.2,0
IOT_00000602,FAC_05,MCH_75,60.93,2.787,110.7,6.41,60.9,0
IOT_00000603,FAC_05,MCH_96,55.08,1.621,65.0,3.1,76.5,0
IOT_00000604,FAC_03,MCH_48,50.11,5.418,90.3,5.18,65.9,0
IOT_00000605,FAC_05,MCH_53,38.68,6.255,91.4,2.98,96.4,0
IOT_00000606,FAC_03,MCH_73,85.47,4.506,65.4,7.99,97.1,0
IOT_00000607,FAC_04,MCH_11,42.75,4.55,51.3,5.08,91.8,0
IOT_00000608,FAC_02,MCH_14,51.85,2.047,112.0,3.37,65.5,0
IOT_00000609,FAC_03,MCH_21,81.72,5.094,142.1,6.57,97.5,0
IOT_00000610,FAC_02,MCH_58,87.63,4.462,64.2,5.22,108.2,0
IOT_00000611,FAC_02,MCH_81,81.21,0.243,23.7,7.51,107.2,0
IOT_00000612,FAC_03,MCH_89,36.85,2.801,116.1,7.34,59.0,0
IOT_00000613,FAC_05,MCH_17,58.57,0.429,18.6,2.94,62.9,0
IOT_00000614,FAC_01,MCH_65,80.27,2.939,113.3,6.29,62.3,0
IOT_00000615,FAC_04,MCH_60,73.58,2.76,131.5,7.95,95.1,0
IOT_00000616,FAC_05,MCH_42,89.81,4.456,89.9,6.48,107.2,1
IOT_00000617,FAC_03,MCH_16,51.02,2.512,20.2,7.18,66.0,0
IOT_00000618,FAC_04,MCH_75,35.75,0.775,57.8,3.34,102.4,0
IOT_00000619,FAC_04,MCH_18,79.27,3.742,58.3,5.55,90.6,1
IOT_00000620,FAC_05,MCH_13,89.43,2.113,65.1,6.97,57.2,0
IOT_00000621,FAC_02,MCH_50,56.68,5.82,42.2,3.43,96.6,0
IOT_00000622,FAC_04,MCH_63,57.59,2.405,77.5,6.37,81.6,0
IOT_00000623,FAC_04,MCH_72,63.03,5.403,69.5,7.62,81.3,0
IOT_00000624,FAC_01,MCH_78,58.99,4.574,19.2,2.72,60.8,0
IOT_00000625,FAC_04,MCH_69,53.2,2.04,95.5,5.81,69.9,0
IOT_00000626,FAC_04,MCH_58,42.98,0.738,25.1,6.37,60.6,0
IOT_00000627,FAC_02,MCH_68,74.11,2.97,25.3,4.18,102.8,0
IOT_00000628,FAC_04,MCH_47,54.33,1.175,93.7,7.93,93.8,0
IOT_00000629,FAC_05,MCH_27,69.76,0.262,47.4,3.19,81.5,0
IOT_00000630,FAC_05,MCH_17,92.56,1.797,66.6,4.57,96.5,0
IOT_00000631,FAC_01,MCH_53,38.87,3.805,31.4,6.47,62.5,0
IOT_00000632,FAC_03,MCH_76,74.63,3.054,17.6,2.66,75.6,0
IOT_00000633,FAC_01,MCH_38,82.32,4.12,99.8,5.03,107.0,0
IOT_00000634,FAC_04,MCH_32,60.37,1.566,40.7,2.51,75.9,0
IOT_00000635,FAC_05,MCH_55,48.96,1.614,81.3,2.93,101.4,0
IOT_00000636,FAC_03,MCH_36,85.88,1.304,79.5,4.57,84.9,0
IOT_00000637,FAC_04,MCH_38,60.66,4.771,24.0,6.48,68.6,0
IOT_00000638,FAC_01,MCH_81,71.18,3.829,71.8,6.37,102.1,0
IOT_00000639,FAC_05,MCH_87,52.62,4.256,34.2,7.91,56.6,1
IOT_00000640,FAC_04,MCH_17,60.29,3.01,24.1,6.48,61.6,0
IOT_00000641,FAC_03,MCH_98,72.29,1.087,64.5,3.48,59.4,0
IOT_00000642,FAC_03,MCH_41,42.6,1.138,112.2,2.83,60.3,0
IOT_00000643,FAC_03,MCH_32,76.06,5.283,19.5,7.02,63.6,0
IOT_00000644,FAC_01,MCH_60,64.5,0.152,34.2,6.91,77.9,0
IOT_00000645,FAC_02,MCH_72,56.04,2.173,122.6,5.79,71.1,0
IOT_00000646,FAC_05,MCH_43,69.9,3.869,64.2,4.03,108.4,0
IOT_00000647,FAC_01,MCH_44,89.45,4.469,80.9,6.75,70.5,0
IOT_00000648,FAC_04,MCH_60,88.24,3.98,119.2,3.95,101.9,0
IOT_00000649,FAC_01,MCH_64,74.16,1.101,58.8,5.99,73.0,0
IOT_00000650,FAC_04,MCH_40,92.83,1.268,31.5,2.74,106.8,0
IOT_00000651,FAC_03,MCH_24,37.92,6.474,25.8,3.63,79.9,0
IOT_00000652,FAC_04,MCH_52,66.45,5.057,66.0,7.98,97.3,0
IOT_00000653,FAC_03,MCH_21,35.73,0.428,101.2,4.32,108.0,0
IOT_00000654,FAC_02,MCH_58,74.88,4.928,21.4,7.94,84.9,0
IOT_00000655,FAC_03,MCH_23,91.14,4.748,55.6,7.21,98.4,0
IOT_00000656,FAC_01,MCH_37,50.17,4.241,43.3,4.52,87.2,0
IOT_00000657,FAC_03,MCH_46,79.1,3.395,79.1,6.65,62.1,0
IOT_00000658,FAC_05,MCH_36,72.32,5.75,25.5,6.64,102.5,0
IOT_00000659,FAC_03,MCH_55,77.63,1.905,76.2,6.77,69.2,0
IOT_00000660,FAC_02,MCH_26,62.07,4.439,118.4,7.85,74.0,0
IOT_00000661,FAC_01,MCH_76,74.71,0.477,49.5,6.56,58.6,0
IOT_00000662,FAC_02,MCH_99,54.58,4.2,41.5,4.33,64.5,0
IOT_00000663,FAC_05,MCH_37,79.27,3.772,76.5,7.94,90.5,0
IOT_00000664,FAC_05,MCH_87,76.53,0.96,54.2,2.54,63.0,1
IOT_00000665,FAC_01,MCH_94,62.23,6.06,94.2,3.97,72.0,1
IOT_00000666,FAC_04,MCH_74,36.07,2.895,83.4,5.18,64.5,0
IOT_00000667,FAC_02,MCH_31,63.96,1.7,27.1,3.8,81.5,0
IOT_00000668,FAC_05,MCH_52,41.73,5.312,139.7,4.97,78.2,0
IOT_00000669,FAC_05,MCH_47,60.95,0.723,35.5,5.34,61.2,0
IOT_00000670,FAC_04,MCH_86,41.55,5.161,138.1,2.6,67.4,0
IOT_00000671,FAC_01,MCH_54,46.53,1.44,32.6,4.29,74.0,0
IOT_00000672,FAC_03,MCH_74,65.58,2.39,62.3,5.41,103.8,0
IOT_00000673,FAC_03,MCH_62,80.71,2.565,36.1,6.56,82.1,0
IOT_00000674,FAC_05,MCH_30,36.49,0.951,148.1,5.27,80.2,1
IOT_00000675,FAC_02,MCH_40,74.33,0.355,85.4,6.81,87.3,0
IOT_00000676,FAC_02,MCH_42,88.84,3.644,20.2,4.43,63.5,0
IOT_00000677,FAC_02,MCH_10,53.73,4.213,53.7,7.62,89.2,0
IOT_00000678,FAC_01,MCH_25,62.15,4.541,94.4,2.85,105.5,0
IOT_00000679,FAC_03,MCH_90,80.47,3.241,120.8,6.4,84.8,0
IOT_00000680,FAC_02,MCH_83,42.53,2.26,94.0,3.55,96.1,0
IOT_00000681,FAC_04,MCH_21,52.51,5.865,130.4,3.89,67.9,0
IOT_00000682,FAC_04,MCH_54,77.95,4.458,93.9,6.75,62.5,0
IOT_00000683,FAC_01,MCH_60,93.17,6.184,45.7,7.51,81.5,0
IOT_00000684,FAC_04,MCH_61,91.51,1.187,76.0,7.7,106.1,0
IOT_00000685,FAC_01,MCH_69,57.81,5.08,60.7,4.9,100.0,0
IOT_00000686,FAC_02,MCH_15,84.2,2.651,14.9,2.51,85.6,0
IOT_00000687,FAC_05,MCH_39,77.42,1.255,54.5,4.25,80.3,0
IOT_00000688,FAC_02,MCH_99,58.52,5.139,113.8,6.56,72.2,0
IOT_00000689,FAC_04,MCH_23,59.73,5.838,47.8,3.34,72.1,0
IOT_00000690,FAC_05,MCH_66,88.63,0.59,63.0,4.55,97.2,0
IOT_00000691,FAC_04,MCH_50,43.57,0.416,14.0,6.71,75.7,0
IOT_00000692,FAC_03,MCH_64,43.47,1.249,76.7,3.9,65.7,0
IOT_00000693,FAC_02,MCH_45,85.68,5.786,88.9,3.44,69.3,0
IOT_00000694,FAC_03,MCH_12,83.96,3.428,33.2,7.09,76.5,0
IOT_00000695,FAC_04,MCH_45,72.98,4.618,85.7,4.12,94.5,0
IOT_00000696,FAC_05,MCH_38,82.14,5.218,14.3,7.28,83.4,0
IOT_00000697,FAC_02,MCH_67,76.81,4.471,132.6,7.0,92.2,1
IOT_00000698,FAC_05,MCH_22,87.52,4.096,19.2,7.45,76.6,0
IOT_00000699,FAC_03,MCH_85,83.96,5.099,103.0,3.13,97.8,0
IOT_00000700,FAC_04,MCH_46,66.43,3.733,27.1,5.71,101.7,0
IOT_00000701,FAC_02,MCH_76,80.73,1.944,29.9,4.08,98.1,0
IOT_00000702,FAC_05,MCH_38,63.49,6.017,46.6,3.94,77.6,0
IOT_00000703,FAC_02,MCH_31,60.32,5.399,35.4,6.61,63.5,0
IOT_00000704,FAC_01,MCH_10,91.14,0.667,96.3,5.79,77.8,0
IOT_00000705,FAC_03,MCH_92,85.43,1.572,101.4,5.02,67.6,0
IOT_00000706,FAC_01,MCH_87,77.71,0.201,135.6,2.54,67.2,0
IOT_00000707,FAC_03,MCH_41,68.68,0.143,128.1,3.65,78.5,1
IOT_00000708,FAC_05,MCH_88,44.72,0.618,13.0,2.59,57.1,1
IOT_00000709,FAC_05,MCH_94,87.55,2.971,101.6,4.73,70.3,0
IOT_00000710,FAC_02,MCH_75,69.85,5.276,129.8,6.41,72.9,0
IOT_00000711,FAC_02,MCH_71,85.4,3.244,70.0,3.54,55.7,0
IOT_00000712,FAC_03,MCH_46,37.91,5.609,84.8,2.54,107.6,0
IOT_00000713,FAC_05,MCH_41,93.92,4.435,77.0,4.56,81.9,0
IOT_00000714,FAC_04,MCH_47,55.59,1.256,109.8,6.54,86.0,0
IOT_00000715,FAC_03,MCH_45,38.19,3.116,71.0,6.8,106.5,0
IOT_00000716,FAC_01,MCH_44,40.85,3.928,146.4,2.51,104.0,0
IOT_00000717,FAC_04,MCH_44,71.02,1.533,94.3,5.35,96.8,0
IOT_00000718,FAC_03,MCH_27,51.89,1.782,32.1,2.84,69.9,0
IOT_00000719,FAC_03,MCH_92,56.19,1.557,114.0,7.6,61.3,0
IOT_00000720,FAC_01,MCH_31,62.81,0.713,69.6,7.45,57.2,0
IOT_00000721,FAC_02,MCH_86,43.79,4.385,59.1,2.83,101.2,0
IOT_00000722,FAC_03,MCH_83,67.38,0.495,98.6,4.7,109.5,1
IOT_00000723,FAC_02,MCH_36,91.1,2.375,36.3,7.19,59.6,0
IOT_00000724,FAC_02,MCH_67,83.95,6.183,52.0,3.09,77.7,0
IOT_00000725,FAC_04,MCH_73,58.58,6.415,113.4,3.87,83.3,0
IOT_00000726,FAC_04,MCH_35,63.84,0.473,88.4,4.01,56.2,0
IOT_00000727,FAC_05,MCH_88,60.35,1.402,52.3,7.3,82.0,0
IOT_00000728,FAC_03,MCH_88,76.35,2.489,38.2,5.04,104.3,1
IOT_00000729,FAC_04,MCH_35,53.92,4.422,106.1,5.07,97.7,0
IOT_00000730,FAC_02,MCH_27,74.7,5.327,125.2,3.68,92.0,0
IOT_00000731,FAC_04,MCH_18,60.14,0.743,88.5,7.31,61.9,0
IOT_00000732,FAC_03,MCH_92,74.89,1.909,126.0,5.98,100.5,0
IOT_00000733,FAC_03,MCH_31,45.1,0.437,77.3,3.59,77.2,0
IOT_00000734,FAC_05,MCH_89,69.62,6.247,28.0,6.57,103.0,0
IOT_00000735,FAC_02,MCH_95,89.51,0.187,96.6,6.33,84.9,1
IOT_00000736,FAC_02,MCH_21,63.84,6.082,69.8,6.2,103.5,0
IOT_00000737,FAC_05,MCH_18,84.47,5.842,13.3,2.55,70.9,0
IOT_00000738,FAC_01,MCH_72,76.95,0.431,24.7,2.81,58.6,0
IOT_00000739,FAC_03,MCH_38,77.48,4.01,102.5,3.91,66.2,0
IOT_00000740,FAC_01,MCH_10,78.23,3.062,80.0,6.1,65.6,0
IOT_00000741,FAC_02,MCH_29,94.12,1.452,59.5,7.87,61.4,0
IOT_00000742,FAC_04,MCH_17,65.66,4.972,19.5,7.64,108.8,0
IOT_00000743,FAC_05,MCH_80,59.32,5.628,63.3,7.72,84.1,0
IOT_00000744,FAC_02,MCH_61,74.2,6.129,44.6,7.99,95.4,0
IOT_00000745,FAC_05,MCH_22,61.02,3.935,77.1,6.51,75.0,0
IOT_00000746,FAC_03,MCH_54,86.9,4.79,133.2,7.17,62.2,0
IOT_00000747,FAC_05,MCH_58,88.53,4.545,58.9,5.71,103.7,0
IOT_00000748,FAC_03,MCH_33,92.31,0.709,20.2,3.02,77.4,0
IOT_00000749,FAC_02,MCH_12,51.43,2.239,19.1,4.25,61.3,0
IOT_00000750,FAC_02,MCH_97,50.53,2.208,140.4,3.16,106.4,1
IOT_00000751,FAC_03,MCH_13,64.98,5.391,112.7,7.86,57.7,0
IOT_00000752,FAC_02,MCH_86,45.11,5.38,79.2,2.62,64.1,0
IOT_00000753,FAC_04,MCH_23,79.84,2.386,138.9,3.27,97.8,1
IOT_00000754,FAC_02,MCH_58,60.07,1.351,19.2,5.93,76.7,0
IOT_00000755,FAC_01,MCH_23,57.27,4.794,109.6,6.55,60.6,0
IOT_00000756,FAC_01,MCH_49,73.91,6.074,46.7,5.32,102.8,0
IOT_00000757,FAC_04,MCH_84,68.06,3.67,125.9,2.94,66.6,0
IOT_00000758,FAC_01,MCH_51,51.7,0.448,117.9,7.68,106.0,0
IOT_00000759,FAC_04,MCH_42,37.56,3.653,56.6,6.85,79.7,0
IOT_00000760,FAC_04,MCH_33,60.19,2.884,146.1,7.18,67.9,0
IOT_00000761,FAC_01,MCH_31,54.85,1.85,107.0,3.85,80.1,0
IOT_00000762,FAC_02,MCH_82,69.98,6.096,147.0,6.08,63.6,0
IOT_00000763,FAC_02,MCH_86,49.35,3.372,37.4,3.55,88.1,0
IOT_00000764,FAC_04,MCH_67,66.05,3.691,36.2,5.6,65.3,0
IOT_00000765,FAC_03,MCH_92,62.18,4.232,109.3,4.55,91.0,0
IOT_00000766,FAC_04,MCH_86,44.16,4.455,43.5,7.65,83.3,0
IOT_00000767,FAC_04,MCH_38,91.92,5.042,41.2,7.58,95.8,0
IOT_00000768,FAC_02,MCH_81,47.77,0.825,49.0,7.83,98.1,0
IOT_00000769,FAC_01,MCH_64,35.19,5.785,60.7,5.95,75.0,0
IOT_00000770,FAC_05,MCH_32,54.02,3.061,45.9,5.66,74.3,0
IOT_00000771,FAC_02,MCH_18,91.03,5.856,39.6,5.21,91.0,0
IOT_00000772,FAC_02,MCH_67,73.79,1.766,113.4,4.95,99.5,0
IOT_00000773,FAC_03,MCH_36,73.73,4.237,109.7,5.98,83.0,0
IOT_00000774,FAC_01,MCH_74,84.9,1.265,47.8,5.15,64.1,0
IOT_00000775,FAC_01,MCH_88,64.5,0.206,133.4,5.42,64.7,0
IOT_00000776,FAC_01,MCH_85,40.95,5.493,126.3,5.68,105.2,0
IOT_00000777,FAC_02,MCH_28,66.24,6.308,26.6,6.21,94.7,0
IOT_00000778,FAC_05,MCH_35,54.68,0.715,36.3,6.7,78.2,0
IOT_00000779,FAC_02,MCH_41,93.16,0.311,14.4,5.28,95.3,0
IOT_00000780,FAC_05,MCH_90,94.09,3.498,102.0,6.01,101.9,0
IOT_00000781,FAC_02,MCH_55,77.09,6.032,129.6,6.64,102.6,1
IOT_00000782,FAC_05,MCH_74,44.93,2.508,109.0,6.98,74.5,0
IOT_00000783,FAC_01,MCH_69,48.34,4.449,90.3,7.91,108.5,0
IOT_00000784,FAC_04,MCH_24,85.74,2.579,100.6,6.47,61.6,1
IOT_00000785,FAC_04,MCH_48,40.29,5.761,124.5,6.11,84.7,0
IOT_00000786,FAC_04,MCH_81,70.02,2.106,108.7,3.58,96.0,0
IOT_00000787,FAC_02,MCH_12,49.46,2.579,55.4,6.31,55.6,0
IOT_00000788,FAC_01,MCH_44,61.55,2.686,82.0,2.61,66.0,0
IOT_00000789,FAC_04,MCH_19,51.03,5.495,70.8,2.92,103.7,0
IOT_00000790,FAC_02,MCH_83,36.22,3.192,92.2,5.29,102.0,0
IOT_00000791,FAC_02,MCH_62,45.35,3.149,124.9,4.11,74.4,0
IOT_00000792,FAC_05,MCH_55,61.69,1.943,30.3,3.46,92.2,0
IOT_00000793,FAC_04,MCH_97,81.47,5.476,111.9,6.42,104.6,0
IOT_00000794,FAC_03,MCH_45,84.12,4.899,120.9,7.53,69.6,0
IOT_00000795,FAC_01,MCH_11,73.92,1.864,19.8,4.79,102.7,1
IOT_00000796,FAC_03,MCH_30,45.04,2.44,105.7,3.26,109.0,0
IOT_00000797,FAC_05,MCH_39,69.21,1.29,82.7,5.57,96.0,0
IOT_00000798,FAC_03,MCH_46,79.0,2.04,82.2,5.31,75.7,0
IOT_00000799,FAC_04,MCH_72,90.02,1.517,50.3,3.07,81.0,0
IOT_00000800,FAC_03,MCH_40,41.09,5.841,135.1,5.22,63.0,0
IOT_00000801,FAC_03,MCH_15,74.87,2.886,15.4,5.69,84.9,0
IOT_00000802,FAC_04,MCH_88,94.34,2.632,140.4,3.72,60.6,1
IOT_00000803,FAC_02,MCH_71,93.85,1.36,112.4,5.8,64.5,0
IOT_00000804,FAC_04,MCH_38,54.13,4.251,90.7,7.81,59.0,0
IOT_00000805,FAC_04,MCH_86,74.28,0.52,80.5,4.1,57.4,1
IOT_00000806,FAC_04,MCH_61,63.61,3.37,95.0,4.63,71.7,0
IOT_00000807,FAC_04,MCH_55,82.1,1.768,22.3,3.7,94.0,0
IOT_00000808,FAC_04,MCH_61,59.16,1.484,82.7,4.9,79.9,0
IOT_00000809,FAC_05,MCH_83,91.78,5.601,12.9,3.46,86.9,0
IOT_00000810,FAC_04,MCH_14,71.19,2.081,74.1,5.79,92.7,0
IOT_00000811,FAC_01,MCH_52,56.03,5.076,86.5,5.67,82.3,0
IOT_00000812,FAC_03,MCH_88,73.58,6.428,76.0,7.93,90.1,0
IOT_00000813,FAC_02,MCH_58,88.79,5.123,136.0,5.21,109.7,0
IOT_00000814,FAC_02,MCH_74,62.65,1.15,119.0,6.43,82.6,0
IOT_00000815,FAC_01,MCH_23,78.45,2.021,76.5,3.63,71.7,0
IOT_00000816,FAC_03,MCH_78,67.31,3.077,28.9,5.41,68.9,0
IOT_00000817,FAC_03,MCH_68,72.6,1.056,100.5,4.65,80.6,0
IOT_00000818,FAC_04,MCH_37,87.97,2.719,46.2,7.79,57.9,0
IOT_00000819,FAC_04,MCH_37,64.34,3.536,21.3,6.83,101.8,0
IOT_00000820,FAC_02,MCH_83,56.37,3.871,47.5,5.28,69.6,0
IOT_00000821,FAC_02,MCH_52,57.99,0.791,142.8,6.9,90.1,0
IOT_00000822,FAC_05,MCH_66,49.22,3.992,31.0,7.62,76.9,0
IOT_00000823,FAC_02,MCH_11,40.27,1.824,93.3,7.86,67.5,0
IOT_00000824,FAC_01,MCH_25,77.94,2.639,66.3,7.08,106.5,0
IOT_00000825,FAC_04,MCH_56,60.85,6.321,40.1,6.54,89.8,0
IOT_00000826,FAC_03,MCH_45,73.52,5.527,62.6,2.86,70.5,0
IOT_00000827,FAC_01,MCH_76,37.28,5.422,13.8,4.88,61.8,0
IOT_00000828,FAC_02,MCH_83,56.04,2.705,131.7,4.7,57.5,0
IOT_00000829,FAC_05,MCH_34,39.88,4.702,96.1,7.24,70.2,0
IOT_00000830,FAC_04,MCH_31,60.32,2.673,86.8,3.12,84.0,0
IOT_00000831,FAC_05,MCH_14,68.47,5.355,141.2,5.06,60.9,0
IOT_00000832,FAC_04,MCH_85,38.22,5.304,118.7,5.88,83.4,0
IOT_00000833,FAC_05,MCH_32,70.3,1.566,75.9,4.61,108.8,0
IOT_00000834,FAC_03,MCH_13,44.56,4.395,76.9,3.25,97.1,0
IOT_00000835,FAC_05,MCH_85,44.68,2.406,43.9,4.17,56.4,0
IOT_00000836,FAC_04,MCH_69,40.25,2.207,89.3,5.62,95.8,0
IOT_00000837,FAC_04,MCH_34,70.37,1.598,20.6,5.71,76.8,0
IOT_00000838,FAC_05,MCH_54,35.46,0.141,72.1,7.58,69.5,0
IOT_00000839,FAC_02,MCH_94,79.02,4.281,117.2,3.35,70.8,0
IOT_00000840,FAC_05,MCH_51,74.04,0.678,77.5,6.01,68.6,0
IOT_00000841,FAC_03,MCH_46,54.47,6.368,79.5,6.19,70.3,0
IOT_00000842,FAC_05,MCH_82,48.94,1.949,62.3,6.29,67.0,0
IOT_00000843,FAC_01,MCH_58,55.85,1.38,95.5,2.64,87.7,1
IOT_00000844,FAC_04,MCH_95,71.58,2.361,108.8,7.99,101.3,0
IOT_00000845,FAC_04,MCH_97,93.67,1.237,13.5,3.99,56.4,0
IOT_00000846,FAC_04,MCH_88,39.32,5.649,49.9,5.78,93.3,0
IOT_00000847,FAC_02,MCH_21,52.47,5.058,101.3,6.43,67.6,0
IOT_00000848,FAC_03,MCH_56,40.87,5.222,60.4,6.84,106.8,0
IOT_00000849,FAC_03,MCH_87,39.97,4.557,52.6,6.83,75.1,0
IOT_00000850,FAC_04,MCH_29,93.32,5.396,123.0,5.97,91.6,1
IOT_00000851,FAC_03,MCH_33,78.17,2.143,23.7,5.05,81.7,0
IOT_00000852,FAC_05,MCH_50,63.02,1.122,135.0,7.07,100.0,0
IOT_00000853,FAC_03,MCH_79,87.6,6.15,22.5,3.66,92.4,0
IOT_00000854,FAC_02,MCH_36,66.91,2.743,22.1,6.2,68.9,1
IOT_00000855,FAC_05,MCH_44,64.04,2.254,45.1,4.47,101.5,0
IOT_00000856,FAC_03,MCH_22,60.92,5.619,149.1,3.62,80.1,0
IOT_00000857,FAC_01,MCH_49,72.4,2.914,85.6,7.6,97.7,0
IOT_00000858,FAC_01,MCH_12,66.09,3.239,94.8,4.08,63.2,0
IOT_00000859,FAC_01,MCH_30,93.3,6.257,97.6,7.0,70.7,1
IOT_00000860,FAC_05,MCH_50,62.16,2.405,71.4,2.92,69.9,1
IOT_00000861,FAC_05,MCH_21,91.94,5.461,102.6,4.54,74.1,0
IOT_00000862,FAC_02,MCH_10,36.31,1.696,109.0,5.32,79.3,0
IOT_00000863,FAC_03,MCH_67,60.72,6.03,51.3,7.44,96.5,0
IOT_00000864,FAC_02,MCH_68,73.2,1.148,149.1,7.62,83.6,0
IOT_00000865,FAC_02,MCH_29,54.52,3.942,144.6,3.39,105.3,0
IOT_00000866,FAC_04,MCH_19,71.19,6.061,132.4,4.39,61.1,0
IOT_00000867,FAC_03,MCH_39,38.67,0.6,113.4,4.84,55.2,0
IOT_00000868,FAC_05,MCH_60,80.62,5.203,21.2,5.73,109.4,0
IOT_00000869,FAC_01,MCH_70,38.36,1.6,30.2,5.93,84.7,0
IOT_00000870,FAC_04,MCH_83,60.18,0.696,120.9,3.7,77.8,0
IOT_00000871,FAC_05,MCH_10,54.52,2.275,15.2,7.95,67.6,0
IOT_00000872,FAC_02,MCH_91,85.66,3.048,84.0,7.87,76.6,0
IOT_00000873,FAC_03,MCH_17,92.04,1.118,52.6,5.28,104.5,0
IOT_00000874,FAC_03,MCH_66,48.8,5.12,49.7,7.7,109.0,0
IOT_00000875,FAC_03,MCH_95,42.87,3.38,24.6,4.06,59.5,0
IOT_00000876,FAC_05,MCH_90,53.05,3.316,142.6,6.01,75.7,0
IOT_00000877,FAC_05,MCH_70,93.43,3.461,16.8,3.99,109.9,0
IOT_00000878,FAC_02,MCH_66,93.14,5.274,38.4,5.09,61.0,0
IOT_00000879,FAC_05,MCH_98,53.22,1.557,34.0,5.65,87.6,0
IOT_00000880,FAC_03,MCH_52,80.19,3.197,88.1,3.35,73.9,0
IOT_00000881,FAC_04,MCH_39,91.09,1.582,64.8,3.85,89.6,0
IOT_00000882,FAC_04,MCH_30,72.19,3.301,13.1,7.1,59.9,0
IOT_00000883,FAC_05,MCH_66,69.53,2.71,36.7,5.78,80.2,0
IOT_00000884,FAC_05,MCH_62,54.35,3.716,126.9,3.0,102.0,0
IOT_00000885,FAC_04,MCH_43,56.05,6.148,89.6,7.96,109.9,0
IOT_00000886,FAC_04,MCH_56,92.95,2.583,14.1,5.26,108.2,0
IOT_00000887,FAC_04,MCH_55,80.83,3.401,133.5,2.59,70.6,0
IOT_00000888,FAC_01,MCH_78,72.65,2.969,74.0,3.42,72.0,0
IOT_00000889,FAC_02,MCH_73,94.58,4.665,109.6,4.34,92.3,0
IOT_00000890,FAC_03,MCH_25,51.1,5.856,70.2,5.17,76.9,0
IOT_00000891,FAC_03,MCH_23,41.85,6.039,28.1,6.51,81.0,0
IOT_00000892,FAC_02,MCH_80,72.34,2.589,86.8,6.6,90.5,0
IOT_00000893,FAC_05,MCH_74,43.06,6.377,17.1,3.02,83.2,0
IOT_00000894,FAC_03,MCH_12,81.05,5.459,126.5,6.23,105.9,0
IOT_00000895,FAC_02,MCH_27,79.17,1.792,112.8,3.35,101.8,0
IOT_00000896,FAC_04,MCH_55,36.03,0.836,31.6,6.6,97.3,0
IOT_00000897,FAC_05,MCH_66,72.16,3.009,126.1,7.63,65.3,0
IOT_00000898,FAC_04,MCH_43,58.76,1.738,145.4,6.78,80.9,0
IOT_00000899,FAC_01,MCH_48,63.79,3.425,91.5,3.99,97.0,0
IOT_00000900,FAC_01,MCH_97,37.73,0.849,65.4,3.57,103.5,0
IOT_00000901,FAC_03,MCH_88,40.77,5.395,138.7,6.99,80.0,0
IOT_00000902,FAC_05,MCH_71,64.25,2.923,46.7,7.07,100.9,0
IOT_00000903,FAC_02,MCH_92,51.05,0.428,91.6,5.5,110.0,0
IOT_00000904,FAC_02,MCH_96,90.11,4.084,111.9,3.81,108.9,0
IOT_00000905,FAC_01,MCH_90,63.99,2.436,88.9,6.21,93.3,0
IOT_00000906,FAC_02,MCH_29,82.7,1.772,69.0,6.17,92.4,0
IOT_00000907,FAC_01,MCH_20,90.47,5.762,32.0,6.22,63.3,0
IOT_00000908,FAC_05,MCH_79,93.38,6.049,28.6,6.69,75.0,0
IOT_00000909,FAC_02,MCH_67,41.72,5.466,147.0,3.57,75.9,0
IOT_00000910,FAC_01,MCH_91,43.74,3.596,49.2,3.11,68.7,0
IOT_00000911,FAC_03,MCH_29,80.12,4.579,103.7,5.98,55.3,0
IOT_00000912,FAC_03,MCH_89,73.51,6.435,83.9,7.0,79.9,0
IOT_00000913,FAC_05,MCH_24,83.32,0.927,108.2,3.93,69.2,0
IOT_00000914,FAC_01,MCH_96,60.38,1.106,68.9,2.73,59.7,0
IOT_00000915,FAC_01,MCH_67,84.69,5.606,38.4,3.69,64.5,0
IOT_00000916,FAC_02,MCH_12,53.45,4.625,53.3,6.11,94.5,0
IOT_00000917,FAC_03,MCH_60,83.95,3.643,54.0,3.54,55.9,0
IOT_00000918,FAC_03,MCH_10,85.84,5.6,118.9,4.8,109.7,0
IOT_00000919,FAC_02,MCH_49,40.84,3.315,126.1,3.65,61.1,0
IOT_00000920,FAC_05,MCH_85,71.16,4.309,53.4,3.12,103.0,0
IOT_00000921,FAC_04,MCH_84,59.12,0.107,122.0,2.59,104.0,1
IOT_00000922,FAC_04,MCH_28,57.54,3.45,28.7,3.84,62.9,0
IOT_00000923,FAC_01,MCH_48,40.16,2.038,45.0,5.1,93.3,0
IOT_00000924,FAC_02,MCH_30,48.75,6.273,116.9,3.54,76.7,0
IOT_00000925,FAC_04,MCH_82,88.64,5.838,109.9,4.17,57.6,0
IOT_00000926,FAC_01,MCH_50,58.15,3.988,31.9,5.07,83.5,1
IOT_00000927,FAC_04,MCH_50,53.69,2.858,30.0,4.85,58.2,0
IOT_00000928,FAC_03,MCH_82,54.29,0.277,23.9,3.84,58.7,0
IOT_00000929,FAC_04,MCH_79,90.86,4.887,49.0,4.93,67.6,0
IOT_00000930,FAC_02,MCH_65,45.91,2.771,69.2,5.63,67.3,0
IOT_00000931,FAC_02,MCH_46,80.35,0.327,89.7,4.69,77.8,0
IOT_00000932,FAC_02,MCH_49,41.14,4.049,145.0,3.22,87.1,0
IOT_00000933,FAC_04,MCH_70,65.87,0.63,58.5,5.57,78.5,0
IOT_00000934,FAC_03,MCH_34,75.86,4.761,86.4,3.78,66.9,0
IOT_00000935,FAC_03,MCH_31,78.59,4.536,144.6,4.31,63.6,0
IOT_00000936,FAC_05,MCH_23,57.49,3.182,88.0,6.52,80.8,0
IOT_00000937,FAC_03,MCH_70,94.01,2.379,40.9,5.99,62.8,0
IOT_00000938,FAC_01,MCH_59,65.9,1.977,89.8,3.27,85.7,1
IOT_00000939,FAC_04,MCH_57,87.88,2.12,28.3,2.84,67.1,0
IOT_00000940,FAC_04,MCH_78,69.54,5.04,22.9,4.36,64.8,0
IOT_00000941,FAC_04,MCH_41,55.46,1.31,43.6,4.61,65.7,0
IOT_00000942,FAC_04,MCH_27,40.48,1.887,89.0,7.08,88.8,0
IOT_00000943,FAC_02,MCH_11,67.04,1.474,77.8,6.33,65.2,0
IOT_00000944,FAC_02,MCH_78,92.37,5.164,109.4,5.39,97.2,0
IOT_00000945,FAC_02,MCH_55,62.23,0.465,138.7,7.88,61.8,0
IOT_00000946,FAC_01,MCH_95,52.5,4.292,106.4,4.1,103.7,0
IOT_00000947,FAC_01,MCH_87,67.14,2.17,60.5,4.69,86.0,0
IOT_00000948,FAC_01,MCH_85,93.03,0.904,104.4,7.88,63.3,0
IOT_00000949,FAC_01,MCH_47,77.16,2.464,24.0,3.5,97.6,0
IOT_00000950,FAC_04,MCH_66,56.89,1.385,79.8,7.18,67.2,1
IOT_00000951,FAC_05,MCH_96,40.66,5.49,92.5,6.25,62.8,0
IOT_00000952,FAC_04,MCH_15,60.29,1.169,87.2,6.86,55.9,0
IOT_00000953,FAC_02,MCH_83,40.65,5.953,56.1,5.99,71.5,0
IOT_00000954,FAC_04,MCH_22,51.18,3.65,100.2,4.66,66.5,0
IOT_00000955,FAC_02,MCH_83,83.99,2.213,83.5,6.38,56.1,0
IOT_00000956,FAC_05,MCH_28,76.88,1.839,46.0,2.7,94.4,0
IOT_00000957,FAC_03,MCH_99,77.97,2.844,58.9,5.11,75.9,0
IOT_00000958,FAC_03,MCH_98,82.93,3.443,49.7,7.21,76.6,0
IOT_00000959,FAC_03,MCH_23,87.75,5.786,82.8,6.38,76.5,0
IOT_00000960,FAC_03,MCH_52,60.53,1.571,37.4,7.85,93.6,0
IOT_00000961,FAC_03,MCH_44,91.58,5.608,143.4,6.93,88.2,0
IOT_00000962,FAC_04,MCH_85,60.75,1.658,28.8,2.58,94.0,0
IOT_00000963,FAC_04,MCH_61,55.87,5.894,69.5,7.0,62.9,0
IOT_00000964,FAC_03,MCH_84,81.6,3.804,20.4,3.38,68.9,0
IOT_00000965,FAC_04,MCH_48,91.83,2.036,63.7,7.11,66.5,0
IOT_00000966,FAC_04,MCH_16,87.65,1.162,130.6,2.73,83.3,0
IOT_00000967,FAC_01,MCH_26,53.54,2.621,70.8,2.97,79.3,0
IOT_00000968,FAC_04,MCH_84,84.8,1.163,122.3,4.79,87.0,0
IOT_00000969,FAC_04,MCH_69,77.35,0.604,110.9,2.97,88.8,0
IOT_00000970,FAC_02,MCH_89,86.6,2.383,57.5,3.69,69.1,1
IOT_00000971,FAC_03,MCH_27,78.3,4.907,127.2,3.11,60.3,0
IOT_00000972,FAC_05,MCH_65,53.45,1.959,142.8,5.72,88.8,0
IOT_00000973,FAC_05,MCH_27,75.98,2.055,25.1,4.43,66.9,0
IOT_00000974,FAC_02,MCH_73,39.31,4.509,29.8,6.26,95.4,0
IOT_00000975,FAC_01,MCH_62,56.98,4.094,32.5,5.78,59.7,0
IOT_00000976,FAC_03,MCH_76,89.52,1.219,17.3,5.08,73.4,0
IOT_00000977,FAC_02,MCH_74,53.53,4.323,37.9,6.51,109.5,0
IOT_00000978,FAC_02,MCH_58,79.62,5.133,84.0,7.31,76.8,0
IOT_00000979,FAC_03,MCH_37,72.75,2.961,53.0,7.13,73.4,0
IOT_00000980,FAC_03,MCH_99,94.96,4.059,14.4,4.22,63.4,0
IOT_00000981,FAC_04,MCH_58,81.46,2.38,27.0,6.51,100.1,0
IOT_00000982,FAC_05,MCH_66,80.56,0.88,92.2,4.52,100.2,0
IOT_00000983,FAC_01,MCH_61,48.53,5.134,110.6,6.37,91.2,1
IOT_00000984,FAC_03,MCH_90,67.02,4.302,149.9,7.85,106.3,0
IOT_00000985,FAC_03,MCH_79,58.15,5.917,34.9,7.27,109.8,0
IOT_00000986,FAC_03,MCH_33,51.69,4.711,119.4,4.61,86.6,0
IOT_00000987,FAC_03,MCH_30,44.27,3.447,136.3,4.11,67.3,0
IOT_00000988,FAC_04,MCH_25,76.21,6.244,110.9,2.56,82.6,0
IOT_00000989,FAC_01,MCH_26,85.8,1.333,93.9,2.97,59.5,0
IOT_00000990,FAC_05,MCH_81,44.12,0.93,36.4,6.01,94.2,0
IOT_00000991,FAC_03,MCH_86,78.1,5.516,18.8,5.03,105.4,0
IOT_00000992,FAC_02,MCH_16,73.21,4.38,110.1,4.62,105.0,0
IOT_00000993,FAC_01,MCH_69,40.1,4.874,26.0,4.69,55.3,0
IOT_00000994,FAC_03,MCH_65,89.38,1.721,116.5,4.51,106.1,0
IOT_00000995,FAC_02,MCH_84,49.36,4.501,68.4,4.93,69.4,0
IOT_00000996,FAC_05,MCH_94,54.4,0.958,48.8,3.85,90.7,0
IOT_00000997,FAC_01,MCH_24,76.08,0.86,94.2,6.03,101.8,0
IOT_00000998,FAC_01,MCH_31,82.83,0.709,106.0,4.09,99.8,0
IOT_00000999,FAC_02,MCH_60,37.15,4.927,86.1,4.52,64.6,0
IOT_00001000,FAC_01,MCH_79,92.14,5.888,88.1,5.4,108.1,0
IOT_00001001,FAC_04,MCH_13,36.39,5.849,90.4,5.12,74.2,0
IOT_00001002,FAC_05,MCH_85,51.57,4.259,28.2,7.8,77.1,0
IOT_00001003,FAC_02,MCH_56,38.95,4.375,82.1,7.89,69.7,0
IOT_00001004,FAC_03,MCH_66,44.49,3.673,103.2,4.88,71.1,0
IOT_00001005,FAC_02,MCH_16,52.23,5.625,107.3,3.32,71.4,0
IOT_00001006,FAC_04,MCH_85,54.54,2.45,46.6,7.26,82.1,0
IOT_00001007,FAC_01,MCH_77,60.5,6.281,133.3,4.92,80.0,0
IOT_00001008,FAC_02,MCH_92,71.78,4.432,74.4,6.91,79.2,0
IOT_00001009,FAC_01,MCH_25,84.11,3.779,149.1,6.1,90.1,0
IOT_00001010,FAC_03,MCH_51,38.52,1.715,90.8,5.47,86.5,0
IOT_00001011,FAC_05,MCH_95,75.38,6.499,48.6,6.45,66.3,0
IOT_00001012,FAC_02,MCH_45,65.28,4.897,53.9,5.61,57.7,0
IOT_00001013,FAC_01,MCH_74,72.22,5.095,70.6,3.39,60.8,0
IOT_00001014,FAC_01,MCH_27,78.15,3.576,52.0,2.84,70.9,0
IOT_00001015,FAC_03,MCH_77,38.8,0.187,128.9,5.63,96.9,0
IOT_00001016,FAC_05,MCH_26,75.26,0.3,15.3,7.27,55.9,0
IOT_00001017,FAC_01,MCH_86,91.28,4.528,115.5,3.3,84.7,1
IOT_00001018,FAC_05,MCH_53,60.66,1.412,19.9,7.74,69.2,0
IOT_00001019,FAC_01,MCH_61,46.19,0.305,140.9,5.5,95.5,0
IOT_00001020,FAC_04,MCH_36,80.92,4.14,145.0,6.49,57.1,0
IOT_00001021,FAC_02,MCH_18,91.77,5.988,21.9,6.42,89.3,1
IOT_00001022,FAC_05,MCH_15,76.2,6.268,137.2,4.28,62.1,0
IOT_00001023,FAC_03,MCH_45,75.04,1.807,67.2,4.87,107.0,0
IOT_00001024,FAC_03,MCH_67,35.69,3.279,95.0,3.72,103.5,0
IOT_00001025,FAC_05,MCH_90,60.98,5.453,123.9,7.31,56.9,0
IOT_00001026,FAC_01,MCH_87,47.38,1.392,109.6,5.62,56.1,0
IOT_00001027,FAC_05,MCH_51,82.83,4.74,42.2,5.88,83.7,0
IOT_00001028,FAC_05,MCH_76,72.99,1.009,31.6,6.36,59.1,0
IOT_00001029,FAC_04,MCH_27,91.24,5.426,106.3,5.37,107.9,0
IOT_00001030,FAC_03,MCH_23,42.15,3.26,12.3,5.25,76.7,0
IOT_00001031,FAC_05,MCH_48,45.03,4.12,76.3,6.44,102.8,0
IOT_00001032,FAC_04,MCH_81,93.53,3.087,127.9,5.4,94.0,0
IOT_00001033,FAC_01,MCH_24,69.76,6.011,53.2,4.95,77.9,0
IOT_00001034,FAC_04,MCH_40,58.09,5.187,36.1,4.18,83.2,0
IOT_00001035,FAC_02,MCH_65,82.97,6.332,72.3,7.82,65.4,0
IOT_00001036,FAC_01,MCH_28,67.35,5.666,73.8,7.86,93.3,0
IOT_00001037,FAC_02,MCH_72,39.66,4.517,125.5,4.61,60.3,0
IOT_00001038,FAC_02,MCH_49,49.74,2.78,41.3,2.89,103.3,0
IOT_00001039,FAC_02,MCH_32,81.32,5.15,28.0,5.77,91.9,0
IOT_00001040,FAC_04,MCH_42,56.32,6.392,48.1,3.33,88.5,1
IOT_00001041,FAC_04,MCH_95,63.22,5.177,109.1,5.9,104.8,1
IOT_00001042,FAC_05,MCH_91,53.11,1.542,148.7,7.75,67.2,1
IOT_00001043,FAC_04,MCH_41,63.14,3.176,96.8,2.97,80.4,0
IOT_00001044,FAC_04,MCH_55,38.25,2.355,104.0,4.43,104.2,0
IOT_00001045,FAC_01,MCH_39,91.3,5.214,65.0,7.45,86.4,0
IOT_00001046,FAC_03,MCH_53,63.75,2.406,29.4,3.89,90.1,1
IOT_00001047,FAC_02,MCH_24,75.13,3.205,102.1,6.64,61.2,0
IOT_00001048,FAC_02,MCH_75,45.67,6.275,51.6,7.77,67.7,0
IOT_00001049,FAC_05,MCH_76,51.1,4.61,97.5,5.45,85.3,0
IOT_00001050,FAC_03,MCH_33,65.22,3.275,94.6,4.76,96.1,1
IOT_00001051,FAC_04,MCH_64,88.75,2.972,143.1,7.5,94.7,0
IOT_00001052,FAC_01,MCH_22,45.46,0.33,128.7,6.91,85.2,0
IOT_00001053,FAC_01,MCH_43,73.95,2.866,35.7,5.13,91.4,0
IOT_00001054,FAC_02,MCH_61,48.19,2.696,90.9,2.56,84.7,1
IOT_00001055,FAC_05,MCH_47,92.71,0.636,138.6,5.52,77.0,0
IOT_00001056,FAC_04,MCH_63,60.3,1.839,134.3,3.35,68.4,0
IOT_00001057,FAC_03,MCH_32,74.44,2.704,61.3,6.75,65.4,0
IOT_00001058,FAC_02,MCH_63,72.87,4.895,40.2,4.44,56.3,0
IOT_00001059,FAC_04,MCH_97,68.34,0.446,111.8,2.66,102.5,0
IOT_00001060,FAC_03,MCH_20,38.67,0.676,103.2,4.75,101.5,0
IOT_00001061,FAC_03,MCH_40,38.24,1.254,31.0,3.02,83.5,0
IOT_00001062,FAC_01,MCH_28,67.96,2.985,28.4,6.71,86.2,0
IOT_00001063,FAC_03,MCH_42,89.97,3.135,79.8,5.65,58.5,0
IOT_00001064,FAC_05,MCH_78,80.36,5.713,130.2,4.74,84.6,0
IOT_00001065,FAC_03,MCH_79,61.55,4.68,103.0,3.02,80.5,0
IOT_00001066,FAC_02,MCH_67,45.28,0.106,129.7,6.12,95.5,0
IOT_00001067,FAC_02,MCH_92,60.45,4.882,47.0,6.69,103.5,0
IOT_00001068,FAC_03,MCH_76,93.75,0.268,115.7,5.72,76.0,0
IOT_00001069,FAC_01,MCH_97,84.24,5.315,99.7,5.39,57.5,0
IOT_00001070,FAC_05,MCH_76,43.84,3.263,28.2,6.42,63.7,0
IOT_00001071,FAC_01,MCH_54,58.43,0.132,110.3,6.61,74.6,0
IOT_00001072,FAC_05,MCH_78,37.58,2.32,18.0,2.6,92.5,0
IOT_00001073,FAC_05,MCH_95,36.18,3.32,146.8,7.33,107.2,0
IOT_00001074,FAC_01,MCH_85,78.01,4.39,94.1,6.53,94.9,0
IOT_00001075,FAC_03,MCH_80,50.26,1.733,129.3,3.09,56.2,0
IOT_00001076,FAC_01,MCH_88,70.01,0.452,129.5,6.44,81.2,0
IOT_00001077,FAC_02,MCH_60,35.81,5.606,76.3,4.58,94.1,0
IOT_00001078,FAC_02,MCH_73,67.7,2.481,141.2,3.06,108.4,0
IOT_00001079,FAC_04,MCH_12,90.79,5.275,135.1,7.46,56.4,0
IOT_00001080,FAC_05,MCH_43,51.01,3.791,64.4,4.03,87.0,0
IOT_00001081,FAC_03,MCH_81,83.5,3.662,136.5,5.84,73.2,0
IOT_00001082,FAC_01,MCH_90,52.82,5.371,74.5,7.48,79.4,0
IOT_00001083,FAC_05,MCH_10,73.2,3.778,17.8,5.41,109.7,0
IOT_00001084,FAC_05,MCH_93,78.09,2.108,35.5,5.17,66.5,0
IOT_00001085,FAC_04,MCH_82,82.62,3.503,131.1,7.39,89.2,0
IOT_00001086,FAC_03,MCH_45,83.92,5.674,42.9,6.24,75.9,1
IOT_00001087,FAC_05,MCH_32,35.55,1.06,146.0,6.56,93.0,0
IOT_00001088,FAC_04,MCH_69,59.85,2.671,118.5,5.15,86.3,0
IOT_00001089,FAC_04,MCH_96,90.45,4.14,66.3,2.79,108.8,0
IOT_00001090,FAC_03,MCH_64,77.43,2.879,15.8,4.24,61.1,0
IOT_00001091,FAC_01,MCH_23,58.89,5.926,127.0,3.83,108.9,0
IOT_00001092,FAC_01,MCH_22,56.9,1.985,40.7,3.66,72.1,0
IOT_00001093,FAC_03,MCH_68,89.66,2.224,19.6,6.96,86.9,0
IOT_00001094,FAC_04,MCH_82,60.26,5.298,59.9,7.61,64.2,0
IOT_00001095,FAC_03,MCH_41,63.23,1.883,137.4,5.58,73.8,0
IOT_00001096,FAC_02,MCH_64,45.55,1.885,61.6,4.86,108.9,0
IOT_00001097,FAC_04,MCH_19,93.79,3.452,86.8,4.18,89.1,0
IOT_00001098,FAC_01,MCH_55,91.61,4.761,53.7,2.79,70.8,0
IOT_00001099,FAC_01,MCH_25,71.69,5.335,120.2,7.3,73.6,0
IOT_00001100,FAC_04,MCH_22,94.27,1.943,48.4,7.98,67.0,0
IOT_00001101,FAC_03,MCH_52,74.79,2.113,63.6,3.77,84.9,0
IOT_00001102,FAC_03,MCH_61,72.93,1.368,86.1,6.98,65.9,0
IOT_00001103,FAC_04,MCH_39,79.63,6.186,36.2,3.15,66.6,0
IOT_00001104,FAC_01,MCH_80,48.85,2.893,77.8,7.79,60.6,0
IOT_00001105,FAC_03,MCH_61,88.62,0.946,94.4,7.56,82.2,0
IOT_00001106,FAC_05,MCH_28,64.58,4.411,106.7,7.23,91.5,0
IOT_00001107,FAC_02,MCH_69,83.09,3.025,37.6,5.91,100.8,0
IOT_00001108,FAC_02,MCH_38,51.41,3.287,147.6,2.66,56.8,0
IOT_00001109,FAC_01,MCH_47,64.83,4.119,73.1,5.22,84.7,0
IOT_00001110,FAC_05,MCH_15,54.7,1.812,17.3,7.95,69.4,0
IOT_00001111,FAC_01,MCH_27,84.71,0.265,13.6,3.08,84.2,0
IOT_00001112,FAC_05,MCH_18,61.57,1.358,18.7,2.94,70.5,0
IOT_00001113,FAC_05,MCH_25,77.85,6.42,65.7,2.66,62.5,0
IOT_00001114,FAC_04,MCH_41,89.33,6.192,39.6,3.8,76.5,0
IOT_00001115,FAC_01,MCH_64,36.75,5.733,94.3,3.16,99.4,0
IOT_00001116,FAC_04,MCH_55,90.8,4.673,107.7,5.16,73.6,1
IOT_00001117,FAC_04,MCH_85,73.0,1.787,16.6,3.94,88.4,0
IOT_00001118,FAC_04,MCH_79,71.97,1.002,82.7,6.32,80.8,0
IOT_00001119,FAC_02,MCH_79,83.08,2.607,89.5,3.92,93.6,0
IOT_00001120,FAC_04,MCH_56,62.44,5.129,16.0,6.78,80.8,0
IOT_00001121,FAC_05,MCH_75,36.31,3.606,24.4,6.18,74.5,0
IOT_00001122,FAC_05,MCH_89,85.05,2.934,84.6,3.82,92.1,0
IOT_00001123,FAC_04,MCH_32,38.43,2.125,47.5,2.74,80.4,0
IOT_00001124,FAC_05,MCH_24,53.69,5.069,122.6,4.69,72.0,0
IOT_00001125,FAC_05,MCH_95,75.74,2.126,143.8,3.67,56.6,1
IOT_00001126,FAC_03,MCH_91,52.19,2.272,146.4,5.8,81.8,0
IOT_00001127,FAC_02,MCH_74,62.66,4.283,50.9,2.56,69.2,0
IOT_00001128,FAC_01,MCH_85,57.93,2.863,76.1,7.84,77.5,0
IOT_00001129,FAC_02,MCH_59,87.2,5.796,51.9,7.03,84.5,0
IOT_00001130,FAC_04,MCH_57,83.26,0.515,75.9,3.92,64.8,0
IOT_00001131,FAC_01,MCH_42,42.18,2.278,14.9,3.42,82.4,0
IOT_00001132,FAC_04,MCH_81,85.64,6.088,16.3,4.25,79.1,0
IOT_00001133,FAC_03,MCH_98,56.98,0.128,56.5,4.18,68.5,0
IOT_00001134,FAC_04,MCH_18,35.11,5.399,36.8,5.69,57.7,0
IOT_00001135,FAC_04,MCH_64,74.23,5.902,148.4,5.81,69.6,0
IOT_00001136,FAC_02,MCH_34,44.54,5.942,144.2,3.78,94.1,0
IOT_00001137,FAC_03,MCH_42,51.07,4.407,16.6,4.55,107.2,0
IOT_00001138,FAC_03,MCH_84,61.77,4.684,37.1,4.74,102.9,0
IOT_00001139,FAC_03,MCH_76,36.45,0.656,132.3,6.37,58.4,0
IOT_00001140,FAC_02,MCH_69,75.55,4.698,74.9,2.74,56.0,1
IOT_00001141,FAC_02,MCH_12,36.46,1.424,131.2,6.89,56.8,0
IOT_00001142,FAC_04,MCH_21,43.9,5.418,134.0,7.53,72.8,0
IOT_00001143,FAC_01,MCH_71,76.05,5.839,127.0,4.79,86.0,0
IOT_00001144,FAC_01,MCH_71,93.52,3.082,33.9,4.54,56.0,0
IOT_00001145,FAC_01,MCH_98,61.52,6.343,115.2,2.89,56.6,0
IOT_00001146,FAC_01,MCH_83,92.05,0.35,48.0,3.0,89.0,0
IOT_00001147,FAC_01,MCH_95,40.65,3.572,61.0,7.91,87.6,0
IOT_00001148,FAC_01,MCH_53,83.34,3.019,121.2,5.03,108.0,0
IOT_00001149,FAC_03,MCH_34,39.31,2.624,34.0,7.63,83.7,0
IOT_00001150,FAC_05,MCH_70,80.54,6.199,112.1,4.27,107.9,0
IOT_00001151,FAC_04,MCH_96,35.87,1.741,59.3,4.36,74.9,0
IOT_00001152,FAC_01,MCH_72,73.76,1.335,117.5,4.06,67.9,0
IOT_00001153,FAC_05,MCH_28,73.95,0.895,121.8,2.53,56.8,0
IOT_00001154,FAC_04,MCH_95,37.54,2.104,80.3,5.61,85.0,0
IOT_00001155,FAC_04,MCH_11,42.08,2.403,117.8,5.4,71.3,0
IOT_00001156,FAC_05,MCH_87,47.45,3.844,101.4,3.96,79.6,0
IOT_00001157,FAC_05,MCH_99,36.48,4.955,42.2,3.62,95.8,0
IOT_00001158,FAC_05,MCH_72,81.89,6.109,131.9,2.66,93.7,0
IOT_00001159,FAC_02,MCH_61,85.63,4.902,77.2,2.71,56.7,0
IOT_00001160,FAC_03,MCH_46,64.97,1.099,64.6,6.0,92.2,0
IOT_00001161,FAC_04,MCH_62,36.42,3.466,35.7,7.68,107.1,0
IOT_00001162,FAC_02,MCH_73,57.76,0.411,78.5,5.74,65.0,0
IOT_00001163,FAC_04,MCH_31,51.25,2.842,114.4,3.43,104.9,0
IOT_00001164,FAC_04,MCH_31,62.01,4.69,75.0,3.36,108.9,0
IOT_00001165,FAC_02,MCH_16,83.57,1.465,75.0,7.84,73.0,1
IOT_00001166,FAC_01,MCH_60,65.8,5.618,142.1,3.85,102.5,0
IOT_00001167,FAC_05,MCH_52,81.29,0.509,61.8,4.25,82.0,0
IOT_00001168,FAC_02,MCH_78,49.7,5.402,21.1,5.09,109.7,0
IOT_00001169,FAC_03,MCH_25,58.13,0.6,18.6,6.18,74.0,0
IOT_00001170,FAC_03,MCH_42,80.33,0.273,86.2,7.52,68.6,0
IOT_00001171,FAC_02,MCH_24,41.52,4.856,20.1,7.26,100.2,1
IOT_00001172,FAC_04,MCH_24,51.99,1.401,115.9,5.64,109.4,0
IOT_00001173,FAC_01,MCH_25,35.4,3.716,132.8,5.9,98.0,0
IOT_00001174,FAC_02,MCH_79,43.22,2.745,131.9,5.37,95.8,0
IOT_00001175,FAC_01,MCH_96,65.72,2.333,147.2,3.96,68.2,0
IOT_00001176,FAC_01,MCH_29,65.16,2.739,125.7,2.83,103.6,0
IOT_00001177,FAC_04,MCH_31,91.37,1.703,38.1,7.75,89.5,0
IOT_00001178,FAC_01,MCH_31,72.14,0.262,78.9,7.13,91.3,1
IOT_00001179,FAC_02,MCH_65,70.08,5.446,13.5,3.91,101.5,0
IOT_00001180,FAC_02,MCH_23,62.59,2.298,36.4,4.29,74.3,1
IOT_00001181,FAC_04,MCH_52,46.02,5.131,25.0,3.99,56.9,0
IOT_00001182,FAC_03,MCH_35,88.79,1.602,148.2,4.61,93.8,0
IOT_00001183,FAC_04,MCH_26,71.2,0.914,52.1,6.3,96.2,0
IOT_00001184,FAC_05,MCH_45,45.99,0.876,95.6,5.47,56.4,0
IOT_00001185,FAC_03,MCH_38,89.89,0.913,37.0,4.38,56.2,0
IOT_00001186,FAC_04,MCH_36,64.34,2.132,108.9,5.86,65.4,0
IOT_00001187,FAC_05,MCH_84,77.31,2.48,123.5,6.53,69.7,0
IOT_00001188,FAC_05,MCH_53,76.58,5.795,69.4,5.63,86.8,0
IOT_00001189,FAC_04,MCH_68,78.45,1.565,135.4,6.84,61.2,0
IOT_00001190,FAC_01,MCH_91,75.14,4.433,140.1,4.1,89.1,0
IOT_00001191,FAC_05,MCH_49,48.26,4.873,100.0,7.84,94.5,0
IOT_00001192,FAC_02,MCH_49,87.31,2.417,30.0,3.78,65.4,0
IOT_00001193,FAC_04,MCH_45,53.34,1.389,143.8,7.69,76.5,0
IOT_00001194,FAC_01,MCH_10,92.76,3.512,12.3,7.98,100.2,0
IOT_00001195,FAC_01,MCH_45,58.78,1.618,76.4,4.76,108.8,0
IOT_00001196,FAC_05,MCH_32,78.3,1.456,29.7,5.82,62.8,0
IOT_00001197,FAC_03,MCH_71,42.12,1.763,32.6,6.45,94.8,0
IOT_00001198,FAC_04,MCH_56,62.33,3.552,15.3,7.62,100.7,0
IOT_00001199,FAC_03,MCH_54,60.42,5.092,129.8,4.15,103.9,0
IOT_00001200,FAC_02,MCH_29,48.87,2.116,28.1,6.61,74.1,0
IOT_00001201,FAC_04,MCH_96,85.46,3.976,119.0,7.27,91.9,0
IOT_00001202,FAC_02,MCH_32,90.43,2.019,102.6,4.27,92.0,0
IOT_00001203,FAC_05,MCH_71,35.89,2.566,57.3,4.47,98.7,0
IOT_00001204,FAC_03,MCH_55,39.76,1.11,30.7,4.35,91.1,0
IOT_00001205,FAC_01,MCH_80,65.83,4.404,130.9,5.03,67.0,0
IOT_00001206,FAC_04,MCH_51,53.81,0.723,122.8,3.87,90.2,0
IOT_00001207,FAC_05,MCH_19,70.2,3.277,36.4,6.5,76.7,0
IOT_00001208,FAC_05,MCH_92,58.46,3.43,118.1,3.92,97.7,1
IOT_00001209,FAC_01,MCH_20,94.36,5.96,39.0,5.72,56.1,0
IOT_00001210,FAC_04,MCH_22,86.57,1.046,148.2,7.76,72.7,0
IOT_00001211,FAC_01,MCH_59,59.51,1.797,140.0,3.77,62.5,0
IOT_00001212,FAC_05,MCH_78,94.93,2.804,59.8,6.98,66.8,1
IOT_00001213,FAC_03,MCH_95,81.53,5.18,134.4,4.84,106.8,0
IOT_00001214,FAC_05,MCH_27,44.09,1.561,108.7,7.28,73.6,0
IOT_00001215,FAC_02,MCH_36,40.56,2.287,76.2,5.6,59.0,0
IOT_00001216,FAC_02,MCH_71,40.25,6.393,93.0,6.87,92.4,0
IOT_00001217,FAC_04,MCH_61,41.89,4.953,77.6,3.15,98.1,0
IOT_00001218,FAC_04,MCH_10,93.87,3.211,14.5,3.57,104.4,0
IOT_00001219,FAC_01,MCH_99,39.21,3.407,86.1,7.6,82.2,0
IOT_00001220,FAC_05,MCH_34,89.73,4.568,30.1,3.02,97.5,0
IOT_00001221,FAC_04,MCH_83,47.6,4.648,84.6,6.9,55.7,0
IOT_00001222,FAC_04,MCH_70,88.2,0.892,110.5,6.88,68.1,0
IOT_00001223,FAC_02,MCH_25,56.39,2.959,131.5,5.66,94.4,0
IOT_00001224,FAC_04,MCH_40,36.47,0.709,135.3,4.24,67.4,0
IOT_00001225,FAC_05,MCH_30,48.58,0.72,117.5,2.6,65.7,0
IOT_00001226,FAC_03,MCH_13,93.58,5.417,61.6,6.57,57.6,0
IOT_00001227,FAC_04,MCH_57,77.55,0.849,43.5,3.84,96.5,0
IOT_00001228,FAC_04,MCH_31,40.96,5.461,145.3,3.54,59.9,0
IOT_00001229,FAC_03,MCH_23,67.05,2.824,87.2,7.64,83.4,0
IOT_00001230,FAC_03,MCH_88,50.61,4.833,147.3,4.73,72.6,0
IOT_00001231,FAC_04,MCH_29,45.36,3.152,135.0,2.77,56.4,0
IOT_00001232,FAC_02,MCH_32,65.98,0.316,97.3,7.81,79.4,0
IOT_00001233,FAC_01,MCH_11,49.69,2.426,58.8,7.61,103.5,0
IOT_00001234,FAC_03,MCH_57,80.9,6.025,98.4,7.82,70.0,0
IOT_00001235,FAC_05,MCH_23,57.95,5.713,56.5,7.06,97.9,0
IOT_00001236,FAC_02,MCH_95,75.87,3.162,50.8,3.21,91.2,0
IOT_00001237,FAC_03,MCH_57,91.05,1.658,18.4,4.43,78.4,0
IOT_00001238,FAC_04,MCH_95,46.69,2.284,65.7,6.73,87.7,0
IOT_00001239,FAC_01,MCH_62,35.22,0.592,33.6,7.94,100.3,0
IOT_00001240,FAC_04,MCH_27,60.52,2.051,115.9,6.56,89.7,0
IOT_00001241,FAC_02,MCH_92,37.31,4.291,79.9,5.54,87.0,0
IOT_00001242,FAC_01,MCH_40,78.23,3.754,79.7,6.87,101.3,0
IOT_00001243,FAC_01,MCH_47,88.41,2.329,139.9,6.84,90.6,0
IOT_00001244,FAC_03,MCH_42,86.87,1.082,138.9,2.68,70.3,0
IOT_00001245,FAC_05,MCH_37,83.23,1.13,17.0,4.2,63.3,0
IOT_00001246,FAC_02,MCH_90,60.22,4.653,64.9,7.45,72.6,0
IOT_00001247,FAC_02,MCH_97,92.79,5.581,78.9,4.28,78.3,0
IOT_00001248,FAC_02,MCH_17,57.71,5.388,70.5,4.51,83.6,0
IOT_00001249,FAC_01,MCH_70,89.26,3.301,15.2,3.73,87.2,0
IOT_00001250,FAC_05,MCH_12,51.66,2.926,68.2,3.46,55.1,0
IOT_00001251,FAC_05,MCH_70,45.48,4.019,127.1,4.44,60.2,1
IOT_00001252,FAC_01,MCH_12,61.58,3.968,36.7,4.25,89.4,0
IOT_00001253,FAC_05,MCH_72,76.26,0.167,73.8,6.98,57.0,0
IOT_00001254,FAC_01,MCH_67,55.07,6.306,115.4,7.7,65.7,0
IOT_00001255,FAC_05,MCH_85,65.63,5.836,78.9,4.89,76.7,0
IOT_00001256,FAC_04,MCH_24,50.18,4.229,135.0,4.9,109.4,0
IOT_00001257,FAC_05,MCH_49,80.12,1.267,108.4,6.44,98.3,0
IOT_00001258,FAC_05,MCH_53,68.59,1.006,107.5,6.82,100.4,0
IOT_00001259,FAC_05,MCH_28,76.05,0.118,45.2,6.25,90.6,0
IOT_00001260,FAC_01,MCH_93,62.46,1.82,107.9,6.44,59.2,0
IOT_00001261,FAC_01,MCH_62,51.4,0.5,67.5,5.11,62.0,0
IOT_00001262,FAC_02,MCH_32,62.71,0.624,142.3,2.75,59.0,0
IOT_00001263,FAC_01,MCH_18,91.59,0.632,13.0,3.17,72.4,0
IOT_00001264,FAC_02,MCH_92,42.36,2.169,142.1,7.65,68.2,0
IOT_00001265,FAC_05,MCH_80,38.34,4.164,97.4,4.41,60.2,0
IOT_00001266,FAC_02,MCH_74,39.18,4.908,128.3,4.11,63.9,0
IOT_00001267,FAC_05,MCH_39,51.27,4.802,70.4,4.04,91.6,0
IOT_00001268,FAC_05,MCH_49,70.2,5.098,73.5,3.78,93.6,0
IOT_00001269,FAC_03,MCH_45,47.88,6.167,94.2,3.91,81.4,0
IOT_00001270,FAC_01,MCH_98,64.28,0.785,19.0,7.84,95.6,0
IOT_00001271,FAC_05,MCH_13,42.77,6.26,139.6,7.87,60.4,0
IOT_00001272,FAC_02,MCH_69,42.84,0.201,54.9,5.56,109.6,0
IOT_00001273,FAC_05,MCH_11,83.24,1.997,25.2,5.01,60.5,0
IOT_00001274,FAC_01,MCH_80,60.97,5.074,132.6,6.87,60.4,0
IOT_00001275,FAC_02,MCH_26,75.23,2.678,48.7,6.6,69.8,0
IOT_00001276,FAC_02,MCH_69,55.7,5.338,98.7,6.66,69.4,0
IOT_00001277,FAC_05,MCH_39,79.34,1.337,110.4,7.91,57.6,0
IOT_00001278,FAC_01,MCH_14,50.23,2.873,129.4,4.59,88.4,0
IOT_00001279,FAC_02,MCH_41,59.09,5.403,35.9,6.56,77.6,0
IOT_00001280,FAC_05,MCH_67,36.19,5.514,75.6,7.25,104.3,0
IOT_00001281,FAC_01,MCH_34,62.04,1.877,122.8,6.69,58.8,0
IOT_00001282,FAC_01,MCH_67,42.75,1.505,134.5,5.16,86.7,0
IOT_00001283,FAC_01,MCH_13,70.71,3.971,99.1,3.86,65.6,0
IOT_00001284,FAC_04,MCH_79,94.78,4.967,56.3,6.91,104.0,0
IOT_00001285,FAC_04,MCH_26,37.41,5.347,118.9,6.43,83.5,0
IOT_00001286,FAC_01,MCH_25,88.42,6.229,54.0,4.67,100.0,0
IOT_00001287,FAC_02,MCH_64,69.41,2.348,31.6,6.25,83.7,0
IOT_00001288,FAC_02,MCH_19,58.18,6.017,139.8,6.41,101.7,0
IOT_00001289,FAC_02,MCH_40,47.98,0.483,120.3,3.15,73.4,0
IOT_00001290,FAC_04,MCH_97,35.36,5.553,137.6,6.12,89.8,1
IOT_00001291,FAC_02,MCH_97,60.29,4.786,81.0,6.79,64.2,0
IOT_00001292,FAC_05,MCH_42,75.75,1.694,20.3,2.87,66.1,0
IOT_00001293,FAC_03,MCH_74,81.99,0.734,43.7,7.1,81.9,0
IOT_00001294,FAC_01,MCH_92,48.56,2.985,61.3,6.71,99.9,0
IOT_00001295,FAC_03,MCH_95,78.03,1.501,119.3,7.57,77.9,0
IOT_00001296,FAC_04,MCH_23,36.03,2.499,24.6,2.95,78.7,1
IOT_00001297,FAC_03,MCH_56,87.65,4.325,125.0,7.28,56.0,0
IOT_00001298,FAC_04,MCH_20,41.09,2.297,13.8,4.64,81.0,0
IOT_00001299,FAC_05,MCH_99,40.29,1.468,37.3,5.02,97.9,0
IOT_00001300,FAC_05,MCH_49,57.78,6.325,79.4,5.33,57.6,0
IOT_00001301,FAC_05,MCH_72,51.19,5.777,13.0,7.68,72.7,0
IOT_00001302,FAC_05,MCH_72,84.79,3.593,74.4,5.28,71.5,0
IOT_00001303,FAC_03,MCH_49,35.69,4.086,108.1,5.33,82.4,1
IOT_00001304,FAC_05,MCH_19,69.55,4.05,47.7,3.9,101.2,0
IOT_00001305,FAC_02,MCH_80,42.36,4.0,21.3,5.34,59.7,0
IOT_00001306,FAC_03,MCH_10,69.21,2.119,35.5,7.35,89.9,0
IOT_00001307,FAC_02,MCH_54,64.63,0.32,124.9,2.61,67.2,0
IOT_00001308,FAC_04,MCH_23,63.43,2.972,60.1,4.52,73.3,0
IOT_00001309,FAC_05,MCH_14,74.66,3.635,55.5,4.77,77.1,0
IOT_00001310,FAC_02,MCH_44,56.24,0.266,40.2,5.24,68.2,0
IOT_00001311,FAC_04,MCH_81,67.83,3.124,43.4,4.15,67.5,0
IOT_00001312,FAC_01,MCH_68,82.68,0.172,70.9,3.96,63.0,0
IOT_00001313,FAC_05,MCH_96,84.99,0.194,134.6,4.18,104.4,0
IOT_00001314,FAC_04,MCH_99,44.14,2.194,119.1,7.31,63.0,0
IOT_00001315,FAC_03,MCH_46,52.91,3.991,79.9,6.81,60.6,0
IOT_00001316,FAC_03,MCH_16,36.42,5.228,149.2,3.1,103.8,0
IOT_00001317,FAC_01,MCH_81,79.16,1.126,101.7,6.08,103.7,0
IOT_00001318,FAC_04,MCH_78,56.23,1.751,135.8,7.17,63.8,0
IOT_00001319,FAC_04,MCH_28,61.27,2.543,104.7,4.61,79.7,0
IOT_00001320,FAC_03,MCH_87,56.68,3.892,110.8,6.92,70.0,0
IOT_00001321,FAC_05,MCH_18,43.04,5.602,77.7,2.88,98.3,0
IOT_00001322,FAC_02,MCH_38,90.12,4.716,101.7,3.97,59.8,0
IOT_00001323,FAC_01,MCH_55,67.61,0.753,141.7,4.9,93.5,0
IOT_00001324,FAC_05,MCH_16,80.29,2.927,96.1,4.75,83.8,0
IOT_00001325,FAC_03,MCH_27,61.62,1.274,41.1,2.9,70.9,0
IOT_00001326,FAC_04,MCH_55,79.29,6.079,118.4,3.45,56.3,0
IOT_00001327,FAC_05,MCH_73,78.47,3.091,126.6,5.74,94.4,0
IOT_00001328,FAC_01,MCH_32,61.98,4.996,51.2,7.99,65.5,0
IOT_00001329,FAC_01,MCH_83,89.44,5.115,33.0,6.03,105.3,0
IOT_00001330,FAC_02,MCH_88,82.09,2.57,105.5,2.82,75.3,0
IOT_00001331,FAC_05,MCH_90,56.33,4.293,124.8,6.07,104.1,0
IOT_00001332,FAC_05,MCH_18,62.9,2.402,74.1,2.57,105.4,0
IOT_00001333,FAC_05,MCH_76,43.31,2.544,120.1,5.77,76.1,0
IOT_00001334,FAC_04,MCH_76,92.78,1.036,134.2,3.46,72.7,0
IOT_00001335,FAC_05,MCH_82,86.08,6.257,99.7,3.8,105.9,0
IOT_00001336,FAC_05,MCH_80,89.78,2.86,129.0,6.63,67.4,0
IOT_00001337,FAC_05,MCH_74,93.63,2.049,136.7,7.78,105.6,0
IOT_00001338,FAC_05,MCH_85,81.83,1.982,17.9,6.44,93.4,0
IOT_00001339,FAC_04,MCH_73,90.12,4.293,142.5,5.09,108.5,1
IOT_00001340,FAC_03,MCH_33,47.32,4.608,111.6,7.34,68.9,0
IOT_00001341,FAC_05,MCH_75,84.65,5.56,86.9,4.6,80.7,0
IOT_00001342,FAC_03,MCH_27,53.84,1.131,99.7,6.32,83.2,0
IOT_00001343,FAC_05,MCH_51,66.65,2.551,135.6,6.82,106.3,0
IOT_00001344,FAC_02,MCH_56,83.75,0.389,137.6,4.66,63.4,0
IOT_00001345,FAC_01,MCH_23,84.85,1.535,130.3,3.56,103.2,0
IOT_00001346,FAC_01,MCH_10,64.05,6.236,51.0,2.55,95.4,0
IOT_00001347,FAC_01,MCH_42,66.95,1.002,52.0,7.38,77.0,0
IOT_00001348,FAC_04,MCH_26,79.41,1.238,123.6,5.73,106.4,0
IOT_00001349,FAC_03,MCH_43,86.79,4.958,24.6,3.27,106.2,0
IOT_00001350,FAC_01,MCH_84,64.53,1.58,106.2,7.8,75.8,0
IOT_00001351,FAC_02,MCH_76,43.65,3.159,64.2,3.52,78.4,0
IOT_00001352,FAC_02,MCH_64,47.12,3.72,34.3,2.69,57.5,0
IOT_00001353,FAC_05,MCH_95,56.11,3.162,117.0,3.13,91.8,0
IOT_00001354,FAC_03,MCH_70,91.8,3.598,93.6,6.17,73.2,0
IOT_00001355,FAC_04,MCH_78,60.32,0.822,82.7,5.09,55.2,0
IOT_00001356,FAC_03,MCH_82,41.05,0.98,98.3,2.52,91.0,0
IOT_00001357,FAC_02,MCH_78,60.24,2.23,25.8,5.54,86.0,0
IOT_00001358,FAC_03,MCH_19,87.4,1.338,44.1,7.54,71.4,0
IOT_00001359,FAC_03,MCH_34,68.42,0.658,48.0,3.95,102.3,1
IOT_00001360,FAC_02,MCH_88,79.76,4.02,124.2,6.64,93.6,0
IOT_00001361,FAC_03,MCH_48,40.58,3.57,45.0,4.35,79.5,0
IOT_00001362,FAC_05,MCH_72,86.4,2.14,144.5,6.61,103.3,0
IOT_00001363,FAC_03,MCH_95,88.9,3.026,122.1,2.94,66.8,0
IOT_00001364,FAC_01,MCH_90,69.42,0.682,90.7,4.07,92.3,0
IOT_00001365,FAC_02,MCH_65,45.73,0.235,130.4,2.71,58.1,0
IOT_00001366,FAC_03,MCH_81,57.68,0.257,63.4,3.32,73.9,0
IOT_00001367,FAC_04,MCH_59,70.14,5.189,106.1,3.02,98.6,1
IOT_00001368,FAC_01,MCH_91,90.07,1.871,18.9,6.0,91.4,0
IOT_00001369,FAC_04,MCH_46,70.75,2.3,118.4,2.85,98.0,0
IOT_00001370,FAC_05,MCH_88,85.61,3.059,59.4,6.14,95.3,0
IOT_00001371,FAC_05,MCH_85,74.32,1.591,35.9,6.68,106.1,1
IOT_00001372,FAC_04,MCH_21,61.72,1.032,142.5,3.32,65.7,0
IOT_00001373,FAC_01,MCH_68,65.78,3.141,60.1,6.04,104.8,0
IOT_00001374,FAC_02,MCH_84,43.37,3.526,147.2,5.26,68.2,0
IOT_00001375,FAC_01,MCH_55,92.52,2.51,112.3,2.7,80.9,0
IOT_00001376,FAC_02,MCH_91,64.05,5.668,129.4,3.92,68.4,0
IOT_00001377,FAC_03,MCH_45,36.07,3.676,60.6,4.93,74.8,0
IOT_00001378,FAC_02,MCH_87,47.47,1.671,32.5,3.1,76.8,0
IOT_00001379,FAC_04,MCH_46,42.92,5.274,54.8,7.86,83.0,0
IOT_00001380,FAC_04,MCH_78,69.42,4.455,96.5,2.58,61.1,0
IOT_00001381,FAC_04,MCH_35,69.76,3.642,120.7,6.99,73.6,0
IOT_00001382,FAC_04,MCH_41,42.75,6.303,117.7,2.85,90.4,0
IOT_00001383,FAC_03,MCH_49,91.66,0.345,68.2,5.97,105.9,0
IOT_00001384,FAC_04,MCH_10,67.62,5.065,102.5,3.88,70.4,0
IOT_00001385,FAC_01,MCH_92,82.89,5.212,99.6,5.65,62.6,0
IOT_00001386,FAC_02,MCH_64,46.71,5.86,45.0,6.24,75.9,0
IOT_00001387,FAC_04,MCH_21,43.24,2.993,100.8,4.46,100.6,0
IOT_00001388,FAC_02,MCH_35,52.85,4.701,120.8,7.67,63.7,0
IOT_00001389,FAC_04,MCH_35,51.3,2.024,81.8,5.64,55.2,0
IOT_00001390,FAC_05,MCH_23,93.35,0.38,88.0,5.63,60.4,1
IOT_00001391,FAC_01,MCH_78,75.1,1.082,111.9,6.31,108.8,0
IOT_00001392,FAC_05,MCH_72,74.61,0.638,42.0,2.93,74.0,0
IOT_00001393,FAC_05,MCH_86,94.45,5.428,19.4,6.25,104.9,0
IOT_00001394,FAC_05,MCH_65,41.87,1.868,29.4,4.16,67.7,0
IOT_00001395,FAC_04,MCH_58,64.54,2.337,41.0,3.26,102.8,1
IOT_00001396,FAC_03,MCH_39,59.18,3.19,108.4,4.13,79.3,0
IOT_00001397,FAC_05,MCH_82,64.62,1.596,111.1,5.13,91.7,0
IOT_00001398,FAC_02,MCH_52,59.41,1.564,93.5,3.15,101.0,1
IOT_00001399,FAC_03,MCH_26,68.23,5.112,133.9,6.66,70.2,0
IOT_00001400,FAC_05,MCH_58,84.99,5.756,24.1,5.33,58.0,0
IOT_00001401,FAC_02,MCH_71,64.57,4.043,121.2,6.43,100.3,0
IOT_00001402,FAC_04,MCH_33,66.13,4.299,17.7,4.97,60.9,0
IOT_00001403,FAC_04,MCH_70,59.06,5.588,67.6,3.04,63.0,0
IOT_00001404,FAC_05,MCH_61,66.32,4.453,42.4,5.43,88.7,0
IOT_00001405,FAC_02,MCH_78,87.56,2.173,112.1,3.05,77.5,0
IOT_00001406,FAC_02,MCH_30,74.19,0.719,78.2,2.68,108.1,0
IOT_00001407,FAC_01,MCH_25,58.98,1.18,29.3,6.15,99.6,0
IOT_00001408,FAC_01,MCH_67,55.6,4.459,42.5,6.3,83.6,0
IOT_00001409,FAC_04,MCH_91,48.09,1.877,25.7,7.52,100.5,0
IOT_00001410,FAC_01,MCH_67,56.23,2.043,45.1,4.19,72.5,0
IOT_00001411,FAC_04,MCH_97,78.31,2.561,141.2,3.59,88.6,0
IOT_00001412,FAC_04,MCH_72,70.22,1.996,111.8,4.45,75.9,0
IOT_00001413,FAC_03,MCH_38,63.53,2.346,13.6,6.12,74.1,0
IOT_00001414,FAC_05,MCH_14,53.96,1.915,33.8,6.94,104.8,0
IOT_00001415,FAC_02,MCH_47,72.14,4.636,112.5,5.91,98.6,0
IOT_00001416,FAC_02,MCH_73,82.88,4.658,118.4,6.29,87.8,0
IOT_00001417,FAC_05,MCH_10,51.64,5.287,124.2,3.4,56.0,0
IOT_00001418,FAC_03,MCH_54,68.13,0.398,16.0,4.37,70.4,0
IOT_00001419,FAC_03,MCH_35,94.65,4.721,37.7,6.45,106.0,0
IOT_00001420,FAC_01,MCH_92,50.5,2.095,126.2,6.6,100.3,0
IOT_00001421,FAC_02,MCH_37,62.12,5.341,102.7,3.19,107.4,0
IOT_00001422,FAC_04,MCH_59,80.54,2.946,86.5,3.58,85.4,0
IOT_00001423,FAC_05,MCH_21,70.66,4.336,145.4,4.68,107.4,0
IOT_00001424,FAC_05,MCH_90,79.65,1.313,49.7,4.82,102.0,0
IOT_00001425,FAC_01,MCH_30,71.6,6.292,75.1,4.28,89.2,0
IOT_00001426,FAC_05,MCH_47,93.47,2.764,135.8,7.59,99.4,0
IOT_00001427,FAC_05,MCH_37,94.05,4.583,110.7,6.56,61.2,0
IOT_00001428,FAC_03,MCH_18,49.56,3.747,81.5,4.95,61.7,0
IOT_00001429,FAC_01,MCH_55,46.25,6.483,58.9,3.45,90.5,0
IOT_00001430,FAC_05,MCH_21,66.08,3.705,39.8,4.42,63.9,0
IOT_00001431,FAC_02,MCH_68,80.12,3.503,84.4,7.07,68.2,0
IOT_00001432,FAC_03,MCH_74,75.6,2.574,116.9,3.32,101.7,0
IOT_00001433,FAC_04,MCH_57,67.77,1.3,97.7,2.74,64.5,0
IOT_00001434,FAC_04,MCH_18,83.3,3.585,41.2,6.21,78.7,0
IOT_00001435,FAC_02,MCH_34,51.38,4.027,17.0,6.69,89.1,0
IOT_00001436,FAC_02,MCH_81,43.18,2.086,42.6,7.39,78.7,0
IOT_00001437,FAC_03,MCH_43,66.17,0.492,87.0,4.52,109.5,0
IOT_00001438,FAC_02,MCH_16,54.2,4.762,22.1,3.35,71.1,0
IOT_00001439,FAC_03,MCH_24,43.55,1.809,96.4,4.1,60.9,0
IOT_00001440,FAC_03,MCH_57,62.56,4.065,119.4,6.24,100.3,0
IOT_00001441,FAC_01,MCH_31,60.15,2.93,54.6,5.23,75.0,0
IOT_00001442,FAC_05,MCH_53,43.97,0.686,62.5,6.62,83.0,0
IOT_00001443,FAC_01,MCH_75,53.65,5.289,14.1,6.95,96.5,0
IOT_00001444,FAC_03,MCH_99,84.47,2.177,98.0,7.56,57.3,0
IOT_00001445,FAC_04,MCH_68,84.33,5.829,48.7,5.49,88.7,0
IOT_00001446,FAC_01,MCH_59,92.47,6.219,46.3,5.27,64.7,0
IOT_00001447,FAC_02,MCH_28,66.09,1.787,96.2,7.89,73.4,0
IOT_00001448,FAC_04,MCH_24,69.0,3.84,103.8,7.28,85.1,0
IOT_00001449,FAC_04,MCH_69,58.39,5.811,121.7,6.69,99.1,0
IOT_00001450,FAC_02,MCH_22,53.65,1.567,114.6,6.87,67.1,0
IOT_00001451,FAC_04,MCH_83,73.87,3.429,101.5,7.46,57.8,0
IOT_00001452,FAC_03,MCH_72,60.79,1.114,42.3,5.22,68.5,0
IOT_00001453,FAC_01,MCH_57,38.23,6.449,28.8,4.45,94.6,0
IOT_00001454,FAC_01,MCH_72,82.92,4.309,16.8,4.12,59.6,0
IOT_00001455,FAC_01,MCH_67,83.18,4.557,90.8,7.46,96.8,0
IOT_00001456,FAC_05,MCH_52,56.48,6.043,85.9,3.11,103.0,0
IOT_00001457,FAC_03,MCH_57,46.1,2.251,146.8,3.83,83.8,0
IOT_00001458,FAC_03,MCH_27,60.14,0.566,18.5,7.26,83.9,0
IOT_00001459,FAC_04,MCH_31,80.96,2.59,46.0,4.0,67.1,1
IOT_00001460,FAC_03,MCH_35,74.2,5.226,91.9,3.72,98.7,0
IOT_00001461,FAC_01,MCH_57,40.49,4.478,59.0,4.38,62.3,0
IOT_00001462,FAC_02,MCH_58,79.85,0.258,27.3,7.03,60.5,0
IOT_00001463,FAC_05,MCH_51,65.79,1.358,50.5,7.15,84.8,0
IOT_00001464,FAC_04,MCH_53,60.35,1.057,105.0,3.18,105.5,0
IOT_00001465,FAC_03,MCH_84,42.8,3.955,149.0,2.94,90.7,0
IOT_00001466,FAC_05,MCH_47,37.3,4.803,120.7,3.15,76.1,0
IOT_00001467,FAC_04,MCH_91,37.63,2.993,133.2,3.94,100.8,0
IOT_00001468,FAC_02,MCH_11,47.61,3.803,144.3,4.73,67.2,0
IOT_00001469,FAC_05,MCH_33,49.79,5.918,95.5,7.86,103.3,0
IOT_00001470,FAC_04,MCH_93,70.43,0.638,22.6,4.36,56.0,0
IOT_00001471,FAC_05,MCH_40,40.49,0.399,52.9,2.56,84.8,0
IOT_00001472,FAC_05,MCH_31,75.98,3.125,59.1,5.05,56.1,0
IOT_00001473,FAC_04,MCH_64,60.68,1.957,107.0,7.82,58.7,0
IOT_00001474,FAC_03,MCH_56,85.03,6.319,58.4,3.86,85.0,0
IOT_00001475,FAC_04,MCH_18,42.5,3.822,59.3,4.29,98.7,0
IOT_00001476,FAC_04,MCH_61,48.4,2.109,59.5,4.83,92.0,0
IOT_00001477,FAC_05,MCH_48,45.71,0.544,29.5,4.43,108.8,0
IOT_00001478,FAC_02,MCH_77,39.16,6.23,49.1,6.41,82.8,0
IOT_00001479,FAC_03,MCH_98,89.72,1.048,50.7,7.89,92.8,0
IOT_00001480,FAC_05,MCH_16,90.94,1.606,80.5,5.19,101.1,0
IOT_00001481,FAC_04,MCH_20,49.39,5.593,140.4,6.31,107.2,0
IOT_00001482,FAC_04,MCH_97,79.57,3.238,104.0,4.26,99.4,0
IOT_00001483,FAC_05,MCH_19,53.91,0.292,146.6,4.77,65.5,0
IOT_00001484,FAC_02,MCH_88,66.94,5.599,59.9,7.27,79.9,0
IOT_00001485,FAC_04,MCH_79,78.8,4.824,68.1,5.28,86.0,1
IOT_00001486,FAC_04,MCH_94,84.12,5.21,74.5,6.8,109.0,0
IOT_00001487,FAC_02,MCH_15,40.06,1.375,137.2,2.58,108.4,0
IOT_00001488,FAC_05,MCH_19,79.45,4.191,124.8,4.15,80.1,1
IOT_00001489,FAC_01,MCH_29,53.44,4.5,106.4,2.81,101.4,1
IOT_00001490,FAC_04,MCH_27,83.67,3.794,145.5,4.6,64.7,0
IOT_00001491,FAC_03,MCH_33,38.95,2.624,92.2,7.34,102.1,0
IOT_00001492,FAC_01,MCH_83,94.56,0.238,39.5,7.64,76.8,0
IOT_00001493,FAC_04,MCH_77,35.5,1.284,76.0,3.65,95.5,1
IOT_00001494,FAC_02,MCH_31,71.88,0.892,69.8,3.11,96.3,0
IOT_00001495,FAC_04,MCH_76,89.77,5.175,34.4,7.95,81.7,0
IOT_00001496,FAC_02,MCH_63,77.44,6.066,116.4,5.43,107.4,0
IOT_00001497,FAC_05,MCH_31,41.98,0.466,145.4,4.78,60.2,0
IOT_00001498,FAC_05,MCH_69,58.18,2.251,21.1,3.19,63.9,0
IOT_00001499,FAC_02,MCH_73,62.36,0.993,59.3,2.67,60.4,0
IOT_00001500,FAC_05,MCH_61,80.66,1.216,102.4,5.24,76.0,0
IOT_00001501,FAC_01,MCH_75,36.33,4.096,49.0,5.57,72.4,0
IOT_00001502,FAC_03,MCH_95,85.79,1.532,81.6,3.56,60.5,0
IOT_00001503,FAC_05,MCH_82,85.75,3.757,21.7,7.86,86.1,0
IOT_00001504,FAC_04,MCH_24,77.56,1.095,110.2,2.53,76.2,0
IOT_00001505,FAC_02,MCH_46,75.24,0.88,136.3,7.43,56.7,0
IOT_00001506,FAC_02,MCH_16,45.74,0.311,99.0,4.09,93.2,0
IOT_00001507,FAC_04,MCH_29,51.55,1.12,63.2,2.78,71.1,0
IOT_00001508,FAC_01,MCH_47,94.95,2.186,31.5,7.65,109.5,0
IOT_00001509,FAC_02,MCH_84,62.1,3.209,52.3,3.35,82.2,0
IOT_00001510,FAC_04,MCH_73,76.1,0.98,109.2,2.54,85.8,0
IOT_00001511,FAC_01,MCH_35,65.24,4.564,43.5,7.38,85.4,0
IOT_00001512,FAC_03,MCH_12,47.63,6.086,113.5,3.56,84.9,0
IOT_00001513,FAC_03,MCH_97,69.75,1.71,60.2,4.06,107.5,0
IOT_00001514,FAC_02,MCH_60,73.12,1.082,21.8,4.93,86.3,0
IOT_00001515,FAC_05,MCH_89,63.21,5.7,118.2,7.61,57.8,0
IOT_00001516,FAC_04,MCH_52,72.39,6.133,110.3,5.64,63.2,1
IOT_00001517,FAC_04,MCH_34,44.31,0.552,57.7,5.75,101.3,0
IOT_00001518,FAC_02,MCH_54,78.04,0.342,18.4,5.48,79.5,0
IOT_00001519,FAC_01,MCH_82,89.24,4.764,54.9,5.93,74.8,0
IOT_00001520,FAC_02,MCH_34,85.16,0.771,25.1,5.31,83.4,0
IOT_00001521,FAC_04,MCH_16,40.9,2.369,116.0,2.85,71.5,0
IOT_00001522,FAC_02,MCH_28,57.57,3.786,35.7,3.9,106.8,0
IOT_00001523,FAC_02,MCH_12,82.11,5.704,139.1,6.62,76.9,0
IOT_00001524,FAC_02,MCH_82,53.26,3.065,105.6,6.01,91.2,0
IOT_00001525,FAC_05,MCH_87,65.83,4.853,39.4,4.31,108.1,0
IOT_00001526,FAC_05,MCH_28,62.13,2.969,80.4,4.37,66.1,0
IOT_00001527,FAC_04,MCH_65,38.4,5.815,118.6,6.25,91.3,1
IOT_00001528,FAC_03,MCH_42,54.29,2.605,133.6,5.55,58.5,0
IOT_00001529,FAC_04,MCH_52,70.89,5.685,109.1,7.78,67.2,0
IOT_00001530,FAC_02,MCH_63,68.45,3.855,41.5,3.93,110.0,0
IOT_00001531,FAC_02,MCH_65,49.57,0.151,28.4,3.44,80.7,0
IOT_00001532,FAC_04,MCH_49,71.16,2.414,77.9,6.38,104.5,0
IOT_00001533,FAC_05,MCH_45,54.75,2.825,111.1,3.64,61.3,0
IOT_00001534,FAC_04,MCH_95,42.6,5.705,83.9,6.35,64.9,0
IOT_00001535,FAC_03,MCH_52,35.74,1.418,70.9,6.72,66.7,0
IOT_00001536,FAC_05,MCH_99,79.9,5.865,44.8,5.25,62.5,1
IOT_00001537,FAC_04,MCH_34,71.19,5.676,99.2,3.88,64.8,0
IOT_00001538,FAC_01,MCH_63,61.75,5.01,60.9,6.8,82.8,0
IOT_00001539,FAC_04,MCH_85,35.41,2.157,53.5,4.94,90.2,0
IOT_00001540,FAC_01,MCH_83,74.52,6.372,80.1,7.56,101.1,1
IOT_00001541,FAC_01,MCH_71,43.66,5.526,124.1,4.64,57.2,0
IOT_00001542,FAC_05,MCH_35,55.61,3.957,142.8,7.15,97.9,0
IOT_00001543,FAC_01,MCH_53,84.4,4.983,145.1,6.19,93.9,0
IOT_00001544,FAC_03,MCH_74,36.8,5.334,112.3,7.31,72.6,0
IOT_00001545,FAC_04,MCH_38,93.66,1.77,27.6,5.13,90.6,0
IOT_00001546,FAC_05,MCH_31,40.72,1.367,95.5,5.11,84.8,1
IOT_00001547,FAC_03,MCH_72,39.12,0.819,27.0,2.57,77.1,0
IOT_00001548,FAC_05,MCH_58,67.69,5.793,29.8,7.31,86.3,0
IOT_00001549,FAC_01,MCH_15,86.68,2.336,125.5,7.09,79.0,0
IOT_00001550,FAC_05,MCH_60,76.38,2.097,97.4,7.57,99.3,0
IOT_00001551,FAC_05,MCH_47,88.48,2.684,112.3,7.16,103.4,0
IOT_00001552,FAC_01,MCH_92,44.3,4.38,29.1,3.3,66.4,0
IOT_00001553,FAC_01,MCH_25,53.98,4.336,92.6,3.27,98.2,0
IOT_00001554,FAC_03,MCH_23,40.56,5.036,15.1,2.88,62.1,0
IOT_00001555,FAC_01,MCH_44,43.0,0.624,114.5,4.38,72.0,0
IOT_00001556,FAC_01,MCH_76,79.43,5.78,109.2,5.39,85.3,0
IOT_00001557,FAC_05,MCH_35,69.84,5.627,22.6,6.75,80.2,0
IOT_00001558,FAC_01,MCH_87,87.8,6.298,57.0,5.2,81.8,0
IOT_00001559,FAC_05,MCH_87,92.82,5.498,50.4,5.34,97.4,1
IOT_00001560,FAC_01,MCH_24,62.52,5.818,97.6,4.82,96.9,0
IOT_00001561,FAC_02,MCH_29,39.73,1.176,112.4,7.28,63.8,0
IOT_00001562,FAC_02,MCH_48,87.5,0.683,112.1,6.74,105.0,0
IOT_00001563,FAC_04,MCH_68,47.53,0.545,111.3,3.09,55.4,0
IOT_00001564,FAC_05,MCH_87,37.06,4.038,40.1,3.37,64.2,0
IOT_00001565,FAC_05,MCH_85,39.58,0.516,109.6,5.58,106.5,1
IOT_00001566,FAC_01,MCH_10,70.21,4.258,52.2,3.36,98.1,0
IOT_00001567,FAC_03,MCH_48,36.99,1.067,39.2,5.75,78.3,0
IOT_00001568,FAC_05,MCH_28,88.32,2.788,47.6,4.72,89.6,0
IOT_00001569,FAC_01,MCH_22,46.42,6.441,13.2,7.64,87.6,0
IOT_00001570,FAC_04,MCH_56,62.68,2.266,106.6,3.29,65.9,0
IOT_00001571,FAC_03,MCH_23,45.09,3.787,107.7,7.75,95.3,1
IOT_00001572,FAC_02,MCH_56,79.94,0.191,97.8,3.21,71.8,0
IOT_00001573,FAC_03,MCH_62,42.26,3.257,134.4,7.66,105.7,0
IOT_00001574,FAC_01,MCH_90,65.32,4.077,121.0,4.5,60.9,0
IOT_00001575,FAC_05,MCH_59,66.67,0.485,21.8,7.9,92.6,0
IOT_00001576,FAC_05,MCH_90,91.09,6.364,47.1,4.29,103.2,1
IOT_00001577,FAC_04,MCH_47,73.29,4.01,42.4,5.44,90.4,0
IOT_00001578,FAC_04,MCH_11,53.2,6.07,149.5,6.36,96.6,0
IOT_00001579,FAC_01,MCH_96,46.31,5.841,127.9,4.77,58.7,0
IOT_00001580,FAC_05,MCH_36,54.14,5.643,55.0,7.89,57.2,1
IOT_00001581,FAC_01,MCH_63,40.54,3.015,118.3,3.69,78.6,0
IOT_00001582,FAC_05,MCH_48,40.89,3.023,68.0,7.72,66.2,0
IOT_00001583,FAC_01,MCH_88,67.5,1.458,145.8,7.31,81.7,0
IOT_00001584,FAC_04,MCH_64,60.92,5.065,123.2,2.54,89.9,1
IOT_00001585,FAC_02,MCH_46,90.88,2.613,129.9,4.84,104.4,0
IOT_00001586,FAC_02,MCH_40,59.06,5.524,17.2,6.62,70.2,0
IOT_00001587,FAC_03,MCH_88,62.99,0.427,44.0,7.85,59.9,0
IOT_00001588,FAC_04,MCH_33,68.2,5.725,104.8,5.98,88.6,0
IOT_00001589,FAC_02,MCH_78,60.7,4.364,18.4,4.14,68.2,0
IOT_00001590,FAC_05,MCH_35,47.98,4.144,114.4,4.03,70.6,0
IOT_00001591,FAC_02,MCH_99,58.53,5.352,116.4,4.75,91.1,0
IOT_00001592,FAC_02,MCH_64,86.22,2.566,77.2,4.22,73.5,0
IOT_00001593,FAC_04,MCH_28,74.75,1.628,18.4,4.67,89.0,0
IOT_00001594,FAC_02,MCH_74,71.92,3.639,149.2,6.0,86.1,0
IOT_00001595,FAC_01,MCH_74,90.69,5.741,149.5,7.1,84.1,0
IOT_00001596,FAC_01,MCH_59,85.43,0.768,20.9,2.59,58.9,1
IOT_00001597,FAC_02,MCH_80,83.72,2.636,89.0,3.92,62.6,1
IOT_00001598,FAC_02,MCH_97,35.12,1.898,73.3,2.56,109.1,0
IOT_00001599,FAC_02,MCH_22,55.49,3.495,73.0,4.51,109.1,0
IOT_00001600,FAC_04,MCH_95,72.78,2.063,136.7,3.37,70.8,0
IOT_00001601,FAC_02,MCH_22,84.73,4.794,23.7,4.75,75.0,0
IOT_00001602,FAC_04,MCH_47,81.72,1.993,73.7,2.9,59.5,0
IOT_00001603,FAC_05,MCH_22,35.4,3.351,56.5,6.51,106.0,1
IOT_00001604,FAC_01,MCH_36,55.71,2.058,57.5,7.25,82.1,0
IOT_00001605,FAC_05,MCH_36,69.45,1.101,140.1,7.94,56.3,1
IOT_00001606,FAC_04,MCH_58,88.67,5.833,33.7,2.68,58.3,0
IOT_00001607,FAC_05,MCH_59,38.37,1.508,127.4,6.17,73.5,0
IOT_00001608,FAC_02,MCH_58,57.46,3.69,61.5,5.6,67.2,0
IOT_00001609,FAC_04,MCH_69,78.06,4.397,80.5,5.09,83.3,0
IOT_00001610,FAC_05,MCH_43,75.45,4.429,95.8,4.95,74.4,0
IOT_00001611,FAC_01,MCH_71,74.21,1.824,33.9,5.21,65.8,0
IOT_00001612,FAC_03,MCH_17,88.97,3.813,112.6,3.52,59.2,0
IOT_00001613,FAC_01,MCH_99,39.74,2.898,67.7,4.87,98.3,0
IOT_00001614,FAC_04,MCH_51,73.5,1.865,144.0,6.84,91.5,0
IOT_00001615,FAC_04,MCH_89,38.56,2.514,86.4,2.52,108.5,0
IOT_00001616,FAC_03,MCH_15,69.05,1.774,39.0,5.26,104.9,0
IOT_00001617,FAC_04,MCH_89,44.11,1.514,41.8,5.93,63.0,0
IOT_00001618,FAC_02,MCH_83,40.39,3.704,121.8,3.71,73.3,0
IOT_00001619,FAC_01,MCH_27,94.71,2.442,43.4,3.6,98.5,0
IOT_00001620,FAC_03,MCH_46,41.72,4.87,143.7,3.49,85.1,0
IOT_00001621,FAC_04,MCH_29,46.41,5.877,147.7,5.18,86.4,0
IOT_00001622,FAC_01,MCH_66,69.01,3.408,76.9,3.81,88.4,0
IOT_00001623,FAC_02,MCH_30,52.46,6.086,56.8,7.11,82.9,0
IOT_00001624,FAC_01,MCH_56,75.74,1.264,17.3,2.51,61.8,0
IOT_00001625,FAC_04,MCH_90,68.27,5.492,58.8,7.26,68.7,0
IOT_00001626,FAC_01,MCH_20,65.61,3.833,70.1,7.63,104.3,0
IOT_00001627,FAC_05,MCH_10,58.39,3.884,136.5,3.85,66.3,0
IOT_00001628,FAC_02,MCH_66,43.81,1.11,143.5,6.03,59.2,0
IOT_00001629,FAC_05,MCH_17,59.23,2.463,103.8,4.66,62.6,0
IOT_00001630,FAC_05,MCH_66,68.85,5.291,33.3,2.85,76.7,0
IOT_00001631,FAC_04,MCH_33,64.71,5.087,129.9,3.88,64.9,1
IOT_00001632,FAC_04,MCH_22,75.9,4.903,62.1,2.73,103.0,0
IOT_00001633,FAC_04,MCH_61,44.14,6.354,135.4,4.94,70.8,0
IOT_00001634,FAC_02,MCH_12,54.13,6.34,62.3,6.97,96.4,0
IOT_00001635,FAC_04,MCH_38,61.95,2.246,52.7,6.34,63.8,0
IOT_00001636,FAC_05,MCH_64,75.05,6.211,87.3,3.21,106.1,0
IOT_00001637,FAC_03,MCH_74,43.02,6.007,47.8,3.61,77.5,0
IOT_00001638,FAC_03,MCH_57,63.41,6.223,49.0,2.72,60.8,0
IOT_00001639,FAC_01,MCH_31,83.99,2.1,109.4,5.92,80.9,1
IOT_00001640,FAC_03,MCH_10,38.19,6.133,66.0,4.25,90.6,0
IOT_00001641,FAC_04,MCH_67,69.8,1.439,62.7,5.99,97.1,0
IOT_00001642,FAC_01,MCH_75,57.98,3.844,113.6,3.99,64.0,0
IOT_00001643,FAC_04,MCH_78,49.62,0.138,116.7,6.38,99.8,0
IOT_00001644,FAC_04,MCH_44,71.66,4.804,122.4,6.42,106.2,0
IOT_00001645,FAC_04,MCH_12,47.12,6.456,23.5,6.28,108.4,0
IOT_00001646,FAC_03,MCH_25,85.65,5.889,57.1,5.74,59.5,0
IOT_00001647,FAC_05,MCH_54,47.28,0.794,121.7,3.75,69.6,0
IOT_00001648,FAC_01,MCH_12,59.05,2.614,63.7,5.06,108.1,0
IOT_00001649,FAC_04,MCH_96,73.43,1.362,36.8,4.75,98.5,0
IOT_00001650,FAC_05,MCH_46,85.31,1.347,27.1,5.51,56.2,0
IOT_00001651,FAC_05,MCH_56,44.74,3.882,33.1,5.48,88.6,0
IOT_00001652,FAC_02,MCH_13,64.02,4.727,146.8,4.94,87.5,0
IOT_00001653,FAC_01,MCH_82,71.87,4.295,62.9,5.35,68.9,0
IOT_00001654,FAC_01,MCH_43,62.95,1.704,113.5,4.74,104.9,0
IOT_00001655,FAC_03,MCH_83,87.07,4.959,130.4,7.94,102.1,0
IOT_00001656,FAC_02,MCH_81,57.85,2.548,116.5,6.5,102.7,0
IOT_00001657,FAC_03,MCH_16,62.59,5.416,129.9,5.81,109.5,0
IOT_00001658,FAC_01,MCH_62,41.46,0.525,126.9,5.32,59.1,0
IOT_00001659,FAC_03,MCH_21,39.55,0.58,46.6,3.51,108.6,0
IOT_00001660,FAC_04,MCH_40,83.45,1.818,138.6,4.15,97.8,0
IOT_00001661,FAC_02,MCH_53,81.1,4.605,66.7,6.85,83.7,0
IOT_00001662,FAC_01,MCH_50,45.22,1.377,13.1,3.85,75.8,0
IOT_00001663,FAC_01,MCH_94,64.18,3.432,63.2,7.76,107.4,0
IOT_00001664,FAC_01,MCH_63,37.28,1.658,42.7,4.42,109.0,0
IOT_00001665,FAC_03,MCH_82,78.48,4.284,25.5,4.07,98.5,0
IOT_00001666,FAC_05,MCH_81,51.86,2.042,63.5,3.34,60.6,0
IOT_00001667,FAC_03,MCH_36,63.81,2.843,65.6,5.61,89.7,1
IOT_00001668,FAC_01,MCH_32,89.65,1.129,19.9,3.15,99.1,0
IOT_00001669,FAC_03,MCH_59,77.82,2.477,38.9,4.01,56.0,1
IOT_00001670,FAC_03,MCH_96,72.83,0.231,61.9,4.24,103.8,0
IOT_00001671,FAC_02,MCH_86,71.34,4.776,142.6,4.95,107.7,0
IOT_00001672,FAC_02,MCH_15,59.41,0.916,54.2,2.98,93.2,1
IOT_00001673,FAC_01,MCH_94,55.24,0.485,60.5,5.84,94.9,0
IOT_00001674,FAC_02,MCH_37,39.05,4.604,82.8,7.28,106.9,0
IOT_00001675,FAC_02,MCH_39,38.06,4.996,51.1,7.61,70.6,0
IOT_00001676,FAC_04,MCH_22,66.88,6.322,18.0,6.3,98.1,0
IOT_00001677,FAC_04,MCH_54,59.57,3.195,105.9,5.51,69.3,0
IOT_00001678,FAC_05,MCH_73,86.6,0.473,62.7,4.27,103.6,0
IOT_00001679,FAC_01,MCH_58,56.03,0.857,36.6,6.9,97.6,0
IOT_00001680,FAC_04,MCH_29,94.56,2.593,77.4,3.09,62.7,0
IOT_00001681,FAC_03,MCH_91,71.02,3.92,21.5,2.76,97.1,0
IOT_00001682,FAC_02,MCH_73,44.99,4.776,143.1,2.8,74.7,0
IOT_00001683,FAC_01,MCH_20,81.47,4.893,54.4,4.05,96.0,0
IOT_00001684,FAC_04,MCH_61,88.65,4.521,60.2,6.16,96.5,0
IOT_00001685,FAC_05,MCH_22,86.93,5.516,78.7,6.65,74.1,0
IOT_00001686,FAC_01,MCH_93,70.35,0.4,118.7,3.9,93.2,0
IOT_00001687,FAC_04,MCH_94,83.96,4.657,84.2,7.27,97.0,0
IOT_00001688,FAC_01,MCH_66,58.34,3.643,115.8,6.43,106.4,0
IOT_00001689,FAC_01,MCH_18,37.81,4.63,115.3,6.31,64.4,0
IOT_00001690,FAC_01,MCH_57,37.27,1.171,36.1,3.32,78.1,0
IOT_00001691,FAC_01,MCH_47,46.55,5.895,19.1,6.85,94.9,0
IOT_00001692,FAC_03,MCH_59,65.41,6.25,38.6,7.86,70.1,1
IOT_00001693,FAC_05,MCH_75,57.92,3.241,54.7,4.95,68.2,0
IOT_00001694,FAC_02,MCH_22,48.73,2.206,92.5,5.72,89.4,1
IOT_00001695,FAC_01,MCH_43,67.26,3.283,107.1,2.79,107.8,0
IOT_00001696,FAC_02,MCH_69,40.88,4.376,37.7,6.7,104.0,0
IOT_00001697,FAC_05,MCH_82,40.73,4.848,69.9,4.73,100.1,0
IOT_00001698,FAC_04,MCH_14,91.11,4.054,82.8,7.35,109.0,1
IOT_00001699,FAC_04,MCH_38,88.92,4.072,26.1,3.33,109.0,1
IOT_00001700,FAC_03,MCH_13,68.44,3.614,138.9,6.72,61.2,0
IOT_00001701,FAC_03,MCH_49,47.43,4.479,37.8,4.03,80.8,0
IOT_00001702,FAC_05,MCH_35,88.4,2.463,92.3,2.99,90.6,0
IOT_00001703,FAC_05,MCH_83,84.27,6.39,88.7,3.59,100.0,0
IOT_00001704,FAC_03,MCH_20,73.66,5.389,61.8,4.48,72.3,0
IOT_00001705,FAC_03,MCH_59,64.42,5.935,102.8,7.57,63.1,1
IOT_00001706,FAC_05,MCH_10,73.86,1.819,12.4,3.86,109.1,0
IOT_00001707,FAC_02,MCH_31,85.32,0.687,99.8,5.22,98.9,0
IOT_00001708,FAC_05,MCH_93,46.23,0.929,16.6,2.92,96.4,0
IOT_00001709,FAC_04,MCH_80,82.26,3.384,91.0,6.25,97.7,0
IOT_00001710,FAC_04,MCH_15,41.04,1.118,91.8,5.64,87.6,0
IOT_00001711,FAC_03,MCH_96,66.21,6.195,142.0,4.81,85.6,0
IOT_00001712,FAC_03,MCH_49,68.62,2.726,82.1,4.41,105.6,0
IOT_00001713,FAC_02,MCH_88,49.96,3.344,54.3,5.01,87.7,0
IOT_00001714,FAC_05,MCH_85,59.21,2.51,27.3,4.08,103.1,0
IOT_00001715,FAC_03,MCH_24,77.68,2.591,98.9,4.9,67.2,0
IOT_00001716,FAC_05,MCH_77,90.48,4.661,42.0,6.95,58.5,0
IOT_00001717,FAC_01,MCH_57,40.51,3.873,50.0,7.83,66.7,0
IOT_00001718,FAC_01,MCH_51,61.68,2.961,54.7,5.22,89.1,0
IOT_00001719,FAC_01,MCH_78,75.44,3.638,131.2,6.26,67.0,0
IOT_00001720,FAC_03,MCH_56,43.57,0.116,62.0,6.53,71.2,0
IOT_00001721,FAC_05,MCH_28,39.93,0.914,50.4,3.27,95.7,0
IOT_00001722,FAC_02,MCH_36,43.78,3.927,32.0,5.47,66.0,0
IOT_00001723,FAC_04,MCH_19,52.83,2.052,15.5,5.09,80.9,0
IOT_00001724,FAC_04,MCH_80,53.31,0.83,49.5,6.06,105.7,0
IOT_00001725,FAC_04,MCH_71,94.43,2.675,65.0,5.46,82.1,0
IOT_00001726,FAC_05,MCH_44,56.52,2.877,129.7,4.63,96.6,0
IOT_00001727,FAC_05,MCH_69,54.09,0.873,65.7,6.6,92.0,0
IOT_00001728,FAC_03,MCH_31,64.05,5.395,29.3,5.59,95.5,0
IOT_00001729,FAC_01,MCH_51,77.23,3.059,111.1,3.03,95.5,0
IOT_00001730,FAC_01,MCH_93,82.51,1.108,143.4,6.42,69.3,0
IOT_00001731,FAC_01,MCH_51,89.29,0.602,149.7,4.92,92.0,0
IOT_00001732,FAC_03,MCH_28,87.27,5.324,26.7,3.6,67.6,0
IOT_00001733,FAC_03,MCH_34,63.23,3.024,135.8,7.32,109.8,0
IOT_00001734,FAC_04,MCH_66,70.04,1.896,99.7,7.14,74.1,0
IOT_00001735,FAC_01,MCH_99,43.13,2.537,96.9,7.39,74.7,0
IOT_00001736,FAC_04,MCH_40,44.76,1.789,100.3,6.0,87.5,0
IOT_00001737,FAC_03,MCH_74,42.51,2.204,93.9,3.14,76.2,0
IOT_00001738,FAC_01,MCH_71,43.32,0.145,53.1,5.98,85.1,0
IOT_00001739,FAC_04,MCH_13,68.34,1.392,142.3,3.81,104.7,0
IOT_00001740,FAC_05,MCH_48,78.37,6.014,20.8,5.96,57.9,0
IOT_00001741,FAC_03,MCH_32,63.85,4.511,143.5,6.04,89.6,0
IOT_00001742,FAC_05,MCH_41,38.95,5.765,44.9,7.71,102.6,0
IOT_00001743,FAC_01,MCH_55,49.7,3.005,60.3,6.48,58.8,0
IOT_00001744,FAC_05,MCH_64,49.15,2.916,25.5,4.29,105.3,0
IOT_00001745,FAC_05,MCH_48,57.53,0.13,13.2,5.36,58.5,0
IOT_00001746,FAC_02,MCH_10,43.67,2.249,54.8,7.65,83.6,0
IOT_00001747,FAC_04,MCH_66,83.77,2.288,42.9,6.14,71.8,1
IOT_00001748,FAC_03,MCH_47,84.29,0.998,92.5,2.9,59.7,0
IOT_00001749,FAC_05,MCH_44,39.21,4.93,16.3,7.24,70.2,0
IOT_00001750,FAC_03,MCH_24,89.47,3.593,14.2,4.49,99.1,0
IOT_00001751,FAC_02,MCH_96,51.22,5.694,63.0,6.28,82.2,0
IOT_00001752,FAC_02,MCH_74,46.93,3.534,78.0,3.33,98.5,0
IOT_00001753,FAC_03,MCH_11,81.51,3.692,126.1,5.86,81.0,0
IOT_00001754,FAC_05,MCH_31,68.75,0.315,108.6,3.4,85.0,0
IOT_00001755,FAC_02,MCH_58,87.78,5.875,22.1,2.5,83.0,0
IOT_00001756,FAC_01,MCH_74,59.58,6.396,13.3,3.01,63.4,0
IOT_00001757,FAC_04,MCH_63,66.74,6.336,119.8,6.16,71.4,0
IOT_00001758,FAC_05,MCH_65,82.9,1.868,82.5,7.0,80.6,0
IOT_00001759,FAC_03,MCH_36,62.9,0.404,23.0,3.5,85.0,0
IOT_00001760,FAC_01,MCH_37,70.03,4.354,45.8,7.67,100.7,0
IOT_00001761,FAC_01,MCH_69,76.18,4.667,25.8,7.73,97.0,0
IOT_00001762,FAC_04,MCH_20,92.04,4.763,110.6,2.52,68.7,1
IOT_00001763,FAC_05,MCH_87,77.17,5.565,22.1,5.2,90.7,0
IOT_00001764,FAC_02,MCH_10,40.3,4.741,55.6,7.85,85.8,0
IOT_00001765,FAC_04,MCH_88,90.83,5.552,19.4,4.47,87.8,0
IOT_00001766,FAC_03,MCH_53,47.29,0.28,27.4,2.7,89.2,0
IOT_00001767,FAC_02,MCH_92,87.3,2.057,78.8,3.85,107.0,0
IOT_00001768,FAC_03,MCH_72,71.06,4.717,98.2,6.02,92.8,0
IOT_00001769,FAC_04,MCH_15,71.99,0.253,79.9,6.76,102.5,0
IOT_00001770,FAC_03,MCH_32,92.95,6.239,103.9,6.81,72.7,0
IOT_00001771,FAC_01,MCH_97,93.9,4.681,146.4,4.95,67.9,0
IOT_00001772,FAC_05,MCH_29,80.79,2.244,37.8,6.59,61.6,0
IOT_00001773,FAC_03,MCH_20,83.43,5.962,57.6,7.93,55.6,0
IOT_00001774,FAC_04,MCH_31,94.65,3.56,46.8,4.34,108.6,0
IOT_00001775,FAC_03,MCH_94,68.72,3.255,90.2,6.12,108.3,0
IOT_00001776,FAC_04,MCH_26,64.59,6.249,13.4,4.59,107.9,0
IOT_00001777,FAC_05,MCH_16,64.27,4.895,128.5,7.39,75.2,1
IOT_00001778,FAC_04,MCH_48,42.78,6.086,130.6,7.43,88.1,0
IOT_00001779,FAC_04,MCH_51,38.89,2.858,76.0,7.03,74.6,0
IOT_00001780,FAC_03,MCH_27,56.38,2.094,30.1,7.03,61.6,0
IOT_00001781,FAC_04,MCH_59,65.18,6.316,40.2,5.02,71.3,0
IOT_00001782,FAC_01,MCH_30,41.82,0.753,17.0,7.4,71.4,0
IOT_00001783,FAC_01,MCH_33,68.57,3.728,63.0,3.94,107.9,0
IOT_00001784,FAC_02,MCH_67,79.74,4.581,65.4,7.19,60.5,0
IOT_00001785,FAC_04,MCH_85,56.91,6.194,36.6,6.45,87.4,0
IOT_00001786,FAC_02,MCH_86,82.4,3.837,82.0,6.06,79.8,0
IOT_00001787,FAC_05,MCH_29,47.42,2.149,84.0,3.11,65.6,0
IOT_00001788,FAC_01,MCH_53,38.01,0.258,42.1,7.35,87.9,0
IOT_00001789,FAC_03,MCH_66,49.9,5.843,145.5,2.91,86.7,0
IOT_00001790,FAC_02,MCH_91,69.34,0.586,110.5,5.41,94.9,0
IOT_00001791,FAC_01,MCH_79,81.59,2.761,12.8,6.53,101.0,0
IOT_00001792,FAC_01,MCH_37,90.66,2.749,65.3,5.23,90.2,0
IOT_00001793,FAC_02,MCH_32,89.53,3.113,130.5,7.61,69.0,0
IOT_00001794,FAC_02,MCH_36,78.79,3.786,66.8,7.93,95.4,0
IOT_00001795,FAC_04,MCH_46,88.58,3.201,139.0,6.22,109.9,0
IOT_00001796,FAC_03,MCH_32,46.93,6.378,109.4,7.6,55.6,0
IOT_00001797,FAC_01,MCH_60,85.77,4.391,101.0,4.39,65.7,0
IOT_00001798,FAC_01,MCH_54,40.93,2.816,148.3,6.07,56.3,0
IOT_00001799,FAC_03,MCH_53,49.55,1.219,61.7,4.33,91.3,0
IOT_00001800,FAC_02,MCH_82,89.0,4.688,65.7,5.19,80.8,0
IOT_00001801,FAC_04,MCH_49,58.06,0.266,56.0,2.53,67.6,0
IOT_00001802,FAC_03,MCH_66,76.27,1.279,39.1,4.12,70.7,0
IOT_00001803,FAC_01,MCH_45,60.4,0.768,77.9,4.77,70.9,0
IOT_00001804,FAC_01,MCH_23,90.07,0.709,12.3,6.73,81.0,0
IOT_00001805,FAC_04,MCH_47,59.65,0.4,121.8,4.79,100.6,0
IOT_00001806,FAC_01,MCH_93,84.66,3.29,18.4,6.64,56.3,0
IOT_00001807,FAC_02,MCH_32,59.97,2.347,95.1,7.67,89.1,0
IOT_00001808,FAC_02,MCH_91,75.37,4.875,27.6,5.43,58.7,0
IOT_00001809,FAC_04,MCH_29,82.2,1.269,149.1,3.2,71.5,0
IOT_00001810,FAC_01,MCH_10,54.64,5.211,117.8,4.1,76.9,0
IOT_00001811,FAC_03,MCH_50,82.97,2.756,42.7,6.32,95.3,0
IOT_00001812,FAC_04,MCH_31,36.47,0.509,40.4,6.17,98.7,0
IOT_00001813,FAC_02,MCH_16,56.73,6.356,55.5,2.61,76.0,0
IOT_00001814,FAC_03,MCH_94,36.17,5.86,108.9,7.98,69.9,0
IOT_00001815,FAC_03,MCH_10,79.53,3.271,38.0,3.38,100.7,0
IOT_00001816,FAC_04,MCH_29,77.26,5.444,17.7,6.68,88.6,0
IOT_00001817,FAC_03,MCH_28,48.82,5.457,108.4,6.29,82.4,0
IOT_00001818,FAC_01,MCH_82,88.07,4.592,89.4,3.63,74.4,0
IOT_00001819,FAC_01,MCH_16,59.89,3.665,68.1,3.37,77.3,0
IOT_00001820,FAC_04,MCH_49,50.52,1.236,58.2,4.7,71.9,0
IOT_00001821,FAC_03,MCH_78,63.91,0.887,113.7,6.76,96.3,0
IOT_00001822,FAC_02,MCH_13,86.18,1.069,45.6,7.44,87.0,0
IOT_00001823,FAC_01,MCH_93,86.72,6.498,136.7,7.36,66.3,0
IOT_00001824,FAC_03,MCH_17,80.05,0.141,38.4,6.21,84.0,0
IOT_00001825,FAC_02,MCH_17,84.89,5.842,70.0,6.58,91.9,1
IOT_00001826,FAC_05,MCH_15,66.61,3.136,49.1,5.4,85.4,0
IOT_00001827,FAC_03,MCH_28,48.47,5.49,22.8,7.83,68.2,0
IOT_00001828,FAC_03,MCH_64,45.86,4.368,114.0,5.47,95.1,0
IOT_00001829,FAC_04,MCH_75,49.33,5.821,122.3,6.08,60.2,1
IOT_00001830,FAC_05,MCH_54,94.42,1.441,70.8,4.87,90.2,0
IOT_00001831,FAC_03,MCH_28,43.98,2.186,36.9,7.46,99.4,0
IOT_00001832,FAC_02,MCH_87,89.39,6.479,141.6,4.07,75.3,0
IOT_00001833,FAC_05,MCH_65,58.44,3.118,137.0,3.89,94.0,0
IOT_00001834,FAC_04,MCH_79,94.09,3.956,130.9,5.07,85.2,0
IOT_00001835,FAC_05,MCH_63,58.18,0.884,34.7,3.61,84.7,0
IOT_00001836,FAC_01,MCH_21,43.67,4.175,28.8,7.04,55.6,0
IOT_00001837,FAC_02,MCH_33,41.79,3.8,121.2,7.06,93.1,0
IOT_00001838,FAC_02,MCH_38,79.36,2.047,55.1,3.93,78.3,0
IOT_00001839,FAC_02,MCH_41,71.36,4.851,138.5,6.18,70.1,0
IOT_00001840,FAC_04,MCH_64,69.33,2.533,93.8,5.56,91.6,0
IOT_00001841,FAC_05,MCH_22,91.89,1.713,98.3,5.7,101.0,0
IOT_00001842,FAC_04,MCH_56,73.11,3.618,98.3,4.93,68.2,0
IOT_00001843,FAC_04,MCH_85,40.98,2.645,62.7,7.38,68.0,0
IOT_00001844,FAC_04,MCH_98,84.82,2.006,55.0,3.02,88.4,0
IOT_00001845,FAC_04,MCH_24,47.16,2.853,102.1,7.51,70.1,0
IOT_00001846,FAC_05,MCH_89,36.73,1.92,29.9,5.58,109.3,0
IOT_00001847,FAC_03,MCH_23,84.9,1.689,16.0,5.59,69.4,0
IOT_00001848,FAC_04,MCH_84,91.52,1.787,36.7,4.43,85.8,0
IOT_00001849,FAC_03,MCH_37,36.11,2.114,90.9,7.92,69.7,0
IOT_00001850,FAC_02,MCH_47,77.22,5.562,149.0,6.18,74.0,0
IOT_00001851,FAC_01,MCH_15,50.3,5.847,110.9,3.88,63.2,0
IOT_00001852,FAC_05,MCH_77,64.07,0.839,134.3,7.4,90.6,0
IOT_00001853,FAC_01,MCH_28,87.74,5.574,143.2,4.91,87.9,0
IOT_00001854,FAC_05,MCH_52,83.87,4.335,138.1,7.12,75.9,0
IOT_00001855,FAC_02,MCH_29,92.93,5.932,122.6,5.65,66.4,0
IOT_00001856,FAC_02,MCH_34,79.4,2.49,125.2,7.51,65.3,0
IOT_00001857,FAC_03,MCH_78,55.92,5.337,43.7,6.96,103.4,0
IOT_00001858,FAC_04,MCH_42,75.4,1.703,50.0,2.51,81.8,0
IOT_00001859,FAC_01,MCH_14,35.47,5.667,37.8,2.77,62.7,0
IOT_00001860,FAC_03,MCH_94,48.21,2.084,118.6,6.5,71.9,0
IOT_00001861,FAC_04,MCH_57,62.55,0.608,32.0,7.17,65.3,0
IOT_00001862,FAC_03,MCH_29,49.99,1.248,71.8,2.6,102.8,0
IOT_00001863,FAC_02,MCH_90,70.49,2.062,129.9,5.98,106.7,0
IOT_00001864,FAC_03,MCH_50,49.53,0.848,53.9,7.71,77.0,0
IOT_00001865,FAC_02,MCH_43,87.7,3.972,97.2,2.8,72.2,0
IOT_00001866,FAC_01,MCH_37,42.22,0.581,70.8,5.11,84.8,0
IOT_00001867,FAC_02,MCH_37,89.17,4.724,149.6,3.25,88.0,0
IOT_00001868,FAC_04,MCH_45,53.29,4.344,75.1,7.74,90.4,0
IOT_00001869,FAC_01,MCH_17,79.63,3.622,42.9,4.26,74.8,0
IOT_00001870,FAC_02,MCH_38,53.82,3.533,107.8,3.42,103.7,0
IOT_00001871,FAC_02,MCH_47,75.29,4.152,39.2,3.16,103.6,0
IOT_00001872,FAC_03,MCH_82,84.47,4.282,33.9,7.6,59.0,0
IOT_00001873,FAC_03,MCH_38,45.51,2.979,58.3,4.95,100.1,1
IOT_00001874,FAC_04,MCH_47,72.79,1.652,94.7,6.41,68.5,0
IOT_00001875,FAC_03,MCH_18,88.46,5.721,75.9,6.31,98.6,0
IOT_00001876,FAC_02,MCH_36,90.67,6.445,41.4,3.99,59.5,0
IOT_00001877,FAC_01,MCH_66,61.59,0.445,130.5,5.71,89.6,0
IOT_00001878,FAC_03,MCH_26,91.4,4.16,116.0,5.45,90.2,1
IOT_00001879,FAC_03,MCH_33,74.12,0.425,135.7,3.14,80.6,0
IOT_00001880,FAC_01,MCH_50,43.44,3.094,37.4,6.32,102.1,0
IOT_00001881,FAC_01,MCH_93,64.56,4.091,26.3,5.08,60.9,0
IOT_00001882,FAC_02,MCH_53,90.83,1.176,133.4,4.13,98.1,0
IOT_00001883,FAC_03,MCH_79,76.45,3.608,40.1,2.66,55.5,0
IOT_00001884,FAC_02,MCH_33,86.74,4.035,85.8,5.46,70.1,1
IOT_00001885,FAC_04,MCH_77,42.95,3.386,44.0,5.16,68.2,1
IOT_00001886,FAC_01,MCH_46,80.24,4.306,38.0,4.54,57.5,0
IOT_00001887,FAC_01,MCH_85,53.12,6.129,62.4,2.64,58.6,0
IOT_00001888,FAC_01,MCH_36,54.02,2.291,16.4,5.37,81.6,1
IOT_00001889,FAC_01,MCH_24,41.62,6.449,112.6,6.14,64.4,0
IOT_00001890,FAC_04,MCH_93,43.17,5.076,129.9,5.13,60.8,0
IOT_00001891,FAC_05,MCH_12,79.37,1.778,57.0,7.23,89.3,0
IOT_00001892,FAC_04,MCH_34,84.19,2.342,76.1,3.35,109.9,0
IOT_00001893,FAC_03,MCH_90,94.56,0.171,53.6,5.7,103.1,0
IOT_00001894,FAC_04,MCH_76,66.29,2.34,69.3,3.13,105.4,0
IOT_00001895,FAC_03,MCH_23,47.68,6.448,16.0,4.97,63.0,0
IOT_00001896,FAC_03,MCH_75,73.92,3.279,112.4,3.09,103.7,0
IOT_00001897,FAC_04,MCH_52,73.25,1.726,29.1,5.94,74.5,1
IOT_00001898,FAC_01,MCH_46,39.24,1.552,97.2,5.64,90.2,0
IOT_00001899,FAC_01,MCH_81,82.64,1.013,64.5,6.05,91.3,0
IOT_00001900,FAC_02,MCH_63,35.77,1.607,66.6,3.48,57.5,0
IOT_00001901,FAC_05,MCH_65,43.37,1.747,47.8,5.9,63.2,0
IOT_00001902,FAC_04,MCH_90,89.25,5.008,36.2,3.85,108.3,0
IOT_00001903,FAC_05,MCH_18,45.87,5.847,35.4,6.0,61.0,0
IOT_00001904,FAC_03,MCH_10,94.51,0.415,106.4,2.96,72.0,0
IOT_00001905,FAC_04,MCH_95,58.5,3.795,37.9,6.51,79.3,0
IOT_00001906,FAC_05,MCH_59,86.72,3.595,132.4,7.09,58.3,0
IOT_00001907,FAC_01,MCH_35,56.72,3.395,113.1,5.91,79.7,0
IOT_00001908,FAC_04,MCH_92,37.14,1.084,99.2,6.9,97.3,0
IOT_00001909,FAC_04,MCH_51,86.98,4.188,25.2,4.13,94.9,0
IOT_00001910,FAC_05,MCH_61,88.7,1.074,53.6,5.31,103.6,0
IOT_00001911,FAC_03,MCH_53,92.59,3.966,127.2,6.19,71.6,1
IOT_00001912,FAC_04,MCH_80,37.74,2.325,81.5,3.17,77.1,0
IOT_00001913,FAC_01,MCH_10,89.19,1.188,27.9,3.9,57.0,0
IOT_00001914,FAC_05,MCH_15,63.53,1.403,50.0,5.87,79.4,0
IOT_00001915,FAC_03,MCH_73,69.28,6.353,38.4,7.69,94.7,0
IOT_00001916,FAC_01,MCH_81,81.24,0.578,133.7,5.56,81.7,0
IOT_00001917,FAC_02,MCH_66,83.65,4.453,138.8,4.05,79.1,0
IOT_00001918,FAC_01,MCH_43,44.72,1.083,131.8,3.3,61.0,0
IOT_00001919,FAC_05,MCH_24,81.28,3.26,79.0,6.57,100.7,0
IOT_00001920,FAC_05,MCH_56,38.4,4.056,75.0,4.76,91.2,0
IOT_00001921,FAC_03,MCH_48,76.91,3.909,34.5,7.35,97.3,0
IOT_00001922,FAC_03,MCH_12,83.16,0.455,125.2,6.26,87.9,0
IOT_00001923,FAC_03,MCH_30,92.66,0.245,76.0,4.69,104.7,0
IOT_00001924,FAC_02,MCH_90,75.45,3.536,84.8,6.7,58.5,0
IOT_00001925,FAC_02,MCH_82,61.78,2.056,111.1,7.95,84.5,1
IOT_00001926,FAC_01,MCH_27,67.0,1.851,135.9,7.39,72.6,0
IOT_00001927,FAC_03,MCH_33,69.32,1.842,86.9,4.17,88.0,0
IOT_00001928,FAC_03,MCH_21,50.5,0.91,59.0,7.76,77.4,0
IOT_00001929,FAC_05,MCH_53,89.87,4.738,103.5,7.66,99.5,1
IOT_00001930,FAC_01,MCH_58,86.21,0.426,48.1,4.61,96.7,0
IOT_00001931,FAC_02,MCH_62,64.25,6.433,17.2,7.34,99.1,0
IOT_00001932,FAC_05,MCH_83,50.33,4.922,58.3,4.91,62.6,0
IOT_00001933,FAC_01,MCH_86,68.8,0.172,81.3,4.55,63.4,0
IOT_00001934,FAC_05,MCH_29,43.77,3.028,101.7,6.21,93.7,0
IOT_00001935,FAC_05,MCH_16,48.88,5.447,122.6,3.71,59.3,0
IOT_00001936,FAC_03,MCH_53,92.45,6.157,64.7,7.0,91.8,0
IOT_00001937,FAC_03,MCH_38,70.74,5.107,88.5,6.14,98.4,0
IOT_00001938,FAC_03,MCH_94,51.22,2.11,134.8,5.52,85.0,0
IOT_00001939,FAC_02,MCH_84,64.25,4.236,62.0,3.1,84.8,0
IOT_00001940,FAC_01,MCH_12,43.65,4.682,137.4,5.66,96.1,1
IOT_00001941,FAC_03,MCH_39,39.34,0.638,75.0,4.21,88.2,0
IOT_00001942,FAC_05,MCH_24,64.49,5.688,84.2,4.2,88.7,0
IOT_00001943,FAC_04,MCH_74,90.61,0.306,82.7,4.94,61.1,0
IOT_00001944,FAC_02,MCH_82,72.23,1.882,132.0,7.17,99.6,0
IOT_00001945,FAC_05,MCH_24,82.58,3.512,56.5,5.76,101.3,0
IOT_00001946,FAC_02,MCH_97,83.48,2.721,92.7,6.4,65.9,0
IOT_00001947,FAC_05,MCH_13,38.7,4.194,27.0,6.33,62.0,0
IOT_00001948,FAC_02,MCH_47,66.68,5.806,39.3,6.55,93.3,0
IOT_00001949,FAC_03,MCH_71,39.78,6.25,114.2,2.78,79.5,0
IOT_00001950,FAC_01,MCH_14,47.24,4.998,115.5,3.7,66.2,0
IOT_00001951,FAC_01,MCH_18,56.03,1.033,103.1,3.23,101.5,0
IOT_00001952,FAC_04,MCH_21,50.65,2.34,28.5,4.64,62.5,0
IOT_00001953,FAC_03,MCH_12,80.43,1.337,118.0,7.13,106.8,0
IOT_00001954,FAC_05,MCH_22,46.46,0.884,147.9,6.03,68.2,0
IOT_00001955,FAC_02,MCH_63,67.26,0.989,39.6,7.53,89.9,0
IOT_00001956,FAC_02,MCH_24,54.85,1.82,148.8,7.12,64.6,0
IOT_00001957,FAC_03,MCH_85,45.05,4.763,20.6,6.47,68.6,0
IOT_00001958,FAC_03,MCH_68,76.54,6.181,55.3,3.38,92.6,0
IOT_00001959,FAC_05,MCH_31,55.61,1.462,63.8,4.33,71.5,0
IOT_00001960,FAC_03,MCH_78,76.09,2.864,112.4,4.6,66.5,0
IOT_00001961,FAC_01,MCH_42,75.45,6.33,120.1,5.93,94.8,1
IOT_00001962,FAC_05,MCH_80,85.05,3.672,70.6,3.81,102.3,0
IOT_00001963,FAC_05,MCH_70,90.78,4.984,100.3,3.38,109.4,0
IOT_00001964,FAC_01,MCH_59,60.96,5.687,145.9,2.75,90.4,0
IOT_00001965,FAC_05,MCH_30,82.29,4.223,91.1,4.94,100.3,0
IOT_00001966,FAC_02,MCH_70,85.55,2.616,61.9,5.18,104.7,0
IOT_00001967,FAC_05,MCH_14,78.42,3.846,102.9,7.03,102.8,0
IOT_00001968,FAC_05,MCH_87,59.75,5.112,67.9,6.92,93.8,0
IOT_00001969,FAC_01,MCH_57,35.92,3.574,16.3,7.74,55.1,0
IOT_00001970,FAC_03,MCH_73,39.39,3.898,138.2,2.86,101.8,0
IOT_00001971,FAC_04,MCH_35,64.24,5.176,47.6,7.51,84.1,0
IOT_00001972,FAC_05,MCH_51,77.85,3.471,102.2,4.83,93.4,0
IOT_00001973,FAC_01,MCH_37,59.62,3.876,74.3,7.04,58.2,0
IOT_00001974,FAC_04,MCH_73,81.35,3.776,50.3,6.53,74.8,0
IOT_00001975,FAC_02,MCH_84,47.37,1.092,37.1,7.13,70.5,0
IOT_00001976,FAC_05,MCH_94,62.07,5.798,106.1,2.57,99.2,0
IOT_00001977,FAC_04,MCH_51,44.2,4.743,119.4,7.29,83.6,1
IOT_00001978,FAC_02,MCH_14,94.5,4.868,65.6,4.25,100.5,0
IOT_00001979,FAC_03,MCH_77,44.14,6.192,30.4,4.16,76.2,0
IOT_00001980,FAC_01,MCH_26,50.76,1.592,144.8,7.57,79.0,0
IOT_00001981,FAC_04,MCH_50,45.87,2.808,145.1,7.39,81.7,0
IOT_00001982,FAC_05,MCH_55,80.14,0.476,65.8,3.32,101.0,0
IOT_00001983,FAC_01,MCH_51,49.84,0.114,40.6,3.34,102.1,0
IOT_00001984,FAC_04,MCH_82,55.07,5.479,120.4,6.55,72.3,0
IOT_00001985,FAC_02,MCH_95,90.75,5.325,112.2,3.01,72.4,0
IOT_00001986,FAC_05,MCH_21,37.68,0.626,91.1,5.44,85.4,0
IOT_00001987,FAC_02,MCH_73,89.67,2.495,27.0,4.85,102.2,0
IOT_00001988,FAC_02,MCH_84,94.18,3.187,84.0,2.77,76.8,0
IOT_00001989,FAC_03,MCH_79,66.1,0.331,63.8,7.03,96.1,0
IOT_00001990,FAC_02,MCH_52,74.94,2.833,95.9,3.55,91.8,0
IOT_00001991,FAC_03,MCH_60,52.45,1.029,66.4,4.46,89.1,0
IOT_00001992,FAC_05,MCH_48,61.31,3.706,40.0,3.26,98.5,0
IOT_00001993,FAC_03,MCH_97,51.29,5.86,65.3,7.03,62.9,0
IOT_00001994,FAC_04,MCH_13,70.38,2.879,89.8,5.46,96.6,0
IOT_00001995,FAC_04,MCH_52,94.58,3.46,101.9,7.2,86.3,0
IOT_00001996,FAC_03,MCH_46,80.73,0.736,67.3,7.21,62.8,0
IOT_00001997,FAC_02,MCH_31,50.63,2.166,88.9,2.67,71.9,0
IOT_00001998,FAC_02,MCH_20,41.69,5.747,60.9,4.2,78.8,0
IOT_00001999,FAC_03,MCH_89,72.45,5.72,12.4,7.42,106.6,0
IOT_00002000,FAC_02,MCH_28,75.95,1.098,148.1,4.47,55.7,0
IOT_00002001,FAC_04,MCH_76,84.67,3.564,118.8,6.02,96.5,0
IOT_00002002,FAC_01,MCH_94,91.18,3.103,114.8,5.12,74.5,0
IOT_00002003,FAC_01,MCH_68,75.9,5.575,118.0,5.64,58.5,0
IOT_00002004,FAC_02,MCH_93,41.89,6.257,57.3,4.99,79.3,0
IOT_00002005,FAC_03,MCH_62,49.28,5.974,14.7,6.4,100.4,0
IOT_00002006,FAC_05,MCH_76,66.23,5.458,57.4,6.46,68.2,0
IOT_00002007,FAC_01,MCH_13,87.1,3.874,111.6,5.66,74.5,0
IOT_00002008,FAC_04,MCH_44,68.98,6.124,93.4,6.59,94.8,0
IOT_00002009,FAC_01,MCH_97,63.88,3.839,72.1,6.31,77.9,0
IOT_00002010,FAC_01,MCH_35,72.77,0.472,90.0,6.28,103.1,0
IOT_00002011,FAC_03,MCH_97,74.82,0.798,134.2,4.46,64.1,0
IOT_00002012,FAC_05,MCH_20,43.05,0.943,88.9,7.88,93.8,0
IOT_00002013,FAC_04,MCH_60,53.18,1.705,105.0,5.62,62.6,0
IOT_00002014,FAC_05,MCH_84,68.78,0.224,146.8,7.67,75.6,0
IOT_00002015,FAC_02,MCH_22,94.59,0.828,38.8,5.99,61.2,0
IOT_00002016,FAC_03,MCH_52,79.95,0.993,136.2,4.0,81.2,0
IOT_00002017,FAC_03,MCH_69,46.2,0.294,29.1,7.67,67.2,0
IOT_00002018,FAC_03,MCH_62,60.61,6.448,89.1,3.48,81.9,0
IOT_00002019,FAC_04,MCH_34,47.79,6.189,18.0,6.85,86.6,0
IOT_00002020,FAC_04,MCH_15,54.96,6.237,23.3,7.17,55.2,0
IOT_00002021,FAC_03,MCH_23,51.46,5.383,47.7,4.22,55.1,0
IOT_00002022,FAC_03,MCH_10,43.47,1.679,115.5,3.71,60.8,0
IOT_00002023,FAC_02,MCH_11,93.89,3.317,83.7,2.62,68.2,0
IOT_00002024,FAC_01,MCH_23,67.56,1.007,20.0,4.82,70.9,0
IOT_00002025,FAC_01,MCH_69,47.15,4.378,82.7,7.25,104.1,0
IOT_00002026,FAC_04,MCH_41,85.63,5.048,26.2,7.05,85.1,0
IOT_00002027,FAC_01,MCH_92,39.56,2.067,26.9,7.18,57.9,0
IOT_00002028,FAC_04,MCH_68,83.13,5.241,82.4,5.17,104.7,0
IOT_00002029,FAC_01,MCH_42,85.83,1.48,87.3,5.7,83.2,0
IOT_00002030,FAC_02,MCH_91,52.66,6.228,72.5,4.04,108.4,0
IOT_00002031,FAC_03,MCH_53,38.18,3.954,26.9,2.88,78.3,0
IOT_00002032,FAC_02,MCH_14,83.79,4.413,88.9,3.28,66.4,0
IOT_00002033,FAC_05,MCH_36,87.98,2.362,57.2,5.44,109.6,0
IOT_00002034,FAC_02,MCH_94,45.4,1.853,72.4,5.6,65.7,0
IOT_00002035,FAC_01,MCH_82,59.68,4.478,99.1,5.24,89.0,1
IOT_00002036,FAC_04,MCH_67,49.57,2.183,93.3,4.54,61.5,0
IOT_00002037,FAC_04,MCH_85,68.47,3.382,101.5,6.05,57.4,0
IOT_00002038,FAC_04,MCH_75,69.52,5.978,102.7,5.69,86.1,0
IOT_00002039,FAC_03,MCH_53,49.34,6.263,13.8,4.68,95.7,0
IOT_00002040,FAC_05,MCH_41,64.13,6.051,38.1,5.84,90.6,0
IOT_00002041,FAC_05,MCH_21,69.57,6.224,138.8,3.9,73.1,0
IOT_00002042,FAC_04,MCH_51,61.97,4.422,142.5,4.4,109.9,0
IOT_00002043,FAC_05,MCH_90,45.86,3.278,20.3,3.5,109.8,0
IOT_00002044,FAC_02,MCH_92,94.44,1.379,32.4,2.7,105.3,0
IOT_00002045,FAC_04,MCH_48,81.29,2.144,137.8,6.12,103.4,0
IOT_00002046,FAC_02,MCH_88,88.99,3.139,94.0,6.98,97.2,0
IOT_00002047,FAC_05,MCH_92,57.85,6.396,97.3,2.82,85.0,0
IOT_00002048,FAC_02,MCH_68,59.24,2.256,127.1,5.17,109.5,0
IOT_00002049,FAC_05,MCH_70,82.62,3.831,94.0,6.42,79.9,0
IOT_00002050,FAC_05,MCH_84,35.72,2.03,136.6,3.76,75.1,0
IOT_00002051,FAC_01,MCH_75,72.46,3.021,46.8,3.48,73.2,0
IOT_00002052,FAC_04,MCH_18,52.2,3.697,52.0,3.95,70.5,1
IOT_00002053,FAC_03,MCH_96,93.54,1.09,98.4,4.48,96.4,0
IOT_00002054,FAC_02,MCH_97,91.28,4.871,68.7,5.72,72.9,0
IOT_00002055,FAC_05,MCH_43,58.8,1.309,41.4,7.64,80.2,0
IOT_00002056,FAC_05,MCH_43,60.76,6.383,121.3,7.23,56.0,0
IOT_00002057,FAC_03,MCH_92,44.87,1.052,49.8,2.53,64.1,0
IOT_00002058,FAC_04,MCH_70,77.21,3.067,71.9,5.84,77.6,0
IOT_00002059,FAC_02,MCH_32,74.43,1.518,100.2,4.45,66.7,0
IOT_00002060,FAC_01,MCH_10,73.71,2.349,146.3,5.77,75.0,0
IOT_00002061,FAC_01,MCH_64,40.52,3.138,85.6,2.51,82.3,0
IOT_00002062,FAC_04,MCH_54,37.63,1.061,65.0,2.53,85.9,0
IOT_00002063,FAC_01,MCH_95,79.99,6.452,53.2,4.13,76.3,0
IOT_00002064,FAC_02,MCH_12,41.16,1.023,78.1,7.26,78.0,0
IOT_00002065,FAC_05,MCH_80,81.09,0.565,60.1,2.6,75.9,0
IOT_00002066,FAC_01,MCH_18,50.26,2.248,53.2,7.71,91.4,0
IOT_00002067,FAC_05,MCH_48,86.02,3.42,106.8,4.9,105.1,0
IOT_00002068,FAC_04,MCH_29,83.42,1.059,25.1,2.64,102.4,0
IOT_00002069,FAC_01,MCH_14,64.86,3.487,103.0,5.12,88.6,0
IOT_00002070,FAC_04,MCH_40,58.66,3.136,81.2,2.85,81.7,0
IOT_00002071,FAC_03,MCH_31,52.54,2.016,128.8,4.23,78.7,0
IOT_00002072,FAC_02,MCH_34,73.29,2.199,58.5,3.11,76.6,0
IOT_00002073,FAC_05,MCH_87,38.74,0.832,99.2,5.06,65.9,1
IOT_00002074,FAC_01,MCH_18,93.55,1.073,100.8,6.99,81.0,0
IOT_00002075,FAC_05,MCH_20,85.8,3.198,39.8,4.32,97.5,0
IOT_00002076,FAC_01,MCH_45,37.66,1.014,81.2,5.24,63.9,0
IOT_00002077,FAC_04,MCH_87,79.43,3.012,125.7,6.6,99.1,0
IOT_00002078,FAC_03,MCH_73,82.33,4.339,18.2,3.88,59.3,0
IOT_00002079,FAC_03,MCH_16,88.15,5.332,38.3,4.52,73.8,1
IOT_00002080,FAC_04,MCH_27,85.41,2.081,145.4,7.56,85.3,0
IOT_00002081,FAC_03,MCH_97,65.34,3.73,125.4,4.87,83.2,0
IOT_00002082,FAC_05,MCH_58,71.18,3.355,69.3,7.14,81.4,0
IOT_00002083,FAC_04,MCH_88,64.19,6.12,131.1,2.79,93.9,0
IOT_00002084,FAC_04,MCH_18,61.57,0.672,136.7,5.21,103.8,0
IOT_00002085,FAC_04,MCH_10,77.15,6.33,147.0,5.81,102.8,0
IOT_00002086,FAC_02,MCH_34,87.06,5.784,36.9,2.92,105.3,0
IOT_00002087,FAC_03,MCH_15,47.39,6.307,23.0,5.54,108.8,0
IOT_00002088,FAC_03,MCH_43,71.58,3.243,70.8,3.32,109.2,0
IOT_00002089,FAC_04,MCH_58,60.53,0.893,50.4,3.64,83.6,0
IOT_00002090,FAC_05,MCH_95,39.85,0.699,32.4,3.16,75.4,0
IOT_00002091,FAC_04,MCH_19,84.5,3.967,91.1,5.04,108.4,0
IOT_00002092,FAC_05,MCH_52,50.6,1.9,46.9,3.73,88.9,0
IOT_00002093,FAC_04,MCH_72,78.8,0.577,104.9,6.0,87.7,0
IOT_00002094,FAC_02,MCH_15,89.97,0.1,87.4,7.27,90.4,0
IOT_00002095,FAC_05,MCH_83,84.53,0.876,62.0,3.71,78.3,0
IOT_00002096,FAC_02,MCH_73,42.32,6.361,26.9,2.9,108.1,0
IOT_00002097,FAC_02,MCH_15,57.3,0.959,28.9,4.77,108.0,0
IOT_00002098,FAC_03,MCH_72,93.56,0.546,102.1,3.6,64.3,0
IOT_00002099,FAC_04,MCH_71,45.24,4.231,130.7,3.19,97.8,0
IOT_00002100,FAC_03,MCH_24,77.89,0.561,141.2,3.93,63.1,0
IOT_00002101,FAC_02,MCH_35,73.03,1.072,46.2,3.84,69.0,0
IOT_00002102,FAC_04,MCH_28,46.95,4.815,43.6,7.41,75.6,0
IOT_00002103,FAC_03,MCH_49,90.52,2.732,17.2,6.99,66.4,0
IOT_00002104,FAC_01,MCH_20,89.03,5.764,87.6,7.49,71.2,0
IOT_00002105,FAC_04,MCH_87,63.23,2.384,57.6,6.77,89.2,0
IOT_00002106,FAC_02,MCH_61,76.51,0.138,115.8,4.92,95.5,0
IOT_00002107,FAC_04,MCH_71,87.46,1.969,16.1,4.65,85.9,0
IOT_00002108,FAC_02,MCH_59,66.27,5.229,40.0,6.74,57.3,0
IOT_00002109,FAC_01,MCH_99,36.89,3.121,115.2,6.18,97.6,0
IOT_00002110,FAC_05,MCH_55,79.94,4.436,135.0,7.74,61.3,1
IOT_00002111,FAC_01,MCH_66,87.38,4.181,60.1,3.08,81.6,0
IOT_00002112,FAC_01,MCH_47,71.38,3.449,85.4,7.54,101.7,0
IOT_00002113,FAC_05,MCH_78,83.0,6.05,41.5,7.87,105.2,0
IOT_00002114,FAC_03,MCH_77,78.2,2.687,42.1,3.87,88.1,0
IOT_00002115,FAC_03,MCH_64,91.1,4.729,88.8,7.47,92.9,0
IOT_00002116,FAC_01,MCH_90,60.89,4.949,37.6,6.87,84.5,0
IOT_00002117,FAC_05,MCH_16,53.14,4.262,35.6,4.18,90.9,0
IOT_00002118,FAC_05,MCH_88,53.87,0.593,113.7,6.41,66.4,0
IOT_00002119,FAC_05,MCH_57,91.45,6.378,97.8,7.43,65.6,0
IOT_00002120,FAC_03,MCH_61,54.47,4.288,18.6,3.54,87.8,0
IOT_00002121,FAC_03,MCH_54,80.85,5.151,136.7,6.44,84.3,0
IOT_00002122,FAC_04,MCH_81,46.09,2.162,51.1,6.75,102.0,0
IOT_00002123,FAC_02,MCH_94,92.94,3.046,68.2,6.27,95.5,0
IOT_00002124,FAC_04,MCH_73,54.13,2.894,56.8,6.87,96.3,0
IOT_00002125,FAC_03,MCH_32,66.58,4.105,39.9,4.42,80.4,0
IOT_00002126,FAC_02,MCH_17,48.25,3.813,121.0,5.97,93.6,0
IOT_00002127,FAC_05,MCH_89,62.41,1.4,115.4,4.3,74.9,0
IOT_00002128,FAC_03,MCH_86,59.05,2.281,12.9,5.54,59.8,0
IOT_00002129,FAC_05,MCH_26,72.47,5.843,52.9,7.9,83.4,0
IOT_00002130,FAC_05,MCH_33,88.72,6.278,18.1,5.49,75.6,0
IOT_00002131,FAC_04,MCH_73,69.72,0.632,26.6,6.91,58.5,1
IOT_00002132,FAC_01,MCH_94,81.32,1.421,133.6,2.73,64.2,0
IOT_00002133,FAC_01,MCH_72,83.0,6.378,22.1,3.11,104.3,0
IOT_00002134,FAC_03,MCH_26,62.59,3.312,99.7,5.13,71.8,0
IOT_00002135,FAC_01,MCH_77,41.98,5.522,84.1,3.47,74.2,1
IOT_00002136,FAC_01,MCH_90,53.4,2.167,81.5,4.38,98.8,0
IOT_00002137,FAC_04,MCH_16,44.52,4.595,144.2,2.67,96.8,0
IOT_00002138,FAC_04,MCH_31,68.23,3.479,123.5,4.14,78.6,0
IOT_00002139,FAC_02,MCH_11,79.52,4.162,43.6,4.61,67.7,0
IOT_00002140,FAC_01,MCH_87,80.31,4.667,41.8,3.29,75.6,0
IOT_00002141,FAC_03,MCH_49,43.45,1.443,26.8,3.08,86.3,1
IOT_00002142,FAC_03,MCH_82,74.5,0.896,44.7,4.34,74.0,0
IOT_00002143,FAC_03,MCH_43,40.4,5.529,92.9,6.04,108.4,0
IOT_00002144,FAC_02,MCH_17,90.89,0.129,58.7,6.8,87.1,0
IOT_00002145,FAC_01,MCH_25,55.97,5.257,25.2,4.35,105.4,0
IOT_00002146,FAC_03,MCH_43,84.52,4.827,62.3,2.58,105.8,0
IOT_00002147,FAC_02,MCH_71,80.37,4.471,94.1,4.72,73.0,1
IOT_00002148,FAC_04,MCH_30,86.89,1.9,40.9,7.82,75.0,0
IOT_00002149,FAC_03,MCH_44,50.73,3.668,91.6,3.85,83.1,0
IOT_00002150,FAC_01,MCH_15,54.83,6.236,13.9,4.2,89.4,1
IOT_00002151,FAC_02,MCH_57,80.58,4.523,36.0,2.57,108.3,0
IOT_00002152,FAC_04,MCH_69,81.78,1.172,12.2,4.3,77.7,0
IOT_00002153,FAC_01,MCH_47,37.57,0.428,91.2,7.76,83.5,1
IOT_00002154,FAC_01,MCH_88,73.76,5.241,44.3,5.62,95.4,0
IOT_00002155,FAC_05,MCH_83,81.19,3.102,30.6,2.75,103.6,0
IOT_00002156,FAC_01,MCH_14,72.19,4.045,16.6,3.84,59.0,0
IOT_00002157,FAC_02,MCH_93,60.5,2.076,88.1,6.65,97.2,0
IOT_00002158,FAC_03,MCH_77,80.2,2.923,15.0,3.03,64.8,0
IOT_00002159,FAC_01,MCH_59,47.36,4.112,133.2,7.88,77.0,0
IOT_00002160,FAC_01,MCH_57,88.82,5.645,97.6,6.9,108.1,0
IOT_00002161,FAC_01,MCH_68,62.51,6.134,101.1,5.56,60.9,1
IOT_00002162,FAC_04,MCH_60,77.53,5.454,92.6,7.85,60.4,0
IOT_00002163,FAC_02,MCH_17,37.11,1.785,71.6,2.65,93.4,0
IOT_00002164,FAC_03,MCH_12,60.98,2.017,99.3,5.4,72.6,0
IOT_00002165,FAC_02,MCH_82,88.65,2.392,98.1,7.05,62.6,0
IOT_00002166,FAC_01,MCH_44,50.0,3.905,13.8,5.99,94.4,0
IOT_00002167,FAC_02,MCH_98,65.42,4.369,128.5,6.33,91.7,0
IOT_00002168,FAC_03,MCH_33,72.7,3.801,123.0,5.43,66.9,0
IOT_00002169,FAC_04,MCH_27,55.07,3.606,12.5,7.65,84.3,0
IOT_00002170,FAC_02,MCH_89,76.21,5.19,37.4,6.3,65.1,0
IOT_00002171,FAC_01,MCH_27,43.98,5.803,92.8,7.09,58.2,1
IOT_00002172,FAC_04,MCH_97,81.82,1.407,146.3,7.42,67.0,0
IOT_00002173,FAC_04,MCH_92,92.07,5.459,91.0,2.57,77.5,0
IOT_00002174,FAC_04,MCH_16,67.92,5.541,21.0,4.94,107.4,0
IOT_00002175,FAC_02,MCH_96,35.63,0.356,72.9,4.05,106.4,0
IOT_00002176,FAC_04,MCH_65,47.52,1.267,63.0,2.57,80.8,0
IOT_00002177,FAC_01,MCH_86,64.0,4.047,137.2,7.48,68.0,0
IOT_00002178,FAC_02,MCH_76,71.68,1.139,96.1,5.01,108.3,0
IOT_00002179,FAC_05,MCH_93,54.41,5.081,133.6,3.51,92.9,0
IOT_00002180,FAC_05,MCH_59,44.57,3.113,120.6,5.49,67.7,0
IOT_00002181,FAC_03,MCH_69,92.07,6.436,13.3,5.85,102.5,0
IOT_00002182,FAC_01,MCH_76,50.48,6.499,57.4,3.24,60.0,0
IOT_00002183,FAC_02,MCH_14,91.93,4.372,96.6,2.71,108.7,0
IOT_00002184,FAC_02,MCH_84,41.29,3.635,143.8,7.19,56.8,0
IOT_00002185,FAC_02,MCH_78,62.3,3.165,76.1,5.67,107.5,0
IOT_00002186,FAC_03,MCH_41,63.96,2.046,139.3,7.9,90.5,0
IOT_00002187,FAC_01,MCH_45,81.05,2.106,81.2,7.24,86.0,0
IOT_00002188,FAC_01,MCH_78,42.87,5.881,30.6,7.37,107.3,0
IOT_00002189,FAC_05,MCH_16,92.97,4.91,63.1,6.02,88.9,0
IOT_00002190,FAC_01,MCH_49,44.51,4.711,58.3,7.17,90.4,0
IOT_00002191,FAC_04,MCH_14,83.55,2.176,91.6,4.49,88.1,0
IOT_00002192,FAC_04,MCH_13,90.01,5.889,49.1,6.52,107.3,0
IOT_00002193,FAC_01,MCH_32,75.72,5.745,76.1,4.75,75.2,0
IOT_00002194,FAC_03,MCH_30,84.62,1.256,133.7,2.77,67.8,0
IOT_00002195,FAC_02,MCH_17,60.8,1.396,101.0,6.46,80.8,0
IOT_00002196,FAC_04,MCH_69,54.45,2.693,33.1,5.1,64.2,0
IOT_00002197,FAC_04,MCH_17,91.22,4.85,59.1,6.68,86.9,0
IOT_00002198,FAC_02,MCH_16,59.13,5.832,42.5,7.94,99.2,0
IOT_00002199,FAC_01,MCH_30,39.44,5.178,67.5,5.57,93.3,0
IOT_00002200,FAC_05,MCH_62,48.09,4.442,23.2,7.87,93.3,0
IOT_00002201,FAC_01,MCH_82,83.44,0.793,147.2,3.33,109.4,0
IOT_00002202,FAC_03,MCH_36,80.26,5.921,135.5,6.28,107.3,0
IOT_00002203,FAC_04,MCH_50,37.99,1.079,79.1,7.66,106.8,0
IOT_00002204,FAC_05,MCH_37,91.67,3.454,59.1,4.15,55.1,0
IOT_00002205,FAC_02,MCH_40,58.58,4.552,67.4,3.02,93.3,0
IOT_00002206,FAC_01,MCH_86,36.65,0.443,137.3,6.53,83.7,0
IOT_00002207,FAC_03,MCH_48,76.86,4.612,116.4,7.29,76.1,0
IOT_00002208,FAC_02,MCH_37,56.36,5.611,27.0,5.15,86.4,0
IOT_00002209,FAC_01,MCH_16,89.97,2.598,148.6,6.14,91.9,0
IOT_00002210,FAC_02,MCH_45,68.33,3.571,121.0,4.45,55.9,1
IOT_00002211,FAC_05,MCH_11,40.57,1.31,83.3,6.77,87.0,0
IOT_00002212,FAC_05,MCH_85,92.66,4.772,51.7,7.07,56.1,0
IOT_00002213,FAC_01,MCH_27,50.26,4.481,97.9,3.19,77.9,0
IOT_00002214,FAC_01,MCH_62,90.23,2.068,65.5,7.89,92.3,0
IOT_00002215,FAC_02,MCH_77,89.09,0.498,138.4,7.82,61.4,0
IOT_00002216,FAC_04,MCH_17,92.73,1.201,81.5,7.64,60.0,0
IOT_00002217,FAC_02,MCH_48,85.19,3.677,139.0,3.06,103.9,0
IOT_00002218,FAC_02,MCH_24,60.81,2.472,65.6,4.34,105.2,0
IOT_00002219,FAC_02,MCH_48,88.35,4.773,123.4,3.53,86.4,0
IOT_00002220,FAC_04,MCH_89,89.52,5.332,70.0,7.35,102.4,0
IOT_00002221,FAC_04,MCH_12,60.67,0.129,30.6,3.29,98.5,0
IOT_00002222,FAC_03,MCH_38,64.03,2.373,63.6,4.78,102.3,0
IOT_00002223,FAC_03,MCH_24,53.53,5.589,131.6,7.45,93.3,0
IOT_00002224,FAC_04,MCH_42,89.43,1.24,70.2,7.13,99.4,0
IOT_00002225,FAC_01,MCH_57,64.86,2.092,118.6,4.21,68.8,0
IOT_00002226,FAC_03,MCH_94,65.28,6.33,126.3,5.14,107.5,0
IOT_00002227,FAC_01,MCH_25,42.36,2.164,136.8,7.78,69.2,0
IOT_00002228,FAC_04,MCH_63,57.27,4.326,22.4,2.86,75.4,0
IOT_00002229,FAC_01,MCH_58,39.24,6.21,73.5,6.67,78.3,0
IOT_00002230,FAC_04,MCH_70,51.61,4.98,111.8,4.22,99.3,0
IOT_00002231,FAC_02,MCH_78,70.73,5.077,16.3,3.5,95.5,0
IOT_00002232,FAC_02,MCH_89,39.59,3.331,13.7,5.64,59.5,0
IOT_00002233,FAC_05,MCH_29,58.45,4.886,133.6,7.14,96.8,0
IOT_00002234,FAC_02,MCH_56,88.63,2.941,144.9,4.25,62.7,1
IOT_00002235,FAC_03,MCH_86,83.79,4.038,132.6,7.66,55.5,0
IOT_00002236,FAC_01,MCH_82,42.63,2.835,43.0,4.39,78.8,0
IOT_00002237,FAC_01,MCH_28,42.76,5.811,58.7,6.8,59.6,0
IOT_00002238,FAC_04,MCH_70,91.92,4.639,76.2,6.77,81.3,0
IOT_00002239,FAC_01,MCH_93,63.05,1.42,33.6,3.82,73.6,1
IOT_00002240,FAC_01,MCH_30,92.93,4.638,111.7,6.83,65.5,0
IOT_00002241,FAC_04,MCH_55,54.76,1.578,59.3,6.85,106.5,0
IOT_00002242,FAC_05,MCH_30,78.97,4.747,79.7,2.69,87.5,0
IOT_00002243,FAC_02,MCH_74,41.96,3.805,85.2,4.68,63.4,0
IOT_00002244,FAC_03,MCH_66,74.43,3.659,56.9,2.52,68.1,1
IOT_00002245,FAC_02,MCH_42,77.14,0.179,131.6,6.18,99.9,0
IOT_00002246,FAC_05,MCH_31,69.84,5.089,129.2,6.44,95.8,0
IOT_00002247,FAC_02,MCH_71,42.19,5.946,130.0,5.53,92.4,0
IOT_00002248,FAC_01,MCH_35,49.67,0.622,86.9,7.72,84.0,1
IOT_00002249,FAC_03,MCH_36,78.44,3.937,148.9,7.92,108.6,0
IOT_00002250,FAC_05,MCH_70,75.41,4.625,13.8,4.48,100.8,0
IOT_00002251,FAC_04,MCH_53,49.77,2.628,88.4,5.09,108.8,0
IOT_00002252,FAC_01,MCH_76,46.76,1.934,119.1,5.33,90.7,0
IOT_00002253,FAC_05,MCH_53,58.38,0.239,75.0,7.87,59.0,1
IOT_00002254,FAC_01,MCH_63,64.73,1.003,31.2,6.75,78.6,0
IOT_00002255,FAC_02,MCH_59,49.3,5.6,48.6,6.51,101.8,0
IOT_00002256,FAC_05,MCH_77,37.55,2.188,69.2,6.44,106.0,0
IOT_00002257,FAC_04,MCH_39,64.69,3.664,16.7,5.59,91.9,0
IOT_00002258,FAC_05,MCH_70,83.16,2.904,50.9,3.01,105.4,0
IOT_00002259,FAC_05,MCH_97,92.64,4.891,50.4,3.9,84.8,1
IOT_00002260,FAC_05,MCH_35,51.04,5.926,85.4,5.53,58.3,0
IOT_00002261,FAC_04,MCH_24,77.82,6.073,136.7,7.17,84.9,1
IOT_00002262,FAC_02,MCH_47,43.67,4.945,85.1,7.16,76.5,0
IOT_00002263,FAC_04,MCH_31,84.39,1.383,49.3,5.26,93.0,0
IOT_00002264,FAC_02,MCH_57,38.3,5.164,104.8,5.74,80.9,0
IOT_00002265,FAC_05,MCH_75,83.8,0.287,95.8,4.27,101.4,0
IOT_00002266,FAC_04,MCH_28,61.01,5.824,99.1,6.81,67.1,0
IOT_00002267,FAC_05,MCH_21,37.14,6.078,104.8,7.68,69.0,0
IOT_00002268,FAC_03,MCH_72,79.6,4.857,80.1,5.52,93.6,0
IOT_00002269,FAC_01,MCH_26,83.29,2.544,110.9,4.58,76.3,0
IOT_00002270,FAC_05,MCH_75,50.36,3.824,122.1,6.8,60.4,0
IOT_00002271,FAC_01,MCH_84,86.72,3.315,42.9,3.12,78.4,0
IOT_00002272,FAC_04,MCH_41,72.88,4.785,13.9,5.16,81.9,0
IOT_00002273,FAC_03,MCH_31,66.06,2.96,65.8,6.02,82.1,0
IOT_00002274,FAC_02,MCH_94,68.85,5.993,78.7,5.4,109.9,0
IOT_00002275,FAC_01,MCH_37,89.87,2.946,145.2,2.74,90.2,0
IOT_00002276,FAC_04,MCH_72,91.37,1.384,144.7,7.77,101.2,0
IOT_00002277,FAC_04,MCH_92,59.95,0.448,131.9,4.19,83.3,0
IOT_00002278,FAC_02,MCH_90,76.69,0.808,49.2,6.63,65.7,0
IOT_00002279,FAC_03,MCH_27,39.02,1.299,119.2,7.68,92.4,0
IOT_00002280,FAC_05,MCH_93,41.22,2.76,48.8,7.37,99.4,0
IOT_00002281,FAC_01,MCH_83,49.81,1.906,130.2,2.6,88.7,0
IOT_00002282,FAC_01,MCH_42,71.71,3.664,35.0,6.35,91.5,0
IOT_00002283,FAC_03,MCH_68,75.03,2.827,27.2,7.7,73.6,0
IOT_00002284,FAC_01,MCH_42,68.99,5.675,33.9,4.4,100.5,0
IOT_00002285,FAC_02,MCH_54,87.95,2.407,16.1,5.56,59.8,0
IOT_00002286,FAC_03,MCH_52,83.71,3.135,42.8,5.62,95.9,1
IOT_00002287,FAC_02,MCH_16,55.51,1.858,141.9,7.08,55.5,0
IOT_00002288,FAC_01,MCH_65,70.26,5.556,123.7,3.83,88.6,0
IOT_00002289,FAC_01,MCH_94,45.61,5.413,125.8,6.52,68.3,0
IOT_00002290,FAC_01,MCH_13,86.04,0.818,17.9,6.79,74.3,1
IOT_00002291,FAC_01,MCH_69,48.74,0.905,38.7,4.64,102.7,0
IOT_00002292,FAC_05,MCH_72,61.63,2.578,48.0,6.87,55.8,0
IOT_00002293,FAC_04,MCH_48,81.22,3.708,64.7,4.47,70.9,0
IOT_00002294,FAC_03,MCH_24,89.78,6.196,33.8,5.45,58.1,0
IOT_00002295,FAC_04,MCH_12,47.71,0.724,56.5,6.92,107.9,0
IOT_00002296,FAC_04,MCH_14,67.46,1.146,126.6,6.79,105.9,0
IOT_00002297,FAC_05,MCH_27,50.93,0.796,13.6,5.22,83.3,1
IOT_00002298,FAC_01,MCH_72,79.93,3.595,140.8,3.52,58.1,0
IOT_00002299,FAC_02,MCH_89,51.14,0.566,64.0,5.72,96.2,0
IOT_00002300,FAC_02,MCH_22,62.49,2.447,53.2,5.51,107.3,1
IOT_00002301,FAC_05,MCH_37,52.76,0.155,90.3,7.64,61.0,1
IOT_00002302,FAC_04,MCH_14,94.64,2.675,96.6,5.57,66.2,1
IOT_00002303,FAC_05,MCH_62,70.2,0.134,17.9,3.67,58.2,0
IOT_00002304,FAC_03,MCH_23,70.1,4.267,81.1,2.85,96.2,0
IOT_00002305,FAC_04,MCH_64,76.75,0.664,21.7,4.28,106.2,1
IOT_00002306,FAC_01,MCH_69,85.82,5.532,109.5,6.69,84.1,0
IOT_00002307,FAC_03,MCH_38,54.75,6.283,46.2,2.71,108.9,0
IOT_00002308,FAC_01,MCH_43,87.83,4.449,23.8,5.38,100.9,0
IOT_00002309,FAC_03,MCH_58,38.07,3.966,116.2,7.23,56.5,0
IOT_00002310,FAC_05,MCH_92,51.44,2.998,66.8,3.39,105.2,0
IOT_00002311,FAC_01,MCH_35,77.17,6.411,50.8,7.72,92.3,0
IOT_00002312,FAC_01,MCH_32,40.57,4.617,24.7,3.1,107.9,0
IOT_00002313,FAC_05,MCH_86,65.65,1.366,89.2,3.52,105.2,0
IOT_00002314,FAC_01,MCH_92,44.8,3.918,121.1,5.11,58.1,1
IOT_00002315,FAC_05,MCH_15,89.36,2.19,27.1,7.86,91.9,0
IOT_00002316,FAC_05,MCH_28,38.15,3.411,92.7,3.61,78.8,0
IOT_00002317,FAC_05,MCH_50,88.15,5.733,35.7,3.19,96.4,0
IOT_00002318,FAC_03,MCH_43,69.22,3.038,132.3,6.85,59.1,0
IOT_00002319,FAC_03,MCH_24,41.7,6.471,115.8,7.28,75.2,0
IOT_00002320,FAC_04,MCH_85,75.16,3.047,73.4,7.87,90.8,0
IOT_00002321,FAC_03,MCH_50,74.05,0.439,147.9,5.05,67.8,0
IOT_00002322,FAC_04,MCH_57,65.43,6.308,65.8,3.45,79.7,0
IOT_00002323,FAC_03,MCH_71,87.48,4.359,26.7,7.58,89.3,0
IOT_00002324,FAC_03,MCH_57,44.23,4.583,140.6,7.78,94.3,0
IOT_00002325,FAC_01,MCH_29,54.34,6.327,136.5,4.06,82.9,0
IOT_00002326,FAC_01,MCH_75,44.63,3.154,79.7,6.01,93.7,0
IOT_00002327,FAC_04,MCH_60,81.04,0.6,35.6,7.18,86.1,0
IOT_00002328,FAC_05,MCH_50,94.87,3.197,47.2,5.76,95.3,0
IOT_00002329,FAC_01,MCH_34,93.18,1.702,50.1,6.22,71.4,0
IOT_00002330,FAC_05,MCH_83,74.52,3.833,87.0,7.95,62.3,0
IOT_00002331,FAC_02,MCH_45,44.04,5.494,56.7,4.38,89.7,0
IOT_00002332,FAC_03,MCH_16,81.44,5.149,106.6,3.76,95.1,0
IOT_00002333,FAC_02,MCH_18,58.26,3.802,16.8,5.08,80.3,0
IOT_00002334,FAC_05,MCH_10,62.81,3.848,55.7,7.23,82.3,1
IOT_00002335,FAC_05,MCH_77,71.16,1.094,35.3,7.8,56.5,0
IOT_00002336,FAC_01,MCH_99,41.48,4.962,26.1,2.99,81.3,0
IOT_00002337,FAC_02,MCH_76,41.25,2.352,98.1,6.73,100.1,0
IOT_00002338,FAC_04,MCH_38,66.73,1.122,56.5,5.64,77.6,0
IOT_00002339,FAC_03,MCH_62,77.59,0.104,13.9,7.04,89.0,0
IOT_00002340,FAC_01,MCH_48,53.02,3.408,77.7,6.81,78.4,0
IOT_00002341,FAC_02,MCH_70,66.25,0.939,43.9,6.47,94.4,0
IOT_00002342,FAC_03,MCH_42,81.19,3.458,119.1,3.49,98.3,0
IOT_00002343,FAC_02,MCH_84,64.41,3.651,40.2,4.6,63.5,0
IOT_00002344,FAC_01,MCH_29,59.52,2.86,130.2,6.23,105.8,0
IOT_00002345,FAC_01,MCH_30,74.08,1.192,114.7,5.14,96.7,0
IOT_00002346,FAC_03,MCH_47,45.34,2.689,90.2,3.59,81.8,0
IOT_00002347,FAC_01,MCH_27,62.44,2.976,129.5,7.86,92.0,0
IOT_00002348,FAC_03,MCH_41,36.12,1.499,49.6,7.4,72.4,0
IOT_00002349,FAC_04,MCH_42,53.17,6.278,106.4,6.89,79.1,0
IOT_00002350,FAC_03,MCH_18,62.24,1.634,130.6,6.32,56.2,0
IOT_00002351,FAC_02,MCH_35,44.07,1.61,115.8,6.58,79.6,0
IOT_00002352,FAC_03,MCH_28,52.57,1.321,37.5,4.39,101.6,0
IOT_00002353,FAC_01,MCH_66,63.64,4.199,86.3,3.14,58.8,1
IOT_00002354,FAC_02,MCH_78,93.67,0.666,146.0,4.06,88.8,0
IOT_00002355,FAC_02,MCH_47,58.63,4.829,15.3,4.91,71.0,1
IOT_00002356,FAC_04,MCH_40,65.03,1.067,103.3,5.01,67.8,0
IOT_00002357,FAC_05,MCH_15,61.57,3.633,116.4,3.25,104.1,0
IOT_00002358,FAC_05,MCH_71,54.57,2.517,23.5,7.52,59.0,0
IOT_00002359,FAC_04,MCH_88,69.43,4.744,16.0,3.21,91.3,0
IOT_00002360,FAC_02,MCH_73,80.4,5.596,146.0,3.65,98.2,0
IOT_00002361,FAC_03,MCH_47,74.69,3.122,94.4,7.76,70.6,0
IOT_00002362,FAC_05,MCH_75,52.26,5.039,65.0,5.11,70.7,0
IOT_00002363,FAC_03,MCH_66,81.87,5.732,136.7,7.6,86.3,0
IOT_00002364,FAC_05,MCH_13,86.59,3.282,124.1,2.76,65.7,0
IOT_00002365,FAC_05,MCH_85,83.22,4.745,20.0,4.1,91.0,0
IOT_00002366,FAC_03,MCH_31,77.46,1.648,85.4,5.33,91.8,0
IOT_00002367,FAC_04,MCH_28,84.39,0.12,36.7,7.67,105.1,0
IOT_00002368,FAC_05,MCH_76,44.0,1.757,146.4,3.24,92.9,0
IOT_00002369,FAC_02,MCH_34,35.87,3.067,133.0,2.55,94.6,0
IOT_00002370,FAC_01,MCH_44,66.41,5.307,116.5,7.86,87.8,0
IOT_00002371,FAC_05,MCH_36,45.92,1.682,32.4,3.04,56.5,0
IOT_00002372,FAC_02,MCH_95,44.85,0.538,14.5,7.58,105.6,0
IOT_00002373,FAC_02,MCH_63,78.35,1.654,139.5,5.94,56.5,0
IOT_00002374,FAC_02,MCH_58,53.33,2.644,62.9,6.93,75.0,0
IOT_00002375,FAC_01,MCH_68,64.21,0.557,15.9,3.37,74.3,0
IOT_00002376,FAC_02,MCH_49,48.93,0.123,15.4,6.59,107.5,1
IOT_00002377,FAC_05,MCH_79,93.65,6.332,37.8,6.59,92.7,0
IOT_00002378,FAC_05,MCH_93,44.65,0.39,30.4,3.35,81.0,0
IOT_00002379,FAC_04,MCH_35,85.66,3.889,67.5,6.17,61.9,0
IOT_00002380,FAC_05,MCH_23,83.42,4.961,44.8,3.86,59.9,0
IOT_00002381,FAC_04,MCH_14,48.13,5.893,37.2,6.08,62.2,1
IOT_00002382,FAC_03,MCH_83,82.91,2.071,137.6,5.36,87.8,0
IOT_00002383,FAC_05,MCH_54,73.2,3.625,23.5,7.05,56.7,0
IOT_00002384,FAC_02,MCH_21,92.3,5.915,99.1,4.1,65.0,0
IOT_00002385,FAC_01,MCH_18,88.99,6.315,115.2,4.53,84.8,0
IOT_00002386,FAC_01,MCH_88,85.5,1.639,75.1,6.31,57.7,0
IOT_00002387,FAC_05,MCH_85,85.83,0.994,107.0,2.51,96.1,0
IOT_00002388,FAC_03,MCH_84,87.52,5.698,48.5,3.98,73.4,0
IOT_00002389,FAC_02,MCH_22,83.61,1.274,25.1,4.27,67.0,0
IOT_00002390,FAC_04,MCH_59,93.29,1.543,71.7,5.3,100.9,0
IOT_00002391,FAC_02,MCH_86,64.68,3.905,86.6,4.11,71.2,0
IOT_00002392,FAC_01,MCH_44,90.85,4.517,83.1,6.62,107.4,0
IOT_00002393,FAC_05,MCH_67,42.27,4.174,105.4,6.65,73.1,0
IOT_00002394,FAC_01,MCH_45,46.66,5.943,100.5,7.42,60.7,0
IOT_00002395,FAC_01,MCH_51,70.13,0.953,102.5,2.53,79.8,1
IOT_00002396,FAC_02,MCH_73,67.37,2.641,124.9,4.3,108.1,1
IOT_00002397,FAC_02,MCH_46,67.28,2.373,116.2,5.69,97.2,0
IOT_00002398,FAC_02,MCH_35,87.78,3.744,89.6,4.67,99.1,0
IOT_00002399,FAC_03,MCH_33,86.03,4.955,107.7,3.64,105.2,0
IOT_00002400,FAC_02,MCH_24,72.66,1.432,29.7,7.11,108.9,0
IOT_00002401,FAC_01,MCH_28,88.63,2.474,98.9,7.49,88.8,0
IOT_00002402,FAC_03,MCH_64,75.51,6.486,114.0,4.05,59.2,0
IOT_00002403,FAC_04,MCH_96,68.5,5.438,31.8,2.72,88.3,0
IOT_00002404,FAC_02,MCH_20,39.76,6.332,42.9,4.22,69.8,0
IOT_00002405,FAC_05,MCH_77,39.38,5.5,33.8,4.63,100.6,0
IOT_00002406,FAC_05,MCH_77,79.85,4.417,114.8,6.92,90.8,1
IOT_00002407,FAC_05,MCH_13,65.96,5.827,24.5,5.97,83.4,0
IOT_00002408,FAC_01,MCH_78,57.76,3.704,55.0,4.24,92.8,0
IOT_00002409,FAC_03,MCH_73,88.8,4.61,90.0,4.23,101.1,0
IOT_00002410,FAC_04,MCH_75,41.15,1.385,118.7,6.08,100.2,0
IOT_00002411,FAC_03,MCH_60,40.11,5.621,116.2,6.14,93.8,0
IOT_00002412,FAC_03,MCH_41,68.39,0.666,111.3,7.69,74.9,0
IOT_00002413,FAC_01,MCH_27,84.52,4.201,135.6,3.71,105.5,0
IOT_00002414,FAC_03,MCH_89,60.46,6.421,146.6,5.91,95.3,0
IOT_00002415,FAC_05,MCH_89,93.96,6.401,73.3,4.49,98.4,1
IOT_00002416,FAC_02,MCH_40,51.42,0.435,54.4,7.9,61.1,0
IOT_00002417,FAC_04,MCH_98,49.05,3.849,22.1,5.36,67.5,1
IOT_00002418,FAC_02,MCH_11,90.98,5.644,103.7,2.75,100.4,0
IOT_00002419,FAC_02,MCH_81,74.96,0.671,135.1,6.55,71.6,0
IOT_00002420,FAC_05,MCH_46,58.59,5.171,17.0,6.87,71.3,0
IOT_00002421,FAC_01,MCH_11,52.36,0.428,135.5,3.24,83.7,0
IOT_00002422,FAC_01,MCH_25,60.51,1.464,142.8,3.78,61.7,1
IOT_00002423,FAC_03,MCH_13,36.47,2.247,16.3,6.73,98.3,0
IOT_00002424,FAC_03,MCH_91,62.95,1.582,66.9,5.26,56.1,0
IOT_00002425,FAC_04,MCH_64,39.21,4.895,82.3,3.86,57.8,0
IOT_00002426,FAC_04,MCH_22,59.18,2.006,123.2,2.85,69.9,0
IOT_00002427,FAC_01,MCH_23,61.38,2.163,61.5,2.76,83.3,0
IOT_00002428,FAC_01,MCH_65,94.94,2.313,14.1,3.77,106.5,0
IOT_00002429,FAC_01,MCH_68,71.25,3.703,143.6,3.93,70.6,0
IOT_00002430,FAC_01,MCH_47,88.68,5.21,98.9,6.27,78.1,0
IOT_00002431,FAC_04,MCH_93,65.5,3.207,79.9,2.5,100.9,0
IOT_00002432,FAC_05,MCH_37,80.52,5.988,77.4,3.79,77.9,0
IOT_00002433,FAC_01,MCH_99,70.63,5.27,52.5,5.44,66.0,0
IOT_00002434,FAC_01,MCH_32,44.2,4.658,120.4,5.0,109.0,0
IOT_00002435,FAC_05,MCH_38,92.5,0.625,16.6,7.73,87.4,0
IOT_00002436,FAC_01,MCH_77,64.35,2.213,131.4,7.69,87.0,0
IOT_00002437,FAC_04,MCH_31,66.46,2.605,120.6,3.26,100.5,0
IOT_00002438,FAC_04,MCH_37,39.55,4.032,30.9,5.8,89.6,0
IOT_00002439,FAC_03,MCH_26,93.78,2.004,149.6,3.05,101.3,0
IOT_00002440,FAC_01,MCH_97,93.02,5.067,73.7,7.39,58.4,0
IOT_00002441,FAC_01,MCH_11,93.34,5.663,77.7,3.09,107.1,0
IOT_00002442,FAC_02,MCH_27,93.55,6.46,22.8,6.03,73.3,0
IOT_00002443,FAC_03,MCH_97,47.06,1.647,85.3,5.69,104.8,0
IOT_00002444,FAC_01,MCH_48,39.02,5.247,141.4,3.53,62.4,0
IOT_00002445,FAC_03,MCH_81,54.28,3.498,93.6,5.6,100.6,0
IOT_00002446,FAC_05,MCH_75,36.84,3.984,63.7,5.4,75.4,0
IOT_00002447,FAC_04,MCH_15,63.89,1.813,101.0,2.52,71.5,0
IOT_00002448,FAC_03,MCH_19,43.28,1.753,129.3,5.38,106.9,0
IOT_00002449,FAC_03,MCH_72,36.97,2.778,18.7,3.83,65.4,0
IOT_00002450,FAC_05,MCH_66,47.6,0.182,87.4,7.55,77.4,0
IOT_00002451,FAC_05,MCH_89,94.75,5.186,94.6,5.71,89.4,0
IOT_00002452,FAC_01,MCH_57,54.78,4.372,44.5,3.61,87.1,1
IOT_00002453,FAC_01,MCH_37,92.82,5.758,117.0,7.37,65.3,0
IOT_00002454,FAC_04,MCH_74,35.04,1.71,143.6,7.44,88.5,0
IOT_00002455,FAC_03,MCH_69,85.39,2.112,12.6,6.52,85.1,0
IOT_00002456,FAC_03,MCH_11,58.5,3.4,35.2,6.88,100.1,0
IOT_00002457,FAC_03,MCH_43,91.49,6.227,94.7,3.81,89.7,0
IOT_00002458,FAC_01,MCH_45,60.25,4.02,53.3,3.7,65.7,0
IOT_00002459,FAC_05,MCH_67,91.47,6.289,46.0,7.66,105.4,0
IOT_00002460,FAC_04,MCH_48,47.94,0.931,84.1,7.98,100.9,0
IOT_00002461,FAC_01,MCH_78,46.4,1.377,18.0,5.93,99.9,0
IOT_00002462,FAC_01,MCH_86,67.17,3.031,147.8,5.52,100.6,0
IOT_00002463,FAC_05,MCH_98,78.43,4.689,49.4,3.96,85.4,0
IOT_00002464,FAC_01,MCH_56,58.09,3.4,143.0,5.79,104.1,0
IOT_00002465,FAC_01,MCH_54,37.03,2.708,50.0,2.9,95.3,0
IOT_00002466,FAC_03,MCH_72,88.8,2.475,65.4,5.65,100.4,0
IOT_00002467,FAC_02,MCH_24,77.13,1.012,142.9,4.79,59.4,0
IOT_00002468,FAC_02,MCH_33,47.49,6.255,140.2,3.04,76.6,0
IOT_00002469,FAC_05,MCH_44,55.98,3.693,97.9,4.26,79.6,0
IOT_00002470,FAC_04,MCH_20,78.41,1.77,124.0,4.06,101.3,0
IOT_00002471,FAC_05,MCH_80,91.26,3.701,128.1,5.57,101.2,0
IOT_00002472,FAC_05,MCH_20,79.7,5.345,66.2,4.21,69.0,0
IOT_00002473,FAC_03,MCH_93,45.55,5.52,90.3,5.5,76.2,1
IOT_00002474,FAC_03,MCH_38,68.11,1.087,71.2,4.44,56.5,0
IOT_00002475,FAC_03,MCH_28,40.53,0.589,134.4,6.0,77.4,0
IOT_00002476,FAC_01,MCH_97,50.49,5.433,12.5,5.95,64.5,1
IOT_00002477,FAC_04,MCH_35,51.93,5.034,107.5,4.38,97.7,0
IOT_00002478,FAC_04,MCH_52,38.06,4.993,54.0,3.26,56.2,0
IOT_00002479,FAC_01,MCH_84,87.46,3.05,112.8,4.98,104.6,0
IOT_00002480,FAC_04,MCH_81,47.31,5.642,142.1,7.2,73.5,0
IOT_00002481,FAC_04,MCH_40,53.27,6.259,100.0,4.29,76.6,0
IOT_00002482,FAC_03,MCH_27,91.4,5.415,147.1,6.46,94.8,0
IOT_00002483,FAC_03,MCH_30,46.2,6.027,59.8,3.78,78.1,0
IOT_00002484,FAC_04,MCH_96,43.5,0.667,32.2,3.58,61.5,0
IOT_00002485,FAC_05,MCH_87,70.4,5.795,29.1,6.31,57.6,0
IOT_00002486,FAC_03,MCH_31,91.76,3.887,14.0,6.13,55.3,0
IOT_00002487,FAC_01,MCH_89,57.68,3.668,139.9,2.65,69.1,0
IOT_00002488,FAC_04,MCH_34,77.47,3.656,75.2,4.81,93.2,0
IOT_00002489,FAC_05,MCH_55,66.47,3.855,126.7,7.0,101.2,0
IOT_00002490,FAC_02,MCH_45,60.78,5.218,15.8,6.05,77.0,0
IOT_00002491,FAC_04,MCH_33,40.03,4.576,23.7,4.13,64.9,0
IOT_00002492,FAC_03,MCH_30,49.26,2.536,97.1,5.69,107.2,0
IOT_00002493,FAC_01,MCH_94,75.34,5.27,42.0,3.13,77.5,0
IOT_00002494,FAC_03,MCH_64,87.62,6.397,94.5,3.64,71.3,0
IOT_00002495,FAC_02,MCH_82,64.88,0.313,133.8,3.12,103.8,0
IOT_00002496,FAC_04,MCH_60,64.62,4.422,115.3,3.57,77.4,0
IOT_00002497,FAC_03,MCH_82,78.0,6.042,68.8,3.87,88.2,0
IOT_00002498,FAC_04,MCH_70,44.89,4.688,49.4,2.57,68.2,0
IOT_00002499,FAC_05,MCH_24,79.54,5.29,30.2,4.08,105.0,1
IOT_00002500,FAC_02,MCH_57,94.69,1.157,48.2,5.53,99.2,1
IOT_00002501,FAC_05,MCH_60,72.58,0.815,136.9,4.48,60.4,1
IOT_00002502,FAC_04,MCH_29,35.75,4.425,101.8,6.34,95.4,0
IOT_00002503,FAC_04,MCH_82,35.01,4.293,95.8,6.37,63.8,0
IOT_00002504,FAC_05,MCH_35,48.61,0.194,85.8,4.11,92.1,0
IOT_00002505,FAC_01,MCH_59,51.82,0.927,147.1,7.61,84.2,0
IOT_00002506,FAC_05,MCH_65,47.62,3.926,72.7,5.06,64.4,0
IOT_00002507,FAC_05,MCH_14,54.92,4.84,90.8,5.96,97.3,0
IOT_00002508,FAC_02,MCH_60,35.19,5.266,39.3,6.02,94.0,0
IOT_00002509,FAC_05,MCH_43,90.65,3.359,65.1,4.1,63.2,0
IOT_00002510,FAC_01,MCH_89,40.01,0.606,30.8,6.79,60.7,0
IOT_00002511,FAC_02,MCH_56,52.64,1.628,38.1,2.69,75.4,0
IOT_00002512,FAC_02,MCH_94,58.76,0.521,112.2,6.94,105.4,0
IOT_00002513,FAC_02,MCH_81,41.23,4.283,17.3,4.42,98.8,0
IOT_00002514,FAC_03,MCH_78,65.17,2.652,97.7,5.89,80.9,0
IOT_00002515,FAC_04,MCH_72,66.71,2.692,48.5,4.05,73.6,0
IOT_00002516,FAC_02,MCH_72,43.79,1.568,135.9,3.39,92.6,0
IOT_00002517,FAC_04,MCH_38,90.61,1.929,86.9,5.8,89.1,0
IOT_00002518,FAC_02,MCH_19,54.15,3.007,23.1,7.88,79.0,0
IOT_00002519,FAC_03,MCH_27,71.33,1.516,135.1,4.01,56.0,0
IOT_00002520,FAC_02,MCH_36,78.74,6.464,112.7,2.82,58.4,0
IOT_00002521,FAC_03,MCH_12,37.63,6.029,114.6,2.95,103.7,0
IOT_00002522,FAC_04,MCH_75,78.38,0.509,40.5,7.31,70.7,0
IOT_00002523,FAC_03,MCH_98,89.91,2.994,114.0,6.21,98.6,0
IOT_00002524,FAC_04,MCH_85,66.21,1.533,12.6,7.18,82.9,0
IOT_00002525,FAC_03,MCH_37,50.02,4.458,145.7,5.62,71.5,0
IOT_00002526,FAC_01,MCH_94,38.57,3.127,72.9,7.56,61.9,0
IOT_00002527,FAC_02,MCH_28,83.84,2.363,142.2,6.78,107.7,0
IOT_00002528,FAC_02,MCH_20,73.43,5.365,33.1,7.63,67.6,0
IOT_00002529,FAC_04,MCH_79,43.13,0.127,15.0,6.72,97.2,0
IOT_00002530,FAC_01,MCH_47,40.88,0.998,51.5,6.3,79.8,0
IOT_00002531,FAC_01,MCH_79,62.26,4.562,25.6,7.13,71.9,0
IOT_00002532,FAC_02,MCH_15,67.66,5.982,126.4,7.54,64.9,0
IOT_00002533,FAC_03,MCH_52,54.83,4.862,72.4,3.2,94.7,0
IOT_00002534,FAC_02,MCH_59,74.95,3.57,42.7,5.74,61.7,0
IOT_00002535,FAC_02,MCH_20,57.25,1.293,20.3,2.79,83.4,0
IOT_00002536,FAC_03,MCH_49,35.7,0.662,39.1,7.73,85.3,0
IOT_00002537,FAC_05,MCH_66,86.84,2.759,66.2,5.3,104.3,0
IOT_00002538,FAC_01,MCH_18,81.07,6.47,17.0,7.33,90.5,0
IOT_00002539,FAC_01,MCH_52,50.53,3.71,116.9,4.23,104.5,0
IOT_00002540,FAC_01,MCH_75,86.79,1.52,141.4,6.14,56.5,0
IOT_00002541,FAC_04,MCH_58,61.27,3.355,129.6,3.02,76.3,0
IOT_00002542,FAC_02,MCH_66,85.09,0.858,112.9,3.62,106.5,0
IOT_00002543,FAC_02,MCH_44,59.92,2.187,15.9,6.22,106.2,0
IOT_00002544,FAC_04,MCH_87,63.09,1.227,23.3,4.83,65.7,0
IOT_00002545,FAC_02,MCH_16,77.7,0.183,28.3,4.43,93.1,0
IOT_00002546,FAC_05,MCH_19,80.27,1.917,13.0,4.86,90.9,0
IOT_00002547,FAC_01,MCH_81,89.36,3.572,110.8,3.43,96.5,0
IOT_00002548,FAC_01,MCH_69,82.24,3.838,137.4,5.44,74.5,0
IOT_00002549,FAC_04,MCH_97,39.2,5.299,98.0,6.01,78.6,1
IOT_00002550,FAC_01,MCH_56,62.64,5.413,120.6,7.21,89.7,0
IOT_00002551,FAC_03,MCH_79,44.47,1.72,66.2,5.22,82.2,0
IOT_00002552,FAC_02,MCH_19,46.15,5.381,47.7,3.94,71.9,0
IOT_00002553,FAC_01,MCH_70,92.63,3.345,100.9,5.61,109.5,0
IOT_00002554,FAC_04,MCH_21,88.35,4.363,33.3,2.64,105.5,0
IOT_00002555,FAC_02,MCH_69,68.24,4.153,95.8,4.13,57.8,0
IOT_00002556,FAC_03,MCH_77,58.2,5.462,39.9,7.01,58.1,0
IOT_00002557,FAC_02,MCH_64,51.62,3.183,68.0,4.73,75.9,0
IOT_00002558,FAC_03,MCH_77,67.49,3.051,31.1,4.44,91.1,0
IOT_00002559,FAC_03,MCH_74,69.31,0.39,102.5,5.11,88.2,0
IOT_00002560,FAC_02,MCH_60,81.84,3.078,131.9,6.39,91.4,0
IOT_00002561,FAC_01,MCH_94,91.67,5.675,63.8,7.35,92.1,0
IOT_00002562,FAC_02,MCH_70,45.03,1.786,87.4,5.8,99.4,1
IOT_00002563,FAC_01,MCH_66,57.75,5.241,17.5,4.32,91.9,0
IOT_00002564,FAC_03,MCH_45,54.17,5.573,127.0,7.89,76.6,0
IOT_00002565,FAC_02,MCH_59,45.48,0.145,116.1,7.48,55.5,0
IOT_00002566,FAC_02,MCH_44,44.93,6.051,55.7,2.62,79.0,1
IOT_00002567,FAC_02,MCH_20,37.22,4.573,107.3,6.8,72.9,1
IOT_00002568,FAC_05,MCH_11,65.52,1.516,51.7,6.68,74.3,0
IOT_00002569,FAC_01,MCH_53,56.75,5.835,53.0,7.36,99.2,1
IOT_00002570,FAC_04,MCH_93,57.58,3.754,66.9,4.16,105.2,0
IOT_00002571,FAC_04,MCH_31,93.57,2.585,61.0,5.75,63.0,0
IOT_00002572,FAC_05,MCH_37,55.34,3.205,112.4,3.42,97.1,0
IOT_00002573,FAC_03,MCH_31,35.6,2.569,20.7,4.72,98.2,0
IOT_00002574,FAC_02,MCH_43,43.34,4.677,28.0,7.83,100.7,0
IOT_00002575,FAC_01,MCH_28,46.36,5.961,76.7,5.14,73.6,0
IOT_00002576,FAC_03,MCH_88,38.23,6.353,104.0,6.19,72.5,0
IOT_00002577,FAC_02,MCH_75,83.26,4.404,39.5,5.74,67.8,0
IOT_00002578,FAC_05,MCH_11,64.33,5.827,83.5,3.76,88.5,0
IOT_00002579,FAC_05,MCH_24,76.78,3.034,139.4,6.12,92.3,0
IOT_00002580,FAC_04,MCH_58,77.25,5.785,19.5,3.9,84.3,0
IOT_00002581,FAC_04,MCH_32,42.33,5.37,129.5,7.87,83.7,0
IOT_00002582,FAC_01,MCH_72,63.25,1.786,54.6,6.62,91.3,0
IOT_00002583,FAC_04,MCH_84,73.72,1.874,44.8,4.09,89.2,0
IOT_00002584,FAC_02,MCH_83,52.22,3.898,119.4,4.19,92.6,1
IOT_00002585,FAC_04,MCH_27,70.93,5.422,14.8,3.09,64.0,0
IOT_00002586,FAC_04,MCH_33,92.89,2.874,69.7,7.15,83.3,0
IOT_00002587,FAC_02,MCH_99,81.17,5.514,73.9,3.73,94.4,0
IOT_00002588,FAC_03,MCH_80,91.22,6.121,17.1,3.12,94.6,0
IOT_00002589,FAC_05,MCH_92,58.46,3.808,57.8,5.26,66.2,0
IOT_00002590,FAC_03,MCH_54,49.81,2.91,110.0,5.81,61.0,0
IOT_00002591,FAC_05,MCH_26,87.22,6.105,72.2,3.48,56.3,0
IOT_00002592,FAC_05,MCH_60,49.71,3.605,84.2,4.02,82.4,0
IOT_00002593,FAC_05,MCH_46,93.39,1.475,77.0,7.46,58.2,0
IOT_00002594,FAC_01,MCH_31,73.86,1.61,80.3,6.97,105.7,0
IOT_00002595,FAC_05,MCH_38,42.3,5.178,101.7,4.12,74.5,0
IOT_00002596,FAC_01,MCH_40,92.43,0.625,132.9,5.64,55.3,0
IOT_00002597,FAC_05,MCH_50,93.25,3.637,69.0,4.02,82.4,0
IOT_00002598,FAC_02,MCH_27,42.99,5.471,93.7,6.53,101.7,0
IOT_00002599,FAC_01,MCH_93,70.28,3.087,65.1,4.37,78.2,0
IOT_00002600,FAC_04,MCH_30,87.7,1.329,111.6,6.34,69.1,0
IOT_00002601,FAC_02,MCH_28,85.41,3.015,117.8,6.66,80.3,0
IOT_00002602,FAC_02,MCH_90,88.02,0.156,149.3,2.59,96.6,0
IOT_00002603,FAC_05,MCH_89,77.08,2.456,125.4,7.63,94.3,0
IOT_00002604,FAC_05,MCH_78,40.75,3.607,85.5,4.71,61.0,0
IOT_00002605,FAC_05,MCH_50,92.26,1.781,98.8,3.76,76.9,0
IOT_00002606,FAC_03,MCH_12,54.4,3.73,126.7,6.93,72.7,0
IOT_00002607,FAC_04,MCH_46,88.94,4.378,130.1,4.71,71.0,0
IOT_00002608,FAC_01,MCH_77,65.23,2.831,136.1,7.93,93.2,0
IOT_00002609,FAC_01,MCH_76,90.08,2.76,14.3,3.71,93.6,0
IOT_00002610,FAC_01,MCH_12,45.18,1.055,60.8,2.71,78.2,1
IOT_00002611,FAC_03,MCH_62,70.57,5.49,109.5,4.06,95.0,0
IOT_00002612,FAC_04,MCH_96,55.12,2.232,55.0,6.25,78.4,0
IOT_00002613,FAC_05,MCH_80,71.71,2.09,142.3,6.93,66.1,0
IOT_00002614,FAC_02,MCH_57,70.32,2.737,69.2,3.57,73.2,0
IOT_00002615,FAC_05,MCH_27,35.0,5.38,127.2,2.88,79.0,0
IOT_00002616,FAC_01,MCH_20,46.8,4.6,33.7,2.77,76.9,0
IOT_00002617,FAC_02,MCH_77,80.49,5.963,115.2,7.71,55.4,0
IOT_00002618,FAC_05,MCH_64,71.12,2.771,60.3,6.7,85.8,0
IOT_00002619,FAC_05,MCH_83,69.98,0.434,87.9,7.49,94.8,0
IOT_00002620,FAC_02,MCH_55,58.5,1.93,127.0,3.4,93.4,0
IOT_00002621,FAC_01,MCH_79,89.17,6.0,104.5,2.78,76.5,1
IOT_00002622,FAC_02,MCH_57,91.87,0.991,146.2,5.53,71.4,0
IOT_00002623,FAC_04,MCH_54,75.15,3.725,98.9,5.35,74.1,0
IOT_00002624,FAC_01,MCH_99,72.08,0.619,144.9,3.65,75.9,0
IOT_00002625,FAC_01,MCH_38,86.11,1.156,73.5,2.77,88.4,0
IOT_00002626,FAC_02,MCH_47,64.89,1.483,38.1,6.94,94.2,0
IOT_00002627,FAC_02,MCH_79,58.4,6.459,39.2,7.37,93.4,0
IOT_00002628,FAC_02,MCH_11,57.55,2.235,28.9,6.24,104.5,0
IOT_00002629,FAC_04,MCH_53,66.54,5.303,66.5,3.94,105.4,0
IOT_00002630,FAC_03,MCH_74,51.48,1.257,138.7,3.35,61.7,0
IOT_00002631,FAC_02,MCH_53,48.66,4.278,70.5,6.72,94.3,0
IOT_00002632,FAC_03,MCH_22,59.08,4.831,120.1,4.45,102.9,0
IOT_00002633,FAC_05,MCH_58,70.15,3.851,105.9,4.45,77.8,0
IOT_00002634,FAC_01,MCH_13,83.51,2.724,29.4,3.13,70.3,0
IOT_00002635,FAC_05,MCH_44,54.71,4.552,105.8,2.84,97.6,0
IOT_00002636,FAC_04,MCH_88,51.7,3.6,82.6,4.32,55.3,0
IOT_00002637,FAC_05,MCH_44,50.79,2.133,101.7,6.65,61.7,0
IOT_00002638,FAC_03,MCH_26,58.99,1.445,61.7,7.22,95.6,0
IOT_00002639,FAC_04,MCH_64,46.34,0.59,129.4,7.95,99.5,0
IOT_00002640,FAC_03,MCH_20,53.84,5.855,103.1,2.87,95.9,0
IOT_00002641,FAC_01,MCH_28,88.17,2.666,138.3,6.21,101.6,1
IOT_00002642,FAC_01,MCH_45,89.58,5.556,142.9,6.89,63.4,0
IOT_00002643,FAC_03,MCH_92,42.15,2.154,18.4,7.38,81.9,0
IOT_00002644,FAC_01,MCH_34,59.91,5.608,105.8,5.21,106.7,0
IOT_00002645,FAC_04,MCH_61,62.2,4.431,53.3,5.69,60.8,0
IOT_00002646,FAC_05,MCH_86,76.6,1.807,111.8,6.9,108.2,0
IOT_00002647,FAC_02,MCH_54,41.24,1.311,20.9,2.94,91.4,0
IOT_00002648,FAC_04,MCH_53,89.83,1.086,110.2,7.31,59.5,0
IOT_00002649,FAC_04,MCH_88,72.96,2.785,101.2,6.09,102.0,1
IOT_00002650,FAC_04,MCH_29,79.66,2.212,124.3,4.01,99.7,0
IOT_00002651,FAC_01,MCH_74,59.28,4.018,68.4,7.34,104.7,0
IOT_00002652,FAC_03,MCH_29,43.23,2.17,132.4,6.36,62.6,0
IOT_00002653,FAC_01,MCH_42,53.1,2.261,28.8,3.42,62.9,0
IOT_00002654,FAC_02,MCH_71,65.64,1.063,79.8,6.26,87.8,0
IOT_00002655,FAC_05,MCH_21,62.88,0.178,147.9,3.23,90.0,0
IOT_00002656,FAC_05,MCH_14,57.06,4.889,54.6,7.29,67.6,0
IOT_00002657,FAC_05,MCH_16,40.14,1.183,54.6,3.86,69.1,0
IOT_00002658,FAC_03,MCH_18,53.2,0.27,19.5,7.65,55.4,0
IOT_00002659,FAC_05,MCH_46,62.15,4.359,118.6,3.58,80.6,0
IOT_00002660,FAC_04,MCH_31,80.24,4.387,57.6,3.33,103.8,0
IOT_00002661,FAC_02,MCH_36,86.32,1.893,72.0,7.37,76.4,0
IOT_00002662,FAC_04,MCH_86,37.85,3.248,136.4,4.04,70.0,0
IOT_00002663,FAC_03,MCH_28,45.15,0.792,122.2,2.56,64.5,0
IOT_00002664,FAC_03,MCH_88,86.08,5.478,81.7,5.84,98.9,0
IOT_00002665,FAC_03,MCH_54,81.75,5.909,40.6,4.83,76.1,0
IOT_00002666,FAC_04,MCH_80,85.54,2.652,43.9,3.26,65.0,0
IOT_00002667,FAC_02,MCH_46,46.18,3.041,109.1,5.89,94.8,0
IOT_00002668,FAC_03,MCH_62,67.92,5.848,121.7,6.35,64.6,0
IOT_00002669,FAC_02,MCH_77,78.7,1.926,13.3,6.47,56.1,1
IOT_00002670,FAC_04,MCH_35,48.73,5.943,57.7,4.74,89.5,1
IOT_00002671,FAC_01,MCH_61,57.9,1.226,32.7,3.36,96.1,0
IOT_00002672,FAC_03,MCH_81,92.67,3.649,119.0,3.71,100.0,0
IOT_00002673,FAC_04,MCH_83,61.61,1.363,34.0,3.69,106.4,0
IOT_00002674,FAC_03,MCH_41,91.73,5.907,149.4,6.69,99.9,0
IOT_00002675,FAC_03,MCH_34,35.53,1.306,83.1,6.28,82.2,0
IOT_00002676,FAC_05,MCH_82,59.86,2.391,131.5,4.63,104.7,0
IOT_00002677,FAC_04,MCH_39,73.42,5.907,66.3,6.72,63.0,0
IOT_00002678,FAC_01,MCH_51,57.24,6.013,41.7,3.97,78.7,0
IOT_00002679,FAC_05,MCH_32,47.46,4.23,20.7,7.08,100.3,0
IOT_00002680,FAC_01,MCH_48,52.9,4.231,108.1,2.9,62.9,0
IOT_00002681,FAC_02,MCH_97,39.81,5.446,40.5,4.0,80.4,0
IOT_00002682,FAC_04,MCH_93,64.37,1.02,108.3,7.03,65.7,0
IOT_00002683,FAC_03,MCH_79,89.27,4.348,130.2,2.96,55.2,0
IOT_00002684,FAC_04,MCH_86,38.21,0.74,26.7,5.08,106.6,0
IOT_00002685,FAC_01,MCH_38,40.06,2.377,81.8,3.06,94.6,0
IOT_00002686,FAC_03,MCH_93,58.56,4.173,106.3,2.83,74.7,0
IOT_00002687,FAC_04,MCH_33,79.39,1.138,117.8,7.54,74.3,0
IOT_00002688,FAC_04,MCH_95,86.29,4.422,131.5,7.92,79.4,0
IOT_00002689,FAC_03,MCH_96,93.8,2.259,135.1,7.82,80.6,0
IOT_00002690,FAC_05,MCH_49,43.11,2.182,140.8,8.0,104.7,0
IOT_00002691,FAC_05,MCH_25,58.03,1.716,20.0,5.18,108.4,0
IOT_00002692,FAC_02,MCH_13,46.84,2.821,17.1,7.18,86.5,0
IOT_00002693,FAC_05,MCH_35,42.03,4.233,35.1,7.04,75.7,0
IOT_00002694,FAC_02,MCH_66,39.75,0.627,125.6,3.45,84.1,0
IOT_00002695,FAC_05,MCH_58,76.12,3.929,24.0,2.81,71.7,1
IOT_00002696,FAC_02,MCH_11,41.49,2.627,142.8,7.51,94.8,0
IOT_00002697,FAC_01,MCH_77,90.77,0.987,46.9,3.26,106.9,0
IOT_00002698,FAC_03,MCH_61,59.28,4.206,72.8,2.96,75.6,0
IOT_00002699,FAC_02,MCH_90,73.16,1.17,83.1,3.43,65.4,0
IOT_00002700,FAC_03,MCH_86,41.09,6.409,148.4,2.76,106.3,0
IOT_00002701,FAC_01,MCH_38,57.56,1.19,130.3,5.24,91.1,0
IOT_00002702,FAC_04,MCH_58,51.23,2.195,95.2,6.83,87.4,1
IOT_00002703,FAC_05,MCH_79,38.48,5.101,105.7,7.26,74.7,0
IOT_00002704,FAC_04,MCH_91,92.49,1.34,138.6,6.67,106.6,0
IOT_00002705,FAC_02,MCH_53,76.43,0.239,95.8,3.16,91.2,0
IOT_00002706,FAC_03,MCH_96,45.02,2.259,61.0,7.49,76.1,0
IOT_00002707,FAC_05,MCH_90,83.14,4.684,75.3,5.48,94.8,0
IOT_00002708,FAC_04,MCH_78,52.68,5.238,96.4,7.07,102.0,0
IOT_00002709,FAC_03,MCH_18,57.5,1.671,114.2,4.53,95.4,0
IOT_00002710,FAC_05,MCH_24,74.98,0.56,117.6,7.12,59.6,0
IOT_00002711,FAC_02,MCH_23,86.83,2.693,50.9,5.68,94.0,0
IOT_00002712,FAC_02,MCH_89,93.04,6.322,16.8,7.67,77.5,0
IOT_00002713,FAC_05,MCH_81,84.44,2.029,131.5,7.16,65.2,1
IOT_00002714,FAC_05,MCH_80,67.85,5.545,121.9,3.9,99.8,0
IOT_00002715,FAC_04,MCH_45,39.02,3.891,89.6,4.26,105.2,0
IOT_00002716,FAC_01,MCH_83,87.05,4.205,131.5,5.55,92.7,0
IOT_00002717,FAC_04,MCH_34,92.98,3.514,62.1,5.45,109.6,0
IOT_00002718,FAC_02,MCH_91,68.09,4.087,121.9,4.66,59.3,0
IOT_00002719,FAC_02,MCH_84,45.93,1.771,126.3,4.57,72.1,0
IOT_00002720,FAC_04,MCH_48,82.91,3.761,19.6,4.17,102.5,0
IOT_00002721,FAC_03,MCH_58,79.04,1.814,102.2,2.68,55.4,0
IOT_00002722,FAC_01,MCH_49,45.81,4.343,79.9,6.31,71.5,0
IOT_00002723,FAC_01,MCH_31,80.15,2.814,59.5,6.47,55.7,0
IOT_00002724,FAC_04,MCH_47,46.56,4.439,143.3,3.17,99.7,0
IOT_00002725,FAC_03,MCH_23,49.18,0.22,93.8,7.52,98.5,0
IOT_00002726,FAC_05,MCH_79,47.11,4.716,50.0,7.05,93.5,0
IOT_00002727,FAC_05,MCH_75,85.33,5.708,59.2,4.98,101.1,0
IOT_00002728,FAC_02,MCH_24,52.47,0.565,97.3,7.31,68.2,0
IOT_00002729,FAC_04,MCH_76,52.99,0.79,101.2,3.73,110.0,0
IOT_00002730,FAC_05,MCH_28,44.38,5.707,88.7,4.14,99.5,0
IOT_00002731,FAC_03,MCH_32,90.0,6.077,38.0,3.56,78.9,0
IOT_00002732,FAC_03,MCH_81,81.18,1.433,146.4,4.52,70.1,0
IOT_00002733,FAC_03,MCH_73,42.88,2.873,76.3,7.55,74.2,0
IOT_00002734,FAC_03,MCH_22,76.98,2.287,51.0,3.45,58.4,0
IOT_00002735,FAC_02,MCH_42,86.79,0.609,82.0,7.89,71.1,0
IOT_00002736,FAC_02,MCH_98,49.25,0.57,91.9,4.03,102.3,0
IOT_00002737,FAC_04,MCH_49,56.67,3.155,20.9,3.4,58.3,0
IOT_00002738,FAC_02,MCH_88,93.21,5.405,29.1,6.45,63.7,0
IOT_00002739,FAC_04,MCH_26,60.72,5.096,104.4,7.66,60.6,0
IOT_00002740,FAC_01,MCH_94,74.96,5.829,86.8,3.47,78.6,0
IOT_00002741,FAC_04,MCH_40,57.18,0.855,64.4,7.11,106.1,0
IOT_00002742,FAC_05,MCH_76,83.64,0.657,59.9,6.48,77.2,0
IOT_00002743,FAC_02,MCH_55,43.86,5.011,60.9,6.97,83.8,1
IOT_00002744,FAC_01,MCH_71,65.18,3.299,39.0,4.71,87.5,0
IOT_00002745,FAC_01,MCH_17,73.12,0.553,71.1,5.83,95.5,0
IOT_00002746,FAC_02,MCH_15,72.93,5.309,28.5,7.86,107.4,0
IOT_00002747,FAC_05,MCH_81,43.56,4.752,145.1,4.18,81.8,0
IOT_00002748,FAC_04,MCH_81,84.95,4.82,27.1,7.02,63.0,0
IOT_00002749,FAC_05,MCH_44,82.03,2.47,120.9,5.37,80.6,0
IOT_00002750,FAC_03,MCH_46,90.05,2.625,84.7,7.21,81.9,0
IOT_00002751,FAC_01,MCH_48,64.1,5.112,54.2,6.15,71.1,0
IOT_00002752,FAC_01,MCH_64,92.51,6.195,103.7,3.67,83.2,0
IOT_00002753,FAC_01,MCH_12,91.1,5.026,29.9,5.07,73.9,0
IOT_00002754,FAC_04,MCH_94,49.67,6.198,82.6,2.96,75.3,0
IOT_00002755,FAC_02,MCH_51,82.05,3.37,127.3,4.51,97.4,0
IOT_00002756,FAC_04,MCH_34,93.25,3.274,108.9,7.5,99.4,0
IOT_00002757,FAC_05,MCH_35,82.46,3.263,52.7,4.12,82.2,0
IOT_00002758,FAC_03,MCH_12,61.61,3.138,46.4,2.93,100.5,0
IOT_00002759,FAC_04,MCH_78,46.76,6.303,23.0,4.81,63.3,0
IOT_00002760,FAC_01,MCH_28,47.0,2.937,70.3,6.18,91.7,0
IOT_00002761,FAC_04,MCH_57,67.32,0.574,14.6,4.26,84.1,0
IOT_00002762,FAC_05,MCH_27,61.71,3.255,40.2,3.81,73.7,0
IOT_00002763,FAC_01,MCH_93,51.19,0.721,145.8,4.34,92.0,0
IOT_00002764,FAC_01,MCH_17,62.78,2.226,101.1,7.02,58.0,0
IOT_00002765,FAC_01,MCH_58,76.66,2.026,135.3,5.28,82.0,0
IOT_00002766,FAC_01,MCH_21,94.8,0.449,121.7,7.78,108.1,0
IOT_00002767,FAC_05,MCH_67,42.66,0.194,138.5,2.86,102.4,0
IOT_00002768,FAC_01,MCH_32,51.47,5.708,41.0,6.34,97.3,0
IOT_00002769,FAC_03,MCH_33,41.3,2.87,121.0,5.47,62.2,0
IOT_00002770,FAC_05,MCH_68,90.06,1.916,128.3,6.06,106.9,0
IOT_00002771,FAC_02,MCH_71,75.61,2.646,144.6,4.83,109.7,0
IOT_00002772,FAC_01,MCH_47,69.45,1.495,130.1,4.03,55.1,0
IOT_00002773,FAC_01,MCH_72,94.29,1.059,94.9,5.2,102.4,0
IOT_00002774,FAC_03,MCH_68,59.31,0.503,84.0,2.89,55.6,0
IOT_00002775,FAC_01,MCH_19,39.07,1.033,44.1,4.3,70.4,0
IOT_00002776,FAC_02,MCH_17,45.5,0.885,84.7,4.81,63.4,0
IOT_00002777,FAC_04,MCH_17,94.22,2.576,52.2,7.95,76.6,0
IOT_00002778,FAC_01,MCH_18,55.69,3.899,99.9,2.67,69.0,0
IOT_00002779,FAC_03,MCH_78,52.34,2.49,107.8,3.52,78.9,0
IOT_00002780,FAC_01,MCH_74,80.75,4.22,114.0,2.86,91.2,0
IOT_00002781,FAC_02,MCH_59,92.51,2.059,95.9,5.0,64.6,0
IOT_00002782,FAC_05,MCH_44,60.69,5.252,130.9,6.61,82.9,0
IOT_00002783,FAC_02,MCH_77,47.3,4.852,114.8,4.53,97.8,0
IOT_00002784,FAC_01,MCH_53,64.28,1.658,28.7,4.05,77.8,0
IOT_00002785,FAC_05,MCH_21,62.48,1.608,41.4,5.81,87.3,0
IOT_00002786,FAC_05,MCH_83,57.35,5.835,27.9,6.69,69.5,1
IOT_00002787,FAC_01,MCH_30,60.36,0.843,29.8,4.83,75.0,0
IOT_00002788,FAC_01,MCH_19,60.6,0.23,46.3,6.85,63.9,1
IOT_00002789,FAC_01,MCH_98,70.46,1.024,128.6,5.32,108.9,0
IOT_00002790,FAC_01,MCH_68,89.94,6.106,111.4,5.87,86.0,0
IOT_00002791,FAC_03,MCH_79,78.95,3.527,117.6,7.66,70.7,0
IOT_00002792,FAC_05,MCH_33,46.27,1.906,12.3,3.58,59.1,0
IOT_00002793,FAC_02,MCH_41,41.83,3.019,24.6,7.66,73.9,0
IOT_00002794,FAC_01,MCH_32,84.24,6.196,45.3,7.21,72.0,0
IOT_00002795,FAC_05,MCH_19,58.91,2.272,101.4,6.31,64.1,0
IOT_00002796,FAC_05,MCH_42,82.89,3.33,66.4,2.86,68.4,0
IOT_00002797,FAC_01,MCH_94,74.79,4.213,132.7,2.91,79.3,0
IOT_00002798,FAC_03,MCH_79,68.44,0.759,19.8,5.72,82.4,0
IOT_00002799,FAC_02,MCH_67,72.0,5.987,71.5,4.15,77.5,0
IOT_00002800,FAC_02,MCH_28,58.03,1.888,98.0,2.89,103.7,0
IOT_00002801,FAC_02,MCH_35,91.06,2.513,129.0,5.51,85.2,0
IOT_00002802,FAC_01,MCH_39,89.63,1.736,118.1,7.97,58.6,0
IOT_00002803,FAC_02,MCH_77,63.18,3.59,53.7,5.47,61.3,1
IOT_00002804,FAC_01,MCH_44,71.53,5.067,147.7,4.93,93.7,0
IOT_00002805,FAC_03,MCH_82,90.07,5.596,99.5,3.14,82.4,0
IOT_00002806,FAC_03,MCH_67,73.85,5.204,88.5,2.81,67.1,0
IOT_00002807,FAC_01,MCH_62,86.78,5.004,74.4,5.99,93.3,0
IOT_00002808,FAC_02,MCH_94,37.58,4.758,22.4,3.02,95.5,0
IOT_00002809,FAC_01,MCH_93,42.29,4.946,127.1,5.23,56.6,0
IOT_00002810,FAC_05,MCH_37,59.56,2.31,24.8,4.2,74.6,0
IOT_00002811,FAC_05,MCH_26,62.6,6.474,101.1,4.47,73.7,0
IOT_00002812,FAC_02,MCH_81,75.56,3.279,130.2,5.85,82.3,0
IOT_00002813,FAC_04,MCH_85,39.92,1.564,28.0,3.51,59.2,0
IOT_00002814,FAC_02,MCH_83,43.65,2.3,126.1,6.2,95.2,0
IOT_00002815,FAC_04,MCH_88,91.03,0.564,39.9,2.84,71.9,0
IOT_00002816,FAC_01,MCH_97,57.75,3.822,18.6,7.57,101.9,0
IOT_00002817,FAC_03,MCH_48,60.13,3.675,79.5,6.66,104.8,0
IOT_00002818,FAC_04,MCH_48,89.92,0.975,13.5,6.23,60.2,0
IOT_00002819,FAC_01,MCH_60,69.64,2.778,85.0,3.43,67.6,0
IOT_00002820,FAC_01,MCH_45,62.24,1.049,77.2,6.96,76.5,0
IOT_00002821,FAC_03,MCH_94,80.34,3.19,31.5,2.69,107.3,0
IOT_00002822,FAC_05,MCH_10,56.11,1.037,108.8,7.0,96.6,0
IOT_00002823,FAC_04,MCH_95,84.57,2.235,77.8,2.95,81.9,1
IOT_00002824,FAC_03,MCH_81,84.05,0.283,31.2,2.66,81.5,0
IOT_00002825,FAC_01,MCH_38,37.82,0.822,143.4,6.1,62.1,0
IOT_00002826,FAC_03,MCH_76,57.01,3.872,66.0,3.73,105.1,0
IOT_00002827,FAC_02,MCH_45,61.93,4.804,40.2,3.05,73.6,0
IOT_00002828,FAC_03,MCH_15,88.89,5.956,58.5,2.62,95.9,0
IOT_00002829,FAC_04,MCH_51,91.42,5.352,112.7,6.84,55.3,1
IOT_00002830,FAC_03,MCH_69,88.41,3.139,51.0,7.55,72.5,0
IOT_00002831,FAC_05,MCH_22,89.71,3.242,119.9,6.94,94.8,0
IOT_00002832,FAC_05,MCH_98,44.68,1.506,118.8,7.97,92.2,0
IOT_00002833,FAC_01,MCH_18,44.92,5.959,99.4,6.68,79.3,0
IOT_00002834,FAC_01,MCH_16,54.62,2.924,75.1,4.13,69.6,0
IOT_00002835,FAC_05,MCH_52,44.78,2.847,130.7,3.19,84.0,0
IOT_00002836,FAC_03,MCH_61,39.61,0.681,53.1,5.5,94.5,0
IOT_00002837,FAC_04,MCH_46,45.0,2.722,110.3,5.87,68.6,0
IOT_00002838,FAC_03,MCH_31,80.5,1.446,148.3,3.25,83.4,0
IOT_00002839,FAC_04,MCH_28,41.13,1.931,49.5,4.47,96.5,0
IOT_00002840,FAC_02,MCH_92,81.56,3.344,131.3,4.02,109.7,0
IOT_00002841,FAC_04,MCH_32,43.33,5.11,62.2,5.51,87.3,0
IOT_00002842,FAC_01,MCH_23,57.14,0.438,111.4,7.08,61.0,0
IOT_00002843,FAC_01,MCH_96,53.91,4.867,78.0,7.92,58.8,0
IOT_00002844,FAC_03,MCH_22,49.56,5.068,141.3,3.2,59.2,0
IOT_00002845,FAC_01,MCH_96,85.08,3.686,15.8,7.74,55.0,0
IOT_00002846,FAC_01,MCH_43,58.44,1.584,22.1,2.79,88.0,0
IOT_00002847,FAC_05,MCH_66,90.43,4.948,75.9,6.55,109.6,0
IOT_00002848,FAC_04,MCH_10,51.16,5.074,47.5,4.73,107.0,0
IOT_00002849,FAC_02,MCH_71,56.79,0.864,61.5,7.79,71.1,0
IOT_00002850,FAC_01,MCH_88,45.45,5.535,60.4,6.01,106.6,0
IOT_00002851,FAC_02,MCH_83,81.99,4.394,118.4,7.65,109.9,0
IOT_00002852,FAC_04,MCH_64,62.96,3.421,45.8,7.06,64.6,0
IOT_00002853,FAC_02,MCH_43,49.56,0.274,84.4,3.68,71.1,0
IOT_00002854,FAC_05,MCH_80,51.52,4.249,37.4,5.36,75.1,0
IOT_00002855,FAC_03,MCH_19,35.69,2.945,147.8,3.46,109.0,0
IOT_00002856,FAC_03,MCH_57,93.35,2.871,24.7,6.2,98.6,0
IOT_00002857,FAC_03,MCH_50,79.92,0.259,28.4,2.77,55.3,0
IOT_00002858,FAC_05,MCH_95,58.65,1.677,24.4,2.93,92.0,0
IOT_00002859,FAC_03,MCH_93,69.07,1.484,141.4,3.93,72.9,0
IOT_00002860,FAC_01,MCH_50,70.21,1.003,148.3,7.39,93.7,0
IOT_00002861,FAC_03,MCH_22,80.81,5.693,60.6,5.71,85.6,0
IOT_00002862,FAC_03,MCH_75,83.65,2.621,44.1,4.53,99.4,0
IOT_00002863,FAC_03,MCH_62,75.21,2.379,47.2,7.93,86.5,1
IOT_00002864,FAC_03,MCH_18,49.87,0.432,114.0,3.28,83.5,0
IOT_00002865,FAC_04,MCH_94,85.09,2.881,131.8,7.68,96.8,0
IOT_00002866,FAC_05,MCH_15,76.17,1.442,103.6,5.42,66.3,0
IOT_00002867,FAC_04,MCH_42,57.51,6.433,43.5,3.44,63.0,0
IOT_00002868,FAC_05,MCH_36,64.33,2.286,19.4,7.16,85.2,0
IOT_00002869,FAC_01,MCH_76,63.66,4.403,41.2,4.18,87.8,1
IOT_00002870,FAC_02,MCH_25,80.15,1.726,63.3,4.85,83.0,0
IOT_00002871,FAC_02,MCH_44,69.48,3.207,141.8,7.39,81.8,0
IOT_00002872,FAC_05,MCH_37,46.96,1.458,136.3,4.13,80.8,1
IOT_00002873,FAC_02,MCH_39,84.76,0.933,48.1,7.93,65.6,0
IOT_00002874,FAC_01,MCH_96,86.42,2.741,53.1,7.47,106.9,0
IOT_00002875,FAC_04,MCH_50,58.12,3.562,14.1,4.38,57.7,0
IOT_00002876,FAC_03,MCH_18,94.03,4.386,118.7,7.83,104.5,0
IOT_00002877,FAC_04,MCH_58,69.99,5.681,29.2,6.56,86.8,0
IOT_00002878,FAC_01,MCH_38,92.9,2.241,113.2,4.53,92.2,0
IOT_00002879,FAC_01,MCH_77,63.99,5.38,14.3,4.41,64.6,0
IOT_00002880,FAC_03,MCH_43,63.74,6.019,111.7,6.01,74.2,0
IOT_00002881,FAC_05,MCH_30,54.28,4.093,147.9,3.42,70.5,0
IOT_00002882,FAC_02,MCH_21,78.97,4.676,46.7,3.17,100.0,0
IOT_00002883,FAC_01,MCH_85,81.7,3.124,91.2,6.21,81.4,1
IOT_00002884,FAC_05,MCH_60,74.41,3.282,19.1,5.5,96.8,0
IOT_00002885,FAC_04,MCH_34,39.97,4.373,128.0,5.71,83.7,0
IOT_00002886,FAC_05,MCH_98,80.87,5.024,37.8,2.57,63.0,0
IOT_00002887,FAC_01,MCH_93,67.99,0.836,74.9,6.81,108.0,0
IOT_00002888,FAC_03,MCH_81,86.0,0.477,110.5,7.01,89.3,1
IOT_00002889,FAC_02,MCH_16,78.48,6.339,75.9,4.4,78.1,0
IOT_00002890,FAC_01,MCH_89,57.22,2.969,121.6,3.39,94.5,0
IOT_00002891,FAC_03,MCH_32,65.5,0.463,134.7,2.7,64.6,0
IOT_00002892,FAC_01,MCH_18,36.91,6.077,57.1,4.95,56.9,0
IOT_00002893,FAC_04,MCH_11,61.33,1.608,129.7,5.46,102.9,0
IOT_00002894,FAC_02,MCH_96,74.35,1.329,32.2,2.95,80.2,0
IOT_00002895,FAC_01,MCH_70,60.6,2.043,27.7,3.13,101.8,0
IOT_00002896,FAC_02,MCH_62,92.72,3.203,102.1,4.96,85.3,0
IOT_00002897,FAC_03,MCH_73,40.25,0.727,143.5,3.82,85.0,0
IOT_00002898,FAC_02,MCH_90,59.11,1.118,124.5,6.62,100.8,0
IOT_00002899,FAC_03,MCH_87,91.3,2.243,25.9,5.57,66.9,0
IOT_00002900,FAC_01,MCH_37,57.41,5.259,115.7,2.87,96.3,0
IOT_00002901,FAC_01,MCH_62,73.9,5.284,131.7,7.5,68.7,0
IOT_00002902,FAC_04,MCH_45,70.46,1.92,44.9,5.64,83.2,0
IOT_00002903,FAC_04,MCH_51,35.37,0.613,47.0,6.55,99.9,0
IOT_00002904,FAC_01,MCH_88,48.48,0.609,44.0,6.39,78.2,0
IOT_00002905,FAC_03,MCH_76,89.28,5.953,95.9,5.93,102.5,0
IOT_00002906,FAC_04,MCH_21,72.48,5.811,100.7,5.41,80.2,0
IOT_00002907,FAC_01,MCH_50,48.35,3.842,91.2,3.82,109.1,0
IOT_00002908,FAC_03,MCH_38,64.94,4.964,102.1,4.05,58.7,1
IOT_00002909,FAC_02,MCH_84,53.98,2.34,104.4,6.56,68.9,0
IOT_00002910,FAC_02,MCH_70,78.86,2.324,51.3,5.24,58.6,0
IOT_00002911,FAC_02,MCH_31,51.55,2.239,77.9,3.28,68.3,0
IOT_00002912,FAC_02,MCH_95,83.91,1.891,93.0,3.55,97.9,0
IOT_00002913,FAC_04,MCH_28,83.59,4.129,74.8,5.14,95.0,0
IOT_00002914,FAC_03,MCH_50,76.76,5.85,60.5,2.58,106.1,0
IOT_00002915,FAC_03,MCH_83,60.0,6.309,113.7,4.78,74.5,0
IOT_00002916,FAC_01,MCH_74,64.59,3.255,141.3,7.01,81.2,0
IOT_00002917,FAC_04,MCH_91,59.33,4.481,76.3,4.39,96.1,0
IOT_00002918,FAC_03,MCH_30,53.88,1.821,140.5,4.08,89.1,0
IOT_00002919,FAC_03,MCH_33,44.46,2.518,129.0,2.64,72.5,0
IOT_00002920,FAC_03,MCH_47,40.88,2.013,13.5,3.31,86.2,0
IOT_00002921,FAC_03,MCH_40,62.39,6.473,148.1,7.46,72.3,0
IOT_00002922,FAC_02,MCH_74,79.13,4.33,62.3,3.26,62.2,0
IOT_00002923,FAC_05,MCH_78,38.38,1.357,45.4,6.09,105.0,0
IOT_00002924,FAC_03,MCH_52,40.77,4.616,62.7,7.73,103.1,1
IOT_00002925,FAC_04,MCH_30,51.74,6.169,147.6,2.61,109.7,0
IOT_00002926,FAC_05,MCH_99,77.37,2.646,68.6,6.65,64.5,0
IOT_00002927,FAC_01,MCH_30,36.45,6.137,94.6,7.13,87.6,0
IOT_00002928,FAC_04,MCH_95,93.18,5.097,131.2,7.73,79.1,0
IOT_00002929,FAC_03,MCH_40,80.24,0.278,32.8,3.26,58.4,0
IOT_00002930,FAC_03,MCH_88,48.24,3.155,34.8,6.74,106.8,0
IOT_00002931,FAC_03,MCH_82,39.69,4.916,143.7,6.43,93.1,0
IOT_00002932,FAC_04,MCH_56,40.21,5.05,103.6,6.76,58.6,0
IOT_00002933,FAC_04,MCH_89,47.17,2.055,122.1,2.54,91.9,0
IOT_00002934,FAC_02,MCH_74,57.17,1.972,82.2,7.61,87.1,0
IOT_00002935,FAC_01,MCH_17,88.83,6.363,35.8,3.18,86.0,0
IOT_00002936,FAC_01,MCH_77,57.2,4.797,62.4,6.72,96.8,0
IOT_00002937,FAC_04,MCH_70,55.05,0.205,58.9,7.24,65.7,0
IOT_00002938,FAC_01,MCH_94,87.21,5.185,90.4,2.87,84.5,1
IOT_00002939,FAC_01,MCH_56,37.06,3.983,111.5,4.96,70.4,0
IOT_00002940,FAC_03,MCH_57,39.27,1.015,20.6,5.72,97.6,0
IOT_00002941,FAC_05,MCH_27,36.08,4.844,23.7,5.36,97.4,0
IOT_00002942,FAC_03,MCH_50,46.64,3.205,138.6,6.12,64.6,0
IOT_00002943,FAC_05,MCH_71,49.03,3.583,110.2,6.9,63.5,0
IOT_00002944,FAC_05,MCH_95,86.24,0.577,143.5,5.92,94.5,0
IOT_00002945,FAC_04,MCH_59,67.09,0.499,119.1,6.21,101.4,0
IOT_00002946,FAC_05,MCH_23,42.92,2.382,20.6,7.28,79.9,1
IOT_00002947,FAC_01,MCH_69,38.45,4.542,124.1,5.23,57.8,0
IOT_00002948,FAC_01,MCH_85,89.14,3.384,75.5,4.62,74.2,0
IOT_00002949,FAC_05,MCH_25,40.43,2.945,105.1,7.35,107.8,0
IOT_00002950,FAC_03,MCH_94,40.75,2.405,60.3,4.36,99.8,0
IOT_00002951,FAC_04,MCH_91,75.41,0.475,97.8,5.85,72.9,0
IOT_00002952,FAC_05,MCH_48,45.07,2.991,77.9,6.01,88.9,0
IOT_00002953,FAC_01,MCH_88,79.41,3.4,85.3,4.19,79.7,0
IOT_00002954,FAC_04,MCH_60,80.79,5.364,49.3,3.24,86.2,0
IOT_00002955,FAC_03,MCH_91,70.25,2.395,64.5,4.42,92.8,0
IOT_00002956,FAC_05,MCH_48,78.27,0.452,23.5,3.39,103.3,0
IOT_00002957,FAC_01,MCH_96,58.24,5.326,126.4,5.69,83.7,0
IOT_00002958,FAC_03,MCH_63,91.34,2.51,44.6,2.52,55.2,0
IOT_00002959,FAC_03,MCH_39,35.39,0.945,145.5,5.02,59.6,0
IOT_00002960,FAC_01,MCH_74,85.5,2.656,86.0,6.2,81.9,0
IOT_00002961,FAC_03,MCH_24,56.39,1.904,77.2,4.68,95.4,0
IOT_00002962,FAC_05,MCH_35,77.31,1.287,148.0,3.66,56.2,0
IOT_00002963,FAC_05,MCH_27,69.38,1.715,75.8,4.59,84.8,0
IOT_00002964,FAC_05,MCH_14,91.06,0.284,27.2,5.94,105.4,0
IOT_00002965,FAC_03,MCH_21,80.44,0.489,79.9,5.51,56.1,0
IOT_00002966,FAC_04,MCH_50,56.95,6.154,124.4,5.16,84.6,0
IOT_00002967,FAC_01,MCH_21,92.61,1.212,130.5,7.07,92.8,0
IOT_00002968,FAC_01,MCH_12,88.02,1.579,34.1,3.96,92.9,0
IOT_00002969,FAC_04,MCH_22,40.43,2.281,105.8,2.59,87.7,1
IOT_00002970,FAC_04,MCH_15,64.98,6.339,32.5,5.78,73.3,0
IOT_00002971,FAC_04,MCH_71,41.49,4.488,134.3,5.97,66.9,0
IOT_00002972,FAC_02,MCH_76,74.38,1.871,39.6,5.0,83.4,0
IOT_00002973,FAC_02,MCH_42,35.29,6.42,72.0,3.93,98.7,0
IOT_00002974,FAC_02,MCH_55,80.1,3.361,144.4,5.49,63.0,0
IOT_00002975,FAC_02,MCH_76,90.26,5.569,55.6,3.66,95.9,0
IOT_00002976,FAC_05,MCH_53,72.92,4.722,80.7,6.25,68.8,0
IOT_00002977,FAC_02,MCH_73,43.98,1.541,114.4,2.55,80.6,0
IOT_00002978,FAC_02,MCH_58,47.26,4.722,103.1,5.84,68.2,0
IOT_00002979,FAC_05,MCH_71,62.84,1.238,52.0,4.56,67.1,0
IOT_00002980,FAC_05,MCH_44,81.63,1.788,135.1,7.29,75.3,0
IOT_00002981,FAC_03,MCH_92,94.32,3.908,112.2,5.35,70.2,0
IOT_00002982,FAC_05,MCH_99,94.62,6.308,16.1,3.81,74.8,0
IOT_00002983,FAC_04,MCH_46,58.85,1.394,67.6,3.32,69.1,0
IOT_00002984,FAC_01,MCH_77,40.94,0.61,120.7,2.78,56.0,0
IOT_00002985,FAC_05,MCH_25,56.75,1.444,26.6,6.75,104.4,0
IOT_00002986,FAC_02,MCH_21,69.77,1.795,119.6,6.4,93.6,0
IOT_00002987,FAC_04,MCH_95,79.83,2.202,57.3,4.09,73.7,0
IOT_00002988,FAC_01,MCH_90,38.3,4.299,129.0,6.09,62.3,0
IOT_00002989,FAC_02,MCH_21,35.32,2.87,23.5,3.33,82.0,0
IOT_00002990,FAC_03,MCH_59,43.59,1.685,128.8,2.79,55.2,1
IOT_00002991,FAC_05,MCH_76,86.57,1.486,81.8,6.25,60.1,0
IOT_00002992,FAC_02,MCH_20,92.04,0.452,101.4,6.22,93.3,0
IOT_00002993,FAC_03,MCH_10,73.3,5.215,15.4,4.82,103.3,0
IOT_00002994,FAC_05,MCH_62,59.01,2.35,112.3,3.32,80.4,0
IOT_00002995,FAC_03,MCH_83,56.73,5.358,130.0,4.43,88.0,0
IOT_00002996,FAC_03,MCH_21,94.82,0.227,147.6,2.62,72.8,0
IOT_00002997,FAC_03,MCH_81,89.97,0.598,70.6,4.98,66.0,0
IOT_00002998,FAC_01,MCH_55,52.9,0.379,64.2,4.48,101.2,0
IOT_00002999,FAC_03,MCH_78,66.65,4.57,42.1,7.12,103.4,0
IOT_00003000,FAC_01,MCH_90,81.63,5.48,83.8,6.44,67.2,0
IOT_00003001,FAC_04,MCH_80,68.78,0.83,24.0,7.96,62.6,0
IOT_00003002,FAC_05,MCH_29,81.86,1.222,147.6,5.9,74.1,0
IOT_00003003,FAC_01,MCH_69,41.71,1.546,12.0,6.47,62.5,1
IOT_00003004,FAC_05,MCH_55,92.04,5.015,123.8,2.65,55.3,1
IOT_00003005,FAC_01,MCH_17,47.01,4.514,135.9,3.41,75.1,0
IOT_00003006,FAC_05,MCH_26,52.12,4.687,91.4,4.69,89.7,0
IOT_00003007,FAC_02,MCH_32,80.36,1.493,37.5,4.79,105.3,1
IOT_00003008,FAC_03,MCH_79,90.11,5.721,86.9,6.42,85.8,0
IOT_00003009,FAC_02,MCH_14,51.75,4.81,66.2,5.75,62.9,0
IOT_00003010,FAC_03,MCH_16,68.93,0.427,148.7,3.7,107.1,0
IOT_00003011,FAC_01,MCH_45,62.77,2.719,139.2,7.79,91.7,0
IOT_00003012,FAC_03,MCH_39,84.79,4.67,128.3,3.03,65.7,0
IOT_00003013,FAC_02,MCH_22,39.6,1.476,49.6,7.14,97.2,0
IOT_00003014,FAC_02,MCH_46,48.61,0.497,51.4,3.19,79.3,0
IOT_00003015,FAC_03,MCH_27,89.1,4.618,75.1,6.55,104.0,0
IOT_00003016,FAC_04,MCH_82,36.24,4.238,77.0,7.74,79.3,0
IOT_00003017,FAC_01,MCH_28,43.21,2.812,110.7,4.11,68.6,0
IOT_00003018,FAC_02,MCH_42,76.5,3.843,62.1,5.06,92.4,1
IOT_00003019,FAC_03,MCH_93,80.42,2.247,67.0,6.77,77.9,0
IOT_00003020,FAC_03,MCH_68,46.33,3.547,119.7,6.0,94.4,0
IOT_00003021,FAC_01,MCH_92,59.12,3.27,83.1,7.71,87.9,0
IOT_00003022,FAC_03,MCH_62,73.06,5.115,116.7,3.24,66.9,0
IOT_00003023,FAC_01,MCH_79,47.22,4.028,14.3,3.43,108.4,0
IOT_00003024,FAC_03,MCH_52,45.32,1.62,107.9,2.74,93.2,1
IOT_00003025,FAC_01,MCH_39,45.14,1.578,47.2,4.71,68.2,0
IOT_00003026,FAC_02,MCH_19,64.47,4.386,81.5,7.76,98.8,0
IOT_00003027,FAC_04,MCH_56,44.38,2.046,114.3,5.5,71.6,0
IOT_00003028,FAC_04,MCH_44,81.71,6.401,89.6,6.93,87.3,0
IOT_00003029,FAC_02,MCH_75,92.04,2.635,92.9,3.88,93.6,0
IOT_00003030,FAC_03,MCH_57,35.59,2.271,123.0,7.7,84.9,0
IOT_00003031,FAC_05,MCH_18,90.15,2.188,67.8,3.27,65.9,1
IOT_00003032,FAC_01,MCH_72,69.74,4.544,68.8,3.9,56.0,0
IOT_00003033,FAC_04,MCH_97,59.06,4.302,126.0,3.18,70.8,0
IOT_00003034,FAC_03,MCH_83,82.77,3.79,121.5,3.56,108.4,0
IOT_00003035,FAC_02,MCH_71,84.3,5.551,133.1,7.49,99.0,0
IOT_00003036,FAC_03,MCH_97,74.32,1.471,41.8,7.44,74.2,0
IOT_00003037,FAC_02,MCH_70,82.9,5.277,49.8,3.39,101.5,0
IOT_00003038,FAC_01,MCH_58,50.37,5.645,73.3,4.93,82.9,0
IOT_00003039,FAC_01,MCH_37,47.21,3.912,79.8,5.98,107.5,0
IOT_00003040,FAC_05,MCH_83,83.7,1.644,63.6,4.53,108.0,0
IOT_00003041,FAC_04,MCH_50,84.58,0.859,90.8,2.84,85.9,0
IOT_00003042,FAC_03,MCH_63,53.0,4.324,21.1,6.84,66.4,0
IOT_00003043,FAC_01,MCH_44,68.75,5.173,108.5,4.01,59.7,0
IOT_00003044,FAC_02,MCH_47,80.62,1.012,61.8,4.1,105.1,0
IOT_00003045,FAC_03,MCH_34,56.32,3.276,68.9,5.98,61.6,0
IOT_00003046,FAC_03,MCH_26,83.96,2.77,113.0,4.55,65.3,0
IOT_00003047,FAC_02,MCH_63,46.37,1.488,13.8,3.37,105.6,0
IOT_00003048,FAC_01,MCH_53,52.49,5.645,26.0,6.16,91.7,0
IOT_00003049,FAC_05,MCH_85,92.56,6.022,115.8,5.88,96.9,0
IOT_00003050,FAC_03,MCH_33,48.38,3.026,15.5,7.94,79.7,0
IOT_00003051,FAC_02,MCH_63,79.41,4.834,28.3,5.98,89.6,0
IOT_00003052,FAC_01,MCH_96,41.63,2.501,53.9,7.62,104.3,0
IOT_00003053,FAC_03,MCH_60,80.26,1.311,55.4,3.26,95.7,0
IOT_00003054,FAC_02,MCH_30,77.11,2.066,35.3,3.35,64.7,0
IOT_00003055,FAC_01,MCH_79,80.45,1.856,53.5,6.46,92.6,0
IOT_00003056,FAC_04,MCH_37,38.44,2.579,57.1,6.06,106.8,0
IOT_00003057,FAC_02,MCH_51,72.22,5.065,62.1,4.3,88.0,1
IOT_00003058,FAC_01,MCH_72,41.51,2.002,50.9,4.34,75.9,0
IOT_00003059,FAC_04,MCH_41,75.54,6.085,40.3,6.29,88.9,0
IOT_00003060,FAC_02,MCH_57,60.84,6.493,80.8,4.26,70.3,0
IOT_00003061,FAC_02,MCH_12,37.71,4.445,137.7,3.9,104.1,0
IOT_00003062,FAC_04,MCH_60,35.6,5.216,132.0,5.28,57.9,0
IOT_00003063,FAC_02,MCH_32,76.89,3.048,55.2,7.87,76.7,0
IOT_00003064,FAC_05,MCH_86,55.13,6.168,41.4,6.51,99.3,0
IOT_00003065,FAC_01,MCH_40,77.5,3.935,32.4,7.58,73.6,0
IOT_00003066,FAC_01,MCH_64,59.69,3.876,87.4,3.49,103.9,0
IOT_00003067,FAC_03,MCH_17,81.91,5.686,137.7,7.05,68.6,0
IOT_00003068,FAC_02,MCH_26,73.92,5.778,23.0,6.13,95.4,0
IOT_00003069,FAC_02,MCH_27,55.67,4.38,65.2,6.74,99.2,0
IOT_00003070,FAC_01,MCH_65,73.42,4.884,51.0,3.69,91.1,1
IOT_00003071,FAC_05,MCH_34,92.35,0.994,19.7,4.79,100.8,1
IOT_00003072,FAC_05,MCH_50,45.51,5.182,58.4,6.93,95.0,0
IOT_00003073,FAC_03,MCH_89,37.16,2.002,139.3,4.18,70.2,0
IOT_00003074,FAC_01,MCH_68,76.07,3.284,29.1,7.71,73.6,0
IOT_00003075,FAC_01,MCH_80,49.59,6.039,108.2,5.54,66.1,0
IOT_00003076,FAC_05,MCH_29,41.15,4.029,25.2,7.07,90.7,0
IOT_00003077,FAC_01,MCH_32,46.94,0.135,125.5,3.39,72.8,0
IOT_00003078,FAC_05,MCH_38,82.99,3.199,65.4,3.5,93.2,0
IOT_00003079,FAC_01,MCH_94,48.94,3.921,65.7,5.01,90.7,0
IOT_00003080,FAC_04,MCH_79,66.86,5.111,22.2,6.39,81.8,0
IOT_00003081,FAC_01,MCH_12,54.14,4.148,96.1,3.34,78.8,0
IOT_00003082,FAC_01,MCH_40,66.07,2.253,35.1,2.75,76.3,0
IOT_00003083,FAC_04,MCH_11,69.86,1.612,103.9,3.35,88.2,1
IOT_00003084,FAC_03,MCH_76,81.84,4.361,131.1,2.6,74.1,1
IOT_00003085,FAC_04,MCH_50,55.26,4.704,40.3,7.32,99.9,0
IOT_00003086,FAC_01,MCH_73,93.55,3.565,75.4,4.79,58.3,0
IOT_00003087,FAC_01,MCH_53,94.02,5.076,68.3,6.98,61.7,0
IOT_00003088,FAC_03,MCH_48,83.34,2.901,126.8,7.89,91.4,0
IOT_00003089,FAC_03,MCH_73,85.06,2.262,100.8,5.01,94.5,0
IOT_00003090,FAC_01,MCH_70,57.71,0.438,55.3,5.81,80.1,0
IOT_00003091,FAC_01,MCH_90,56.92,3.163,88.8,2.91,63.7,0
IOT_00003092,FAC_03,MCH_48,81.51,2.597,90.6,5.0,71.2,0
IOT_00003093,FAC_01,MCH_54,41.1,3.487,62.0,6.87,82.2,0
IOT_00003094,FAC_01,MCH_85,37.79,4.647,72.5,4.73,76.5,0
IOT_00003095,FAC_05,MCH_63,77.95,2.677,134.2,7.74,68.8,0
IOT_00003096,FAC_03,MCH_60,49.39,4.815,146.2,6.19,107.1,0
IOT_00003097,FAC_03,MCH_61,92.88,4.816,147.1,5.76,88.7,0
IOT_00003098,FAC_02,MCH_77,42.17,1.715,146.6,7.98,92.8,1
IOT_00003099,FAC_01,MCH_95,52.29,4.816,131.9,2.65,107.7,1
IOT_00003100,FAC_01,MCH_54,63.2,5.199,125.3,4.18,56.5,0
IOT_00003101,FAC_03,MCH_98,67.33,5.338,48.3,7.76,108.9,0
IOT_00003102,FAC_03,MCH_77,35.35,5.499,127.6,7.08,97.2,0
IOT_00003103,FAC_05,MCH_86,87.29,5.076,144.9,6.72,107.0,0
IOT_00003104,FAC_04,MCH_41,42.76,1.931,73.6,4.3,102.6,0
IOT_00003105,FAC_05,MCH_90,61.18,2.054,85.5,4.97,95.1,0
IOT_00003106,FAC_05,MCH_53,65.41,4.095,45.2,2.65,94.8,0
IOT_00003107,FAC_03,MCH_63,88.38,1.124,70.3,7.03,76.5,0
IOT_00003108,FAC_03,MCH_77,74.37,1.477,107.9,4.25,108.5,0
IOT_00003109,FAC_01,MCH_99,56.54,2.16,27.1,3.39,103.7,0
IOT_00003110,FAC_01,MCH_26,81.77,1.757,110.2,6.4,75.9,0
IOT_00003111,FAC_05,MCH_80,84.86,1.835,137.1,5.55,101.2,1
IOT_00003112,FAC_04,MCH_25,70.09,0.409,16.9,6.43,71.3,0
IOT_00003113,FAC_02,MCH_22,85.41,4.842,72.0,5.61,68.4,0
IOT_00003114,FAC_03,MCH_73,65.39,5.045,45.5,2.99,108.5,0
IOT_00003115,FAC_01,MCH_44,77.09,2.863,147.1,3.13,81.7,0
IOT_00003116,FAC_02,MCH_77,89.57,1.667,85.9,4.45,69.2,0
IOT_00003117,FAC_05,MCH_13,74.6,4.976,98.6,7.79,84.7,0
IOT_00003118,FAC_01,MCH_94,83.87,3.613,60.8,6.8,77.2,0
IOT_00003119,FAC_03,MCH_43,58.35,4.738,23.2,6.74,87.2,0
IOT_00003120,FAC_05,MCH_52,80.41,1.584,129.1,3.75,69.6,1
IOT_00003121,FAC_03,MCH_53,54.64,4.856,115.1,4.41,75.8,0
IOT_00003122,FAC_05,MCH_63,67.11,0.823,32.2,5.14,63.5,0
IOT_00003123,FAC_02,MCH_96,92.37,1.053,94.3,7.4,56.4,1
IOT_00003124,FAC_01,MCH_60,83.19,5.692,44.5,3.13,93.5,0
IOT_00003125,FAC_03,MCH_52,90.7,0.508,80.5,3.43,75.0,0
IOT_00003126,FAC_05,MCH_29,60.92,2.599,143.9,5.5,88.6,0
IOT_00003127,FAC_02,MCH_97,75.06,6.289,42.5,6.44,65.9,0
IOT_00003128,FAC_05,MCH_91,66.49,2.001,123.9,4.05,89.9,0
IOT_00003129,FAC_04,MCH_47,60.33,4.05,90.4,5.89,99.9,0
IOT_00003130,FAC_04,MCH_95,44.81,1.022,109.6,5.36,69.3,0
IOT_00003131,FAC_05,MCH_92,36.19,5.902,26.6,7.31,82.8,0
IOT_00003132,FAC_05,MCH_46,78.51,4.617,42.8,3.76,57.6,0
IOT_00003133,FAC_05,MCH_85,59.54,1.577,116.2,2.68,106.7,0
IOT_00003134,FAC_05,MCH_63,88.66,1.512,75.2,4.53,57.2,0
IOT_00003135,FAC_05,MCH_54,83.0,3.779,85.3,3.54,63.1,0
IOT_00003136,FAC_03,MCH_51,83.4,2.202,29.8,2.68,91.5,0
IOT_00003137,FAC_02,MCH_26,72.01,3.555,73.5,7.0,98.3,0
IOT_00003138,FAC_01,MCH_53,51.7,2.318,128.0,7.51,80.9,0
IOT_00003139,FAC_01,MCH_94,48.18,0.83,86.9,4.45,79.0,1
IOT_00003140,FAC_04,MCH_31,72.77,3.178,70.7,5.96,94.9,0
IOT_00003141,FAC_05,MCH_44,68.48,5.627,120.5,4.91,97.6,0
IOT_00003142,FAC_03,MCH_63,80.49,2.045,111.2,7.0,85.9,0
IOT_00003143,FAC_04,MCH_84,40.54,2.517,87.3,7.65,85.7,0
IOT_00003144,FAC_01,MCH_18,78.7,5.946,66.5,5.92,72.5,0
IOT_00003145,FAC_01,MCH_49,50.81,4.745,90.1,2.55,99.4,0
IOT_00003146,FAC_04,MCH_30,38.79,1.827,106.8,7.24,107.4,0
IOT_00003147,FAC_03,MCH_18,37.79,0.929,120.8,6.28,94.3,0
IOT_00003148,FAC_02,MCH_70,74.74,1.648,14.9,2.76,65.7,0
IOT_00003149,FAC_01,MCH_88,82.71,1.1,116.6,5.14,59.9,0
IOT_00003150,FAC_02,MCH_64,82.19,5.879,25.3,5.56,86.6,0
IOT_00003151,FAC_04,MCH_81,93.43,3.097,51.4,7.03,83.4,0
IOT_00003152,FAC_02,MCH_10,74.86,2.469,65.1,5.75,61.7,0
IOT_00003153,FAC_01,MCH_71,87.01,2.674,24.7,5.15,72.6,0
IOT_00003154,FAC_01,MCH_65,56.61,0.263,23.6,5.51,61.9,0
IOT_00003155,FAC_03,MCH_73,44.76,6.257,122.1,5.82,108.9,0
IOT_00003156,FAC_04,MCH_10,82.86,2.32,45.9,2.92,98.2,0
IOT_00003157,FAC_01,MCH_35,53.29,1.942,113.3,6.89,61.9,0
IOT_00003158,FAC_04,MCH_37,48.79,5.897,56.3,3.83,90.4,0
IOT_00003159,FAC_04,MCH_29,74.7,3.079,61.4,3.54,70.3,0
IOT_00003160,FAC_01,MCH_41,92.4,1.058,104.8,2.78,81.7,0
IOT_00003161,FAC_03,MCH_13,49.37,4.557,104.0,6.46,55.2,0
IOT_00003162,FAC_01,MCH_93,42.12,0.166,38.5,4.38,70.0,1
IOT_00003163,FAC_04,MCH_92,66.83,4.64,113.1,7.68,56.6,0
IOT_00003164,FAC_01,MCH_87,79.55,1.893,131.3,4.27,79.4,0
IOT_00003165,FAC_03,MCH_49,49.85,6.026,125.0,7.09,74.3,0
IOT_00003166,FAC_04,MCH_23,65.5,3.628,62.8,6.23,73.2,0
IOT_00003167,FAC_03,MCH_87,90.73,0.104,102.4,4.06,73.0,0
IOT_00003168,FAC_01,MCH_95,47.75,3.157,68.0,6.14,58.1,0
IOT_00003169,FAC_02,MCH_69,35.76,1.021,46.8,7.22,56.2,0
IOT_00003170,FAC_05,MCH_55,39.12,4.867,126.6,4.38,108.2,1
IOT_00003171,FAC_05,MCH_65,47.6,0.415,26.7,7.29,92.0,0
IOT_00003172,FAC_01,MCH_44,50.6,1.421,14.0,6.38,106.5,0
IOT_00003173,FAC_04,MCH_28,36.24,2.665,48.9,6.85,94.0,0
IOT_00003174,FAC_05,MCH_93,55.79,4.397,70.6,7.09,81.1,0
IOT_00003175,FAC_03,MCH_94,66.64,4.252,63.5,3.3,63.5,0
IOT_00003176,FAC_03,MCH_68,70.82,2.249,48.8,4.84,75.3,0
IOT_00003177,FAC_05,MCH_94,39.61,1.66,82.3,5.54,77.4,0
IOT_00003178,FAC_03,MCH_52,73.48,4.065,35.7,6.44,88.0,0
IOT_00003179,FAC_01,MCH_10,89.23,1.26,77.3,2.77,75.5,0
IOT_00003180,FAC_03,MCH_59,58.71,2.93,59.1,4.38,76.5,0
IOT_00003181,FAC_05,MCH_82,66.12,4.549,13.7,4.8,88.0,0
IOT_00003182,FAC_04,MCH_72,89.44,2.417,17.1,5.9,70.1,0
IOT_00003183,FAC_01,MCH_20,60.52,0.323,72.8,6.93,88.1,0
IOT_00003184,FAC_02,MCH_21,59.45,6.424,135.6,6.48,107.2,0
IOT_00003185,FAC_05,MCH_96,63.66,1.524,130.9,6.34,94.7,0
IOT_00003186,FAC_03,MCH_52,73.19,1.569,64.7,7.8,98.5,0
IOT_00003187,FAC_02,MCH_48,66.92,3.522,58.4,3.58,74.8,0
IOT_00003188,FAC_05,MCH_61,69.98,4.786,131.3,6.4,102.4,0
IOT_00003189,FAC_02,MCH_97,92.47,4.547,129.0,6.01,75.1,0
IOT_00003190,FAC_03,MCH_96,77.32,5.94,20.4,6.51,55.9,0
IOT_00003191,FAC_02,MCH_62,59.0,2.477,36.5,6.13,99.8,0
IOT_00003192,FAC_04,MCH_98,59.95,5.712,123.0,6.94,77.9,1
IOT_00003193,FAC_05,MCH_67,72.59,6.148,40.0,2.85,86.5,0
IOT_00003194,FAC_02,MCH_19,52.28,2.465,18.7,3.51,62.4,0
IOT_00003195,FAC_05,MCH_75,55.19,4.075,65.6,3.01,79.0,0
IOT_00003196,FAC_02,MCH_93,71.63,2.873,124.6,7.62,80.0,0
IOT_00003197,FAC_02,MCH_10,84.51,2.429,145.8,3.68,108.6,0
IOT_00003198,FAC_02,MCH_60,71.76,1.707,28.1,7.41,105.8,0
IOT_00003199,FAC_02,MCH_20,45.15,5.093,129.9,3.57,77.9,0
IOT_00003200,FAC_05,MCH_19,71.42,4.21,66.1,5.71,96.8,0
IOT_00003201,FAC_01,MCH_48,60.27,2.715,71.8,7.17,66.2,0
IOT_00003202,FAC_01,MCH_84,66.32,5.13,102.4,5.43,86.5,0
IOT_00003203,FAC_05,MCH_77,55.7,3.708,94.7,3.07,81.2,0
IOT_00003204,FAC_05,MCH_90,35.67,6.208,121.9,2.78,78.2,0
IOT_00003205,FAC_03,MCH_95,61.41,1.362,63.0,7.32,59.0,0
IOT_00003206,FAC_05,MCH_99,91.03,1.215,33.3,3.82,107.7,0
IOT_00003207,FAC_01,MCH_58,53.86,4.223,16.7,4.6,96.5,0
IOT_00003208,FAC_05,MCH_24,92.04,2.817,76.3,7.35,108.3,0
IOT_00003209,FAC_03,MCH_13,37.17,5.675,20.3,3.23,106.2,1
IOT_00003210,FAC_05,MCH_65,46.04,2.294,54.2,7.16,55.1,0
IOT_00003211,FAC_04,MCH_39,42.52,0.425,92.0,2.77,69.9,0
IOT_00003212,FAC_04,MCH_32,79.33,4.455,72.3,5.79,97.5,0
IOT_00003213,FAC_01,MCH_80,61.06,0.558,99.3,5.6,74.1,0
IOT_00003214,FAC_02,MCH_92,36.82,5.118,80.6,2.77,86.0,0
IOT_00003215,FAC_04,MCH_93,88.02,4.165,113.3,7.07,59.1,0
IOT_00003216,FAC_01,MCH_20,82.25,3.085,21.5,6.75,90.8,0
IOT_00003217,FAC_04,MCH_95,71.32,5.304,16.5,6.53,79.2,0
IOT_00003218,FAC_04,MCH_94,70.04,0.207,139.2,6.93,74.3,0
IOT_00003219,FAC_05,MCH_76,64.01,1.289,92.4,6.66,75.9,0
IOT_00003220,FAC_02,MCH_35,40.24,1.703,104.3,4.81,63.8,0
IOT_00003221,FAC_02,MCH_69,62.34,3.796,113.0,7.05,88.0,0
IOT_00003222,FAC_05,MCH_35,41.68,5.875,97.8,4.18,96.5,0
IOT_00003223,FAC_05,MCH_49,66.81,4.554,112.2,7.12,107.3,0
IOT_00003224,FAC_02,MCH_34,87.79,2.894,111.6,3.71,98.8,0
IOT_00003225,FAC_04,MCH_16,82.32,3.788,80.0,2.59,101.0,0
IOT_00003226,FAC_03,MCH_39,47.69,0.429,67.6,7.64,86.2,0
IOT_00003227,FAC_03,MCH_63,39.13,2.832,72.8,7.46,102.7,0
IOT_00003228,FAC_01,MCH_18,78.47,5.63,80.9,3.99,71.8,0
IOT_00003229,FAC_02,MCH_90,48.94,1.835,97.4,6.38,85.6,0
IOT_00003230,FAC_02,MCH_50,51.2,2.892,140.1,3.24,94.8,0
IOT_00003231,FAC_04,MCH_58,38.18,1.121,145.6,6.24,66.3,0
IOT_00003232,FAC_02,MCH_31,36.43,0.145,70.1,7.68,91.2,0
IOT_00003233,FAC_04,MCH_10,49.75,1.693,101.7,3.52,71.8,0
IOT_00003234,FAC_04,MCH_15,94.27,5.642,127.4,7.78,66.9,0
IOT_00003235,FAC_03,MCH_38,43.73,4.452,45.9,5.41,95.7,0
IOT_00003236,FAC_03,MCH_84,38.6,0.232,67.7,3.74,70.5,0
IOT_00003237,FAC_03,MCH_13,85.82,4.285,123.3,4.61,59.9,0
IOT_00003238,FAC_04,MCH_37,56.93,2.668,65.6,5.29,55.5,0
IOT_00003239,FAC_03,MCH_16,45.25,5.09,109.5,7.94,59.7,0
IOT_00003240,FAC_02,MCH_56,60.37,3.057,63.7,6.08,90.0,1
IOT_00003241,FAC_05,MCH_47,64.65,0.51,98.7,7.26,57.2,0
IOT_00003242,FAC_05,MCH_68,75.46,1.937,18.5,4.9,92.2,0
IOT_00003243,FAC_02,MCH_62,70.63,1.055,24.8,7.05,90.4,0
IOT_00003244,FAC_04,MCH_20,91.72,0.635,86.2,5.8,63.8,0
IOT_00003245,FAC_05,MCH_13,93.86,5.628,103.7,3.48,70.4,0
IOT_00003246,FAC_03,MCH_47,71.32,4.248,43.6,7.84,93.1,0
IOT_00003247,FAC_02,MCH_62,46.52,4.441,141.5,4.32,108.7,0
IOT_00003248,FAC_01,MCH_12,81.41,1.128,40.6,3.81,58.6,0
IOT_00003249,FAC_04,MCH_12,64.26,0.203,108.1,3.12,95.9,0
IOT_00003250,FAC_01,MCH_77,82.11,3.235,131.1,6.18,77.3,0
IOT_00003251,FAC_04,MCH_85,69.99,5.13,123.6,5.8,69.3,0
IOT_00003252,FAC_01,MCH_15,79.41,4.494,98.8,5.11,95.3,0
IOT_00003253,FAC_02,MCH_47,66.73,1.5,118.9,6.23,61.3,0
IOT_00003254,FAC_03,MCH_44,88.97,5.093,79.9,7.15,57.6,0
IOT_00003255,FAC_01,MCH_20,66.13,4.08,114.2,6.56,73.7,0
IOT_00003256,FAC_05,MCH_13,50.28,3.519,24.2,7.46,71.6,0
IOT_00003257,FAC_02,MCH_14,79.42,6.226,68.3,4.41,106.0,0
IOT_00003258,FAC_03,MCH_40,91.94,0.794,76.8,3.26,55.4,0
IOT_00003259,FAC_01,MCH_99,55.46,3.63,48.0,4.71,66.4,0
IOT_00003260,FAC_05,MCH_59,53.86,6.444,25.2,7.14,100.2,0
IOT_00003261,FAC_03,MCH_93,90.76,1.111,16.8,4.07,104.3,0
IOT_00003262,FAC_03,MCH_27,56.28,2.099,141.7,2.58,62.8,1
IOT_00003263,FAC_03,MCH_75,61.57,1.925,22.3,6.11,101.4,0
IOT_00003264,FAC_01,MCH_14,50.58,1.816,35.8,4.18,55.7,0
IOT_00003265,FAC_01,MCH_48,57.5,2.68,149.6,3.23,66.1,1
IOT_00003266,FAC_02,MCH_79,81.14,0.678,20.4,4.61,98.2,0
IOT_00003267,FAC_05,MCH_88,52.48,4.096,147.6,6.15,59.5,0
IOT_00003268,FAC_05,MCH_76,39.5,3.444,123.5,4.88,97.6,0
IOT_00003269,FAC_04,MCH_31,68.81,5.429,116.6,5.34,83.3,0
IOT_00003270,FAC_01,MCH_56,57.09,4.552,127.7,2.77,80.3,0
IOT_00003271,FAC_02,MCH_37,54.66,2.615,85.2,5.95,79.2,0
IOT_00003272,FAC_05,MCH_80,72.97,2.293,100.5,4.44,109.0,0
IOT_00003273,FAC_04,MCH_76,72.02,3.222,50.8,4.81,97.2,0
IOT_00003274,FAC_03,MCH_35,86.96,3.401,112.8,6.37,102.8,0
IOT_00003275,FAC_01,MCH_26,69.71,5.801,48.7,4.77,98.9,0
IOT_00003276,FAC_04,MCH_16,35.89,0.21,63.6,4.65,95.9,0
IOT_00003277,FAC_04,MCH_25,57.41,5.279,50.0,3.67,73.0,0
IOT_00003278,FAC_02,MCH_17,81.96,0.215,140.0,5.56,68.9,0
IOT_00003279,FAC_02,MCH_90,63.31,4.429,65.6,6.03,78.9,0
IOT_00003280,FAC_05,MCH_47,89.99,1.647,57.3,3.68,61.1,0
IOT_00003281,FAC_01,MCH_80,86.33,0.452,134.3,3.14,77.2,0
IOT_00003282,FAC_02,MCH_72,55.93,1.762,17.3,4.66,101.0,0
IOT_00003283,FAC_02,MCH_11,93.47,6.185,144.3,4.71,93.1,0
IOT_00003284,FAC_01,MCH_40,85.1,0.402,52.0,7.68,87.3,0
IOT_00003285,FAC_02,MCH_34,82.99,3.559,122.9,6.21,106.4,0
IOT_00003286,FAC_01,MCH_23,67.14,6.023,137.9,4.08,98.4,0
IOT_00003287,FAC_01,MCH_86,75.38,1.772,132.9,7.18,81.0,0
IOT_00003288,FAC_05,MCH_85,48.11,4.029,90.5,7.01,69.4,0
IOT_00003289,FAC_05,MCH_93,93.9,5.294,65.8,4.7,67.4,0
IOT_00003290,FAC_03,MCH_70,47.08,2.906,128.5,3.48,80.9,0
IOT_00003291,FAC_04,MCH_28,73.01,6.159,140.0,6.92,89.1,0
IOT_00003292,FAC_05,MCH_21,87.42,5.556,76.7,3.1,73.4,1
IOT_00003293,FAC_03,MCH_90,63.26,2.995,58.7,5.19,74.7,0
IOT_00003294,FAC_01,MCH_63,40.39,6.241,115.0,7.19,66.7,0
IOT_00003295,FAC_04,MCH_72,60.3,3.525,107.4,3.49,85.2,0
IOT_00003296,FAC_05,MCH_44,93.07,2.655,82.1,2.94,88.1,0
IOT_00003297,FAC_02,MCH_75,41.6,3.504,94.9,7.16,73.7,1
IOT_00003298,FAC_01,MCH_76,51.84,0.708,91.3,4.66,59.6,0
IOT_00003299,FAC_05,MCH_24,80.43,5.794,143.4,3.44,78.7,0
IOT_00003300,FAC_03,MCH_99,35.24,5.411,40.7,7.49,95.0,0
IOT_00003301,FAC_04,MCH_76,85.01,1.308,34.1,5.3,108.4,0
IOT_00003302,FAC_02,MCH_68,45.53,6.368,101.2,5.25,96.3,0
IOT_00003303,FAC_03,MCH_81,36.73,4.697,92.4,6.84,63.4,0
IOT_00003304,FAC_03,MCH_32,57.23,1.643,76.8,3.88,77.1,0
IOT_00003305,FAC_04,MCH_40,59.15,2.737,33.7,3.53,68.4,0
IOT_00003306,FAC_01,MCH_22,78.83,5.865,53.5,3.58,84.1,0
IOT_00003307,FAC_03,MCH_35,57.44,1.51,32.8,5.92,80.7,0
IOT_00003308,FAC_05,MCH_82,44.77,6.181,83.4,3.09,85.5,0
IOT_00003309,FAC_01,MCH_17,87.46,1.105,143.0,7.04,61.0,0
IOT_00003310,FAC_02,MCH_39,57.72,0.788,42.6,7.34,78.3,0
IOT_00003311,FAC_02,MCH_17,65.92,1.187,120.2,4.71,86.3,0
IOT_00003312,FAC_01,MCH_16,52.25,3.37,145.3,5.48,107.9,1
IOT_00003313,FAC_05,MCH_90,82.47,3.786,121.1,7.25,87.4,0
IOT_00003314,FAC_04,MCH_12,70.07,3.899,23.5,7.33,103.1,0
IOT_00003315,FAC_01,MCH_11,48.57,2.185,25.4,6.98,70.2,0
IOT_00003316,FAC_05,MCH_71,50.6,0.149,59.5,5.4,67.3,0
IOT_00003317,FAC_03,MCH_90,94.72,2.918,46.9,6.31,86.2,0
IOT_00003318,FAC_01,MCH_93,39.46,3.966,135.8,7.43,109.1,0
IOT_00003319,FAC_04,MCH_76,50.35,5.301,46.3,2.71,90.9,0
IOT_00003320,FAC_05,MCH_65,36.35,1.44,52.8,4.82,69.7,1
IOT_00003321,FAC_04,MCH_68,38.34,0.976,114.1,3.05,61.6,0
IOT_00003322,FAC_05,MCH_41,60.73,5.831,89.6,6.71,75.4,0
IOT_00003323,FAC_04,MCH_99,47.92,4.884,96.1,6.09,105.6,0
IOT_00003324,FAC_03,MCH_91,90.57,0.189,62.0,6.84,90.3,0
IOT_00003325,FAC_02,MCH_97,60.16,4.904,55.5,2.67,87.6,0
IOT_00003326,FAC_04,MCH_70,81.72,4.488,130.1,4.56,107.0,0
IOT_00003327,FAC_03,MCH_17,62.09,2.872,108.3,3.26,77.3,0
IOT_00003328,FAC_03,MCH_52,62.69,4.184,63.1,7.95,88.1,0
IOT_00003329,FAC_04,MCH_41,69.43,6.418,54.4,3.77,60.0,0
IOT_00003330,FAC_02,MCH_90,78.02,3.508,53.9,2.71,87.1,0
IOT_00003331,FAC_01,MCH_33,50.03,2.36,47.7,4.59,69.2,1
IOT_00003332,FAC_05,MCH_62,82.22,2.441,33.1,7.32,61.2,0
IOT_00003333,FAC_01,MCH_10,76.77,5.342,18.4,4.19,101.1,0
IOT_00003334,FAC_04,MCH_70,75.12,2.06,44.2,5.62,95.3,0
IOT_00003335,FAC_04,MCH_26,73.58,4.002,122.7,7.61,98.4,0
IOT_00003336,FAC_04,MCH_79,92.19,3.72,22.3,4.72,84.0,0
IOT_00003337,FAC_05,MCH_27,64.94,2.103,107.3,3.73,89.8,0
IOT_00003338,FAC_01,MCH_10,37.12,3.428,62.1,3.73,67.0,0
IOT_00003339,FAC_03,MCH_13,83.68,6.202,31.6,5.05,63.0,0
IOT_00003340,FAC_04,MCH_86,36.54,1.005,75.8,6.66,92.5,0
IOT_00003341,FAC_04,MCH_81,85.48,5.689,44.3,7.02,104.1,0
IOT_00003342,FAC_01,MCH_37,92.34,5.053,123.1,7.29,79.1,0
IOT_00003343,FAC_05,MCH_72,65.25,4.106,145.8,7.27,72.2,0
IOT_00003344,FAC_03,MCH_49,86.68,6.091,110.5,4.45,63.3,0
IOT_00003345,FAC_01,MCH_82,62.54,3.46,84.4,6.44,92.4,0
IOT_00003346,FAC_01,MCH_41,81.37,3.33,108.8,3.46,98.1,0
IOT_00003347,FAC_03,MCH_83,56.04,1.732,38.1,5.72,100.7,0
IOT_00003348,FAC_03,MCH_98,47.57,2.898,57.8,3.45,87.9,0
IOT_00003349,FAC_03,MCH_95,87.5,5.757,129.8,6.66,65.4,0
IOT_00003350,FAC_05,MCH_87,37.55,3.491,99.5,4.54,87.2,0
IOT_00003351,FAC_05,MCH_38,85.73,6.035,130.7,3.49,98.8,1
IOT_00003352,FAC_05,MCH_50,70.4,3.825,62.7,4.88,63.5,0
IOT_00003353,FAC_01,MCH_97,39.72,0.694,87.1,5.6,74.4,1
IOT_00003354,FAC_03,MCH_21,48.87,1.749,87.3,4.12,61.8,0
IOT_00003355,FAC_02,MCH_62,87.34,3.005,97.5,7.46,95.1,0
IOT_00003356,FAC_01,MCH_39,60.46,2.932,67.2,4.2,59.3,0
IOT_00003357,FAC_01,MCH_84,49.77,0.234,73.9,3.45,63.3,0
IOT_00003358,FAC_04,MCH_26,60.23,4.796,25.8,4.26,59.0,0
IOT_00003359,FAC_04,MCH_60,80.12,0.649,67.0,3.8,99.7,0
IOT_00003360,FAC_03,MCH_41,89.66,1.205,41.2,7.36,100.9,1
IOT_00003361,FAC_01,MCH_76,62.91,2.589,80.2,5.69,85.2,0
IOT_00003362,FAC_04,MCH_89,78.07,0.33,32.0,7.74,108.7,0
IOT_00003363,FAC_01,MCH_14,35.5,3.469,132.6,3.0,84.9,0
IOT_00003364,FAC_04,MCH_75,80.59,3.18,34.5,6.09,101.6,0
IOT_00003365,FAC_01,MCH_29,46.27,3.616,16.4,7.66,77.1,0
IOT_00003366,FAC_01,MCH_77,56.86,5.808,117.1,4.84,87.4,0
IOT_00003367,FAC_03,MCH_40,67.32,4.183,103.9,6.2,105.1,0
IOT_00003368,FAC_04,MCH_89,74.52,4.135,34.9,7.51,108.6,0
IOT_00003369,FAC_02,MCH_10,92.84,3.374,32.8,4.89,63.8,0
IOT_00003370,FAC_04,MCH_48,41.28,2.118,75.0,6.26,107.8,0
IOT_00003371,FAC_04,MCH_69,44.42,1.501,51.0,2.89,102.3,0
IOT_00003372,FAC_01,MCH_17,35.04,1.406,148.2,5.02,81.5,0
IOT_00003373,FAC_01,MCH_31,63.98,6.223,126.5,3.68,105.2,0
IOT_00003374,FAC_04,MCH_35,90.5,5.615,63.2,2.55,85.8,0
IOT_00003375,FAC_03,MCH_80,44.54,2.116,35.1,7.96,82.7,0
IOT_00003376,FAC_05,MCH_10,36.72,2.036,19.5,7.45,64.0,0
IOT_00003377,FAC_05,MCH_47,39.42,6.155,73.3,5.74,97.5,0
IOT_00003378,FAC_01,MCH_72,84.59,4.721,12.4,7.67,106.2,0
IOT_00003379,FAC_02,MCH_35,87.2,1.926,69.8,7.18,58.7,0
IOT_00003380,FAC_03,MCH_39,48.33,5.209,91.5,6.83,66.5,0
IOT_00003381,FAC_05,MCH_23,52.37,1.654,13.4,5.42,65.4,0
IOT_00003382,FAC_03,MCH_39,51.38,0.23,137.9,4.83,77.0,0
IOT_00003383,FAC_02,MCH_49,91.67,3.242,110.7,6.05,58.1,0
IOT_00003384,FAC_03,MCH_70,49.43,5.091,123.5,6.83,107.4,0
IOT_00003385,FAC_02,MCH_68,58.7,0.246,21.4,5.63,80.8,0
IOT_00003386,FAC_04,MCH_73,77.58,0.162,100.6,4.31,65.9,0
IOT_00003387,FAC_01,MCH_46,74.25,0.427,134.6,7.35,89.6,0
IOT_00003388,FAC_04,MCH_99,39.38,0.413,45.3,7.04,82.2,0
IOT_00003389,FAC_02,MCH_23,58.8,2.211,83.1,5.05,89.2,0
IOT_00003390,FAC_03,MCH_97,40.72,2.265,91.5,7.13,93.1,1
IOT_00003391,FAC_04,MCH_40,63.66,3.292,62.9,5.41,61.3,0
IOT_00003392,FAC_01,MCH_90,40.19,4.905,128.1,4.59,98.0,1
IOT_00003393,FAC_02,MCH_57,55.64,1.73,77.9,6.23,80.5,0
IOT_00003394,FAC_03,MCH_10,79.36,5.91,57.0,4.24,108.7,0
IOT_00003395,FAC_04,MCH_95,59.04,5.892,37.7,7.97,103.5,0
IOT_00003396,FAC_04,MCH_88,62.46,3.361,39.7,4.22,84.7,0
IOT_00003397,FAC_05,MCH_63,48.76,6.11,116.8,2.99,94.5,0
IOT_00003398,FAC_01,MCH_89,72.27,1.25,96.8,7.57,66.3,0
IOT_00003399,FAC_04,MCH_46,74.5,1.375,19.0,7.44,88.6,0
IOT_00003400,FAC_01,MCH_12,60.36,6.264,146.9,7.36,104.2,0
IOT_00003401,FAC_03,MCH_53,77.45,3.54,131.3,6.58,98.2,0
IOT_00003402,FAC_04,MCH_41,54.44,0.158,141.1,4.87,73.5,0
IOT_00003403,FAC_02,MCH_46,80.03,4.093,50.5,4.04,99.1,0
IOT_00003404,FAC_04,MCH_77,43.81,4.549,21.5,7.22,70.1,0
IOT_00003405,FAC_01,MCH_68,35.76,0.48,66.1,4.68,62.5,0
IOT_00003406,FAC_04,MCH_53,46.61,0.849,97.5,3.68,100.8,0
IOT_00003407,FAC_01,MCH_76,74.53,5.971,127.3,3.13,107.5,0
IOT_00003408,FAC_01,MCH_10,64.76,4.944,48.6,3.23,85.4,0
IOT_00003409,FAC_03,MCH_39,68.7,4.178,126.6,4.9,105.9,0
IOT_00003410,FAC_01,MCH_90,49.09,1.444,123.0,4.11,108.0,0
IOT_00003411,FAC_01,MCH_14,65.75,3.589,104.8,4.43,58.3,0
IOT_00003412,FAC_03,MCH_92,76.12,2.931,126.1,5.74,108.3,0
IOT_00003413,FAC_01,MCH_58,61.25,4.744,144.3,2.89,87.7,0
IOT_00003414,FAC_04,MCH_64,77.87,4.725,111.5,3.02,105.6,0
IOT_00003415,FAC_04,MCH_86,56.72,1.445,87.5,2.66,65.4,1
IOT_00003416,FAC_05,MCH_88,53.14,0.428,81.3,3.8,106.6,0
IOT_00003417,FAC_01,MCH_66,45.6,3.839,87.8,7.72,87.7,0
IOT_00003418,FAC_05,MCH_13,92.86,4.481,95.7,3.86,90.4,0
IOT_00003419,FAC_03,MCH_29,71.35,0.127,85.6,6.89,58.8,0
IOT_00003420,FAC_05,MCH_25,63.24,0.778,138.3,7.35,71.0,0
IOT_00003421,FAC_02,MCH_32,59.94,3.12,39.4,4.74,83.7,0
IOT_00003422,FAC_05,MCH_46,89.14,1.224,72.6,4.83,99.0,0
IOT_00003423,FAC_01,MCH_93,52.31,1.872,47.9,6.49,77.8,0
IOT_00003424,FAC_01,MCH_78,45.42,4.241,26.4,7.11,95.3,0
IOT_00003425,FAC_02,MCH_17,51.99,3.591,64.2,6.16,68.4,0
IOT_00003426,FAC_04,MCH_43,81.4,5.766,47.5,7.47,86.7,0
IOT_00003427,FAC_05,MCH_23,56.39,1.029,123.1,6.86,59.2,0
IOT_00003428,FAC_03,MCH_66,74.19,5.809,136.5,4.76,77.4,0
IOT_00003429,FAC_01,MCH_22,74.97,3.372,29.4,4.5,71.8,1
IOT_00003430,FAC_04,MCH_32,79.26,4.815,132.6,5.29,106.0,0
IOT_00003431,FAC_02,MCH_98,46.55,3.545,80.8,7.75,83.6,0
IOT_00003432,FAC_03,MCH_38,57.01,5.411,58.6,6.99,72.2,1
IOT_00003433,FAC_05,MCH_97,94.2,6.049,95.4,3.52,103.3,0
IOT_00003434,FAC_04,MCH_25,38.68,0.678,16.2,3.27,81.1,0
IOT_00003435,FAC_05,MCH_68,48.66,4.866,109.6,2.71,70.7,0
IOT_00003436,FAC_02,MCH_70,73.54,6.463,118.5,7.8,58.1,0
IOT_00003437,FAC_03,MCH_25,91.34,1.614,121.6,5.79,87.3,0
IOT_00003438,FAC_02,MCH_16,91.55,2.225,51.5,6.5,67.9,0
IOT_00003439,FAC_02,MCH_65,85.71,5.205,91.7,4.94,88.6,0
IOT_00003440,FAC_03,MCH_38,37.07,4.622,45.7,4.61,76.6,0
IOT_00003441,FAC_04,MCH_16,46.25,1.416,109.2,7.94,84.5,0
IOT_00003442,FAC_02,MCH_93,60.34,4.75,55.1,3.05,55.6,0
IOT_00003443,FAC_04,MCH_38,53.83,4.584,146.2,4.01,62.2,0
IOT_00003444,FAC_01,MCH_87,54.64,0.777,125.2,3.24,89.5,0
IOT_00003445,FAC_04,MCH_68,59.47,3.375,28.0,3.95,58.1,0
IOT_00003446,FAC_05,MCH_59,88.65,0.102,61.4,7.88,92.6,1
IOT_00003447,FAC_04,MCH_96,54.73,1.034,145.5,7.1,57.6,0
IOT_00003448,FAC_04,MCH_49,72.6,1.97,60.8,3.2,85.8,0
IOT_00003449,FAC_01,MCH_18,77.53,1.777,92.5,3.26,104.5,0
IOT_00003450,FAC_02,MCH_10,84.36,4.217,32.5,4.53,100.7,0
IOT_00003451,FAC_02,MCH_36,49.08,4.42,40.5,3.24,102.6,0
IOT_00003452,FAC_04,MCH_27,71.25,1.292,14.6,5.87,78.2,0
IOT_00003453,FAC_02,MCH_10,48.29,0.281,141.5,4.29,99.6,0
IOT_00003454,FAC_05,MCH_94,66.31,0.602,28.7,4.87,99.1,1
IOT_00003455,FAC_02,MCH_26,85.42,4.168,87.8,4.4,106.3,0
IOT_00003456,FAC_05,MCH_17,50.79,4.474,43.6,6.71,109.2,0
IOT_00003457,FAC_03,MCH_25,75.92,1.316,16.8,5.61,100.0,0
IOT_00003458,FAC_01,MCH_93,53.11,2.389,31.1,4.28,108.1,0
IOT_00003459,FAC_02,MCH_98,74.24,2.398,148.4,5.27,67.6,0
IOT_00003460,FAC_05,MCH_39,92.09,0.852,54.2,6.55,103.4,1
IOT_00003461,FAC_01,MCH_34,45.26,2.689,131.7,7.06,88.3,0
IOT_00003462,FAC_05,MCH_53,81.16,5.231,14.5,6.17,57.1,1
IOT_00003463,FAC_03,MCH_90,35.7,3.2,13.8,3.68,63.3,0
IOT_00003464,FAC_05,MCH_77,90.07,0.735,118.0,5.54,71.6,0
IOT_00003465,FAC_04,MCH_59,35.45,3.754,24.8,2.77,63.0,1
IOT_00003466,FAC_04,MCH_69,83.98,0.208,32.4,7.65,77.1,0
IOT_00003467,FAC_03,MCH_19,69.86,2.254,138.0,5.64,56.5,1
IOT_00003468,FAC_05,MCH_82,43.99,4.669,105.6,7.8,66.0,0
IOT_00003469,FAC_03,MCH_90,36.37,2.84,23.2,7.2,67.7,0
IOT_00003470,FAC_05,MCH_95,90.17,5.881,115.5,5.61,108.8,0
IOT_00003471,FAC_05,MCH_32,44.85,0.141,34.2,6.61,78.3,0
IOT_00003472,FAC_04,MCH_24,60.75,3.666,85.7,4.39,92.0,0
IOT_00003473,FAC_03,MCH_23,59.83,2.38,92.4,3.42,81.0,0
IOT_00003474,FAC_03,MCH_65,47.44,3.211,29.8,4.43,105.0,0
IOT_00003475,FAC_02,MCH_23,49.01,3.509,100.0,2.51,81.5,0
IOT_00003476,FAC_02,MCH_61,74.17,3.94,63.7,4.87,92.6,0
IOT_00003477,FAC_04,MCH_17,85.39,5.412,71.3,3.85,105.1,0
IOT_00003478,FAC_03,MCH_49,57.58,0.667,97.6,3.45,73.3,0
IOT_00003479,FAC_03,MCH_28,94.35,2.153,93.6,7.5,94.1,0
IOT_00003480,FAC_05,MCH_77,40.23,4.332,80.7,3.81,66.1,0
IOT_00003481,FAC_05,MCH_31,37.7,0.194,54.8,3.43,86.6,0
IOT_00003482,FAC_04,MCH_79,68.31,5.885,20.6,7.71,96.5,0
IOT_00003483,FAC_02,MCH_80,86.53,4.792,31.7,5.31,95.0,0
IOT_00003484,FAC_03,MCH_74,94.69,3.218,84.1,6.83,80.8,0
IOT_00003485,FAC_02,MCH_29,66.68,3.916,69.8,5.27,68.1,0
IOT_00003486,FAC_03,MCH_12,62.27,3.017,130.7,6.22,95.0,0
IOT_00003487,FAC_05,MCH_80,50.57,0.548,122.2,7.26,102.0,0
IOT_00003488,FAC_05,MCH_19,73.75,5.084,41.0,5.48,101.4,0
IOT_00003489,FAC_04,MCH_81,38.92,4.889,54.1,7.56,105.9,0
IOT_00003490,FAC_05,MCH_33,80.11,0.47,83.1,3.5,76.1,0
IOT_00003491,FAC_02,MCH_27,37.54,0.219,98.3,7.14,80.6,0
IOT_00003492,FAC_02,MCH_91,85.0,0.791,24.2,4.11,64.5,0
IOT_00003493,FAC_03,MCH_19,76.79,3.017,98.6,6.79,73.5,0
IOT_00003494,FAC_03,MCH_50,72.18,1.621,48.5,3.56,70.1,0
IOT_00003495,FAC_02,MCH_10,87.78,2.313,105.2,7.28,89.5,0
IOT_00003496,FAC_01,MCH_42,67.43,2.732,116.6,3.37,60.5,0
IOT_00003497,FAC_03,MCH_72,83.08,4.958,123.7,4.68,68.0,0
IOT_00003498,FAC_02,MCH_42,51.91,5.273,90.2,4.86,74.0,0
IOT_00003499,FAC_02,MCH_22,93.69,1.901,86.5,7.31,101.5,0
IOT_00003500,FAC_02,MCH_71,91.63,2.658,149.0,6.12,66.8,0
IOT_00003501,FAC_05,MCH_77,93.57,5.818,47.9,7.36,66.6,0
IOT_00003502,FAC_03,MCH_44,41.4,3.504,124.5,5.33,105.1,0
IOT_00003503,FAC_04,MCH_62,60.05,4.401,56.1,5.49,88.7,0
IOT_00003504,FAC_01,MCH_30,78.24,5.169,81.8,7.64,89.5,0
IOT_00003505,FAC_05,MCH_64,36.91,0.624,145.7,4.71,91.3,0
IOT_00003506,FAC_05,MCH_21,41.98,2.063,133.3,2.68,99.8,0
IOT_00003507,FAC_02,MCH_31,90.26,0.66,14.8,3.71,74.8,0
IOT_00003508,FAC_05,MCH_75,85.92,1.29,115.5,5.5,75.5,0
IOT_00003509,FAC_01,MCH_38,69.67,5.268,92.6,4.19,103.2,0
IOT_00003510,FAC_02,MCH_55,75.77,5.434,104.0,3.26,76.7,0
IOT_00003511,FAC_01,MCH_72,80.95,5.609,46.7,6.98,68.0,0
IOT_00003512,FAC_01,MCH_35,80.27,5.563,99.0,3.54,92.7,0
IOT_00003513,FAC_01,MCH_58,67.1,5.852,73.2,3.64,104.5,0
IOT_00003514,FAC_02,MCH_68,80.11,5.135,56.0,2.93,84.6,0
IOT_00003515,FAC_05,MCH_77,80.24,3.1,36.7,5.45,81.4,0
IOT_00003516,FAC_04,MCH_11,36.19,4.596,94.2,6.1,63.3,0
IOT_00003517,FAC_05,MCH_60,80.14,0.948,40.4,4.73,66.2,0
IOT_00003518,FAC_02,MCH_67,69.39,6.225,121.7,3.4,86.3,0
IOT_00003519,FAC_02,MCH_44,56.53,5.253,47.5,7.48,108.1,0
IOT_00003520,FAC_04,MCH_55,71.51,3.786,53.9,4.83,61.7,0
IOT_00003521,FAC_01,MCH_57,48.56,2.922,118.9,3.01,58.5,0
IOT_00003522,FAC_04,MCH_37,60.72,3.987,40.6,3.01,59.7,0
IOT_00003523,FAC_05,MCH_67,50.0,2.744,45.4,5.34,107.6,0
IOT_00003524,FAC_03,MCH_67,91.47,1.21,37.4,3.46,78.6,0
IOT_00003525,FAC_01,MCH_39,64.38,5.217,49.6,4.92,73.0,1
IOT_00003526,FAC_04,MCH_52,93.34,0.798,145.8,5.57,98.0,0
IOT_00003527,FAC_02,MCH_17,47.22,0.273,89.7,5.67,75.4,0
IOT_00003528,FAC_01,MCH_80,91.75,4.282,140.3,4.46,81.2,0
IOT_00003529,FAC_02,MCH_73,93.75,1.689,36.5,4.82,86.4,0
IOT_00003530,FAC_01,MCH_40,62.64,3.544,23.4,7.37,76.8,0
IOT_00003531,FAC_01,MCH_30,77.56,4.432,19.7,2.79,97.2,0
IOT_00003532,FAC_04,MCH_80,94.74,0.385,14.2,5.91,76.8,0
IOT_00003533,FAC_04,MCH_54,39.46,0.487,24.7,5.52,96.3,0
IOT_00003534,FAC_05,MCH_46,71.44,1.251,88.8,5.6,83.0,0
IOT_00003535,FAC_01,MCH_36,46.91,4.863,12.8,7.75,99.5,1
IOT_00003536,FAC_05,MCH_36,37.61,5.132,134.9,3.25,57.0,0
IOT_00003537,FAC_04,MCH_91,40.86,4.851,145.7,7.65,68.0,0
IOT_00003538,FAC_03,MCH_38,46.15,5.932,40.9,5.44,80.2,0
IOT_00003539,FAC_01,MCH_93,64.18,5.306,30.5,5.85,68.1,0
IOT_00003540,FAC_01,MCH_90,43.11,1.293,78.8,4.87,88.9,0
IOT_00003541,FAC_01,MCH_79,36.25,2.327,113.0,7.29,65.0,1
IOT_00003542,FAC_04,MCH_61,68.09,5.213,135.8,6.1,59.7,0
IOT_00003543,FAC_03,MCH_29,72.75,1.412,34.9,5.36,73.3,0
IOT_00003544,FAC_05,MCH_63,73.18,5.978,33.9,3.54,104.3,0
IOT_00003545,FAC_05,MCH_50,69.44,2.977,142.9,4.79,105.6,0
IOT_00003546,FAC_02,MCH_98,89.8,1.85,62.3,2.88,72.5,0
IOT_00003547,FAC_04,MCH_42,44.13,6.419,24.8,5.06,91.0,0
IOT_00003548,FAC_03,MCH_38,48.83,2.319,116.8,3.3,93.0,0
IOT_00003549,FAC_01,MCH_24,51.63,4.403,13.4,5.88,78.9,0
IOT_00003550,FAC_03,MCH_46,66.67,2.797,12.7,5.44,82.1,0
IOT_00003551,FAC_02,MCH_41,73.93,6.364,98.3,3.05,66.0,0
IOT_00003552,FAC_03,MCH_98,40.04,5.697,33.5,7.06,81.2,0
IOT_00003553,FAC_05,MCH_80,90.6,2.0,128.0,7.95,96.5,0
IOT_00003554,FAC_02,MCH_92,37.84,3.375,95.5,4.48,105.8,0
IOT_00003555,FAC_04,MCH_43,70.57,1.679,67.7,4.08,84.1,0
IOT_00003556,FAC_04,MCH_11,39.12,4.353,79.6,3.67,105.8,0
IOT_00003557,FAC_02,MCH_20,58.96,5.478,56.7,4.77,60.2,0
IOT_00003558,FAC_02,MCH_75,42.57,2.888,30.5,6.9,99.7,0
IOT_00003559,FAC_01,MCH_39,51.55,4.309,67.9,6.5,79.4,0
IOT_00003560,FAC_02,MCH_66,82.25,0.143,146.4,4.46,89.5,1
IOT_00003561,FAC_03,MCH_26,52.63,4.514,138.7,4.7,59.5,0
IOT_00003562,FAC_01,MCH_19,60.76,3.734,44.3,4.86,63.4,0
IOT_00003563,FAC_05,MCH_14,77.99,4.218,87.2,5.05,56.9,0
IOT_00003564,FAC_01,MCH_39,75.51,5.994,134.6,3.3,60.9,0
IOT_00003565,FAC_01,MCH_60,88.02,4.368,115.0,6.73,67.7,0
IOT_00003566,FAC_04,MCH_23,77.19,0.412,128.5,6.94,73.1,0
IOT_00003567,FAC_02,MCH_20,40.28,2.073,110.7,7.34,106.4,0
IOT_00003568,FAC_02,MCH_92,44.04,3.117,135.5,7.15,74.7,0
IOT_00003569,FAC_03,MCH_21,52.43,3.594,36.0,6.64,102.9,0
IOT_00003570,FAC_01,MCH_33,55.25,4.043,50.6,3.79,55.9,0
IOT_00003571,FAC_03,MCH_26,70.28,1.705,122.0,2.83,61.3,0
IOT_00003572,FAC_04,MCH_76,70.4,4.775,99.5,3.69,61.9,0
IOT_00003573,FAC_01,MCH_49,57.12,0.431,50.5,3.45,104.0,0
IOT_00003574,FAC_05,MCH_36,89.58,3.311,82.6,7.84,103.4,0
IOT_00003575,FAC_05,MCH_20,80.85,5.442,43.0,2.72,103.8,0
IOT_00003576,FAC_01,MCH_51,54.78,3.131,30.8,5.86,103.8,0
IOT_00003577,FAC_01,MCH_80,41.5,6.161,72.1,2.88,82.8,0
IOT_00003578,FAC_04,MCH_79,44.5,5.85,60.3,4.39,100.9,0
IOT_00003579,FAC_04,MCH_21,78.93,5.19,145.7,3.82,80.3,0
IOT_00003580,FAC_03,MCH_10,84.42,2.908,102.8,5.89,86.7,0
IOT_00003581,FAC_02,MCH_76,65.5,3.626,112.6,5.49,74.6,0
IOT_00003582,FAC_04,MCH_83,74.61,5.02,149.6,6.69,82.8,0
IOT_00003583,FAC_01,MCH_34,43.07,1.303,143.8,6.78,96.0,0
IOT_00003584,FAC_01,MCH_13,52.7,3.727,136.5,2.5,99.9,0
IOT_00003585,FAC_05,MCH_74,72.35,3.023,118.6,7.73,85.3,1
IOT_00003586,FAC_04,MCH_43,40.7,4.202,91.7,5.71,85.0,0
IOT_00003587,FAC_01,MCH_39,47.78,5.34,124.5,3.24,88.3,0
IOT_00003588,FAC_05,MCH_61,72.89,3.753,119.8,5.48,101.5,0
IOT_00003589,FAC_03,MCH_46,93.66,3.005,42.1,4.79,96.0,0
IOT_00003590,FAC_05,MCH_60,61.37,5.566,66.3,4.19,61.9,0
IOT_00003591,FAC_04,MCH_39,72.99,4.331,93.4,6.27,82.3,0
IOT_00003592,FAC_05,MCH_32,35.13,1.045,60.4,5.19,85.7,0
IOT_00003593,FAC_02,MCH_90,65.63,5.112,127.2,2.84,72.9,0
IOT_00003594,FAC_04,MCH_61,93.28,2.122,34.7,2.68,64.5,0
IOT_00003595,FAC_05,MCH_33,58.38,1.308,123.7,7.9,91.9,0
IOT_00003596,FAC_05,MCH_71,67.62,4.401,128.0,2.91,102.9,0
IOT_00003597,FAC_01,MCH_88,48.06,3.571,49.5,5.64,109.3,0
IOT_00003598,FAC_05,MCH_17,81.45,6.42,110.7,7.9,66.7,0
IOT_00003599,FAC_03,MCH_22,74.39,0.209,123.0,7.7,84.3,0
IOT_00003600,FAC_05,MCH_71,49.86,6.216,99.4,4.7,68.0,0
IOT_00003601,FAC_04,MCH_57,47.58,5.281,89.9,2.53,96.9,0
IOT_00003602,FAC_01,MCH_76,49.07,5.891,17.9,7.84,73.4,0
IOT_00003603,FAC_01,MCH_85,40.14,4.44,132.1,7.06,75.3,0
IOT_00003604,FAC_04,MCH_73,86.63,6.065,39.1,2.75,83.5,0
IOT_00003605,FAC_03,MCH_96,85.15,2.944,49.2,3.52,100.9,0
IOT_00003606,FAC_03,MCH_31,76.93,0.968,97.8,2.54,92.1,0
IOT_00003607,FAC_04,MCH_89,70.02,1.38,133.7,6.77,91.2,0
IOT_00003608,FAC_03,MCH_47,76.1,4.243,95.2,7.95,92.3,1
IOT_00003609,FAC_04,MCH_27,47.04,5.666,110.5,6.56,60.3,0
IOT_00003610,FAC_01,MCH_78,56.03,0.362,13.1,7.8,85.7,0
IOT_00003611,FAC_05,MCH_83,35.03,6.215,119.6,4.74,68.0,0
IOT_00003612,FAC_04,MCH_53,88.41,1.529,87.1,5.82,83.9,0
IOT_00003613,FAC_03,MCH_71,37.4,0.206,120.7,4.22,59.3,0
IOT_00003614,FAC_04,MCH_96,93.36,1.953,33.4,4.22,82.7,0
IOT_00003615,FAC_02,MCH_39,47.05,2.946,56.8,6.38,102.2,0
IOT_00003616,FAC_01,MCH_91,78.51,4.286,125.6,7.16,85.1,0
IOT_00003617,FAC_03,MCH_32,38.59,5.707,35.9,3.4,89.6,1
IOT_00003618,FAC_04,MCH_42,76.31,2.046,16.7,5.99,77.5,0
IOT_00003619,FAC_05,MCH_35,43.4,4.736,126.3,3.55,73.4,0
IOT_00003620,FAC_01,MCH_34,45.71,4.843,76.6,5.66,98.2,0
IOT_00003621,FAC_03,MCH_79,39.83,2.719,82.5,7.62,93.9,0
IOT_00003622,FAC_05,MCH_79,66.46,4.774,149.1,7.03,82.6,0
IOT_00003623,FAC_04,MCH_23,71.75,5.815,79.9,3.1,106.1,1
IOT_00003624,FAC_02,MCH_82,52.19,3.881,26.2,2.71,65.6,0
IOT_00003625,FAC_01,MCH_47,59.51,0.912,99.8,6.77,109.9,0
IOT_00003626,FAC_01,MCH_23,54.36,1.719,24.6,5.88,87.1,1
IOT_00003627,FAC_04,MCH_62,66.67,2.442,71.1,7.69,56.6,0
IOT_00003628,FAC_03,MCH_12,94.39,0.565,142.3,4.17,69.6,0
IOT_00003629,FAC_01,MCH_41,82.68,4.445,75.5,6.66,68.8,0
IOT_00003630,FAC_05,MCH_54,41.02,3.15,44.7,4.66,104.5,0
IOT_00003631,FAC_01,MCH_99,68.03,4.927,125.4,3.04,71.1,0
IOT_00003632,FAC_01,MCH_37,52.23,3.202,22.7,5.17,77.9,0
IOT_00003633,FAC_05,MCH_62,39.55,4.687,108.0,3.34,56.4,0
IOT_00003634,FAC_05,MCH_64,64.4,3.194,14.8,4.62,67.0,0
IOT_00003635,FAC_02,MCH_43,71.8,4.362,103.0,6.27,92.0,1
IOT_00003636,FAC_02,MCH_29,81.85,5.702,126.7,5.49,66.6,1
IOT_00003637,FAC_03,MCH_10,45.43,2.517,59.7,4.48,76.3,0
IOT_00003638,FAC_01,MCH_19,92.21,1.352,100.8,5.28,79.3,0
IOT_00003639,FAC_01,MCH_33,43.49,3.345,136.3,7.14,84.0,0
IOT_00003640,FAC_04,MCH_90,79.62,1.097,98.9,5.06,75.3,0
IOT_00003641,FAC_03,MCH_53,50.48,4.468,51.9,6.91,103.7,0
IOT_00003642,FAC_05,MCH_20,57.16,4.455,61.5,3.8,104.4,0
IOT_00003643,FAC_02,MCH_69,81.84,2.591,141.9,6.52,100.6,1
IOT_00003644,FAC_01,MCH_77,73.24,4.713,57.4,5.57,81.9,0
IOT_00003645,FAC_03,MCH_63,94.87,0.164,23.2,5.14,75.9,0
IOT_00003646,FAC_05,MCH_80,42.39,3.496,91.7,7.06,82.4,0
IOT_00003647,FAC_03,MCH_93,86.05,5.873,120.7,4.92,72.6,0
IOT_00003648,FAC_05,MCH_32,50.84,1.203,135.3,5.42,94.6,0
IOT_00003649,FAC_01,MCH_55,91.03,6.38,17.4,3.43,89.4,0
IOT_00003650,FAC_05,MCH_46,83.53,3.98,76.6,3.66,67.4,0
IOT_00003651,FAC_05,MCH_25,38.84,3.991,18.9,5.01,97.2,0
IOT_00003652,FAC_05,MCH_43,48.02,3.872,77.1,6.4,105.8,0
IOT_00003653,FAC_01,MCH_93,41.12,6.144,122.6,4.12,76.3,0
IOT_00003654,FAC_05,MCH_60,75.52,0.166,59.5,6.85,81.6,0
IOT_00003655,FAC_04,MCH_30,91.89,3.252,83.4,7.36,63.8,0
IOT_00003656,FAC_02,MCH_43,76.81,5.81,85.6,5.03,97.4,0
IOT_00003657,FAC_04,MCH_16,60.65,3.862,98.5,5.55,103.4,0
IOT_00003658,FAC_02,MCH_34,73.38,3.125,85.5,5.24,99.6,0
IOT_00003659,FAC_01,MCH_44,51.83,1.72,114.0,6.58,89.8,0
IOT_00003660,FAC_04,MCH_51,56.68,4.882,77.2,3.32,81.9,0
IOT_00003661,FAC_03,MCH_75,53.95,1.885,120.4,3.62,56.5,0
IOT_00003662,FAC_03,MCH_44,59.34,5.201,38.4,4.54,74.4,0
IOT_00003663,FAC_03,MCH_45,53.8,5.289,24.5,4.54,83.4,0
IOT_00003664,FAC_04,MCH_80,43.85,1.981,141.5,4.56,78.0,1
IOT_00003665,FAC_04,MCH_19,35.31,6.25,147.4,7.22,82.8,0
IOT_00003666,FAC_01,MCH_38,43.94,3.057,30.5,7.77,98.8,0
IOT_00003667,FAC_04,MCH_83,74.77,5.932,129.9,4.85,62.9,0
IOT_00003668,FAC_01,MCH_52,66.47,3.58,103.1,3.95,78.1,0
IOT_00003669,FAC_05,MCH_27,67.27,1.601,52.7,3.88,104.8,0
IOT_00003670,FAC_03,MCH_95,92.84,5.092,138.1,4.56,78.9,1
IOT_00003671,FAC_04,MCH_23,50.92,3.101,57.4,3.16,61.4,0
IOT_00003672,FAC_01,MCH_55,84.79,3.494,86.4,7.44,59.8,0
IOT_00003673,FAC_01,MCH_79,91.63,6.284,40.2,3.86,106.1,0
IOT_00003674,FAC_04,MCH_82,77.53,2.293,21.7,7.32,83.5,0
IOT_00003675,FAC_02,MCH_76,78.47,5.638,61.6,5.54,96.7,0
IOT_00003676,FAC_03,MCH_27,59.16,1.231,100.2,2.99,85.5,0
IOT_00003677,FAC_05,MCH_87,57.31,3.191,100.5,2.77,58.1,0
IOT_00003678,FAC_02,MCH_85,60.32,5.302,121.2,3.73,84.0,0
IOT_00003679,FAC_02,MCH_73,72.71,5.5,90.4,6.05,106.9,0
IOT_00003680,FAC_03,MCH_62,55.14,3.166,127.5,7.01,65.2,0
IOT_00003681,FAC_03,MCH_57,63.58,5.259,42.2,7.61,89.5,0
IOT_00003682,FAC_01,MCH_60,69.2,3.669,139.2,5.89,81.8,0
IOT_00003683,FAC_01,MCH_93,84.05,4.573,69.9,5.37,57.8,0
IOT_00003684,FAC_02,MCH_45,40.06,1.578,120.4,5.85,86.8,0
IOT_00003685,FAC_05,MCH_60,65.59,2.185,137.9,6.01,87.2,0
IOT_00003686,FAC_02,MCH_33,69.72,5.03,85.1,4.25,83.9,0
IOT_00003687,FAC_02,MCH_76,87.65,4.127,87.7,6.69,84.0,0
IOT_00003688,FAC_01,MCH_58,41.02,1.327,147.6,4.71,98.3,0
IOT_00003689,FAC_05,MCH_71,71.51,0.415,14.3,3.5,72.0,0
IOT_00003690,FAC_01,MCH_50,61.75,4.413,116.0,4.75,80.6,0
IOT_00003691,FAC_05,MCH_76,38.27,4.104,110.2,2.84,97.6,0
IOT_00003692,FAC_03,MCH_42,35.66,3.535,51.3,3.44,106.4,0
IOT_00003693,FAC_05,MCH_69,79.99,5.575,130.0,5.83,105.5,0
IOT_00003694,FAC_02,MCH_93,57.3,2.418,43.2,7.22,67.1,0
IOT_00003695,FAC_05,MCH_51,46.6,6.462,30.8,2.93,59.8,0
IOT_00003696,FAC_03,MCH_96,69.65,1.236,58.7,3.95,63.3,0
IOT_00003697,FAC_03,MCH_52,67.2,5.163,121.2,4.84,94.3,0
IOT_00003698,FAC_05,MCH_80,61.97,4.247,118.0,7.5,64.6,0
IOT_00003699,FAC_02,MCH_46,65.32,0.916,110.1,4.32,93.3,0
IOT_00003700,FAC_03,MCH_72,71.43,3.975,18.9,3.78,81.2,0
IOT_00003701,FAC_01,MCH_18,55.96,1.114,140.4,4.6,66.2,0
IOT_00003702,FAC_02,MCH_63,76.24,3.205,32.1,5.16,93.6,0
IOT_00003703,FAC_01,MCH_57,72.52,2.265,26.5,6.22,105.2,0
IOT_00003704,FAC_03,MCH_29,88.32,2.903,139.7,2.54,96.6,1
IOT_00003705,FAC_05,MCH_26,90.57,3.046,16.3,6.73,104.7,0
IOT_00003706,FAC_01,MCH_29,35.64,6.0,65.1,4.65,82.8,0
IOT_00003707,FAC_01,MCH_97,94.74,1.213,25.5,7.88,70.4,0
IOT_00003708,FAC_02,MCH_69,93.37,6.235,48.1,4.18,94.4,0
IOT_00003709,FAC_02,MCH_74,69.18,1.162,75.0,6.96,91.3,0
IOT_00003710,FAC_05,MCH_90,79.28,0.16,56.3,4.08,104.4,0
IOT_00003711,FAC_05,MCH_37,68.63,3.304,30.2,4.5,82.4,0
IOT_00003712,FAC_03,MCH_29,67.46,5.456,59.5,7.26,92.3,0
IOT_00003713,FAC_02,MCH_49,81.34,1.649,81.7,4.17,85.0,0
IOT_00003714,FAC_03,MCH_55,55.83,3.244,118.8,2.55,91.7,0
IOT_00003715,FAC_03,MCH_53,66.68,0.509,19.2,5.47,94.4,0
IOT_00003716,FAC_01,MCH_53,73.01,4.829,44.7,6.96,107.4,0
IOT_00003717,FAC_04,MCH_52,48.0,0.699,145.4,3.59,108.0,0
IOT_00003718,FAC_01,MCH_84,59.06,5.55,104.5,4.96,91.7,1
IOT_00003719,FAC_02,MCH_18,51.83,4.097,23.3,6.87,90.2,0
IOT_00003720,FAC_05,MCH_36,90.85,3.204,110.5,2.58,101.1,0
IOT_00003721,FAC_05,MCH_13,74.27,5.501,81.1,3.29,65.5,0
IOT_00003722,FAC_01,MCH_76,50.96,5.113,105.4,4.58,73.2,0
IOT_00003723,FAC_01,MCH_79,43.75,2.557,41.6,3.1,76.8,0
IOT_00003724,FAC_01,MCH_94,41.79,3.327,75.6,2.77,65.7,0
IOT_00003725,FAC_04,MCH_36,84.62,1.131,36.8,4.57,76.5,0
IOT_00003726,FAC_01,MCH_94,94.79,4.151,55.6,7.83,105.9,0
IOT_00003727,FAC_02,MCH_54,87.32,5.549,15.9,5.84,66.1,0
IOT_00003728,FAC_03,MCH_65,65.81,5.769,66.8,6.94,92.7,1
IOT_00003729,FAC_04,MCH_38,77.79,1.14,53.1,3.63,59.8,0
IOT_00003730,FAC_01,MCH_40,68.31,4.505,19.3,6.47,100.8,0
IOT_00003731,FAC_04,MCH_65,82.57,2.266,83.9,3.84,75.2,0
IOT_00003732,FAC_05,MCH_91,53.07,1.819,70.0,6.35,94.3,0
IOT_00003733,FAC_03,MCH_68,61.42,5.566,125.9,7.64,71.3,0
IOT_00003734,FAC_05,MCH_71,47.37,4.838,55.0,6.97,68.7,0
IOT_00003735,FAC_03,MCH_96,42.15,5.862,113.8,6.85,99.9,0
IOT_00003736,FAC_05,MCH_85,63.31,0.196,126.8,4.04,74.8,0
IOT_00003737,FAC_04,MCH_12,41.18,3.126,113.8,4.45,84.1,0
IOT_00003738,FAC_03,MCH_14,84.78,6.287,120.5,6.63,70.0,0
IOT_00003739,FAC_04,MCH_36,68.2,2.767,38.0,2.82,60.5,0
IOT_00003740,FAC_01,MCH_54,84.79,1.043,14.5,7.13,60.0,0
IOT_00003741,FAC_05,MCH_74,70.84,5.135,67.5,6.19,85.8,0
IOT_00003742,FAC_01,MCH_75,75.93,5.611,139.0,5.42,97.5,0
IOT_00003743,FAC_01,MCH_53,35.43,3.651,99.6,7.92,91.6,0
IOT_00003744,FAC_04,MCH_75,77.02,5.975,58.7,4.85,56.7,0
IOT_00003745,FAC_05,MCH_20,92.02,4.344,114.9,3.69,89.3,0
IOT_00003746,FAC_03,MCH_71,86.6,0.449,147.6,3.84,91.0,0
IOT_00003747,FAC_04,MCH_26,63.25,2.893,114.8,4.86,74.3,0
IOT_00003748,FAC_01,MCH_50,80.75,4.653,16.4,5.79,84.7,1
IOT_00003749,FAC_03,MCH_39,39.85,1.008,134.4,6.26,96.5,1
IOT_00003750,FAC_03,MCH_72,68.98,1.385,50.7,5.59,74.0,0
IOT_00003751,FAC_01,MCH_71,70.32,5.251,140.1,3.81,71.1,0
IOT_00003752,FAC_03,MCH_70,42.01,0.666,121.1,7.6,108.6,0
IOT_00003753,FAC_03,MCH_20,81.16,4.733,95.2,2.63,60.8,0
IOT_00003754,FAC_03,MCH_62,55.84,0.708,19.5,7.77,63.2,0
IOT_00003755,FAC_01,MCH_71,43.13,5.113,84.0,4.39,91.8,0
IOT_00003756,FAC_01,MCH_64,47.84,0.694,40.3,2.98,60.7,0
IOT_00003757,FAC_01,MCH_93,87.23,2.487,111.0,6.38,108.4,0
IOT_00003758,FAC_01,MCH_51,40.86,4.153,58.7,7.94,56.1,0
IOT_00003759,FAC_02,MCH_22,45.99,1.518,54.6,3.5,59.0,0
IOT_00003760,FAC_02,MCH_32,54.82,1.607,55.7,2.88,90.1,0
IOT_00003761,FAC_04,MCH_60,40.09,1.257,87.7,7.07,66.6,0
IOT_00003762,FAC_01,MCH_55,73.81,4.257,146.8,4.45,108.7,0
IOT_00003763,FAC_05,MCH_65,93.62,0.552,140.3,7.32,89.7,1
IOT_00003764,FAC_04,MCH_25,42.55,4.511,125.6,4.12,59.0,0
IOT_00003765,FAC_03,MCH_99,41.39,4.364,93.6,6.11,96.0,0
IOT_00003766,FAC_05,MCH_80,55.72,2.42,48.1,4.6,107.9,0
IOT_00003767,FAC_04,MCH_40,64.64,1.301,43.6,3.53,63.5,0
IOT_00003768,FAC_03,MCH_97,91.62,5.171,84.9,5.86,100.0,0
IOT_00003769,FAC_03,MCH_50,94.88,4.804,119.0,6.6,78.4,0
IOT_00003770,FAC_02,MCH_39,42.45,0.745,136.4,4.37,95.9,0
IOT_00003771,FAC_05,MCH_64,46.49,1.551,86.0,6.87,98.6,0
IOT_00003772,FAC_04,MCH_32,37.03,6.483,123.6,6.0,89.6,0
IOT_00003773,FAC_05,MCH_41,93.77,1.708,101.0,7.49,60.1,0
IOT_00003774,FAC_05,MCH_30,86.52,1.304,21.4,7.86,69.5,0
IOT_00003775,FAC_05,MCH_21,81.22,1.34,99.3,6.56,60.5,0
IOT_00003776,FAC_01,MCH_30,65.05,5.585,24.9,3.37,75.0,0
IOT_00003777,FAC_03,MCH_97,47.83,0.527,118.8,3.62,61.9,0
IOT_00003778,FAC_01,MCH_68,47.1,5.161,45.4,3.7,82.9,0
IOT_00003779,FAC_01,MCH_67,64.92,4.579,66.2,5.97,61.9,0
IOT_00003780,FAC_05,MCH_42,78.53,4.344,96.5,7.88,99.2,0
IOT_00003781,FAC_03,MCH_81,64.92,5.977,65.9,5.07,92.7,0
IOT_00003782,FAC_03,MCH_58,54.29,0.116,95.8,6.25,92.3,0
IOT_00003783,FAC_03,MCH_70,72.53,2.044,39.3,5.65,105.0,0
IOT_00003784,FAC_01,MCH_84,88.45,5.994,37.2,7.06,65.1,0
IOT_00003785,FAC_04,MCH_76,86.61,1.597,148.3,7.0,71.0,0
IOT_00003786,FAC_01,MCH_93,56.69,4.455,21.0,3.63,101.1,0
IOT_00003787,FAC_02,MCH_51,66.25,1.88,131.8,3.27,80.4,0
IOT_00003788,FAC_05,MCH_99,52.83,4.795,47.1,4.84,77.3,0
IOT_00003789,FAC_04,MCH_39,61.29,5.638,58.6,5.78,90.2,0
IOT_00003790,FAC_02,MCH_43,43.38,4.653,98.5,7.11,91.7,0
IOT_00003791,FAC_02,MCH_52,42.59,3.978,148.1,7.1,57.1,0
IOT_00003792,FAC_04,MCH_36,35.11,0.8,47.0,4.59,59.0,0
IOT_00003793,FAC_02,MCH_96,43.54,1.651,12.4,7.87,64.8,0
IOT_00003794,FAC_03,MCH_90,52.77,5.583,115.3,5.85,96.9,0
IOT_00003795,FAC_03,MCH_82,47.75,1.801,58.4,3.75,90.6,0
IOT_00003796,FAC_05,MCH_50,85.03,5.557,42.8,7.53,84.6,0
IOT_00003797,FAC_03,MCH_38,71.66,1.632,141.9,7.17,79.1,0
IOT_00003798,FAC_04,MCH_18,85.3,3.714,44.4,6.64,92.2,0
IOT_00003799,FAC_01,MCH_83,58.69,1.284,21.9,7.84,73.1,0
IOT_00003800,FAC_03,MCH_36,63.22,1.564,72.4,3.32,100.6,0
IOT_00003801,FAC_02,MCH_57,69.49,3.369,12.4,6.24,56.2,0
IOT_00003802,FAC_01,MCH_50,68.64,3.379,43.9,6.62,100.6,0
IOT_00003803,FAC_03,MCH_30,67.77,6.113,71.0,5.24,72.1,1
IOT_00003804,FAC_01,MCH_80,42.85,2.377,57.5,4.95,73.2,0
IOT_00003805,FAC_02,MCH_39,73.85,4.54,18.8,4.02,73.1,0
IOT_00003806,FAC_05,MCH_45,49.03,5.915,111.1,7.28,82.5,0
IOT_00003807,FAC_02,MCH_17,50.52,0.736,51.9,4.98,76.9,0
IOT_00003808,FAC_03,MCH_45,43.55,3.75,90.1,4.67,57.4,0
IOT_00003809,FAC_03,MCH_49,51.72,1.141,40.4,3.82,72.4,0
IOT_00003810,FAC_01,MCH_58,89.79,5.714,120.6,6.83,70.0,0
IOT_00003811,FAC_05,MCH_93,57.88,2.946,90.7,3.87,88.8,0
IOT_00003812,FAC_01,MCH_73,36.15,3.26,113.3,4.4,94.2,0
IOT_00003813,FAC_05,MCH_13,65.76,4.709,109.9,4.59,107.9,0
IOT_00003814,FAC_03,MCH_29,64.52,0.457,16.1,7.72,105.2,0
IOT_00003815,FAC_02,MCH_56,56.79,3.762,117.4,5.12,56.3,0
IOT_00003816,FAC_04,MCH_71,40.36,3.927,87.3,2.57,90.4,0
IOT_00003817,FAC_04,MCH_62,55.59,3.469,129.4,4.15,72.5,0
IOT_00003818,FAC_02,MCH_68,64.61,3.887,75.7,5.86,103.1,1
IOT_00003819,FAC_05,MCH_94,68.84,5.318,109.6,5.43,71.5,0
IOT_00003820,FAC_01,MCH_85,77.12,1.926,91.9,4.57,91.9,0
IOT_00003821,FAC_02,MCH_31,61.8,6.316,131.0,3.02,71.6,0
IOT_00003822,FAC_04,MCH_41,80.22,4.24,40.0,5.65,84.0,0
IOT_00003823,FAC_05,MCH_89,84.09,2.076,112.7,2.77,59.7,1
IOT_00003824,FAC_05,MCH_73,56.44,0.594,37.2,3.43,97.3,0
IOT_00003825,FAC_04,MCH_98,65.78,1.451,60.4,5.39,83.9,0
IOT_00003826,FAC_04,MCH_16,58.78,1.063,85.7,4.33,72.5,0
IOT_00003827,FAC_04,MCH_98,49.28,4.65,58.0,5.49,71.7,0
IOT_00003828,FAC_01,MCH_71,59.33,6.358,19.8,3.09,90.2,0
IOT_00003829,FAC_02,MCH_12,55.68,5.629,44.4,3.74,81.1,0
IOT_00003830,FAC_02,MCH_45,70.7,1.618,101.8,5.06,68.1,0
IOT_00003831,FAC_04,MCH_33,47.02,0.365,98.5,5.58,65.7,0
IOT_00003832,FAC_01,MCH_90,59.69,4.945,24.3,7.32,90.7,0
IOT_00003833,FAC_04,MCH_74,45.33,2.075,137.7,3.92,95.0,0
IOT_00003834,FAC_01,MCH_30,44.35,3.979,127.5,3.27,89.4,0
IOT_00003835,FAC_04,MCH_25,61.84,2.086,21.5,6.32,90.9,0
IOT_00003836,FAC_04,MCH_66,53.19,3.609,135.5,5.28,78.3,0
IOT_00003837,FAC_05,MCH_66,90.68,1.069,124.0,4.36,65.7,0
IOT_00003838,FAC_02,MCH_22,56.97,2.538,140.7,6.51,99.3,0
IOT_00003839,FAC_05,MCH_92,71.03,1.877,125.0,4.61,89.0,0
IOT_00003840,FAC_03,MCH_57,60.67,6.13,131.9,2.55,72.8,0
IOT_00003841,FAC_02,MCH_52,48.66,3.599,149.7,3.22,74.7,1
IOT_00003842,FAC_03,MCH_18,39.78,5.137,50.1,2.7,62.7,0
IOT_00003843,FAC_05,MCH_70,37.55,3.006,128.0,2.82,76.1,0
IOT_00003844,FAC_01,MCH_82,71.24,4.614,131.4,4.72,68.0,0
IOT_00003845,FAC_04,MCH_71,75.54,3.947,25.7,6.19,106.9,0
IOT_00003846,FAC_05,MCH_53,77.35,5.915,45.7,6.22,102.2,0
IOT_00003847,FAC_04,MCH_37,35.44,2.676,23.9,3.98,71.2,0
IOT_00003848,FAC_04,MCH_12,59.27,0.115,13.2,3.71,105.6,0
IOT_00003849,FAC_05,MCH_67,94.65,6.408,81.4,4.91,76.9,0
IOT_00003850,FAC_04,MCH_13,78.87,4.981,109.5,4.19,96.1,0
IOT_00003851,FAC_03,MCH_56,46.17,5.091,107.8,3.0,79.7,0
IOT_00003852,FAC_05,MCH_60,58.94,2.665,20.4,2.76,79.1,0
IOT_00003853,FAC_01,MCH_39,77.23,4.475,137.8,7.92,66.4,0
IOT_00003854,FAC_02,MCH_70,48.05,0.656,117.1,7.09,99.3,0
IOT_00003855,FAC_03,MCH_64,67.13,3.502,31.6,6.51,72.5,0
IOT_00003856,FAC_03,MCH_53,76.15,1.38,77.8,5.96,75.9,0
IOT_00003857,FAC_01,MCH_60,76.93,0.826,142.1,2.97,76.0,0
IOT_00003858,FAC_02,MCH_47,86.22,2.978,30.5,7.62,89.2,1
IOT_00003859,FAC_04,MCH_85,59.97,6.479,110.8,4.55,94.3,0
IOT_00003860,FAC_04,MCH_84,89.81,5.466,51.9,3.78,97.6,0
IOT_00003861,FAC_02,MCH_97,76.55,5.485,28.6,6.17,74.2,0
IOT_00003862,FAC_05,MCH_51,66.68,3.441,146.6,4.95,85.6,0
IOT_00003863,FAC_02,MCH_98,60.17,0.35,41.5,5.8,57.1,0
IOT_00003864,FAC_05,MCH_47,39.19,0.972,78.0,5.36,109.7,0
IOT_00003865,FAC_03,MCH_97,94.5,1.251,84.7,7.49,62.8,0
IOT_00003866,FAC_02,MCH_18,83.72,2.056,130.5,3.87,84.0,0
IOT_00003867,FAC_01,MCH_43,48.8,3.924,61.9,7.12,56.7,0
IOT_00003868,FAC_05,MCH_12,40.37,0.576,109.1,6.23,99.3,0
IOT_00003869,FAC_05,MCH_58,63.32,2.542,71.9,3.21,67.5,0
IOT_00003870,FAC_03,MCH_13,60.42,6.019,64.7,4.65,72.2,0
IOT_00003871,FAC_01,MCH_54,56.15,2.836,62.5,5.4,104.8,0
IOT_00003872,FAC_02,MCH_24,48.17,5.352,45.9,5.35,79.6,0
IOT_00003873,FAC_04,MCH_53,56.31,1.968,92.1,5.48,96.8,0
IOT_00003874,FAC_05,MCH_87,78.14,0.519,136.9,2.82,97.6,0
IOT_00003875,FAC_03,MCH_78,93.46,5.76,145.4,2.92,105.9,0
IOT_00003876,FAC_01,MCH_24,73.06,5.144,117.6,2.52,80.3,0
IOT_00003877,FAC_03,MCH_76,42.57,4.777,104.5,5.51,61.4,0
IOT_00003878,FAC_03,MCH_34,43.5,6.354,110.1,6.28,64.5,0
IOT_00003879,FAC_01,MCH_61,40.4,5.915,130.6,4.35,59.9,0
IOT_00003880,FAC_02,MCH_54,67.58,6.258,100.4,6.42,73.2,0
IOT_00003881,FAC_05,MCH_48,57.4,1.058,59.0,7.6,89.5,0
IOT_00003882,FAC_05,MCH_35,92.32,2.31,43.2,7.44,88.2,1
IOT_00003883,FAC_01,MCH_16,75.85,6.308,144.6,7.07,68.2,0
IOT_00003884,FAC_03,MCH_69,90.33,4.625,144.6,5.4,63.9,0
IOT_00003885,FAC_04,MCH_25,68.56,2.519,57.9,7.19,74.0,0
IOT_00003886,FAC_04,MCH_49,51.96,1.428,60.9,6.27,58.0,0
IOT_00003887,FAC_01,MCH_53,86.25,4.942,31.7,7.61,78.1,0
IOT_00003888,FAC_05,MCH_20,81.29,4.959,123.5,7.52,105.7,0
IOT_00003889,FAC_02,MCH_32,55.03,2.664,13.3,3.49,104.2,0
IOT_00003890,FAC_03,MCH_48,63.62,1.675,108.2,5.68,105.7,0
IOT_00003891,FAC_01,MCH_87,47.79,2.602,113.2,7.26,98.7,0
IOT_00003892,FAC_05,MCH_34,91.37,5.967,65.3,7.06,91.9,1
IOT_00003893,FAC_02,MCH_68,87.77,3.707,131.2,5.46,72.7,0
IOT_00003894,FAC_02,MCH_13,42.96,5.082,137.3,7.6,108.4,0
IOT_00003895,FAC_02,MCH_27,81.97,4.131,94.4,5.84,90.0,0
IOT_00003896,FAC_03,MCH_58,57.23,3.291,78.4,4.5,66.8,0
IOT_00003897,FAC_02,MCH_58,46.55,4.655,43.6,4.02,85.3,0
IOT_00003898,FAC_05,MCH_75,46.27,3.957,100.6,6.3,71.7,0
IOT_00003899,FAC_04,MCH_35,41.32,2.984,94.6,5.61,79.7,0
IOT_00003900,FAC_03,MCH_71,50.41,6.144,144.2,2.95,55.1,0
IOT_00003901,FAC_02,MCH_35,40.12,3.326,141.3,4.09,64.4,0
IOT_00003902,FAC_03,MCH_35,42.58,2.723,73.1,6.84,101.3,0
IOT_00003903,FAC_05,MCH_41,92.7,0.8,116.8,5.8,83.7,1
IOT_00003904,FAC_05,MCH_25,84.42,6.335,144.8,4.73,102.7,0
IOT_00003905,FAC_02,MCH_82,39.54,3.776,55.6,4.48,77.8,0
IOT_00003906,FAC_04,MCH_13,88.58,3.71,101.1,6.61,110.0,0
IOT_00003907,FAC_03,MCH_52,73.9,3.842,39.3,3.9,79.0,0
IOT_00003908,FAC_05,MCH_24,74.91,0.71,135.5,7.84,89.4,0
IOT_00003909,FAC_01,MCH_96,58.33,4.182,15.8,7.09,106.8,0
IOT_00003910,FAC_04,MCH_18,80.45,4.165,77.6,6.97,70.3,0
IOT_00003911,FAC_03,MCH_80,44.47,3.521,97.6,2.53,98.9,0
IOT_00003912,FAC_03,MCH_88,44.09,4.638,136.0,5.75,77.6,0
IOT_00003913,FAC_03,MCH_46,54.24,0.982,101.9,5.77,103.1,0
IOT_00003914,FAC_04,MCH_23,46.33,0.915,66.7,4.89,87.3,0
IOT_00003915,FAC_03,MCH_15,46.22,1.025,113.5,4.47,77.8,1
IOT_00003916,FAC_04,MCH_71,40.64,6.472,126.2,7.47,73.8,0
IOT_00003917,FAC_01,MCH_70,35.17,1.333,23.9,5.48,77.5,0
IOT_00003918,FAC_02,MCH_87,85.83,4.126,68.8,6.61,56.4,0
IOT_00003919,FAC_01,MCH_40,94.54,5.713,17.5,4.5,91.3,0
IOT_00003920,FAC_01,MCH_73,92.84,2.487,36.3,7.94,85.1,0
IOT_00003921,FAC_01,MCH_66,84.79,0.26,20.1,7.13,62.4,0
IOT_00003922,FAC_04,MCH_52,93.05,0.842,116.9,5.06,104.0,0
IOT_00003923,FAC_01,MCH_42,94.25,1.709,97.5,5.67,97.5,0
IOT_00003924,FAC_04,MCH_30,87.72,1.121,27.2,3.7,93.4,0
IOT_00003925,FAC_01,MCH_62,44.3,5.469,113.9,6.3,57.8,0
IOT_00003926,FAC_05,MCH_16,62.65,3.204,68.8,2.64,91.2,0
IOT_00003927,FAC_05,MCH_30,75.03,5.234,136.0,4.46,94.9,1
IOT_00003928,FAC_01,MCH_92,65.8,5.452,60.1,4.16,72.6,0
IOT_00003929,FAC_01,MCH_74,74.97,3.482,68.6,7.04,107.0,0
IOT_00003930,FAC_05,MCH_38,72.52,0.868,115.7,3.47,91.5,0
IOT_00003931,FAC_01,MCH_26,40.83,2.802,90.4,6.77,68.9,0
IOT_00003932,FAC_05,MCH_42,45.78,0.964,77.2,4.13,77.7,0
IOT_00003933,FAC_04,MCH_54,40.46,4.334,143.8,7.31,61.8,0
IOT_00003934,FAC_01,MCH_68,64.07,5.22,69.4,6.17,73.4,0
IOT_00003935,FAC_04,MCH_56,53.77,3.834,139.8,3.01,89.2,0
IOT_00003936,FAC_02,MCH_33,78.47,4.696,140.1,3.54,90.4,0
IOT_00003937,FAC_01,MCH_72,82.15,0.171,147.7,6.0,87.7,0
IOT_00003938,FAC_02,MCH_49,74.28,2.254,49.8,5.7,103.1,0
IOT_00003939,FAC_01,MCH_97,49.06,0.219,126.4,2.54,100.6,0
IOT_00003940,FAC_01,MCH_52,79.86,4.733,88.7,7.95,58.4,0
IOT_00003941,FAC_03,MCH_75,60.73,1.565,14.8,7.61,108.3,0
IOT_00003942,FAC_01,MCH_26,68.59,5.571,87.9,5.36,97.2,0
IOT_00003943,FAC_03,MCH_60,48.8,5.295,15.8,5.51,88.0,0
IOT_00003944,FAC_02,MCH_97,67.62,0.422,111.1,5.96,98.6,0
IOT_00003945,FAC_04,MCH_58,78.34,6.051,31.1,3.31,88.3,0
IOT_00003946,FAC_04,MCH_80,75.75,3.093,49.5,7.69,102.9,0
IOT_00003947,FAC_05,MCH_10,56.54,4.871,142.0,6.17,63.0,1
IOT_00003948,FAC_05,MCH_94,79.8,3.142,58.2,6.17,95.1,0
IOT_00003949,FAC_04,MCH_29,82.07,0.963,20.7,6.67,74.5,0
IOT_00003950,FAC_02,MCH_80,94.95,5.885,73.3,2.98,59.5,0
IOT_00003951,FAC_03,MCH_35,49.59,2.074,143.3,3.53,109.2,0
IOT_00003952,FAC_02,MCH_46,78.17,2.576,122.8,5.43,72.7,0
IOT_00003953,FAC_02,MCH_92,79.0,3.309,74.5,6.68,73.3,0
IOT_00003954,FAC_02,MCH_91,44.65,4.372,96.0,4.7,103.3,1
IOT_00003955,FAC_05,MCH_80,80.1,5.601,34.2,4.96,58.7,0
IOT_00003956,FAC_04,MCH_86,39.37,3.32,90.1,6.16,65.0,0
IOT_00003957,FAC_04,MCH_19,63.61,3.472,90.0,6.1,109.4,0
IOT_00003958,FAC_01,MCH_83,85.73,5.634,34.0,3.28,80.9,0
IOT_00003959,FAC_05,MCH_28,74.71,2.614,114.0,4.35,108.3,1
IOT_00003960,FAC_03,MCH_50,92.72,2.59,68.5,5.45,64.6,0
IOT_00003961,FAC_03,MCH_92,75.44,1.558,139.6,3.48,74.7,0
IOT_00003962,FAC_01,MCH_29,90.64,4.497,14.1,4.05,108.0,0
IOT_00003963,FAC_05,MCH_21,87.68,4.234,15.9,5.43,58.8,0
IOT_00003964,FAC_01,MCH_71,81.29,0.658,137.0,6.08,104.3,0
IOT_00003965,FAC_05,MCH_13,50.99,0.932,48.9,3.63,82.5,0
IOT_00003966,FAC_05,MCH_98,81.49,5.707,119.3,4.64,81.6,0
IOT_00003967,FAC_04,MCH_32,60.81,2.75,129.2,5.55,58.6,0
IOT_00003968,FAC_04,MCH_16,46.69,3.204,26.1,6.54,85.7,0
IOT_00003969,FAC_05,MCH_40,68.18,3.193,77.7,4.75,97.0,0
IOT_00003970,FAC_05,MCH_16,88.45,0.103,37.3,7.09,104.8,0
IOT_00003971,FAC_01,MCH_72,84.24,1.16,144.6,5.38,72.6,0
IOT_00003972,FAC_02,MCH_17,86.27,2.002,129.8,6.37,55.7,1
IOT_00003973,FAC_03,MCH_79,46.42,2.718,119.1,5.81,100.9,1
IOT_00003974,FAC_05,MCH_44,46.82,2.636,142.8,3.15,107.6,0
IOT_00003975,FAC_04,MCH_85,73.86,3.742,94.4,7.53,95.9,0
IOT_00003976,FAC_01,MCH_49,94.74,3.572,110.9,2.89,105.0,0
IOT_00003977,FAC_02,MCH_86,75.12,6.006,15.9,4.65,58.6,0
IOT_00003978,FAC_05,MCH_57,37.18,4.513,113.9,6.57,74.8,0
IOT_00003979,FAC_04,MCH_48,88.77,5.102,108.4,3.3,71.3,0
IOT_00003980,FAC_01,MCH_41,90.85,6.013,15.5,3.03,84.6,0
IOT_00003981,FAC_05,MCH_42,51.03,3.547,96.8,6.34,59.1,0
IOT_00003982,FAC_03,MCH_42,65.48,3.572,69.4,4.82,97.6,0
IOT_00003983,FAC_04,MCH_83,37.76,6.447,27.7,5.8,95.6,0
IOT_00003984,FAC_04,MCH_47,91.16,1.473,89.8,2.69,75.7,0
IOT_00003985,FAC_05,MCH_94,44.46,4.984,72.6,6.89,81.7,1
IOT_00003986,FAC_04,MCH_55,77.41,5.646,137.2,6.24,81.7,0
IOT_00003987,FAC_02,MCH_69,85.43,5.326,45.0,4.0,96.9,0
IOT_00003988,FAC_04,MCH_81,65.18,0.152,82.9,6.92,58.3,0
IOT_00003989,FAC_05,MCH_34,39.07,6.154,129.3,6.99,103.7,0
IOT_00003990,FAC_02,MCH_15,51.89,5.973,86.4,5.35,68.6,0
IOT_00003991,FAC_04,MCH_75,78.4,4.171,16.1,4.51,93.3,0
IOT_00003992,FAC_04,MCH_82,79.76,6.307,146.9,2.89,110.0,0
IOT_00003993,FAC_05,MCH_30,78.8,0.388,55.4,3.16,99.7,0
IOT_00003994,FAC_02,MCH_79,72.13,3.524,110.8,5.39,85.8,0
IOT_00003995,FAC_02,MCH_16,85.05,3.828,136.1,5.7,66.4,0
IOT_00003996,FAC_04,MCH_32,88.0,0.102,43.1,2.72,88.4,0
IOT_00003997,FAC_04,MCH_40,48.87,4.952,44.2,3.34,55.8,0
IOT_00003998,FAC_01,MCH_86,76.9,0.772,59.8,6.49,104.2,0
IOT_00003999,FAC_03,MCH_76,53.1,0.84,137.5,6.89,93.1,0
IOT_00004000,FAC_02,MCH_30,93.59,3.188,15.9,4.85,82.0,0
IOT_00004001,FAC_02,MCH_78,77.88,5.214,103.6,3.54,60.5,0
IOT_00004002,FAC_04,MCH_68,47.32,1.566,56.4,5.58,78.0,0
IOT_00004003,FAC_01,MCH_24,72.33,0.818,62.5,4.8,83.6,0
IOT_00004004,FAC_02,MCH_72,42.31,4.388,45.1,4.84,71.8,0
IOT_00004005,FAC_01,MCH_15,45.43,2.876,141.8,3.82,78.6,0
IOT_00004006,FAC_03,MCH_27,63.31,4.436,44.9,5.77,63.4,1
IOT_00004007,FAC_01,MCH_87,38.52,4.811,65.4,4.8,102.7,0
IOT_00004008,FAC_05,MCH_11,48.88,5.926,19.7,7.41,75.4,0
IOT_00004009,FAC_02,MCH_34,82.59,2.065,128.1,7.96,109.2,0
IOT_00004010,FAC_01,MCH_87,51.16,2.885,40.5,3.43,61.8,0
IOT_00004011,FAC_01,MCH_50,86.36,1.879,141.8,5.85,108.7,0
IOT_00004012,FAC_03,MCH_23,59.48,4.241,145.6,4.73,78.6,0
IOT_00004013,FAC_04,MCH_51,79.63,6.02,25.5,7.13,92.7,0
IOT_00004014,FAC_04,MCH_34,80.46,3.596,106.3,4.53,96.3,0
IOT_00004015,FAC_02,MCH_45,68.68,1.387,47.2,5.67,63.5,0
IOT_00004016,FAC_01,MCH_41,93.11,1.586,44.3,7.49,91.8,0
IOT_00004017,FAC_03,MCH_26,65.82,6.031,58.1,7.07,66.7,0
IOT_00004018,FAC_05,MCH_11,91.45,3.184,31.0,5.85,96.8,0
IOT_00004019,FAC_01,MCH_73,90.89,5.576,49.0,5.89,71.1,0
IOT_00004020,FAC_03,MCH_22,47.06,3.827,40.6,3.12,86.3,0
IOT_00004021,FAC_05,MCH_98,70.87,5.875,53.4,4.8,95.2,1
IOT_00004022,FAC_02,MCH_57,85.02,5.569,79.2,4.03,77.1,0
IOT_00004023,FAC_02,MCH_40,85.54,3.396,123.5,7.71,104.8,0
IOT_00004024,FAC_01,MCH_33,76.99,2.202,57.2,7.6,99.8,0
IOT_00004025,FAC_05,MCH_92,92.08,2.114,119.7,7.68,81.3,0
IOT_00004026,FAC_04,MCH_33,85.42,1.397,96.4,7.02,94.9,0
IOT_00004027,FAC_03,MCH_47,35.06,4.336,53.5,4.15,87.0,0
IOT_00004028,FAC_03,MCH_65,67.05,0.442,136.6,6.68,88.9,0
IOT_00004029,FAC_05,MCH_64,84.94,6.244,109.7,4.19,64.3,0
IOT_00004030,FAC_04,MCH_89,62.27,2.959,21.1,4.36,55.4,0
IOT_00004031,FAC_05,MCH_94,84.73,2.902,71.2,6.4,97.6,0
IOT_00004032,FAC_03,MCH_38,86.31,3.089,102.2,3.07,64.3,0
IOT_00004033,FAC_05,MCH_11,90.55,0.187,28.6,7.94,104.9,0
IOT_00004034,FAC_03,MCH_77,80.31,3.326,103.6,5.32,79.3,0
IOT_00004035,FAC_03,MCH_64,38.97,6.443,46.0,6.24,72.3,0
IOT_00004036,FAC_02,MCH_90,47.8,6.326,90.0,3.54,67.5,0
IOT_00004037,FAC_02,MCH_77,94.67,3.994,74.0,5.76,71.1,0
IOT_00004038,FAC_05,MCH_60,70.45,1.431,118.8,7.37,62.0,0
IOT_00004039,FAC_05,MCH_32,40.35,1.698,33.0,3.95,102.0,0
IOT_00004040,FAC_02,MCH_71,48.37,4.367,71.4,6.97,93.7,0
IOT_00004041,FAC_05,MCH_44,93.2,4.541,96.1,2.67,102.5,0
IOT_00004042,FAC_04,MCH_84,59.31,3.743,113.4,4.75,92.3,0
IOT_00004043,FAC_03,MCH_95,65.45,4.742,83.5,3.17,61.1,0
IOT_00004044,FAC_04,MCH_13,51.59,4.29,26.2,3.27,81.1,0
IOT_00004045,FAC_03,MCH_60,84.07,6.129,103.3,7.93,87.2,0
IOT_00004046,FAC_01,MCH_63,90.73,5.94,142.3,2.92,108.3,0
IOT_00004047,FAC_01,MCH_54,63.18,4.25,41.5,2.84,79.7,0
IOT_00004048,FAC_05,MCH_73,89.95,5.014,83.1,4.61,103.0,0
IOT_00004049,FAC_05,MCH_45,74.33,5.662,12.9,3.23,101.3,0
IOT_00004050,FAC_01,MCH_15,47.53,2.407,64.8,7.62,69.0,0
IOT_00004051,FAC_02,MCH_41,55.49,2.666,30.9,6.01,81.1,0
IOT_00004052,FAC_03,MCH_34,48.81,3.502,126.6,7.0,90.6,0
IOT_00004053,FAC_04,MCH_40,78.78,1.846,53.9,3.38,87.0,0
IOT_00004054,FAC_02,MCH_83,37.84,1.328,54.3,7.33,105.8,0
IOT_00004055,FAC_05,MCH_31,82.64,4.092,116.5,7.08,86.6,0
IOT_00004056,FAC_04,MCH_94,94.69,5.288,109.3,4.1,108.2,0
IOT_00004057,FAC_05,MCH_51,38.39,4.174,78.3,3.39,97.9,0
IOT_00004058,FAC_05,MCH_68,74.11,1.773,49.6,6.05,67.0,0
IOT_00004059,FAC_02,MCH_41,52.58,4.136,15.8,6.44,61.8,0
IOT_00004060,FAC_04,MCH_78,69.21,2.637,29.9,3.41,87.0,0
IOT_00004061,FAC_05,MCH_37,60.4,4.291,34.1,2.89,80.4,0
IOT_00004062,FAC_01,MCH_41,77.41,4.072,58.3,6.02,104.2,0
IOT_00004063,FAC_01,MCH_68,67.43,2.315,96.4,6.47,103.6,0
IOT_00004064,FAC_01,MCH_65,48.08,0.692,99.1,5.69,59.6,0
IOT_00004065,FAC_03,MCH_33,73.55,4.014,96.4,3.74,91.2,0
IOT_00004066,FAC_04,MCH_88,42.58,3.318,16.0,5.05,60.3,0
IOT_00004067,FAC_03,MCH_33,72.2,5.369,28.6,3.4,98.8,0
IOT_00004068,FAC_03,MCH_57,70.98,6.209,38.6,2.93,75.6,0
IOT_00004069,FAC_03,MCH_62,59.17,4.542,41.9,4.91,70.8,0
IOT_00004070,FAC_03,MCH_24,87.4,3.86,41.2,6.49,81.4,0
IOT_00004071,FAC_01,MCH_39,71.65,1.05,112.8,3.48,66.2,0
IOT_00004072,FAC_05,MCH_70,50.11,5.965,119.1,2.57,72.0,0
IOT_00004073,FAC_04,MCH_65,90.41,0.92,99.1,3.73,82.5,0
IOT_00004074,FAC_02,MCH_66,71.6,2.37,32.5,6.94,66.4,0
IOT_00004075,FAC_03,MCH_47,71.25,1.518,75.8,5.37,96.0,0
IOT_00004076,FAC_03,MCH_70,76.43,0.852,77.5,6.44,105.5,0
IOT_00004077,FAC_03,MCH_71,87.19,1.501,104.4,6.35,83.3,0
IOT_00004078,FAC_01,MCH_42,92.15,1.945,90.1,2.67,97.8,0
IOT_00004079,FAC_04,MCH_91,88.58,4.18,42.9,5.16,83.8,0
IOT_00004080,FAC_02,MCH_63,40.34,4.112,121.0,6.13,82.3,0
IOT_00004081,FAC_02,MCH_75,81.16,2.436,119.1,6.59,87.9,1
IOT_00004082,FAC_01,MCH_90,43.23,3.272,51.2,3.16,82.6,0
IOT_00004083,FAC_04,MCH_30,52.5,4.723,96.5,3.38,61.5,0
IOT_00004084,FAC_04,MCH_39,69.48,3.7,89.5,5.03,108.4,0
IOT_00004085,FAC_01,MCH_21,62.66,2.757,149.6,5.6,93.6,0
IOT_00004086,FAC_03,MCH_11,43.2,2.414,54.9,3.48,101.3,0
IOT_00004087,FAC_04,MCH_63,56.0,2.177,78.8,3.83,60.6,0
IOT_00004088,FAC_01,MCH_11,42.54,5.343,21.0,6.75,62.4,0
IOT_00004089,FAC_02,MCH_67,38.91,4.292,104.7,7.87,72.8,1
IOT_00004090,FAC_04,MCH_44,47.18,5.244,38.0,5.88,91.5,0
IOT_00004091,FAC_02,MCH_27,61.73,3.739,149.2,5.47,95.6,0
IOT_00004092,FAC_03,MCH_11,68.87,4.585,29.2,6.88,95.6,0
IOT_00004093,FAC_02,MCH_33,84.97,2.62,72.7,6.57,75.2,0
IOT_00004094,FAC_01,MCH_39,47.43,1.606,101.2,5.5,95.2,0
IOT_00004095,FAC_01,MCH_75,66.07,4.311,94.3,3.51,87.9,0
IOT_00004096,FAC_03,MCH_51,47.34,3.666,77.9,7.66,103.6,0
IOT_00004097,FAC_03,MCH_67,36.28,5.396,14.5,5.9,64.4,0
IOT_00004098,FAC_02,MCH_50,50.88,2.367,136.1,4.61,98.8,0
IOT_00004099,FAC_01,MCH_58,81.71,2.437,140.4,5.53,97.4,0
IOT_00004100,FAC_01,MCH_52,51.63,5.005,122.3,6.73,70.0,0
IOT_00004101,FAC_05,MCH_78,43.76,1.779,26.0,7.47,102.7,0
IOT_00004102,FAC_05,MCH_93,56.04,0.457,88.2,4.88,109.6,0
IOT_00004103,FAC_04,MCH_73,66.17,4.241,148.8,6.04,96.4,0
IOT_00004104,FAC_03,MCH_86,55.24,1.458,39.6,5.27,95.6,0
IOT_00004105,FAC_01,MCH_29,74.49,3.953,77.7,7.57,100.0,0
IOT_00004106,FAC_03,MCH_38,61.38,2.913,86.4,2.55,101.1,0
IOT_00004107,FAC_01,MCH_45,88.56,4.274,89.8,7.15,57.9,1
IOT_00004108,FAC_04,MCH_14,82.38,3.244,28.5,7.23,67.2,1
IOT_00004109,FAC_01,MCH_20,73.32,4.875,110.1,7.51,87.3,0
IOT_00004110,FAC_04,MCH_54,46.56,4.929,31.0,7.3,64.2,0
IOT_00004111,FAC_03,MCH_92,85.3,4.199,145.6,6.22,98.2,0
IOT_00004112,FAC_02,MCH_85,90.97,2.461,71.5,6.23,88.5,0
IOT_00004113,FAC_02,MCH_96,84.43,2.648,15.2,5.69,105.7,1
IOT_00004114,FAC_01,MCH_32,60.24,2.416,96.1,6.19,91.4,0
IOT_00004115,FAC_04,MCH_29,88.87,3.549,39.6,7.95,59.1,0
IOT_00004116,FAC_02,MCH_51,49.33,3.91,100.8,7.11,93.7,0
IOT_00004117,FAC_04,MCH_88,88.8,0.221,130.0,5.31,108.9,0
IOT_00004118,FAC_05,MCH_19,35.23,0.317,59.1,4.26,78.9,0
IOT_00004119,FAC_03,MCH_36,77.03,4.187,139.4,7.83,98.6,0
IOT_00004120,FAC_01,MCH_96,83.68,1.505,109.5,7.13,59.8,0
IOT_00004121,FAC_05,MCH_86,42.07,3.162,30.4,5.87,105.7,0
IOT_00004122,FAC_04,MCH_36,72.07,6.441,110.0,5.81,76.2,0
IOT_00004123,FAC_05,MCH_39,59.69,5.027,113.5,5.39,101.1,0
IOT_00004124,FAC_04,MCH_93,41.53,4.621,89.2,2.95,66.3,0
IOT_00004125,FAC_04,MCH_81,53.99,0.28,95.8,3.47,73.3,0
IOT_00004126,FAC_04,MCH_80,47.3,5.161,138.9,4.29,97.8,0
IOT_00004127,FAC_01,MCH_78,41.61,6.279,55.3,6.73,84.0,0
IOT_00004128,FAC_02,MCH_92,68.33,1.256,144.9,2.65,91.9,1
IOT_00004129,FAC_04,MCH_27,82.1,3.05,66.7,4.18,85.6,0
IOT_00004130,FAC_02,MCH_82,68.76,6.049,71.3,7.36,68.1,0
IOT_00004131,FAC_05,MCH_45,80.88,6.114,134.9,5.54,65.2,0
IOT_00004132,FAC_02,MCH_84,51.83,2.959,132.0,3.72,71.2,0
IOT_00004133,FAC_04,MCH_34,68.28,0.667,114.5,7.05,80.6,0
IOT_00004134,FAC_05,MCH_88,83.85,5.853,76.3,4.92,92.6,0
IOT_00004135,FAC_04,MCH_63,73.25,6.172,26.8,2.64,109.2,0
IOT_00004136,FAC_02,MCH_93,85.79,1.088,48.3,6.75,61.7,0
IOT_00004137,FAC_03,MCH_92,42.68,5.239,45.3,4.07,104.9,0
IOT_00004138,FAC_05,MCH_22,42.11,5.42,147.7,6.95,89.7,0
IOT_00004139,FAC_01,MCH_78,65.54,1.521,96.2,7.9,69.9,0
IOT_00004140,FAC_02,MCH_69,41.97,6.095,92.9,2.83,66.3,0
IOT_00004141,FAC_03,MCH_24,84.59,3.704,59.2,4.48,109.0,0
IOT_00004142,FAC_04,MCH_64,46.08,2.503,102.2,2.67,76.5,0
IOT_00004143,FAC_04,MCH_15,46.27,2.694,79.9,7.48,86.6,0
IOT_00004144,FAC_01,MCH_82,57.29,0.773,86.1,2.71,85.5,0
IOT_00004145,FAC_04,MCH_32,88.59,5.229,13.0,3.53,82.2,0
IOT_00004146,FAC_02,MCH_45,89.36,3.589,147.9,6.02,109.4,0
IOT_00004147,FAC_01,MCH_65,36.81,3.016,21.6,5.37,101.0,0
IOT_00004148,FAC_03,MCH_31,75.43,2.169,130.3,7.69,81.5,0
IOT_00004149,FAC_05,MCH_67,91.67,0.719,135.3,7.55,69.0,0
IOT_00004150,FAC_05,MCH_98,53.75,3.077,83.0,7.15,67.6,0
IOT_00004151,FAC_02,MCH_22,55.77,4.501,59.0,7.83,65.3,0
IOT_00004152,FAC_05,MCH_45,83.95,1.426,68.2,2.89,101.9,0
IOT_00004153,FAC_04,MCH_53,51.34,2.334,37.8,3.69,95.9,0
IOT_00004154,FAC_04,MCH_28,87.96,5.518,48.4,4.5,89.1,0
IOT_00004155,FAC_02,MCH_37,88.06,0.403,22.4,5.5,67.5,0
IOT_00004156,FAC_02,MCH_69,66.95,6.395,147.3,5.98,72.1,0
IOT_00004157,FAC_01,MCH_80,52.44,5.798,80.2,3.29,91.8,1
IOT_00004158,FAC_03,MCH_34,89.6,6.488,108.3,7.67,96.6,0
IOT_00004159,FAC_05,MCH_10,80.23,4.105,50.4,4.52,97.1,1
IOT_00004160,FAC_02,MCH_98,57.03,4.365,63.2,4.02,61.6,0
IOT_00004161,FAC_03,MCH_45,80.32,2.304,85.9,3.74,55.7,0
IOT_00004162,FAC_03,MCH_11,72.44,5.427,69.9,4.08,63.9,0
IOT_00004163,FAC_02,MCH_87,81.63,2.874,99.6,6.87,100.6,0
IOT_00004164,FAC_04,MCH_38,44.94,0.514,108.6,3.37,58.3,1
IOT_00004165,FAC_01,MCH_81,93.34,2.075,70.1,6.15,94.2,0
IOT_00004166,FAC_02,MCH_47,76.16,2.569,84.5,7.17,108.7,0
IOT_00004167,FAC_03,MCH_59,90.04,4.827,138.4,4.09,89.7,1
IOT_00004168,FAC_03,MCH_96,42.04,6.183,149.0,5.59,107.9,0
IOT_00004169,FAC_05,MCH_43,39.81,4.122,96.4,4.65,72.5,0
IOT_00004170,FAC_01,MCH_14,94.57,3.236,108.7,4.08,96.0,0
IOT_00004171,FAC_03,MCH_94,85.85,4.313,73.8,5.36,63.6,0
IOT_00004172,FAC_05,MCH_49,88.3,5.587,100.8,7.01,83.0,0
IOT_00004173,FAC_01,MCH_71,57.13,0.456,36.0,3.61,97.6,0
IOT_00004174,FAC_02,MCH_51,85.57,2.068,70.8,5.49,72.6,0
IOT_00004175,FAC_05,MCH_91,72.99,0.589,43.1,4.59,86.2,0
IOT_00004176,FAC_02,MCH_32,62.45,4.646,114.4,7.98,109.0,0
IOT_00004177,FAC_02,MCH_26,77.26,4.585,88.7,7.63,64.1,1
IOT_00004178,FAC_03,MCH_46,75.76,3.051,23.5,4.7,59.2,0
IOT_00004179,FAC_05,MCH_96,37.31,0.391,21.9,7.03,105.8,1
IOT_00004180,FAC_03,MCH_94,89.32,1.091,68.3,3.27,63.6,0
IOT_00004181,FAC_05,MCH_59,65.16,0.691,115.4,2.68,90.3,0
IOT_00004182,FAC_02,MCH_35,41.96,5.155,25.6,5.27,99.8,0
IOT_00004183,FAC_01,MCH_56,82.84,1.119,45.4,7.86,90.2,1
IOT_00004184,FAC_02,MCH_43,87.13,3.947,16.3,6.75,73.5,0
IOT_00004185,FAC_03,MCH_81,55.87,1.209,22.1,7.3,62.2,0
IOT_00004186,FAC_05,MCH_27,41.3,2.672,57.2,7.09,96.0,0
IOT_00004187,FAC_01,MCH_92,67.32,1.2,129.1,6.97,101.8,0
IOT_00004188,FAC_04,MCH_45,55.27,3.761,123.3,7.5,62.5,0
IOT_00004189,FAC_02,MCH_69,92.4,2.749,83.9,7.8,56.4,0
IOT_00004190,FAC_01,MCH_15,44.97,0.215,130.1,6.11,103.0,0
IOT_00004191,FAC_01,MCH_84,37.96,0.638,95.6,6.52,58.1,0
IOT_00004192,FAC_01,MCH_77,37.84,4.114,19.8,4.26,82.7,0
IOT_00004193,FAC_01,MCH_10,71.96,0.166,126.8,6.48,63.5,0
IOT_00004194,FAC_04,MCH_10,82.42,5.865,96.5,7.17,62.3,0
IOT_00004195,FAC_04,MCH_69,41.4,1.141,95.9,3.17,97.5,0
IOT_00004196,FAC_05,MCH_27,78.73,0.842,100.1,7.05,83.9,0
IOT_00004197,FAC_03,MCH_12,89.05,0.863,20.9,5.0,66.6,0
IOT_00004198,FAC_04,MCH_37,60.12,6.2,107.5,5.74,74.9,0
IOT_00004199,FAC_02,MCH_18,88.23,1.365,132.8,3.73,102.3,0
IOT_00004200,FAC_02,MCH_75,46.9,5.29,22.5,6.5,63.1,1
IOT_00004201,FAC_05,MCH_10,53.61,4.823,124.5,3.76,104.7,0
IOT_00004202,FAC_05,MCH_47,55.3,5.791,58.7,6.47,57.3,0
IOT_00004203,FAC_02,MCH_98,81.88,4.061,35.2,6.52,93.7,0
IOT_00004204,FAC_02,MCH_46,55.92,4.018,131.8,3.0,102.4,0
IOT_00004205,FAC_05,MCH_43,69.78,5.755,27.3,4.19,81.3,0
IOT_00004206,FAC_03,MCH_96,60.46,3.265,128.7,4.65,102.8,0
IOT_00004207,FAC_04,MCH_28,74.01,5.142,15.0,7.75,60.4,0
IOT_00004208,FAC_02,MCH_92,39.11,1.822,139.7,3.54,60.1,0
IOT_00004209,FAC_05,MCH_91,81.02,1.774,124.7,5.93,72.9,0
IOT_00004210,FAC_05,MCH_97,89.37,4.956,78.0,5.26,100.9,0
IOT_00004211,FAC_05,MCH_49,76.31,4.825,75.0,6.55,97.1,0
IOT_00004212,FAC_05,MCH_44,80.61,5.943,76.9,4.38,65.8,1
IOT_00004213,FAC_03,MCH_65,54.7,0.727,69.2,2.58,79.2,0
IOT_00004214,FAC_01,MCH_90,53.92,3.458,100.6,4.23,62.0,0
IOT_00004215,FAC_01,MCH_13,47.95,0.581,27.0,7.98,87.0,0
IOT_00004216,FAC_02,MCH_56,78.88,4.755,95.9,4.22,67.7,0
IOT_00004217,FAC_04,MCH_31,69.92,5.694,52.3,6.4,56.0,0
IOT_00004218,FAC_05,MCH_83,84.94,1.976,148.7,7.0,56.3,0
IOT_00004219,FAC_05,MCH_96,79.16,2.296,98.3,5.29,69.8,0
IOT_00004220,FAC_03,MCH_20,43.28,1.166,56.7,2.71,90.9,0
IOT_00004221,FAC_05,MCH_23,63.44,2.237,72.2,4.67,103.9,0
IOT_00004222,FAC_05,MCH_85,93.84,4.792,107.4,6.38,70.5,0
IOT_00004223,FAC_05,MCH_43,35.68,2.548,64.6,6.65,71.6,0
IOT_00004224,FAC_05,MCH_92,62.21,5.757,59.8,4.12,81.4,0
IOT_00004225,FAC_03,MCH_54,89.08,3.412,75.8,7.31,73.6,0
IOT_00004226,FAC_02,MCH_10,70.43,1.633,102.2,4.73,102.1,0
IOT_00004227,FAC_02,MCH_39,64.88,1.303,61.7,5.1,56.2,0
IOT_00004228,FAC_04,MCH_16,50.07,5.484,132.4,7.33,101.8,0
IOT_00004229,FAC_04,MCH_28,83.58,0.154,50.1,5.65,92.9,0
IOT_00004230,FAC_02,MCH_45,73.74,3.249,14.0,5.87,85.9,0
IOT_00004231,FAC_02,MCH_89,88.29,1.166,132.7,2.77,86.1,0
IOT_00004232,FAC_03,MCH_16,53.69,0.957,91.9,5.6,82.1,0
IOT_00004233,FAC_05,MCH_87,43.17,2.672,125.4,7.31,74.2,0
IOT_00004234,FAC_03,MCH_25,42.22,0.285,139.9,7.89,84.1,0
IOT_00004235,FAC_02,MCH_98,86.07,5.095,110.5,6.64,70.7,0
IOT_00004236,FAC_01,MCH_77,35.94,1.552,24.3,4.06,57.8,0
IOT_00004237,FAC_04,MCH_21,65.69,3.692,49.2,2.74,100.2,0
IOT_00004238,FAC_02,MCH_83,71.22,2.983,13.8,5.47,96.0,0
IOT_00004239,FAC_03,MCH_66,85.19,3.018,30.5,3.64,108.4,0
IOT_00004240,FAC_02,MCH_65,39.52,1.261,47.2,7.83,72.9,0
IOT_00004241,FAC_03,MCH_44,72.03,0.219,90.1,6.83,70.9,1
IOT_00004242,FAC_01,MCH_55,38.29,2.437,142.0,2.99,68.2,0
IOT_00004243,FAC_01,MCH_78,85.95,5.45,74.3,4.72,64.6,0
IOT_00004244,FAC_03,MCH_86,45.44,1.969,94.2,4.91,80.1,0
IOT_00004245,FAC_04,MCH_19,42.42,2.226,84.6,3.66,104.6,1
IOT_00004246,FAC_05,MCH_75,94.14,3.932,81.5,5.84,94.7,0
IOT_00004247,FAC_05,MCH_93,67.28,4.319,59.4,6.34,55.6,0
IOT_00004248,FAC_04,MCH_20,53.95,6.299,19.0,5.02,80.9,0
IOT_00004249,FAC_05,MCH_91,45.89,5.569,83.3,4.07,72.5,0
IOT_00004250,FAC_02,MCH_99,53.76,1.628,14.2,6.77,109.4,1
IOT_00004251,FAC_02,MCH_40,92.45,1.757,63.3,2.72,79.4,0
IOT_00004252,FAC_04,MCH_88,93.92,4.244,127.1,2.93,76.1,0
IOT_00004253,FAC_02,MCH_52,55.36,4.106,30.1,6.55,106.9,1
IOT_00004254,FAC_05,MCH_23,82.49,2.977,98.6,5.59,100.8,0
IOT_00004255,FAC_01,MCH_32,36.41,0.617,66.8,4.72,62.5,0
IOT_00004256,FAC_01,MCH_98,78.81,4.047,62.3,3.56,82.1,0
IOT_00004257,FAC_03,MCH_91,78.36,5.062,57.3,3.93,58.1,0
IOT_00004258,FAC_02,MCH_59,68.87,4.138,43.1,7.64,70.4,0
IOT_00004259,FAC_05,MCH_86,88.79,6.064,80.5,7.56,108.0,0
IOT_00004260,FAC_01,MCH_37,71.13,0.929,75.8,6.96,86.0,0
IOT_00004261,FAC_05,MCH_23,90.66,3.515,134.0,7.83,81.5,0
IOT_00004262,FAC_01,MCH_64,65.36,3.554,21.1,6.57,93.8,0
IOT_00004263,FAC_02,MCH_22,57.59,0.549,101.2,2.67,63.2,0
IOT_00004264,FAC_04,MCH_17,85.04,0.784,13.2,6.78,69.8,0
IOT_00004265,FAC_03,MCH_11,79.26,3.27,88.7,7.36,61.4,0
IOT_00004266,FAC_02,MCH_73,84.19,0.801,75.4,6.53,73.4,0
IOT_00004267,FAC_04,MCH_93,43.5,5.097,46.4,4.5,65.3,0
IOT_00004268,FAC_05,MCH_70,51.63,2.039,43.8,3.98,78.7,0
IOT_00004269,FAC_05,MCH_50,79.6,2.901,69.7,3.2,58.8,0
IOT_00004270,FAC_04,MCH_11,48.41,5.33,73.4,7.07,92.0,0
IOT_00004271,FAC_02,MCH_98,35.5,5.147,67.8,7.09,68.7,0
IOT_00004272,FAC_02,MCH_33,65.92,1.228,109.1,4.34,83.0,0
IOT_00004273,FAC_05,MCH_37,54.85,4.307,104.4,3.79,79.4,0
IOT_00004274,FAC_04,MCH_63,65.39,1.671,15.0,6.65,57.9,0
IOT_00004275,FAC_02,MCH_90,71.27,2.617,80.0,3.21,67.6,0
IOT_00004276,FAC_04,MCH_53,40.98,2.817,27.9,4.79,65.8,0
IOT_00004277,FAC_05,MCH_39,85.44,2.345,69.3,2.96,63.4,0
IOT_00004278,FAC_05,MCH_76,91.84,3.092,126.4,3.71,99.7,0
IOT_00004279,FAC_03,MCH_83,83.99,6.461,55.0,7.47,93.8,0
IOT_00004280,FAC_02,MCH_54,49.44,4.842,123.6,4.92,91.7,0
IOT_00004281,FAC_05,MCH_74,94.35,2.595,46.5,7.46,72.4,0
IOT_00004282,FAC_02,MCH_87,67.85,4.992,20.1,7.96,93.0,1
IOT_00004283,FAC_02,MCH_80,54.31,2.578,135.2,6.08,59.0,0
IOT_00004284,FAC_01,MCH_12,93.16,5.288,96.1,7.71,55.1,0
IOT_00004285,FAC_03,MCH_16,88.72,6.149,87.2,3.76,103.1,0
IOT_00004286,FAC_05,MCH_31,43.54,3.374,99.0,3.64,89.3,0
IOT_00004287,FAC_01,MCH_55,74.64,0.87,122.0,6.07,62.4,0
IOT_00004288,FAC_02,MCH_48,88.41,4.01,89.3,5.24,93.3,0
IOT_00004289,FAC_05,MCH_18,48.89,4.848,23.0,7.05,74.4,0
IOT_00004290,FAC_01,MCH_54,89.62,3.766,16.3,3.65,95.6,0
IOT_00004291,FAC_01,MCH_75,42.88,5.996,94.6,3.53,60.9,0
IOT_00004292,FAC_04,MCH_39,38.68,2.93,37.8,5.22,61.7,0
IOT_00004293,FAC_01,MCH_15,55.1,2.882,57.8,3.72,61.6,0
IOT_00004294,FAC_02,MCH_50,70.27,1.282,106.9,7.31,105.9,0
IOT_00004295,FAC_05,MCH_68,49.73,1.591,64.1,7.84,101.9,0
IOT_00004296,FAC_04,MCH_71,45.3,4.426,57.6,7.65,79.6,0
IOT_00004297,FAC_01,MCH_15,39.87,4.723,85.1,5.49,62.1,0
IOT_00004298,FAC_01,MCH_58,51.67,4.824,84.5,7.16,85.8,0
IOT_00004299,FAC_03,MCH_15,41.05,2.371,128.1,3.37,79.8,0
IOT_00004300,FAC_05,MCH_46,63.89,4.068,127.2,6.94,57.0,0
IOT_00004301,FAC_01,MCH_88,62.15,0.735,91.0,2.94,87.5,1
IOT_00004302,FAC_04,MCH_77,63.35,6.124,143.9,4.82,96.1,0
IOT_00004303,FAC_02,MCH_70,49.85,0.383,93.5,4.13,102.9,0
IOT_00004304,FAC_02,MCH_47,61.9,5.555,18.1,7.08,62.0,0
IOT_00004305,FAC_04,MCH_68,94.77,1.611,81.3,7.63,97.3,0
IOT_00004306,FAC_01,MCH_92,62.53,0.561,18.3,3.45,103.5,0
IOT_00004307,FAC_01,MCH_17,62.84,1.616,128.5,5.68,92.5,0
IOT_00004308,FAC_05,MCH_18,48.53,5.527,47.5,2.77,66.3,0
IOT_00004309,FAC_05,MCH_70,71.23,2.214,80.6,5.92,81.2,0
IOT_00004310,FAC_04,MCH_47,52.83,0.739,35.6,3.05,89.5,0
IOT_00004311,FAC_05,MCH_39,90.71,4.002,68.1,3.92,93.8,0
IOT_00004312,FAC_05,MCH_33,43.42,0.125,28.6,6.92,76.0,1
IOT_00004313,FAC_03,MCH_61,46.21,3.778,83.6,3.46,91.8,0
IOT_00004314,FAC_02,MCH_91,92.2,4.671,102.0,4.54,87.7,0
IOT_00004315,FAC_01,MCH_30,37.31,2.432,44.3,6.54,55.6,0
IOT_00004316,FAC_03,MCH_43,94.81,6.088,52.7,6.88,103.1,0
IOT_00004317,FAC_01,MCH_63,53.62,2.816,22.0,5.92,86.0,0
IOT_00004318,FAC_02,MCH_69,64.49,1.94,63.9,3.67,58.5,0
IOT_00004319,FAC_03,MCH_62,40.46,0.524,126.6,4.88,101.1,0
IOT_00004320,FAC_03,MCH_58,51.72,0.599,73.0,7.08,72.3,0
IOT_00004321,FAC_01,MCH_42,53.35,5.218,80.7,7.95,57.0,0
IOT_00004322,FAC_01,MCH_60,42.73,4.851,101.2,4.78,71.5,1
IOT_00004323,FAC_03,MCH_37,48.43,1.903,106.5,2.68,105.2,1
IOT_00004324,FAC_04,MCH_46,88.62,2.989,103.4,5.85,94.5,0
IOT_00004325,FAC_04,MCH_18,63.38,2.835,95.2,7.9,69.8,1
IOT_00004326,FAC_01,MCH_95,47.63,1.371,78.7,2.9,83.1,0
IOT_00004327,FAC_02,MCH_27,52.94,1.903,124.3,5.07,97.2,0
IOT_00004328,FAC_01,MCH_57,85.29,3.747,110.1,4.03,99.8,0
IOT_00004329,FAC_02,MCH_25,72.09,0.167,137.0,3.96,60.0,0
IOT_00004330,FAC_03,MCH_56,54.79,3.684,61.3,7.78,70.8,1
IOT_00004331,FAC_04,MCH_29,60.51,5.083,25.5,6.69,93.1,0
IOT_00004332,FAC_04,MCH_16,55.42,5.705,24.6,3.7,98.8,0
IOT_00004333,FAC_01,MCH_96,49.51,4.327,19.1,6.05,69.6,0
IOT_00004334,FAC_03,MCH_93,47.8,4.76,48.2,6.01,82.1,0
IOT_00004335,FAC_04,MCH_40,65.94,0.451,112.2,4.45,78.4,0
IOT_00004336,FAC_04,MCH_14,90.85,1.21,146.5,5.37,106.7,0
IOT_00004337,FAC_03,MCH_28,57.79,4.566,56.5,4.84,63.6,0
IOT_00004338,FAC_02,MCH_81,69.8,4.541,60.5,4.73,71.5,0
IOT_00004339,FAC_02,MCH_45,89.56,3.514,58.7,2.79,109.2,1
IOT_00004340,FAC_02,MCH_29,67.6,6.162,125.0,4.43,89.8,0
IOT_00004341,FAC_02,MCH_94,51.59,0.584,69.5,6.18,73.7,1
IOT_00004342,FAC_02,MCH_75,74.45,4.831,102.2,3.8,79.5,0
IOT_00004343,FAC_05,MCH_26,61.8,0.956,69.8,6.21,89.0,0
IOT_00004344,FAC_04,MCH_57,59.8,1.063,140.1,3.18,100.6,0
IOT_00004345,FAC_04,MCH_91,35.89,5.078,112.2,5.35,80.3,0
IOT_00004346,FAC_04,MCH_67,68.04,2.752,17.6,4.29,102.8,0
IOT_00004347,FAC_04,MCH_74,64.98,1.43,103.3,7.58,82.5,0
IOT_00004348,FAC_02,MCH_72,51.65,3.758,25.3,3.35,87.4,0
IOT_00004349,FAC_01,MCH_77,87.9,1.098,48.3,4.81,94.6,0
IOT_00004350,FAC_03,MCH_66,42.07,0.871,109.2,6.51,88.2,0
IOT_00004351,FAC_03,MCH_34,75.55,4.749,75.7,3.55,93.8,0
IOT_00004352,FAC_01,MCH_87,69.9,2.012,44.4,4.22,75.9,0
IOT_00004353,FAC_03,MCH_94,71.19,5.805,85.7,3.33,59.9,1
IOT_00004354,FAC_03,MCH_49,55.0,4.45,44.1,6.66,68.0,0
IOT_00004355,FAC_05,MCH_85,51.25,1.845,139.9,4.78,99.9,0
IOT_00004356,FAC_03,MCH_98,76.14,1.12,35.6,7.1,93.5,0
IOT_00004357,FAC_01,MCH_64,60.56,4.355,71.8,6.18,56.9,0
IOT_00004358,FAC_04,MCH_92,83.73,3.375,136.2,7.64,103.4,0
IOT_00004359,FAC_02,MCH_28,61.69,3.042,12.9,7.92,104.5,0
IOT_00004360,FAC_01,MCH_45,55.06,2.355,54.0,7.57,86.9,0
IOT_00004361,FAC_05,MCH_40,48.08,4.885,75.5,6.98,75.2,0
IOT_00004362,FAC_03,MCH_82,62.54,0.828,64.2,2.66,109.9,0
IOT_00004363,FAC_01,MCH_75,44.63,2.368,25.9,6.33,60.1,0
IOT_00004364,FAC_05,MCH_82,78.2,0.704,26.8,6.16,82.6,0
IOT_00004365,FAC_02,MCH_85,62.99,5.153,143.7,6.74,59.3,1
IOT_00004366,FAC_03,MCH_29,87.61,5.925,144.5,5.77,108.7,0
IOT_00004367,FAC_01,MCH_22,71.71,2.024,30.1,5.63,64.8,0
IOT_00004368,FAC_04,MCH_48,48.27,3.795,149.2,7.33,62.3,0
IOT_00004369,FAC_01,MCH_97,65.16,3.691,80.6,7.66,89.4,0
IOT_00004370,FAC_02,MCH_42,51.16,4.039,28.4,6.61,108.8,0
IOT_00004371,FAC_05,MCH_31,64.71,5.077,129.1,7.97,80.3,0
IOT_00004372,FAC_03,MCH_80,94.47,6.188,94.5,3.23,98.2,0
IOT_00004373,FAC_04,MCH_99,50.9,5.058,17.3,6.79,72.8,0
IOT_00004374,FAC_05,MCH_66,45.71,6.29,57.9,7.05,90.7,0
IOT_00004375,FAC_01,MCH_97,78.53,5.675,77.2,7.22,62.5,0
IOT_00004376,FAC_03,MCH_60,88.51,3.403,43.4,3.28,55.4,0
IOT_00004377,FAC_04,MCH_42,73.61,6.199,44.2,7.1,66.3,0
IOT_00004378,FAC_05,MCH_86,88.61,0.512,24.6,7.54,64.7,0
IOT_00004379,FAC_05,MCH_48,55.9,3.57,108.5,5.42,55.7,0
IOT_00004380,FAC_03,MCH_12,41.47,3.432,56.8,6.86,70.4,0
IOT_00004381,FAC_01,MCH_37,88.65,0.546,13.8,2.88,105.6,0
IOT_00004382,FAC_05,MCH_92,68.81,0.255,58.6,5.98,99.1,0
IOT_00004383,FAC_04,MCH_31,88.54,1.987,139.6,6.77,96.8,0
IOT_00004384,FAC_05,MCH_61,62.35,5.645,120.8,2.73,73.3,0
IOT_00004385,FAC_01,MCH_20,67.25,2.232,131.5,6.03,70.4,0
IOT_00004386,FAC_03,MCH_89,52.75,6.084,106.4,2.82,83.0,0
IOT_00004387,FAC_05,MCH_59,64.97,0.343,116.4,3.73,60.1,0
IOT_00004388,FAC_03,MCH_57,58.7,5.739,113.8,3.33,70.0,0
IOT_00004389,FAC_03,MCH_57,65.65,0.508,104.7,7.26,83.4,0
IOT_00004390,FAC_04,MCH_99,78.56,0.745,99.7,5.31,92.5,0
IOT_00004391,FAC_01,MCH_12,50.76,3.762,141.9,7.7,96.0,0
IOT_00004392,FAC_05,MCH_38,35.65,2.986,128.3,6.77,87.8,0
IOT_00004393,FAC_01,MCH_47,78.21,5.913,125.6,5.87,72.7,0
IOT_00004394,FAC_05,MCH_86,58.01,3.941,20.2,6.48,67.0,0
IOT_00004395,FAC_03,MCH_84,83.23,2.854,24.8,2.57,102.7,0
IOT_00004396,FAC_05,MCH_61,55.72,5.479,137.9,4.89,102.9,0
IOT_00004397,FAC_04,MCH_81,38.0,0.476,56.5,2.81,76.4,0
IOT_00004398,FAC_03,MCH_91,80.48,5.343,117.5,5.75,60.0,0
IOT_00004399,FAC_02,MCH_24,41.99,3.672,34.0,3.53,96.4,0
IOT_00004400,FAC_04,MCH_69,65.44,0.824,131.2,3.41,88.8,0
IOT_00004401,FAC_04,MCH_78,88.25,5.476,51.3,3.28,55.9,0
IOT_00004402,FAC_04,MCH_71,68.57,3.044,125.1,5.5,89.1,0
IOT_00004403,FAC_03,MCH_85,59.64,0.269,135.5,3.58,85.4,0
IOT_00004404,FAC_02,MCH_70,49.0,3.358,27.9,6.45,100.0,0
IOT_00004405,FAC_04,MCH_53,65.27,2.642,103.1,2.67,107.7,0
IOT_00004406,FAC_01,MCH_37,86.06,0.233,40.9,6.3,104.7,0
IOT_00004407,FAC_03,MCH_81,61.11,3.324,132.8,3.94,95.2,0
IOT_00004408,FAC_02,MCH_57,90.65,3.035,95.0,3.46,81.6,0
IOT_00004409,FAC_01,MCH_56,35.27,6.318,73.2,4.37,66.7,0
IOT_00004410,FAC_04,MCH_34,90.04,5.791,16.2,5.63,95.7,0
IOT_00004411,FAC_02,MCH_39,40.64,4.034,146.1,7.7,69.2,1
IOT_00004412,FAC_02,MCH_55,86.06,2.564,41.3,3.81,74.0,0
IOT_00004413,FAC_04,MCH_56,41.12,1.171,89.9,7.52,57.1,0
IOT_00004414,FAC_03,MCH_75,79.84,5.816,50.5,7.39,87.7,0
IOT_00004415,FAC_01,MCH_68,79.98,0.245,55.6,5.61,67.5,0
IOT_00004416,FAC_05,MCH_29,52.62,4.469,107.9,6.07,75.7,0
IOT_00004417,FAC_02,MCH_22,94.45,0.287,16.3,6.91,66.5,0
IOT_00004418,FAC_01,MCH_53,51.99,3.973,142.2,7.33,81.9,0
IOT_00004419,FAC_01,MCH_15,94.63,4.991,97.1,6.48,61.3,0
IOT_00004420,FAC_03,MCH_81,74.5,1.328,66.9,4.31,84.8,0
IOT_00004421,FAC_04,MCH_45,37.6,0.327,120.2,2.56,109.1,0
IOT_00004422,FAC_04,MCH_57,64.72,0.909,75.5,6.66,95.9,0
IOT_00004423,FAC_02,MCH_14,41.17,0.321,17.0,7.49,70.4,0
IOT_00004424,FAC_01,MCH_63,72.37,4.653,19.8,4.27,78.4,0
IOT_00004425,FAC_03,MCH_12,36.83,4.525,109.7,6.31,80.0,0
IOT_00004426,FAC_04,MCH_72,42.06,4.831,131.5,5.61,91.5,0
IOT_00004427,FAC_01,MCH_30,52.51,3.817,18.5,4.06,76.5,0
IOT_00004428,FAC_04,MCH_25,41.67,4.154,48.9,2.58,102.2,0
IOT_00004429,FAC_01,MCH_39,64.76,4.244,121.5,7.75,61.1,0
IOT_00004430,FAC_01,MCH_61,46.81,2.77,32.2,5.26,101.9,0
IOT_00004431,FAC_02,MCH_82,91.53,2.52,116.0,7.59,90.8,0
IOT_00004432,FAC_03,MCH_92,35.77,2.158,68.9,3.65,84.6,0
IOT_00004433,FAC_05,MCH_59,69.73,5.957,112.5,4.59,84.0,0
IOT_00004434,FAC_04,MCH_71,87.88,5.393,121.7,7.74,63.8,0
IOT_00004435,FAC_05,MCH_26,72.3,4.127,136.6,7.72,76.3,0
IOT_00004436,FAC_01,MCH_77,94.93,1.191,51.3,3.09,101.6,0
IOT_00004437,FAC_02,MCH_25,68.5,5.864,63.3,7.95,108.1,0
IOT_00004438,FAC_02,MCH_65,43.25,2.25,52.7,5.05,58.6,0
IOT_00004439,FAC_02,MCH_58,84.73,3.723,18.6,3.18,77.5,0
IOT_00004440,FAC_02,MCH_31,93.36,1.517,69.3,7.69,71.5,1
IOT_00004441,FAC_01,MCH_18,66.44,4.46,133.3,3.36,61.4,0
IOT_00004442,FAC_03,MCH_90,94.36,2.026,28.3,7.68,62.4,0
IOT_00004443,FAC_03,MCH_84,45.8,5.212,98.8,4.87,104.5,0
IOT_00004444,FAC_02,MCH_61,46.43,5.922,61.0,4.04,81.0,0
IOT_00004445,FAC_02,MCH_84,91.56,2.508,80.6,3.32,79.7,0
IOT_00004446,FAC_01,MCH_47,57.53,2.5,52.5,4.54,64.5,0
IOT_00004447,FAC_03,MCH_64,39.95,3.139,14.9,6.4,87.9,0
IOT_00004448,FAC_04,MCH_38,36.35,3.336,59.7,2.7,90.6,0
IOT_00004449,FAC_05,MCH_69,71.73,2.888,54.9,5.65,103.3,0
IOT_00004450,FAC_04,MCH_69,77.3,1.025,72.6,5.44,69.8,0
IOT_00004451,FAC_01,MCH_36,77.01,0.718,44.6,6.82,77.4,0
IOT_00004452,FAC_04,MCH_48,60.66,3.273,133.8,7.12,83.7,0
IOT_00004453,FAC_04,MCH_97,56.85,1.462,30.1,7.81,73.5,0
IOT_00004454,FAC_05,MCH_72,54.06,6.019,137.7,6.45,67.0,0
IOT_00004455,FAC_05,MCH_69,60.2,6.334,64.7,3.22,76.4,0
IOT_00004456,FAC_04,MCH_41,67.12,4.058,124.7,2.91,56.4,0
IOT_00004457,FAC_03,MCH_42,89.68,5.283,22.0,2.75,87.6,0
IOT_00004458,FAC_01,MCH_25,85.89,2.996,69.4,6.63,79.9,0
IOT_00004459,FAC_04,MCH_90,37.45,0.423,119.1,6.83,63.4,1
IOT_00004460,FAC_02,MCH_94,61.45,0.447,37.0,5.72,77.7,1
IOT_00004461,FAC_01,MCH_88,73.11,1.932,86.9,6.25,108.0,0
IOT_00004462,FAC_03,MCH_82,60.5,4.857,38.0,4.61,76.1,0
IOT_00004463,FAC_02,MCH_74,49.14,2.334,18.4,6.42,101.5,0
IOT_00004464,FAC_01,MCH_72,61.51,3.958,128.5,6.65,100.9,0
IOT_00004465,FAC_02,MCH_45,60.62,6.144,44.0,6.98,70.6,0
IOT_00004466,FAC_01,MCH_63,64.72,3.163,109.6,4.99,73.4,0
IOT_00004467,FAC_04,MCH_22,71.21,0.17,112.6,2.84,74.5,0
IOT_00004468,FAC_01,MCH_60,80.15,4.354,148.0,3.38,87.2,0
IOT_00004469,FAC_02,MCH_79,38.05,4.835,38.0,6.15,100.4,0
IOT_00004470,FAC_01,MCH_85,57.96,5.718,50.8,6.33,97.3,0
IOT_00004471,FAC_03,MCH_89,52.6,1.949,116.7,7.32,56.3,0
IOT_00004472,FAC_03,MCH_20,56.14,2.257,118.8,7.29,78.4,1
IOT_00004473,FAC_03,MCH_37,35.11,4.698,63.4,4.64,85.6,0
IOT_00004474,FAC_04,MCH_71,65.41,0.974,84.3,7.11,77.0,1
IOT_00004475,FAC_05,MCH_74,86.48,6.187,49.3,7.26,63.0,0
IOT_00004476,FAC_01,MCH_65,89.59,1.573,89.6,5.59,63.6,0
IOT_00004477,FAC_04,MCH_67,75.19,0.764,137.9,7.07,101.0,0
IOT_00004478,FAC_04,MCH_94,67.94,1.645,93.0,5.63,65.2,1
IOT_00004479,FAC_04,MCH_91,87.13,2.337,118.2,3.76,72.8,0
IOT_00004480,FAC_04,MCH_23,51.06,2.556,31.3,7.49,74.0,0
IOT_00004481,FAC_02,MCH_53,67.71,5.795,100.4,5.08,97.1,0
IOT_00004482,FAC_01,MCH_14,87.67,3.633,88.4,6.7,105.8,0
IOT_00004483,FAC_01,MCH_43,84.77,0.307,60.0,7.47,67.7,0
IOT_00004484,FAC_05,MCH_54,71.55,2.374,70.4,5.87,74.4,0
IOT_00004485,FAC_01,MCH_44,69.02,1.723,107.0,7.06,87.2,0
IOT_00004486,FAC_03,MCH_59,83.07,0.202,107.2,5.31,78.4,0
IOT_00004487,FAC_04,MCH_17,59.48,2.278,117.0,2.66,76.3,0
IOT_00004488,FAC_01,MCH_57,89.13,5.917,23.2,4.48,64.0,0
IOT_00004489,FAC_05,MCH_92,83.52,5.847,21.3,3.82,58.2,0
IOT_00004490,FAC_03,MCH_81,46.97,5.923,145.4,4.39,73.7,0
IOT_00004491,FAC_01,MCH_25,89.09,1.252,41.6,7.97,105.7,0
IOT_00004492,FAC_04,MCH_11,71.33,2.783,148.3,6.11,67.1,0
IOT_00004493,FAC_02,MCH_64,78.63,2.85,133.4,2.64,108.3,0
IOT_00004494,FAC_03,MCH_97,54.24,4.45,26.9,7.7,69.9,0
IOT_00004495,FAC_02,MCH_49,59.15,2.25,17.6,2.64,103.6,0
IOT_00004496,FAC_02,MCH_55,70.94,2.975,127.0,7.71,95.7,0
IOT_00004497,FAC_05,MCH_70,66.98,2.463,80.5,5.8,60.5,0
IOT_00004498,FAC_05,MCH_81,39.75,2.491,139.8,4.06,78.5,0
IOT_00004499,FAC_01,MCH_97,69.33,0.426,148.2,5.9,63.4,0
IOT_00004500,FAC_02,MCH_44,80.62,2.025,30.8,6.11,81.0,0
IOT_00004501,FAC_03,MCH_13,46.66,4.638,35.4,2.67,82.0,0
IOT_00004502,FAC_04,MCH_41,84.01,2.936,131.8,4.72,72.6,0
IOT_00004503,FAC_03,MCH_65,73.95,4.737,128.5,5.43,109.0,0
IOT_00004504,FAC_05,MCH_53,79.69,2.223,133.3,7.49,57.1,0
IOT_00004505,FAC_02,MCH_72,43.16,2.141,85.4,7.66,63.3,0
IOT_00004506,FAC_03,MCH_30,60.09,3.438,119.2,7.59,85.2,0
IOT_00004507,FAC_01,MCH_64,52.35,2.6,115.4,7.0,77.2,0
IOT_00004508,FAC_02,MCH_38,74.04,0.46,22.2,3.94,61.6,0
IOT_00004509,FAC_04,MCH_77,51.43,3.983,118.3,5.23,81.9,0
IOT_00004510,FAC_05,MCH_45,93.71,1.369,34.5,7.67,78.4,0
IOT_00004511,FAC_05,MCH_97,75.36,1.382,139.9,5.88,61.1,0
IOT_00004512,FAC_05,MCH_55,56.4,4.431,87.1,4.29,84.3,0
IOT_00004513,FAC_05,MCH_70,65.25,4.163,49.5,7.07,66.8,0
IOT_00004514,FAC_04,MCH_81,63.81,4.224,143.3,7.17,84.5,0
IOT_00004515,FAC_01,MCH_37,64.48,2.931,110.3,2.51,85.4,0
IOT_00004516,FAC_04,MCH_24,56.11,3.529,37.0,3.05,84.8,0
IOT_00004517,FAC_03,MCH_25,39.13,1.33,130.1,4.96,60.8,0
IOT_00004518,FAC_03,MCH_93,73.78,2.691,99.0,2.6,104.1,0
IOT_00004519,FAC_03,MCH_32,57.86,3.283,13.4,4.22,82.9,0
IOT_00004520,FAC_03,MCH_58,66.06,3.866,48.9,5.12,89.6,0
IOT_00004521,FAC_03,MCH_91,42.27,3.596,55.9,7.62,84.6,0
IOT_00004522,FAC_04,MCH_51,92.06,3.057,46.5,3.65,71.4,0
IOT_00004523,FAC_02,MCH_92,38.73,1.755,81.2,5.77,105.6,0
IOT_00004524,FAC_05,MCH_65,86.34,3.616,129.5,4.67,86.8,0
IOT_00004525,FAC_01,MCH_94,82.23,6.015,101.9,5.86,69.9,0
IOT_00004526,FAC_03,MCH_17,48.11,4.286,78.2,3.96,81.5,0
IOT_00004527,FAC_04,MCH_88,78.15,1.287,49.4,3.23,72.7,0
IOT_00004528,FAC_05,MCH_31,43.62,0.536,141.6,7.02,101.1,1
IOT_00004529,FAC_04,MCH_75,92.83,1.891,100.5,3.02,77.9,0
IOT_00004530,FAC_02,MCH_74,52.91,4.32,32.8,6.34,109.7,0
IOT_00004531,FAC_02,MCH_89,76.84,4.636,113.1,5.11,89.4,0
IOT_00004532,FAC_03,MCH_81,74.14,3.567,135.2,7.41,91.7,0
IOT_00004533,FAC_05,MCH_12,92.04,0.7,59.7,6.83,61.4,0
IOT_00004534,FAC_01,MCH_36,74.4,2.498,98.4,3.03,78.7,0
IOT_00004535,FAC_01,MCH_36,89.4,1.0,144.4,6.56,63.3,1
IOT_00004536,FAC_03,MCH_31,46.33,0.549,117.2,6.28,93.3,0
IOT_00004537,FAC_02,MCH_32,37.34,1.129,65.7,7.21,75.8,0
IOT_00004538,FAC_04,MCH_65,64.57,1.096,104.8,5.51,58.4,1
IOT_00004539,FAC_04,MCH_52,85.12,2.198,43.2,3.72,59.8,0
IOT_00004540,FAC_03,MCH_14,45.31,3.605,96.5,4.29,76.7,0
IOT_00004541,FAC_04,MCH_77,57.46,2.613,41.6,5.07,92.9,0
IOT_00004542,FAC_01,MCH_53,49.35,6.463,91.0,4.72,67.2,0
IOT_00004543,FAC_05,MCH_12,59.37,3.413,146.5,4.17,104.3,0
IOT_00004544,FAC_05,MCH_20,53.65,5.659,35.0,5.8,67.6,0
IOT_00004545,FAC_05,MCH_25,79.03,3.704,18.7,4.89,75.0,1
IOT_00004546,FAC_04,MCH_58,74.32,4.071,143.0,7.82,96.1,0
IOT_00004547,FAC_01,MCH_94,38.2,2.561,123.0,5.69,57.8,0
IOT_00004548,FAC_05,MCH_61,80.46,2.965,16.1,4.8,100.6,0
IOT_00004549,FAC_02,MCH_83,55.36,1.417,117.7,4.57,103.9,0
IOT_00004550,FAC_02,MCH_43,67.02,0.436,66.1,5.06,85.8,0
IOT_00004551,FAC_01,MCH_34,89.53,1.799,57.5,5.32,76.2,0
IOT_00004552,FAC_02,MCH_71,73.42,2.826,67.3,7.03,88.3,1
IOT_00004553,FAC_02,MCH_64,36.16,5.467,38.2,2.84,103.7,0
IOT_00004554,FAC_05,MCH_14,41.43,0.393,68.3,6.15,95.7,0
IOT_00004555,FAC_02,MCH_71,72.85,4.352,80.1,2.85,104.7,0
IOT_00004556,FAC_01,MCH_67,37.0,5.822,73.5,4.7,80.0,0
IOT_00004557,FAC_02,MCH_93,87.31,0.232,81.3,5.71,90.9,0
IOT_00004558,FAC_05,MCH_62,53.46,6.148,100.1,5.26,103.8,0
IOT_00004559,FAC_04,MCH_54,59.22,1.343,44.4,4.92,61.5,0
IOT_00004560,FAC_03,MCH_29,53.33,4.251,29.0,2.83,63.2,0
IOT_00004561,FAC_01,MCH_51,50.87,3.075,135.8,6.55,74.2,0
IOT_00004562,FAC_02,MCH_28,49.82,2.351,131.0,3.45,104.6,0
IOT_00004563,FAC_05,MCH_23,76.53,5.612,19.9,4.47,65.5,0
IOT_00004564,FAC_04,MCH_11,74.23,5.613,85.7,6.64,92.3,0
IOT_00004565,FAC_05,MCH_20,38.67,1.919,143.2,7.91,69.3,0
IOT_00004566,FAC_04,MCH_55,35.96,5.87,14.2,4.01,58.6,0
IOT_00004567,FAC_03,MCH_82,43.68,3.368,127.8,7.37,80.8,0
IOT_00004568,FAC_01,MCH_37,73.19,1.529,122.2,7.26,82.1,0
IOT_00004569,FAC_05,MCH_29,70.62,2.223,88.8,5.66,87.1,0
IOT_00004570,FAC_03,MCH_94,45.94,6.325,138.1,5.65,73.6,0
IOT_00004571,FAC_02,MCH_40,49.96,4.046,49.3,3.86,79.1,0
IOT_00004572,FAC_04,MCH_46,64.63,2.163,140.9,6.46,89.2,0
IOT_00004573,FAC_02,MCH_13,84.46,0.576,87.0,2.91,60.1,1
IOT_00004574,FAC_02,MCH_21,54.63,2.849,59.2,4.34,56.8,0
IOT_00004575,FAC_01,MCH_91,84.52,5.397,23.6,3.46,108.5,0
IOT_00004576,FAC_05,MCH_29,36.41,1.506,51.4,3.24,59.8,0
IOT_00004577,FAC_05,MCH_39,93.46,2.622,26.6,5.5,70.2,0
IOT_00004578,FAC_04,MCH_17,53.81,4.424,130.9,5.58,97.6,0
IOT_00004579,FAC_03,MCH_25,73.07,2.566,19.4,3.14,98.1,0
IOT_00004580,FAC_04,MCH_28,86.1,5.763,87.8,2.61,102.9,0
IOT_00004581,FAC_02,MCH_99,49.25,5.983,121.6,3.79,95.6,0
IOT_00004582,FAC_04,MCH_95,68.43,5.442,112.5,4.41,79.0,0
IOT_00004583,FAC_05,MCH_46,77.63,2.842,122.0,7.33,63.5,1
IOT_00004584,FAC_05,MCH_55,63.59,3.669,130.5,3.41,70.4,0
IOT_00004585,FAC_04,MCH_32,84.76,1.028,35.8,7.89,80.2,0
IOT_00004586,FAC_02,MCH_82,92.75,1.891,76.1,6.01,86.9,0
IOT_00004587,FAC_04,MCH_52,56.17,5.272,92.1,5.38,87.1,1
IOT_00004588,FAC_05,MCH_18,90.52,0.299,69.4,3.38,64.1,0
IOT_00004589,FAC_05,MCH_50,50.8,2.704,45.2,5.62,85.2,0
IOT_00004590,FAC_04,MCH_95,76.0,0.274,16.7,3.28,89.8,0
IOT_00004591,FAC_05,MCH_69,37.47,0.653,99.4,3.14,69.8,0
IOT_00004592,FAC_05,MCH_54,69.04,6.145,40.9,4.92,66.6,0
IOT_00004593,FAC_04,MCH_85,46.68,2.103,85.0,6.37,81.1,0
IOT_00004594,FAC_03,MCH_99,37.78,2.39,40.6,4.26,85.0,0
IOT_00004595,FAC_03,MCH_41,88.98,0.579,76.5,5.38,77.4,0
IOT_00004596,FAC_02,MCH_67,74.53,5.014,60.3,6.62,84.0,1
IOT_00004597,FAC_01,MCH_54,65.62,0.849,76.4,5.62,93.0,0
IOT_00004598,FAC_03,MCH_70,77.66,0.757,57.4,3.24,62.3,0
IOT_00004599,FAC_02,MCH_78,72.03,4.876,31.3,3.77,82.0,1
IOT_00004600,FAC_02,MCH_28,56.95,2.869,35.7,6.71,64.9,0
IOT_00004601,FAC_03,MCH_52,90.04,2.333,51.8,6.72,105.5,0
IOT_00004602,FAC_05,MCH_29,46.58,3.688,99.6,4.99,102.2,0
IOT_00004603,FAC_04,MCH_84,74.99,1.2,63.7,3.1,107.9,0
IOT_00004604,FAC_01,MCH_56,91.29,1.684,140.2,7.76,59.6,0
IOT_00004605,FAC_02,MCH_29,48.77,1.186,149.6,7.77,91.0,0
IOT_00004606,FAC_01,MCH_57,41.85,1.812,114.0,5.69,79.7,0
IOT_00004607,FAC_01,MCH_19,55.51,5.712,74.7,3.39,62.7,0
IOT_00004608,FAC_01,MCH_60,67.02,5.501,33.0,2.84,102.1,0
IOT_00004609,FAC_03,MCH_11,43.18,4.019,52.3,7.48,108.9,0
IOT_00004610,FAC_03,MCH_56,76.05,4.099,56.7,4.87,106.3,0
IOT_00004611,FAC_02,MCH_65,79.92,5.25,103.8,5.03,80.1,0
IOT_00004612,FAC_05,MCH_47,51.22,4.366,106.7,7.8,103.2,0
IOT_00004613,FAC_02,MCH_72,78.42,1.528,135.1,4.71,101.8,0
IOT_00004614,FAC_02,MCH_52,48.25,3.83,105.6,5.33,58.3,0
IOT_00004615,FAC_05,MCH_40,67.82,1.109,25.6,7.82,99.5,0
IOT_00004616,FAC_01,MCH_19,81.7,2.41,146.4,6.19,75.0,0
IOT_00004617,FAC_02,MCH_63,38.77,3.424,100.9,7.02,101.5,0
IOT_00004618,FAC_03,MCH_50,90.61,3.853,68.5,5.37,66.7,0
IOT_00004619,FAC_02,MCH_55,43.05,4.242,91.3,3.11,96.7,1
IOT_00004620,FAC_05,MCH_77,73.89,0.573,25.7,7.73,98.2,1
IOT_00004621,FAC_03,MCH_46,49.08,6.405,34.7,5.11,106.6,0
IOT_00004622,FAC_04,MCH_84,66.73,2.633,73.2,3.45,76.6,1
IOT_00004623,FAC_02,MCH_46,39.11,3.857,126.8,7.55,84.8,0
IOT_00004624,FAC_05,MCH_69,39.17,3.351,106.9,5.42,106.6,0
IOT_00004625,FAC_01,MCH_97,36.34,1.107,137.1,5.18,96.9,0
IOT_00004626,FAC_01,MCH_51,47.19,1.022,99.3,7.56,90.4,0
IOT_00004627,FAC_02,MCH_65,36.23,2.418,145.4,6.39,72.7,0
IOT_00004628,FAC_01,MCH_20,69.72,2.308,94.5,5.31,74.1,0
IOT_00004629,FAC_04,MCH_43,92.78,1.998,59.4,5.11,101.6,0
IOT_00004630,FAC_05,MCH_35,52.85,6.29,126.0,3.65,61.6,0
IOT_00004631,FAC_04,MCH_46,66.99,2.119,109.4,3.27,86.5,0
IOT_00004632,FAC_03,MCH_94,75.24,2.789,92.4,5.39,79.7,0
IOT_00004633,FAC_05,MCH_84,89.0,1.781,26.9,5.95,93.8,1
IOT_00004634,FAC_02,MCH_55,40.06,3.653,83.5,3.82,63.2,0
IOT_00004635,FAC_01,MCH_61,44.13,5.499,93.0,7.96,80.3,0
IOT_00004636,FAC_05,MCH_21,49.88,1.448,53.1,3.79,67.2,0
IOT_00004637,FAC_03,MCH_69,90.32,0.202,67.8,3.99,105.2,1
IOT_00004638,FAC_01,MCH_55,36.18,4.179,13.3,7.57,67.9,0
IOT_00004639,FAC_02,MCH_72,67.51,1.731,134.8,5.59,67.4,0
IOT_00004640,FAC_05,MCH_71,37.83,0.584,26.2,5.78,84.3,0
IOT_00004641,FAC_03,MCH_69,67.92,5.533,102.9,6.27,73.2,0
IOT_00004642,FAC_03,MCH_47,70.6,1.608,81.1,3.7,101.4,0
IOT_00004643,FAC_02,MCH_85,69.49,4.676,99.8,7.95,93.5,0
IOT_00004644,FAC_02,MCH_38,82.52,0.576,38.9,6.95,109.2,0
IOT_00004645,FAC_03,MCH_60,90.46,6.19,145.6,7.43,107.4,0
IOT_00004646,FAC_04,MCH_33,70.22,1.342,49.4,5.6,91.8,0
IOT_00004647,FAC_04,MCH_87,52.59,2.706,93.2,5.14,86.7,0
IOT_00004648,FAC_02,MCH_17,80.22,6.422,58.7,5.43,84.5,0
IOT_00004649,FAC_03,MCH_22,37.94,3.154,16.1,4.44,57.9,0
IOT_00004650,FAC_05,MCH_72,90.82,2.715,116.1,6.26,90.3,0
IOT_00004651,FAC_02,MCH_64,79.1,4.724,117.3,7.35,60.3,0
IOT_00004652,FAC_05,MCH_13,48.55,4.456,58.7,5.72,58.1,0
IOT_00004653,FAC_01,MCH_73,35.84,4.495,71.9,7.45,101.1,0
IOT_00004654,FAC_02,MCH_89,53.26,3.504,119.1,7.24,67.1,1
IOT_00004655,FAC_01,MCH_38,88.62,4.253,143.7,4.81,94.7,0
IOT_00004656,FAC_03,MCH_88,48.6,6.136,26.8,7.05,86.4,0
IOT_00004657,FAC_01,MCH_46,37.04,4.161,110.9,4.14,101.6,0
IOT_00004658,FAC_01,MCH_67,90.52,4.063,78.6,7.02,72.7,1
IOT_00004659,FAC_04,MCH_56,54.19,6.208,109.7,4.49,93.3,0
IOT_00004660,FAC_04,MCH_78,50.19,3.573,143.9,7.13,79.1,0
IOT_00004661,FAC_01,MCH_15,60.61,1.925,12.3,5.19,88.3,0
IOT_00004662,FAC_04,MCH_82,42.97,0.646,101.0,6.85,62.7,0
IOT_00004663,FAC_02,MCH_56,72.28,5.285,73.2,7.27,84.3,0
IOT_00004664,FAC_02,MCH_60,90.3,5.837,119.1,4.34,83.0,0
IOT_00004665,FAC_02,MCH_18,43.3,0.715,106.4,5.21,80.8,0
IOT_00004666,FAC_05,MCH_33,50.67,6.15,46.5,7.53,72.5,0
IOT_00004667,FAC_05,MCH_35,64.88,4.73,15.5,6.12,55.1,0
IOT_00004668,FAC_02,MCH_61,93.42,0.469,12.7,4.32,67.0,0
IOT_00004669,FAC_01,MCH_43,69.65,5.691,85.3,7.88,86.9,0
IOT_00004670,FAC_04,MCH_11,84.14,0.395,128.5,6.24,69.0,0
IOT_00004671,FAC_01,MCH_90,72.71,4.392,31.0,7.88,98.9,0
IOT_00004672,FAC_04,MCH_36,88.17,0.754,140.3,6.22,74.9,0
IOT_00004673,FAC_04,MCH_86,93.16,3.512,22.2,5.17,88.4,0
IOT_00004674,FAC_03,MCH_44,50.21,1.778,70.4,3.15,95.6,0
IOT_00004675,FAC_02,MCH_16,49.12,0.598,38.5,7.94,80.3,0
IOT_00004676,FAC_01,MCH_56,74.31,1.677,122.1,2.88,56.9,0
IOT_00004677,FAC_04,MCH_34,60.6,5.83,84.6,3.6,101.1,0
IOT_00004678,FAC_03,MCH_47,58.52,1.74,54.4,6.81,67.0,0
IOT_00004679,FAC_05,MCH_84,83.16,2.994,142.2,4.49,94.4,0
IOT_00004680,FAC_01,MCH_51,84.96,1.415,86.1,7.79,108.1,0
IOT_00004681,FAC_04,MCH_98,68.6,5.978,133.2,4.28,67.6,1
IOT_00004682,FAC_05,MCH_84,54.72,6.37,114.9,5.57,79.0,0
IOT_00004683,FAC_02,MCH_29,51.49,2.177,107.4,3.32,61.3,0
IOT_00004684,FAC_02,MCH_20,73.62,3.23,106.2,3.91,65.3,0
IOT_00004685,FAC_01,MCH_74,89.9,3.791,66.8,7.33,65.8,0
IOT_00004686,FAC_04,MCH_97,59.85,4.091,129.1,6.24,72.7,0
IOT_00004687,FAC_04,MCH_82,55.93,3.061,50.2,2.96,81.2,0
IOT_00004688,FAC_04,MCH_84,36.33,2.27,14.5,4.33,77.1,0
IOT_00004689,FAC_02,MCH_60,35.74,0.117,130.7,5.95,88.7,0
IOT_00004690,FAC_02,MCH_77,50.81,5.106,64.2,7.36,99.3,0
IOT_00004691,FAC_04,MCH_73,77.9,5.565,39.5,7.51,102.9,1
IOT_00004692,FAC_03,MCH_60,88.97,0.746,133.8,3.24,101.9,0
IOT_00004693,FAC_02,MCH_49,40.39,3.564,81.7,4.29,99.4,0
IOT_00004694,FAC_03,MCH_45,80.99,4.049,103.8,6.53,62.0,0
IOT_00004695,FAC_02,MCH_85,88.73,1.849,33.9,6.69,83.8,0
IOT_00004696,FAC_02,MCH_91,59.4,0.863,148.4,4.59,74.6,0
IOT_00004697,FAC_05,MCH_32,64.26,2.941,13.1,5.07,66.6,0
IOT_00004698,FAC_02,MCH_94,79.62,1.443,43.5,7.14,102.1,0
IOT_00004699,FAC_04,MCH_28,88.47,2.519,120.5,7.96,79.1,1
IOT_00004700,FAC_03,MCH_29,82.25,0.144,30.1,5.72,60.5,0
IOT_00004701,FAC_01,MCH_60,80.1,5.429,12.0,6.88,102.3,0
IOT_00004702,FAC_05,MCH_17,36.88,0.624,86.6,3.14,70.8,0
IOT_00004703,FAC_02,MCH_16,43.75,2.12,27.6,7.35,57.7,0
IOT_00004704,FAC_05,MCH_34,65.54,6.241,87.9,2.96,59.2,0
IOT_00004705,FAC_05,MCH_39,51.3,1.253,104.7,6.62,101.9,1
IOT_00004706,FAC_02,MCH_67,84.78,6.28,105.8,6.72,90.0,0
IOT_00004707,FAC_01,MCH_88,82.46,3.124,104.8,7.64,93.7,0
IOT_00004708,FAC_05,MCH_30,68.65,2.042,33.8,4.1,87.9,0
IOT_00004709,FAC_01,MCH_99,42.62,3.285,41.2,7.9,80.0,0
IOT_00004710,FAC_04,MCH_66,90.88,1.581,65.9,6.15,60.5,0
IOT_00004711,FAC_02,MCH_24,77.64,5.888,95.6,3.86,108.8,0
IOT_00004712,FAC_04,MCH_98,68.22,2.927,16.7,5.16,77.1,0
IOT_00004713,FAC_05,MCH_44,45.49,2.099,92.2,3.59,82.7,0
IOT_00004714,FAC_05,MCH_29,38.52,2.581,84.4,6.16,94.1,0
IOT_00004715,FAC_02,MCH_39,89.35,3.111,14.0,4.11,108.5,0
IOT_00004716,FAC_04,MCH_41,79.48,3.414,86.6,3.26,74.8,0
IOT_00004717,FAC_02,MCH_67,59.13,4.351,132.0,7.11,58.1,0
IOT_00004718,FAC_04,MCH_90,94.22,4.035,91.5,3.99,106.3,0
IOT_00004719,FAC_05,MCH_29,78.33,1.385,147.3,3.96,100.3,0
IOT_00004720,FAC_01,MCH_18,46.24,3.698,123.9,4.93,109.0,0
IOT_00004721,FAC_05,MCH_65,61.6,5.274,83.0,2.53,99.6,0
IOT_00004722,FAC_04,MCH_74,59.35,0.919,96.9,7.74,102.7,0
IOT_00004723,FAC_04,MCH_48,91.9,4.362,44.4,2.59,85.3,0
IOT_00004724,FAC_02,MCH_74,65.78,1.548,135.1,5.67,100.9,0
IOT_00004725,FAC_01,MCH_22,91.65,1.71,56.4,3.99,85.9,0
IOT_00004726,FAC_03,MCH_66,58.86,4.631,119.3,7.69,104.7,0
IOT_00004727,FAC_03,MCH_87,44.35,5.939,95.2,7.53,92.9,0
IOT_00004728,FAC_01,MCH_52,78.24,2.548,123.4,4.11,58.6,0
IOT_00004729,FAC_04,MCH_67,44.75,2.651,144.8,5.09,70.0,0
IOT_00004730,FAC_03,MCH_37,41.97,0.957,20.5,3.47,82.9,0
IOT_00004731,FAC_04,MCH_20,82.92,6.458,126.0,5.17,83.8,0
IOT_00004732,FAC_03,MCH_38,82.63,6.363,44.6,3.14,67.0,1
IOT_00004733,FAC_05,MCH_89,86.85,4.4,47.7,6.41,90.5,0
IOT_00004734,FAC_01,MCH_78,88.27,5.206,32.6,6.26,68.1,0
IOT_00004735,FAC_01,MCH_22,75.44,3.464,32.6,3.87,66.1,1
IOT_00004736,FAC_05,MCH_14,49.24,2.023,95.2,4.89,109.0,0
IOT_00004737,FAC_04,MCH_87,89.36,2.491,145.7,3.64,78.1,0
IOT_00004738,FAC_01,MCH_95,48.74,3.158,45.1,4.8,66.5,0
IOT_00004739,FAC_03,MCH_92,63.43,5.262,110.7,4.5,108.9,0
IOT_00004740,FAC_01,MCH_28,83.41,1.638,21.3,6.12,96.7,0
IOT_00004741,FAC_04,MCH_71,84.49,1.07,57.0,3.45,84.8,1
IOT_00004742,FAC_03,MCH_12,92.43,5.887,111.0,3.32,61.1,0
IOT_00004743,FAC_05,MCH_84,37.55,2.523,34.2,3.22,63.4,0
IOT_00004744,FAC_03,MCH_22,62.76,3.519,63.5,4.02,84.5,0
IOT_00004745,FAC_04,MCH_16,55.53,0.761,92.1,7.81,79.5,0
IOT_00004746,FAC_03,MCH_95,71.91,6.114,14.4,3.27,90.6,0
IOT_00004747,FAC_04,MCH_86,49.91,4.372,79.7,6.01,101.0,1
IOT_00004748,FAC_05,MCH_72,62.87,3.224,60.1,6.66,109.0,0
IOT_00004749,FAC_01,MCH_39,78.06,1.051,27.3,5.07,99.6,0
IOT_00004750,FAC_03,MCH_32,81.08,2.32,82.4,2.99,63.8,0
IOT_00004751,FAC_04,MCH_77,83.21,3.324,124.7,3.09,86.7,0
IOT_00004752,FAC_02,MCH_62,81.85,4.642,58.3,6.18,66.9,0
IOT_00004753,FAC_01,MCH_77,37.54,5.326,26.0,7.89,99.6,0
IOT_00004754,FAC_02,MCH_35,93.65,3.811,12.0,4.24,85.6,0
IOT_00004755,FAC_05,MCH_64,71.35,2.763,128.7,6.14,69.5,0
IOT_00004756,FAC_03,MCH_65,57.34,0.655,47.7,5.84,105.3,0
IOT_00004757,FAC_02,MCH_56,46.74,1.544,108.1,7.21,88.4,0
IOT_00004758,FAC_02,MCH_99,47.68,2.75,130.7,4.73,55.8,0
IOT_00004759,FAC_05,MCH_16,54.05,4.938,98.5,3.24,77.3,1
IOT_00004760,FAC_03,MCH_41,51.64,3.114,57.4,6.29,107.5,1
IOT_00004761,FAC_03,MCH_97,82.46,3.035,30.6,7.4,83.6,0
IOT_00004762,FAC_04,MCH_82,82.13,2.72,148.3,3.31,84.0,0
IOT_00004763,FAC_02,MCH_74,51.5,4.633,71.6,2.62,80.6,0
IOT_00004764,FAC_04,MCH_39,88.48,1.744,122.2,3.23,107.0,0
IOT_00004765,FAC_01,MCH_99,40.89,3.381,102.2,3.15,86.8,0
IOT_00004766,FAC_04,MCH_62,49.07,0.834,32.0,7.94,59.5,0
IOT_00004767,FAC_04,MCH_39,56.01,3.986,77.4,5.57,57.1,0
IOT_00004768,FAC_03,MCH_46,44.5,4.356,127.6,7.65,78.5,0
IOT_00004769,FAC_05,MCH_59,51.46,2.575,74.9,3.73,97.2,0
IOT_00004770,FAC_03,MCH_15,80.28,5.917,87.3,4.47,56.7,0
IOT_00004771,FAC_05,MCH_88,62.25,0.936,70.1,6.63,71.1,0
IOT_00004772,FAC_02,MCH_24,42.99,1.672,115.3,7.27,109.5,0
IOT_00004773,FAC_04,MCH_23,48.85,3.936,118.5,6.03,66.6,0
IOT_00004774,FAC_01,MCH_84,83.95,4.504,125.3,3.66,63.9,0
IOT_00004775,FAC_03,MCH_20,53.47,5.018,49.0,5.68,97.5,0
IOT_00004776,FAC_05,MCH_86,80.19,1.31,14.6,6.18,78.6,0
IOT_00004777,FAC_04,MCH_67,40.81,3.195,133.4,7.84,81.7,0
IOT_00004778,FAC_03,MCH_49,87.23,2.285,30.1,3.23,85.7,0
IOT_00004779,FAC_03,MCH_64,71.4,0.482,30.1,3.34,70.8,0
IOT_00004780,FAC_04,MCH_91,90.55,4.993,129.5,3.3,66.6,0
IOT_00004781,FAC_04,MCH_30,71.96,5.35,107.7,3.51,72.2,0
IOT_00004782,FAC_04,MCH_16,86.55,3.923,12.7,6.04,101.5,0
IOT_00004783,FAC_04,MCH_23,58.79,5.553,137.7,4.52,72.8,0
IOT_00004784,FAC_03,MCH_83,73.51,5.529,128.7,4.59,94.4,0
IOT_00004785,FAC_04,MCH_65,60.97,1.785,72.5,5.01,59.9,0
IOT_00004786,FAC_01,MCH_87,83.68,2.662,145.2,5.07,106.5,0
IOT_00004787,FAC_04,MCH_24,60.61,2.143,147.9,7.39,107.5,0
IOT_00004788,FAC_02,MCH_40,67.94,5.942,104.7,7.03,81.2,0
IOT_00004789,FAC_01,MCH_82,46.26,0.578,134.7,7.71,86.7,0
IOT_00004790,FAC_03,MCH_93,46.35,3.88,77.6,4.85,71.1,0
IOT_00004791,FAC_05,MCH_82,40.7,4.633,146.4,2.78,103.3,0
IOT_00004792,FAC_05,MCH_86,87.23,3.392,144.5,7.63,60.2,0
IOT_00004793,FAC_05,MCH_80,45.18,5.78,30.6,4.76,63.9,0
IOT_00004794,FAC_03,MCH_18,57.98,3.225,25.4,7.91,66.9,0
IOT_00004795,FAC_03,MCH_69,64.71,2.29,126.8,2.52,98.4,0
IOT_00004796,FAC_04,MCH_34,64.83,1.62,75.8,7.16,70.2,0
IOT_00004797,FAC_03,MCH_57,65.72,1.816,64.9,3.54,97.3,0
IOT_00004798,FAC_01,MCH_29,70.14,6.102,145.3,7.37,77.6,0
IOT_00004799,FAC_04,MCH_25,75.27,1.494,28.8,3.72,108.3,1
IOT_00004800,FAC_05,MCH_35,53.41,1.926,28.2,4.48,74.5,0
IOT_00004801,FAC_03,MCH_51,49.83,4.921,119.6,6.06,66.3,0
IOT_00004802,FAC_02,MCH_65,86.93,2.248,43.9,6.45,108.7,0
IOT_00004803,FAC_01,MCH_81,40.46,0.713,99.5,6.67,59.3,1
IOT_00004804,FAC_01,MCH_39,44.67,0.196,116.7,5.28,70.7,0
IOT_00004805,FAC_03,MCH_64,94.94,1.056,112.3,6.35,77.7,0
IOT_00004806,FAC_05,MCH_81,68.57,0.597,98.0,2.69,69.5,0
IOT_00004807,FAC_04,MCH_70,62.03,4.403,47.4,4.92,86.3,0
IOT_00004808,FAC_05,MCH_47,39.8,1.02,39.6,6.59,67.0,0
IOT_00004809,FAC_01,MCH_99,55.95,2.852,81.6,4.84,74.2,1
IOT_00004810,FAC_03,MCH_94,94.83,5.004,53.8,5.45,94.6,0
IOT_00004811,FAC_01,MCH_90,70.12,1.494,103.4,5.15,95.0,0
IOT_00004812,FAC_01,MCH_27,89.16,3.395,138.5,6.89,103.4,0
IOT_00004813,FAC_03,MCH_25,46.59,5.102,71.7,3.63,91.2,0
IOT_00004814,FAC_01,MCH_40,57.42,1.916,147.9,7.65,89.6,0
IOT_00004815,FAC_05,MCH_82,94.9,5.968,136.7,3.62,55.3,0
IOT_00004816,FAC_05,MCH_59,57.97,6.126,143.3,7.15,56.5,0
IOT_00004817,FAC_05,MCH_65,71.84,3.616,43.7,6.93,99.1,1
IOT_00004818,FAC_03,MCH_20,50.2,1.684,123.9,3.96,98.6,0
IOT_00004819,FAC_04,MCH_35,46.84,1.349,33.8,7.29,87.5,0
IOT_00004820,FAC_05,MCH_52,92.65,4.749,145.4,7.61,76.7,0
IOT_00004821,FAC_01,MCH_28,41.9,3.385,65.8,6.75,81.1,0
IOT_00004822,FAC_05,MCH_24,66.25,4.832,135.6,4.48,108.7,0
IOT_00004823,FAC_04,MCH_20,94.39,2.558,20.9,3.98,75.3,0
IOT_00004824,FAC_04,MCH_58,62.9,5.891,146.7,6.59,92.1,0
IOT_00004825,FAC_01,MCH_11,40.99,1.963,58.6,3.33,102.0,0
IOT_00004826,FAC_05,MCH_26,51.69,3.835,89.3,7.4,72.8,0
IOT_00004827,FAC_02,MCH_88,79.19,5.257,60.3,2.73,64.9,0
IOT_00004828,FAC_04,MCH_33,76.99,3.209,111.5,5.77,75.6,0
IOT_00004829,FAC_04,MCH_68,55.24,0.595,111.3,5.55,83.2,0
IOT_00004830,FAC_02,MCH_64,42.23,1.578,62.0,6.72,70.4,0
IOT_00004831,FAC_01,MCH_63,54.15,3.116,22.3,3.04,61.0,0
IOT_00004832,FAC_01,MCH_87,56.31,6.392,27.5,6.22,71.6,0
IOT_00004833,FAC_04,MCH_80,78.41,2.499,20.8,2.74,89.1,0
IOT_00004834,FAC_02,MCH_90,89.78,6.146,108.7,5.03,99.9,0
IOT_00004835,FAC_04,MCH_14,63.98,5.888,34.0,5.49,99.5,0
IOT_00004836,FAC_02,MCH_76,61.27,0.233,100.6,7.53,99.1,1
IOT_00004837,FAC_05,MCH_21,79.24,1.481,68.7,7.58,73.2,0
IOT_00004838,FAC_03,MCH_49,38.87,1.999,22.6,3.84,77.5,0
IOT_00004839,FAC_05,MCH_84,53.34,0.694,118.3,7.16,105.2,0
IOT_00004840,FAC_02,MCH_85,77.08,5.332,45.3,6.18,58.9,0
IOT_00004841,FAC_04,MCH_83,49.37,2.511,149.2,7.84,69.0,0
IOT_00004842,FAC_01,MCH_26,49.18,4.647,97.2,3.75,63.2,0
IOT_00004843,FAC_03,MCH_94,55.51,4.773,129.9,6.28,109.0,0
IOT_00004844,FAC_04,MCH_97,48.15,3.773,129.6,3.63,56.3,1
IOT_00004845,FAC_01,MCH_45,47.23,3.956,68.9,7.25,92.0,0
IOT_00004846,FAC_01,MCH_70,83.86,2.352,97.1,3.42,103.6,0
IOT_00004847,FAC_01,MCH_37,55.3,4.527,51.8,7.2,100.5,0
IOT_00004848,FAC_05,MCH_18,45.17,1.331,65.3,3.41,104.1,0
IOT_00004849,FAC_04,MCH_54,69.69,5.317,32.0,5.18,109.4,0
IOT_00004850,FAC_05,MCH_91,52.69,1.723,50.1,7.84,109.1,0
IOT_00004851,FAC_05,MCH_98,37.56,2.145,96.9,7.42,61.2,0
IOT_00004852,FAC_03,MCH_63,76.42,2.495,76.6,4.42,72.3,0
IOT_00004853,FAC_01,MCH_27,62.78,6.28,143.9,5.18,58.8,0
IOT_00004854,FAC_01,MCH_50,51.79,0.795,41.0,6.64,83.7,0
IOT_00004855,FAC_03,MCH_78,49.29,4.445,35.1,7.75,91.6,0
IOT_00004856,FAC_02,MCH_63,47.59,3.226,83.9,4.18,73.1,0
IOT_00004857,FAC_03,MCH_82,39.92,5.262,85.3,4.82,87.5,0
IOT_00004858,FAC_04,MCH_31,92.23,3.221,24.7,5.12,79.4,0
IOT_00004859,FAC_04,MCH_22,39.41,4.05,34.2,3.27,67.7,1
IOT_00004860,FAC_04,MCH_65,79.8,0.385,63.8,6.36,107.1,0
IOT_00004861,FAC_03,MCH_53,86.5,2.84,107.0,3.11,85.3,0
IOT_00004862,FAC_05,MCH_97,37.72,0.317,40.6,5.65,82.0,1
IOT_00004863,FAC_01,MCH_57,83.96,4.999,135.0,4.44,106.3,0
IOT_00004864,FAC_05,MCH_83,53.97,2.938,23.5,7.68,67.1,0
IOT_00004865,FAC_04,MCH_75,45.25,2.6,146.6,3.61,55.3,1
IOT_00004866,FAC_02,MCH_82,48.21,4.538,61.8,2.82,91.4,0
IOT_00004867,FAC_04,MCH_69,73.63,3.667,134.1,7.78,94.4,0
IOT_00004868,FAC_05,MCH_72,67.37,2.957,45.6,6.57,70.2,0
IOT_00004869,FAC_01,MCH_64,92.92,6.215,43.0,3.0,85.0,0
IOT_00004870,FAC_04,MCH_26,59.77,3.018,37.3,4.05,98.3,0
IOT_00004871,FAC_01,MCH_66,82.15,4.578,45.3,4.29,64.2,0
IOT_00004872,FAC_05,MCH_26,38.75,0.501,24.0,4.55,60.5,0
IOT_00004873,FAC_01,MCH_10,69.23,0.944,40.8,6.56,80.2,0
IOT_00004874,FAC_02,MCH_58,54.45,6.305,38.9,7.17,102.9,0
IOT_00004875,FAC_03,MCH_37,52.9,4.186,21.1,3.68,95.3,0
IOT_00004876,FAC_05,MCH_95,58.75,1.669,21.8,6.01,101.8,0
IOT_00004877,FAC_03,MCH_95,88.64,3.62,38.8,4.73,96.8,0
IOT_00004878,FAC_02,MCH_52,46.65,6.235,130.0,2.76,75.2,0
IOT_00004879,FAC_03,MCH_35,48.19,0.196,99.1,5.74,67.7,0
IOT_00004880,FAC_03,MCH_95,87.77,3.355,57.6,6.24,93.2,0
IOT_00004881,FAC_02,MCH_33,84.09,4.665,72.5,6.41,71.1,0
IOT_00004882,FAC_04,MCH_93,69.26,3.458,46.7,6.79,82.9,1
IOT_00004883,FAC_03,MCH_84,94.55,1.508,90.2,2.91,62.2,0
IOT_00004884,FAC_03,MCH_44,61.73,1.147,28.8,6.68,62.9,0
IOT_00004885,FAC_03,MCH_61,54.89,0.362,23.7,7.85,107.5,0
IOT_00004886,FAC_01,MCH_60,52.3,0.546,149.7,5.53,82.7,1
IOT_00004887,FAC_01,MCH_37,81.78,1.228,72.5,6.62,94.4,0
IOT_00004888,FAC_04,MCH_30,85.13,2.977,111.3,2.76,64.8,0
IOT_00004889,FAC_03,MCH_64,57.06,5.188,91.0,4.26,55.1,0
IOT_00004890,FAC_01,MCH_19,60.25,5.407,88.4,7.85,71.2,1
IOT_00004891,FAC_02,MCH_69,83.58,4.517,96.2,2.7,79.4,0
IOT_00004892,FAC_04,MCH_56,46.8,3.297,118.4,3.76,78.3,0
IOT_00004893,FAC_04,MCH_22,82.67,4.666,38.7,3.08,104.8,0
IOT_00004894,FAC_03,MCH_72,38.42,0.491,128.5,5.28,106.5,0
IOT_00004895,FAC_03,MCH_41,84.34,2.881,77.2,3.88,92.4,0
IOT_00004896,FAC_01,MCH_67,77.3,4.316,29.5,7.29,81.3,0
IOT_00004897,FAC_03,MCH_80,90.9,5.893,31.2,5.34,96.5,0
IOT_00004898,FAC_04,MCH_80,69.63,0.476,130.0,5.46,94.4,1
IOT_00004899,FAC_02,MCH_52,85.09,1.744,88.2,3.73,87.1,0
IOT_00004900,FAC_05,MCH_73,58.21,3.922,49.4,6.21,90.9,0
IOT_00004901,FAC_05,MCH_71,89.0,3.149,146.3,4.67,86.3,0
IOT_00004902,FAC_02,MCH_96,73.77,0.251,19.4,4.03,92.1,0
IOT_00004903,FAC_01,MCH_50,62.81,5.248,133.6,2.95,80.4,0
IOT_00004904,FAC_03,MCH_86,66.91,0.493,23.7,5.01,56.5,0
IOT_00004905,FAC_02,MCH_47,88.86,2.911,65.0,4.15,71.4,0
IOT_00004906,FAC_02,MCH_77,75.12,6.414,102.6,3.61,68.1,0
IOT_00004907,FAC_02,MCH_35,37.38,1.292,38.9,6.96,90.4,0
IOT_00004908,FAC_04,MCH_48,67.93,1.343,126.4,6.19,95.6,0
IOT_00004909,FAC_04,MCH_81,72.55,1.602,18.2,7.77,68.7,0
IOT_00004910,FAC_05,MCH_60,47.69,1.329,146.2,6.37,70.1,0
IOT_00004911,FAC_02,MCH_96,90.75,0.968,109.5,6.9,92.1,0
IOT_00004912,FAC_04,MCH_27,43.09,4.862,16.9,4.4,75.9,0
IOT_00004913,FAC_04,MCH_93,74.85,1.782,116.5,7.25,75.5,1
IOT_00004914,FAC_03,MCH_78,63.45,3.976,20.9,7.83,100.4,0
IOT_00004915,FAC_03,MCH_41,63.08,0.236,37.8,5.86,77.2,0
IOT_00004916,FAC_03,MCH_53,45.04,0.816,45.4,5.24,66.4,1
IOT_00004917,FAC_04,MCH_70,77.64,5.854,124.2,5.42,78.2,0
IOT_00004918,FAC_02,MCH_36,73.41,2.622,109.6,7.54,73.7,0
IOT_00004919,FAC_01,MCH_78,89.42,2.517,119.8,4.47,58.4,0
IOT_00004920,FAC_03,MCH_51,36.98,5.953,90.4,4.63,87.9,0
IOT_00004921,FAC_04,MCH_24,36.77,3.459,69.4,6.55,78.1,1
IOT_00004922,FAC_02,MCH_56,43.63,1.945,51.5,7.24,83.2,0
IOT_00004923,FAC_03,MCH_95,62.75,0.168,126.5,5.77,108.1,0
IOT_00004924,FAC_05,MCH_24,74.56,4.47,130.4,4.33,92.5,0
IOT_00004925,FAC_02,MCH_52,78.13,0.756,96.6,5.73,68.3,0
IOT_00004926,FAC_05,MCH_80,72.22,3.923,30.3,3.35,68.0,0
IOT_00004927,FAC_03,MCH_86,68.24,5.771,47.2,2.59,66.7,0
IOT_00004928,FAC_05,MCH_51,40.53,1.737,114.0,5.94,94.4,0
IOT_00004929,FAC_02,MCH_52,60.54,3.203,66.4,3.24,85.4,0
IOT_00004930,FAC_05,MCH_98,55.85,4.304,118.8,2.97,80.1,0
IOT_00004931,FAC_01,MCH_53,63.03,3.004,107.6,4.17,103.1,0
IOT_00004932,FAC_05,MCH_24,48.43,5.247,40.8,4.33,74.1,0
IOT_00004933,FAC_04,MCH_28,85.99,2.162,96.0,4.31,91.7,0
IOT_00004934,FAC_03,MCH_67,37.39,2.289,90.5,7.76,68.6,0
IOT_00004935,FAC_01,MCH_92,51.74,1.169,141.5,5.55,75.4,0
IOT_00004936,FAC_01,MCH_13,71.65,2.505,74.5,6.58,101.0,0
IOT_00004937,FAC_05,MCH_48,86.33,5.985,17.5,3.28,84.6,0
IOT_00004938,FAC_04,MCH_60,88.75,3.82,107.9,3.09,77.1,0
IOT_00004939,FAC_05,MCH_38,76.28,4.772,112.5,5.37,73.4,0
IOT_00004940,FAC_01,MCH_54,40.62,6.092,73.8,6.77,81.2,0
IOT_00004941,FAC_03,MCH_87,76.31,3.244,51.8,6.42,65.2,0
IOT_00004942,FAC_02,MCH_16,72.83,3.93,50.5,6.05,55.4,0
IOT_00004943,FAC_05,MCH_20,86.79,1.774,85.1,3.6,80.2,0
IOT_00004944,FAC_04,MCH_54,63.32,4.119,18.5,5.9,71.3,0
IOT_00004945,FAC_05,MCH_92,45.82,4.509,74.0,2.74,94.9,0
IOT_00004946,FAC_04,MCH_55,87.95,6.409,124.5,4.87,69.7,0
IOT_00004947,FAC_05,MCH_59,78.41,4.649,60.5,5.13,82.9,0
IOT_00004948,FAC_02,MCH_85,35.17,3.204,108.5,2.67,81.1,0
IOT_00004949,FAC_04,MCH_61,85.11,2.36,17.6,4.16,81.1,0
IOT_00004950,FAC_03,MCH_93,56.62,4.193,72.0,7.11,82.2,0
IOT_00004951,FAC_04,MCH_60,58.2,1.14,115.0,4.31,61.7,0
IOT_00004952,FAC_05,MCH_24,41.85,5.76,59.7,3.13,82.5,0
IOT_00004953,FAC_01,MCH_35,67.21,3.035,17.3,6.84,75.8,0
IOT_00004954,FAC_02,MCH_67,35.6,3.669,131.6,2.84,56.6,0
IOT_00004955,FAC_05,MCH_58,62.89,3.359,32.2,3.91,79.1,0
IOT_00004956,FAC_04,MCH_39,48.56,3.114,110.0,2.88,96.0,0
IOT_00004957,FAC_01,MCH_68,37.81,6.023,15.1,3.04,59.7,0
IOT_00004958,FAC_05,MCH_50,41.23,1.403,43.4,4.69,100.6,0
IOT_00004959,FAC_02,MCH_20,37.06,4.8,110.9,4.7,99.8,0
IOT_00004960,FAC_04,MCH_39,89.02,3.115,81.3,6.8,68.0,0
IOT_00004961,FAC_03,MCH_52,70.21,4.394,145.9,2.71,96.3,0
IOT_00004962,FAC_02,MCH_27,53.15,1.861,103.7,6.46,91.5,0
IOT_00004963,FAC_05,MCH_22,89.11,3.316,29.6,3.61,105.5,0
IOT_00004964,FAC_01,MCH_24,93.56,4.454,62.6,4.15,98.0,0
IOT_00004965,FAC_03,MCH_35,77.6,1.433,98.5,3.17,70.4,0
IOT_00004966,FAC_04,MCH_64,54.47,5.101,115.4,3.27,107.4,0
IOT_00004967,FAC_01,MCH_71,63.17,3.605,86.8,6.87,90.4,0
IOT_00004968,FAC_02,MCH_79,76.58,2.285,43.4,6.22,57.1,0
IOT_00004969,FAC_03,MCH_60,45.51,5.814,114.4,3.34,80.5,0
IOT_00004970,FAC_05,MCH_41,44.26,1.445,25.6,5.54,70.2,1
IOT_00004971,FAC_05,MCH_87,72.98,4.332,100.5,6.96,67.3,0
IOT_00004972,FAC_02,MCH_19,80.33,3.386,135.7,5.92,100.6,0
IOT_00004973,FAC_04,MCH_30,86.79,0.151,43.3,6.91,106.7,1
IOT_00004974,FAC_01,MCH_84,43.3,2.281,76.6,4.15,69.4,0
IOT_00004975,FAC_05,MCH_54,48.47,1.587,115.8,6.53,82.8,0
IOT_00004976,FAC_05,MCH_44,53.18,2.761,117.3,7.55,106.9,0
IOT_00004977,FAC_03,MCH_33,52.79,0.167,123.6,2.57,87.2,0
IOT_00004978,FAC_02,MCH_26,67.75,5.543,146.2,3.46,70.2,0
IOT_00004979,FAC_01,MCH_46,94.72,4.278,36.2,7.45,104.4,0
IOT_00004980,FAC_01,MCH_95,92.49,0.977,86.2,2.95,57.6,0
IOT_00004981,FAC_03,MCH_38,69.01,2.647,23.5,5.44,65.4,0
IOT_00004982,FAC_03,MCH_83,70.54,1.309,13.0,4.49,72.0,0
IOT_00004983,FAC_04,MCH_15,36.22,0.546,132.2,7.47,98.1,0
IOT_00004984,FAC_02,MCH_75,67.77,3.374,108.5,6.84,104.8,0
IOT_00004985,FAC_02,MCH_11,86.27,3.896,77.4,5.11,109.3,0
IOT_00004986,FAC_03,MCH_57,59.09,4.515,12.6,7.61,57.3,0
IOT_00004987,FAC_04,MCH_95,72.28,5.489,70.5,3.56,104.1,1
IOT_00004988,FAC_05,MCH_70,90.76,2.542,126.9,5.85,88.6,1
IOT_00004989,FAC_02,MCH_56,84.57,5.723,105.7,4.5,65.3,1
IOT_00004990,FAC_04,MCH_59,58.48,4.316,145.4,7.75,91.1,1
IOT_00004991,FAC_04,MCH_60,38.31,5.441,59.9,2.94,78.2,0
IOT_00004992,FAC_03,MCH_66,40.82,5.427,135.7,6.96,84.2,0
IOT_00004993,FAC_05,MCH_13,84.9,6.19,103.3,3.56,56.9,0
IOT_00004994,FAC_03,MCH_41,69.04,3.138,149.7,6.42,97.3,0
IOT_00004995,FAC_03,MCH_14,60.13,3.872,61.2,7.04,79.7,0
IOT_00004996,FAC_04,MCH_95,58.76,6.304,137.4,5.77,105.3,0
IOT_00004997,FAC_02,MCH_25,84.72,1.262,97.4,6.01,90.7,0
IOT_00004998,FAC_03,MCH_46,82.7,5.118,23.3,7.96,95.6,0
IOT_00004999,FAC_03,MCH_68,78.21,1.851,148.5,3.05,63.9,0
IOT_00005000,FAC_04,MCH_53,81.53,0.329,33.6,5.85,97.3,0
IOT_00005001,FAC_04,MCH_18,52.21,3.522,137.4,5.08,95.8,0
IOT_00005002,FAC_04,MCH_49,48.8,5.799,114.0,3.0,83.4,0
IOT_00005003,FAC_03,MCH_18,47.04,1.614,100.9,3.03,76.8,0
IOT_00005004,FAC_03,MCH_19,36.7,4.095,30.3,7.86,91.5,0
IOT_00005005,FAC_03,MCH_36,78.42,4.649,65.1,3.85,105.1,0
IOT_00005006,FAC_01,MCH_49,92.53,0.154,37.4,2.59,73.1,0
IOT_00005007,FAC_03,MCH_10,43.48,5.68,30.1,5.58,86.1,0
IOT_00005008,FAC_03,MCH_88,89.41,2.33,86.4,4.37,106.0,0
IOT_00005009,FAC_03,MCH_21,68.64,2.232,49.7,2.58,88.5,0
IOT_00005010,FAC_03,MCH_74,79.39,0.421,57.3,6.37,100.8,0
IOT_00005011,FAC_04,MCH_22,94.04,0.819,80.9,6.91,82.0,0
IOT_00005012,FAC_04,MCH_65,68.2,0.797,34.1,7.8,86.7,1
IOT_00005013,FAC_05,MCH_33,56.23,1.649,60.2,8.0,62.8,0
IOT_00005014,FAC_01,MCH_94,86.27,4.357,57.8,3.49,84.5,0
IOT_00005015,FAC_02,MCH_61,88.99,0.471,98.5,7.23,104.1,0
IOT_00005016,FAC_05,MCH_65,46.23,1.064,145.6,6.6,75.5,0
IOT_00005017,FAC_03,MCH_40,71.1,0.598,92.0,4.37,92.7,0
IOT_00005018,FAC_04,MCH_59,78.66,3.148,65.3,3.88,71.0,1
IOT_00005019,FAC_04,MCH_41,83.57,3.043,53.0,6.78,64.0,0
IOT_00005020,FAC_04,MCH_72,69.53,5.375,14.6,7.92,92.2,0
IOT_00005021,FAC_02,MCH_86,92.58,4.108,65.6,2.93,93.1,0
IOT_00005022,FAC_05,MCH_69,35.89,3.432,33.0,5.51,59.0,0
IOT_00005023,FAC_04,MCH_45,74.22,5.809,51.4,6.76,65.8,1
IOT_00005024,FAC_02,MCH_76,39.82,0.775,81.8,5.0,56.7,0
IOT_00005025,FAC_03,MCH_27,69.83,5.327,149.2,4.96,106.9,0
IOT_00005026,FAC_05,MCH_29,48.07,1.902,51.2,2.61,98.7,0
IOT_00005027,FAC_04,MCH_38,63.66,2.893,105.4,4.68,72.2,0
IOT_00005028,FAC_02,MCH_49,52.21,0.747,101.8,3.86,85.4,0
IOT_00005029,FAC_03,MCH_93,59.59,6.106,55.2,3.2,96.3,0
IOT_00005030,FAC_04,MCH_73,92.85,4.006,144.3,3.41,63.3,1
IOT_00005031,FAC_05,MCH_36,71.27,6.082,112.3,3.22,81.5,0
IOT_00005032,FAC_02,MCH_16,93.96,0.565,109.9,6.97,106.4,0
IOT_00005033,FAC_01,MCH_61,50.91,1.053,14.2,4.51,108.8,0
IOT_00005034,FAC_03,MCH_72,69.23,1.839,58.4,6.46,109.1,0
IOT_00005035,FAC_05,MCH_66,91.58,5.466,50.7,3.1,58.8,0
IOT_00005036,FAC_05,MCH_20,48.85,3.223,121.0,7.05,76.8,0
IOT_00005037,FAC_02,MCH_18,69.06,4.206,16.1,3.77,100.4,0
IOT_00005038,FAC_05,MCH_24,56.91,1.843,106.4,2.99,67.5,0
IOT_00005039,FAC_01,MCH_11,45.15,3.359,119.7,7.84,97.0,0
IOT_00005040,FAC_01,MCH_14,77.05,5.883,46.3,6.07,106.5,0
IOT_00005041,FAC_05,MCH_32,92.45,3.137,18.8,5.1,95.6,0
IOT_00005042,FAC_03,MCH_95,38.44,2.107,22.0,6.49,67.1,0
IOT_00005043,FAC_02,MCH_36,55.55,4.02,30.5,7.35,56.6,1
IOT_00005044,FAC_03,MCH_36,46.99,5.17,15.6,5.78,62.5,0
IOT_00005045,FAC_03,MCH_18,86.96,3.788,41.9,4.48,60.9,0
IOT_00005046,FAC_02,MCH_30,71.87,0.204,58.2,4.73,106.3,0
IOT_00005047,FAC_05,MCH_30,45.93,6.109,75.1,3.19,106.6,0
IOT_00005048,FAC_01,MCH_27,91.42,3.967,41.4,2.72,83.4,0
IOT_00005049,FAC_04,MCH_54,79.83,0.587,45.2,6.14,68.0,0
IOT_00005050,FAC_02,MCH_65,53.71,6.241,82.2,5.91,99.9,0
IOT_00005051,FAC_02,MCH_21,72.5,1.486,74.6,2.95,82.5,1
IOT_00005052,FAC_01,MCH_15,47.66,0.997,81.1,6.12,92.3,0
IOT_00005053,FAC_02,MCH_83,53.27,5.606,143.4,7.48,55.2,1
IOT_00005054,FAC_02,MCH_51,80.58,1.575,62.2,3.67,72.1,0
IOT_00005055,FAC_03,MCH_62,90.83,4.598,36.3,7.36,67.9,1
IOT_00005056,FAC_03,MCH_48,84.57,5.281,119.4,4.81,56.7,0
IOT_00005057,FAC_01,MCH_74,37.47,1.561,69.9,7.7,104.7,1
IOT_00005058,FAC_03,MCH_17,58.27,4.947,144.4,7.07,66.7,0
IOT_00005059,FAC_02,MCH_12,83.2,0.366,73.8,5.63,82.2,0
IOT_00005060,FAC_02,MCH_99,55.04,6.187,137.7,3.96,86.4,0
IOT_00005061,FAC_01,MCH_85,50.77,4.146,140.6,6.03,108.9,0
IOT_00005062,FAC_05,MCH_10,46.5,2.367,89.3,4.46,59.9,1
IOT_00005063,FAC_02,MCH_67,53.5,5.653,60.0,5.66,61.3,0
IOT_00005064,FAC_02,MCH_47,89.12,3.673,41.2,7.85,103.0,0
IOT_00005065,FAC_01,MCH_23,61.03,5.097,90.8,5.66,55.3,0
IOT_00005066,FAC_05,MCH_41,47.43,0.206,118.4,3.11,69.4,0
IOT_00005067,FAC_04,MCH_85,37.66,3.068,28.3,4.44,104.1,0
IOT_00005068,FAC_05,MCH_61,41.3,0.749,69.5,5.58,105.6,0
IOT_00005069,FAC_01,MCH_52,84.89,3.665,45.4,3.24,74.2,0
IOT_00005070,FAC_03,MCH_61,40.01,4.16,95.4,5.98,78.6,0
IOT_00005071,FAC_04,MCH_84,54.01,3.163,124.7,6.33,103.3,0
IOT_00005072,FAC_04,MCH_43,94.96,1.086,134.1,4.52,98.6,0
IOT_00005073,FAC_01,MCH_99,48.31,1.808,73.7,3.56,67.7,0
IOT_00005074,FAC_02,MCH_37,35.67,4.671,77.0,4.53,98.5,0
IOT_00005075,FAC_03,MCH_31,69.35,4.115,12.2,3.53,72.2,0
IOT_00005076,FAC_02,MCH_26,52.37,4.592,120.1,7.95,76.0,0
IOT_00005077,FAC_01,MCH_13,76.9,5.536,44.1,4.13,101.2,1
IOT_00005078,FAC_04,MCH_31,60.68,3.648,138.8,7.48,108.8,0
IOT_00005079,FAC_02,MCH_91,38.37,5.71,46.1,3.76,69.0,0
IOT_00005080,FAC_05,MCH_17,56.68,5.636,94.5,7.51,79.9,0
IOT_00005081,FAC_02,MCH_93,59.81,4.864,82.6,7.03,66.8,0
IOT_00005082,FAC_03,MCH_13,77.14,2.907,142.8,5.47,78.1,0
IOT_00005083,FAC_03,MCH_41,66.19,2.051,101.6,7.09,59.9,0
IOT_00005084,FAC_04,MCH_73,37.84,3.947,117.1,3.7,79.0,0
IOT_00005085,FAC_01,MCH_31,76.39,5.1,132.9,3.07,101.8,0
IOT_00005086,FAC_01,MCH_92,51.3,1.719,123.6,7.49,68.5,0
IOT_00005087,FAC_03,MCH_11,51.99,3.904,16.4,7.24,84.8,0
IOT_00005088,FAC_01,MCH_16,36.6,1.392,99.4,3.63,66.1,0
IOT_00005089,FAC_04,MCH_34,77.79,0.985,12.4,4.66,56.7,0
IOT_00005090,FAC_05,MCH_19,76.52,0.165,23.4,6.39,57.7,0
IOT_00005091,FAC_05,MCH_60,80.79,3.366,36.9,4.89,100.5,0
IOT_00005092,FAC_02,MCH_94,92.08,3.428,44.8,3.72,110.0,0
IOT_00005093,FAC_05,MCH_63,39.94,3.977,66.1,5.36,55.0,0
IOT_00005094,FAC_02,MCH_94,68.87,1.534,25.7,5.42,104.2,0
IOT_00005095,FAC_01,MCH_39,71.33,4.819,31.9,3.61,55.5,0
IOT_00005096,FAC_02,MCH_75,51.5,2.134,118.2,5.99,101.0,0
IOT_00005097,FAC_03,MCH_23,89.25,3.841,125.5,5.4,101.1,0
IOT_00005098,FAC_05,MCH_97,88.16,0.41,79.5,6.73,65.6,0
IOT_00005099,FAC_04,MCH_78,64.16,5.324,75.2,2.53,71.1,0
IOT_00005100,FAC_05,MCH_35,85.83,3.849,60.0,5.62,60.1,0
IOT_00005101,FAC_05,MCH_77,81.12,3.602,84.0,3.6,75.3,0
IOT_00005102,FAC_03,MCH_52,92.35,0.365,22.3,4.81,107.6,0
IOT_00005103,FAC_02,MCH_20,60.03,1.447,98.9,4.02,58.8,0
IOT_00005104,FAC_04,MCH_83,38.66,3.696,63.9,3.56,58.3,0
IOT_00005105,FAC_05,MCH_86,87.99,4.426,132.2,5.71,63.8,0
IOT_00005106,FAC_03,MCH_94,78.27,5.671,44.7,3.4,71.7,0
IOT_00005107,FAC_02,MCH_41,42.72,4.02,64.2,5.66,78.6,0
IOT_00005108,FAC_03,MCH_21,94.18,4.039,49.7,7.41,106.7,0
IOT_00005109,FAC_04,MCH_34,83.16,5.224,48.8,4.77,77.2,0
IOT_00005110,FAC_05,MCH_25,54.66,5.896,86.3,5.26,85.4,0
IOT_00005111,FAC_03,MCH_92,74.84,6.025,123.5,7.6,94.4,0
IOT_00005112,FAC_04,MCH_79,44.21,5.698,101.4,3.45,97.4,0
IOT_00005113,FAC_02,MCH_15,68.87,2.546,97.0,7.64,80.5,1
IOT_00005114,FAC_02,MCH_96,82.44,1.793,29.5,5.82,102.5,0
IOT_00005115,FAC_04,MCH_28,67.76,2.462,41.4,7.86,65.2,0
IOT_00005116,FAC_05,MCH_14,61.03,5.925,86.7,3.43,95.8,0
IOT_00005117,FAC_05,MCH_71,80.87,3.293,144.9,6.02,63.3,0
IOT_00005118,FAC_01,MCH_45,71.23,1.576,147.1,5.7,62.7,0
IOT_00005119,FAC_04,MCH_56,39.11,3.075,44.2,6.61,90.1,0
IOT_00005120,FAC_03,MCH_29,85.66,1.62,89.2,5.59,63.1,0
IOT_00005121,FAC_03,MCH_90,88.96,0.905,119.1,4.12,68.2,0
IOT_00005122,FAC_02,MCH_58,58.39,3.555,117.4,6.56,92.2,0
IOT_00005123,FAC_04,MCH_14,83.58,5.374,113.7,7.74,93.1,0
IOT_00005124,FAC_01,MCH_39,72.3,0.32,121.9,6.91,104.1,0
IOT_00005125,FAC_04,MCH_48,66.74,6.252,101.3,6.98,108.3,0
IOT_00005126,FAC_01,MCH_11,76.98,4.255,24.4,3.23,60.5,0
IOT_00005127,FAC_01,MCH_10,51.89,2.394,74.1,5.04,105.4,0
IOT_00005128,FAC_04,MCH_76,82.63,2.737,95.6,4.59,96.3,0
IOT_00005129,FAC_05,MCH_36,65.24,0.331,47.4,4.49,106.0,0
IOT_00005130,FAC_01,MCH_88,75.33,6.17,94.6,3.86,55.0,0
IOT_00005131,FAC_02,MCH_62,39.2,2.179,50.1,5.87,105.4,0
IOT_00005132,FAC_01,MCH_28,40.36,3.32,135.1,5.15,90.1,0
IOT_00005133,FAC_05,MCH_32,65.6,0.95,87.5,3.03,83.9,0
IOT_00005134,FAC_02,MCH_19,80.01,2.661,89.6,5.91,79.9,0
IOT_00005135,FAC_02,MCH_49,35.89,6.046,131.9,3.59,91.1,0
IOT_00005136,FAC_03,MCH_74,72.08,5.221,27.8,3.25,63.6,0
IOT_00005137,FAC_04,MCH_73,93.13,3.861,76.6,2.63,61.0,0
IOT_00005138,FAC_02,MCH_27,46.29,4.783,23.4,3.22,93.8,0
IOT_00005139,FAC_04,MCH_22,82.25,4.687,48.6,5.62,62.8,0
IOT_00005140,FAC_03,MCH_88,75.74,1.502,108.6,6.92,73.2,0
IOT_00005141,FAC_02,MCH_27,72.08,6.461,98.2,7.47,55.0,0
IOT_00005142,FAC_02,MCH_56,39.17,5.743,148.6,5.01,57.1,0
IOT_00005143,FAC_02,MCH_47,69.39,5.371,16.3,7.62,60.3,0
IOT_00005144,FAC_04,MCH_25,57.79,5.734,113.5,3.76,65.3,0
IOT_00005145,FAC_05,MCH_37,38.3,2.621,139.1,2.7,102.4,0
IOT_00005146,FAC_01,MCH_41,72.41,4.885,138.2,3.45,98.5,0
IOT_00005147,FAC_05,MCH_97,38.6,2.812,137.3,6.07,64.8,0
IOT_00005148,FAC_03,MCH_84,74.91,3.845,42.2,5.98,63.7,0
IOT_00005149,FAC_01,MCH_59,55.42,5.171,127.9,4.36,64.2,0
IOT_00005150,FAC_02,MCH_31,45.43,2.718,74.2,2.66,91.3,0
IOT_00005151,FAC_02,MCH_17,94.57,1.267,89.9,7.2,105.0,0
IOT_00005152,FAC_04,MCH_96,40.72,0.367,24.6,3.28,102.9,0
IOT_00005153,FAC_05,MCH_43,45.29,2.556,40.6,3.14,69.2,0
IOT_00005154,FAC_02,MCH_29,79.65,2.23,69.3,5.51,55.3,0
IOT_00005155,FAC_03,MCH_60,82.75,0.664,32.6,4.94,93.1,0
IOT_00005156,FAC_04,MCH_39,61.61,3.085,51.5,7.07,75.0,0
IOT_00005157,FAC_01,MCH_94,45.95,5.753,46.7,5.41,74.1,0
IOT_00005158,FAC_05,MCH_64,86.58,0.844,142.1,3.99,89.2,1
IOT_00005159,FAC_01,MCH_78,46.57,0.715,139.7,5.93,72.6,0
IOT_00005160,FAC_02,MCH_34,92.77,6.257,70.4,3.15,57.3,0
IOT_00005161,FAC_04,MCH_86,93.43,2.902,138.6,6.05,89.8,0
IOT_00005162,FAC_03,MCH_52,74.62,4.301,96.8,5.26,79.3,0
IOT_00005163,FAC_05,MCH_71,82.55,2.494,39.6,5.14,58.3,0
IOT_00005164,FAC_01,MCH_72,75.85,6.372,140.5,4.05,82.5,0
IOT_00005165,FAC_01,MCH_91,70.27,3.882,118.5,5.01,79.8,0
IOT_00005166,FAC_05,MCH_95,72.38,2.031,109.5,2.98,79.1,0
IOT_00005167,FAC_02,MCH_18,52.92,3.283,16.0,7.37,83.4,0
IOT_00005168,FAC_04,MCH_28,41.99,2.357,92.5,2.73,79.3,0
IOT_00005169,FAC_02,MCH_68,41.85,2.344,38.3,6.21,66.6,0
IOT_00005170,FAC_01,MCH_71,64.29,4.908,133.2,5.75,74.0,1
IOT_00005171,FAC_03,MCH_41,78.09,6.27,140.0,7.02,103.2,0
IOT_00005172,FAC_01,MCH_40,52.14,5.105,12.5,4.11,83.4,0
IOT_00005173,FAC_01,MCH_25,40.55,0.814,25.4,6.09,57.9,1
IOT_00005174,FAC_02,MCH_41,40.47,2.305,30.8,3.89,81.0,1
IOT_00005175,FAC_05,MCH_46,57.67,5.687,99.2,3.45,75.0,0
IOT_00005176,FAC_05,MCH_12,77.89,4.653,40.7,6.86,103.0,0
IOT_00005177,FAC_02,MCH_92,89.18,0.744,149.7,3.54,97.3,0
IOT_00005178,FAC_05,MCH_83,51.21,3.547,119.5,4.42,60.6,0
IOT_00005179,FAC_04,MCH_54,86.74,1.481,63.2,3.55,101.6,0
IOT_00005180,FAC_04,MCH_45,45.81,6.244,49.7,2.9,86.7,0
IOT_00005181,FAC_01,MCH_70,77.26,3.795,133.0,3.42,57.0,0
IOT_00005182,FAC_03,MCH_85,36.81,1.864,29.4,7.72,80.9,0
IOT_00005183,FAC_02,MCH_57,47.53,5.194,81.8,6.05,84.9,0
IOT_00005184,FAC_04,MCH_87,36.48,2.683,113.4,6.37,80.3,0
IOT_00005185,FAC_02,MCH_15,66.43,5.853,128.7,6.43,60.3,0
IOT_00005186,FAC_05,MCH_47,58.66,5.682,18.6,4.73,69.1,0
IOT_00005187,FAC_03,MCH_20,80.94,2.487,87.2,4.89,83.7,0
IOT_00005188,FAC_04,MCH_95,67.83,1.212,82.8,3.1,69.9,0
IOT_00005189,FAC_01,MCH_47,70.0,0.386,50.0,3.58,109.1,0
IOT_00005190,FAC_03,MCH_87,92.22,3.221,12.1,3.31,70.3,0
IOT_00005191,FAC_03,MCH_68,53.2,3.067,126.5,7.74,66.2,0
IOT_00005192,FAC_03,MCH_30,82.69,2.485,40.9,5.9,81.9,0
IOT_00005193,FAC_01,MCH_91,87.75,3.619,34.6,4.88,56.5,0
IOT_00005194,FAC_01,MCH_59,91.17,3.759,116.3,3.06,67.2,0
IOT_00005195,FAC_05,MCH_80,88.01,2.531,81.6,5.27,63.2,0
IOT_00005196,FAC_02,MCH_31,50.42,1.606,119.3,2.96,61.0,1
IOT_00005197,FAC_04,MCH_86,60.05,5.722,39.9,5.07,66.7,0
IOT_00005198,FAC_01,MCH_93,85.54,3.761,32.4,6.71,87.5,0
IOT_00005199,FAC_04,MCH_58,72.89,5.164,49.1,3.39,91.9,0
IOT_00005200,FAC_01,MCH_97,92.35,0.523,72.4,3.13,92.8,0
IOT_00005201,FAC_05,MCH_91,61.27,4.13,24.3,3.56,91.8,0
IOT_00005202,FAC_02,MCH_74,40.0,6.457,117.0,3.82,55.4,0
IOT_00005203,FAC_02,MCH_19,70.41,2.686,100.2,7.63,73.8,1
IOT_00005204,FAC_03,MCH_79,66.88,1.253,53.4,4.92,78.6,1
IOT_00005205,FAC_05,MCH_87,83.21,6.306,25.9,6.69,102.8,0
IOT_00005206,FAC_01,MCH_26,76.6,4.404,17.5,7.53,106.8,0
IOT_00005207,FAC_01,MCH_60,80.67,0.705,55.8,3.35,106.3,0
IOT_00005208,FAC_01,MCH_80,75.22,3.705,82.4,4.33,108.1,1
IOT_00005209,FAC_05,MCH_53,93.92,3.279,29.6,2.69,75.9,1
IOT_00005210,FAC_04,MCH_64,58.09,6.315,43.8,2.61,81.6,0
IOT_00005211,FAC_04,MCH_37,77.37,0.851,73.9,7.64,105.2,0
IOT_00005212,FAC_03,MCH_12,52.74,0.658,91.6,7.54,58.9,0
IOT_00005213,FAC_05,MCH_93,93.33,2.31,18.7,5.78,68.2,0
IOT_00005214,FAC_04,MCH_51,75.03,0.25,109.6,4.3,74.9,0
IOT_00005215,FAC_02,MCH_34,52.21,1.2,78.3,4.74,102.4,0
IOT_00005216,FAC_02,MCH_36,48.13,2.409,42.0,3.34,106.8,1
IOT_00005217,FAC_01,MCH_75,58.03,5.465,91.7,3.08,99.1,0
IOT_00005218,FAC_02,MCH_55,82.72,0.662,119.7,5.07,83.2,0
IOT_00005219,FAC_01,MCH_36,36.63,2.119,116.4,6.97,95.7,0
IOT_00005220,FAC_04,MCH_87,57.33,2.241,36.5,6.84,73.7,0
IOT_00005221,FAC_02,MCH_52,85.56,6.132,80.4,3.26,71.6,0
IOT_00005222,FAC_02,MCH_91,70.84,4.4,47.1,6.01,89.2,0
IOT_00005223,FAC_02,MCH_37,60.98,1.32,108.1,2.56,71.7,0
IOT_00005224,FAC_05,MCH_25,81.6,0.913,75.2,2.98,107.1,0
IOT_00005225,FAC_03,MCH_47,73.53,4.959,60.9,4.32,104.3,0
IOT_00005226,FAC_04,MCH_41,82.44,3.002,118.9,4.0,98.4,0
IOT_00005227,FAC_04,MCH_13,66.69,6.038,96.3,7.1,94.4,0
IOT_00005228,FAC_03,MCH_76,81.23,1.803,134.3,4.6,56.4,0
IOT_00005229,FAC_04,MCH_88,83.7,1.64,143.4,4.52,93.0,0
IOT_00005230,FAC_03,MCH_78,47.38,3.762,81.9,4.16,85.9,0
IOT_00005231,FAC_01,MCH_10,94.57,3.254,20.8,3.15,79.4,0
IOT_00005232,FAC_03,MCH_11,73.84,5.944,121.1,2.83,55.8,0
IOT_00005233,FAC_01,MCH_27,65.34,3.397,134.6,3.39,55.7,0
IOT_00005234,FAC_04,MCH_83,60.4,3.732,102.4,5.78,76.2,0
IOT_00005235,FAC_02,MCH_79,47.71,2.862,93.1,3.23,94.0,0
IOT_00005236,FAC_04,MCH_29,87.89,4.363,108.2,6.94,83.2,0
IOT_00005237,FAC_02,MCH_29,62.55,1.838,107.9,3.1,79.1,0
IOT_00005238,FAC_04,MCH_74,68.27,5.886,74.0,3.3,85.2,0
IOT_00005239,FAC_05,MCH_70,57.5,0.89,38.7,4.25,67.4,0
IOT_00005240,FAC_05,MCH_75,69.16,2.124,63.7,4.74,80.0,0
IOT_00005241,FAC_02,MCH_74,63.64,4.352,63.2,6.08,64.6,0
IOT_00005242,FAC_03,MCH_53,72.22,5.167,71.0,5.14,82.0,0
IOT_00005243,FAC_02,MCH_30,57.89,5.63,81.4,5.58,70.2,0
IOT_00005244,FAC_02,MCH_81,43.99,1.581,12.8,7.11,91.6,0
IOT_00005245,FAC_02,MCH_90,94.91,2.546,67.0,4.56,76.6,0
IOT_00005246,FAC_01,MCH_97,77.35,0.943,56.8,5.27,79.5,0
IOT_00005247,FAC_04,MCH_23,52.09,3.972,67.4,5.39,63.6,1
IOT_00005248,FAC_05,MCH_51,81.6,4.85,137.7,6.5,81.8,0
IOT_00005249,FAC_03,MCH_45,73.17,1.182,20.1,7.62,89.3,1
IOT_00005250,FAC_03,MCH_18,38.38,3.092,86.7,3.64,87.3,0
IOT_00005251,FAC_03,MCH_97,36.72,5.398,106.4,5.27,74.3,0
IOT_00005252,FAC_05,MCH_29,76.37,2.912,63.2,4.09,107.2,0
IOT_00005253,FAC_03,MCH_22,36.08,3.127,26.1,4.74,73.7,0
IOT_00005254,FAC_04,MCH_66,44.91,4.639,53.9,5.03,88.4,0
IOT_00005255,FAC_01,MCH_59,39.4,1.83,130.8,5.63,56.7,0
IOT_00005256,FAC_03,MCH_22,89.5,1.496,89.3,5.8,86.9,0
IOT_00005257,FAC_02,MCH_73,67.91,5.151,58.8,7.24,70.9,0
IOT_00005258,FAC_05,MCH_23,73.46,1.711,118.1,5.02,94.1,0
IOT_00005259,FAC_05,MCH_65,74.15,6.408,107.5,4.67,76.7,0
IOT_00005260,FAC_03,MCH_84,40.29,3.69,95.1,4.18,92.8,0
IOT_00005261,FAC_04,MCH_49,37.8,3.506,147.3,6.22,56.9,0
IOT_00005262,FAC_03,MCH_78,45.96,6.459,36.0,4.75,92.2,0
IOT_00005263,FAC_03,MCH_30,91.2,6.375,88.1,4.7,101.1,0
IOT_00005264,FAC_03,MCH_59,84.56,2.503,14.9,4.07,83.1,0
IOT_00005265,FAC_01,MCH_29,44.85,6.0,39.7,6.6,84.4,0
IOT_00005266,FAC_01,MCH_32,48.0,6.451,141.1,2.96,72.6,0
IOT_00005267,FAC_04,MCH_14,36.27,3.72,32.6,7.47,79.1,0
IOT_00005268,FAC_05,MCH_44,58.06,5.202,142.7,3.3,78.4,0
IOT_00005269,FAC_01,MCH_86,89.64,4.639,122.7,7.96,56.7,0
IOT_00005270,FAC_05,MCH_45,93.65,4.644,34.7,3.17,61.7,0
IOT_00005271,FAC_04,MCH_50,44.14,3.404,146.2,3.69,58.9,0
IOT_00005272,FAC_02,MCH_72,56.47,1.85,89.2,4.41,89.2,0
IOT_00005273,FAC_02,MCH_89,44.04,2.637,139.6,7.09,61.2,1
IOT_00005274,FAC_01,MCH_84,79.5,0.927,21.2,5.54,58.7,0
IOT_00005275,FAC_03,MCH_41,87.12,5.826,94.6,3.51,83.8,0
IOT_00005276,FAC_03,MCH_49,52.88,5.496,62.1,6.75,94.6,0
IOT_00005277,FAC_05,MCH_23,65.17,4.354,40.9,6.52,83.2,0
IOT_00005278,FAC_05,MCH_68,86.82,4.385,65.4,6.11,95.9,0
IOT_00005279,FAC_01,MCH_71,61.49,3.519,115.1,4.84,91.3,0
IOT_00005280,FAC_03,MCH_28,43.88,5.788,78.3,3.67,103.4,0
IOT_00005281,FAC_01,MCH_19,94.65,5.088,27.0,6.88,109.5,0
IOT_00005282,FAC_02,MCH_92,93.32,1.983,78.6,5.81,84.0,0
IOT_00005283,FAC_02,MCH_52,69.8,2.467,94.3,6.26,104.0,0
IOT_00005284,FAC_05,MCH_46,38.53,4.033,82.3,5.26,93.7,0
IOT_00005285,FAC_01,MCH_89,83.98,1.909,35.5,4.02,84.4,0
IOT_00005286,FAC_01,MCH_60,67.21,0.119,60.0,6.63,74.7,0
IOT_00005287,FAC_04,MCH_44,48.58,3.131,105.2,7.67,86.7,0
IOT_00005288,FAC_05,MCH_17,88.27,4.06,131.7,3.55,98.3,0
IOT_00005289,FAC_05,MCH_43,73.48,5.617,123.5,7.41,86.9,0
IOT_00005290,FAC_04,MCH_76,75.05,1.184,30.5,7.03,102.1,0
IOT_00005291,FAC_05,MCH_75,35.62,1.381,60.9,6.29,55.9,1
IOT_00005292,FAC_01,MCH_64,58.47,5.533,113.8,6.83,74.5,0
IOT_00005293,FAC_02,MCH_21,84.81,2.179,58.3,2.78,103.9,0
IOT_00005294,FAC_03,MCH_65,87.55,0.209,55.0,7.4,84.7,0
IOT_00005295,FAC_01,MCH_12,35.61,3.968,97.1,3.7,102.7,1
IOT_00005296,FAC_02,MCH_54,66.15,1.762,135.9,4.63,103.9,0
IOT_00005297,FAC_04,MCH_11,55.77,0.481,57.7,2.81,62.2,0
IOT_00005298,FAC_01,MCH_69,57.92,3.381,81.3,5.55,94.6,0
IOT_00005299,FAC_04,MCH_21,76.36,5.891,38.7,4.91,105.6,0
IOT_00005300,FAC_05,MCH_76,71.66,0.672,54.2,3.64,88.0,0
IOT_00005301,FAC_01,MCH_39,43.45,6.28,136.9,2.6,78.9,0
IOT_00005302,FAC_02,MCH_28,59.35,1.798,31.8,5.87,82.3,0
IOT_00005303,FAC_05,MCH_24,75.21,1.04,86.3,6.46,65.9,0
IOT_00005304,FAC_02,MCH_20,82.88,5.995,71.0,6.65,71.3,1
IOT_00005305,FAC_01,MCH_56,85.64,2.272,34.9,7.34,79.5,1
IOT_00005306,FAC_02,MCH_55,75.71,0.509,53.1,4.19,69.0,0
IOT_00005307,FAC_02,MCH_40,66.07,1.723,51.0,7.54,68.9,1
IOT_00005308,FAC_01,MCH_19,61.6,0.833,93.0,4.01,79.1,0
IOT_00005309,FAC_01,MCH_75,86.21,5.752,54.5,6.75,85.4,0
IOT_00005310,FAC_05,MCH_74,36.76,3.381,74.4,4.06,90.4,0
IOT_00005311,FAC_03,MCH_82,93.68,3.165,119.9,4.75,90.8,0
IOT_00005312,FAC_05,MCH_65,77.0,3.03,20.2,6.16,84.6,0
IOT_00005313,FAC_05,MCH_37,41.75,5.84,77.4,6.8,72.7,0
IOT_00005314,FAC_01,MCH_47,92.62,0.28,135.2,7.65,74.3,0
IOT_00005315,FAC_05,MCH_85,48.71,1.566,54.2,4.75,84.2,0
IOT_00005316,FAC_05,MCH_50,59.62,3.525,126.7,2.62,55.4,0
IOT_00005317,FAC_01,MCH_89,36.27,1.555,83.0,3.6,104.3,0
IOT_00005318,FAC_02,MCH_35,68.6,2.342,131.4,6.28,74.8,0
IOT_00005319,FAC_02,MCH_16,38.67,3.653,63.7,4.07,107.1,1
IOT_00005320,FAC_05,MCH_48,37.24,4.155,99.2,3.72,70.5,0
IOT_00005321,FAC_05,MCH_77,43.37,3.435,20.4,2.62,91.6,0
IOT_00005322,FAC_04,MCH_86,80.95,5.007,99.2,4.41,92.6,0
IOT_00005323,FAC_05,MCH_87,88.52,5.015,140.8,2.88,84.2,0
IOT_00005324,FAC_05,MCH_69,81.49,3.238,127.2,6.97,66.3,0
IOT_00005325,FAC_04,MCH_35,67.66,0.333,24.9,6.37,85.4,0
IOT_00005326,FAC_05,MCH_19,55.86,2.856,59.1,6.2,70.7,0
IOT_00005327,FAC_02,MCH_13,88.32,3.393,144.0,7.89,69.3,0
IOT_00005328,FAC_05,MCH_18,85.56,3.285,113.5,3.06,55.4,0
IOT_00005329,FAC_03,MCH_16,56.46,2.522,68.1,3.76,102.0,0
IOT_00005330,FAC_02,MCH_78,63.81,5.973,88.7,3.15,73.9,0
IOT_00005331,FAC_04,MCH_56,90.01,2.559,68.5,3.92,108.2,0
IOT_00005332,FAC_04,MCH_88,57.98,2.604,75.0,4.45,73.4,0
IOT_00005333,FAC_02,MCH_35,37.87,1.979,44.9,3.94,61.4,0
IOT_00005334,FAC_04,MCH_73,80.73,4.044,91.5,4.45,61.8,0
IOT_00005335,FAC_03,MCH_55,74.09,5.692,99.1,5.99,70.2,0
IOT_00005336,FAC_02,MCH_92,62.92,0.921,90.5,6.76,92.9,1
IOT_00005337,FAC_01,MCH_67,45.45,1.978,145.1,2.63,94.1,0
IOT_00005338,FAC_01,MCH_25,79.93,3.927,27.7,5.03,63.7,0
IOT_00005339,FAC_02,MCH_79,80.3,4.023,37.0,3.63,86.9,0
IOT_00005340,FAC_03,MCH_32,58.35,1.102,140.7,6.17,96.7,0
IOT_00005341,FAC_04,MCH_59,94.6,2.246,88.5,2.95,55.0,1
IOT_00005342,FAC_03,MCH_89,88.72,4.906,122.0,7.88,93.4,0
IOT_00005343,FAC_01,MCH_29,94.8,6.116,24.2,7.65,72.1,0
IOT_00005344,FAC_04,MCH_25,60.57,1.217,113.0,7.25,78.8,0
IOT_00005345,FAC_05,MCH_18,76.89,2.108,122.1,7.18,55.3,0
IOT_00005346,FAC_01,MCH_79,92.94,3.753,94.0,5.58,89.8,0
IOT_00005347,FAC_05,MCH_88,62.77,5.481,29.3,3.59,55.8,0
IOT_00005348,FAC_03,MCH_92,78.68,5.298,52.5,5.15,103.8,0
IOT_00005349,FAC_02,MCH_21,72.17,5.647,131.4,7.66,65.4,0
IOT_00005350,FAC_01,MCH_62,80.45,3.522,89.4,4.35,98.6,0
IOT_00005351,FAC_04,MCH_27,82.15,1.157,26.3,6.32,60.0,0
IOT_00005352,FAC_03,MCH_56,64.62,1.711,69.5,6.84,107.7,0
IOT_00005353,FAC_02,MCH_51,63.67,1.768,83.4,2.58,106.3,0
IOT_00005354,FAC_02,MCH_65,55.12,4.969,37.8,5.64,83.1,0
IOT_00005355,FAC_03,MCH_24,83.38,5.434,122.9,7.64,100.1,0
IOT_00005356,FAC_04,MCH_58,49.6,6.152,92.0,6.11,96.6,0
IOT_00005357,FAC_02,MCH_38,36.57,1.707,34.5,4.84,98.2,0
IOT_00005358,FAC_05,MCH_28,89.58,2.929,15.2,4.0,83.0,0
IOT_00005359,FAC_02,MCH_56,66.18,2.13,15.7,7.66,89.4,0
IOT_00005360,FAC_04,MCH_58,67.92,2.855,102.8,4.75,75.7,0
IOT_00005361,FAC_04,MCH_22,92.66,4.597,38.4,7.74,92.1,0
IOT_00005362,FAC_03,MCH_31,63.01,0.942,106.4,5.89,70.2,0
IOT_00005363,FAC_01,MCH_46,83.25,5.516,42.1,6.87,65.7,0
IOT_00005364,FAC_01,MCH_84,70.5,4.922,13.5,6.11,75.7,0
IOT_00005365,FAC_05,MCH_91,46.08,1.099,79.0,7.05,95.8,0
IOT_00005366,FAC_04,MCH_64,79.53,0.65,99.7,5.49,105.3,0
IOT_00005367,FAC_03,MCH_56,89.02,5.212,26.1,2.65,74.5,0
IOT_00005368,FAC_02,MCH_60,65.97,2.473,21.0,4.82,58.8,0
IOT_00005369,FAC_03,MCH_44,80.7,1.607,42.6,7.85,55.5,0
IOT_00005370,FAC_01,MCH_40,44.72,0.995,41.8,7.87,80.0,0
IOT_00005371,FAC_04,MCH_97,38.05,1.229,26.6,6.64,57.6,0
IOT_00005372,FAC_01,MCH_63,72.03,1.522,146.1,3.82,89.4,0
IOT_00005373,FAC_01,MCH_56,83.22,4.837,113.8,4.93,80.8,1
IOT_00005374,FAC_05,MCH_75,94.54,3.917,32.3,5.3,62.5,0
IOT_00005375,FAC_04,MCH_79,86.78,5.134,109.7,6.3,72.9,0
IOT_00005376,FAC_05,MCH_77,51.1,5.163,65.4,4.85,68.9,0
IOT_00005377,FAC_04,MCH_93,50.89,5.275,94.1,7.3,83.7,0
IOT_00005378,FAC_05,MCH_69,61.21,5.27,114.3,4.06,91.7,0
IOT_00005379,FAC_04,MCH_40,65.24,6.318,71.8,6.96,89.5,1
IOT_00005380,FAC_05,MCH_78,92.33,3.872,89.6,5.99,63.8,0
IOT_00005381,FAC_02,MCH_46,35.44,4.459,39.2,6.19,104.2,0
IOT_00005382,FAC_04,MCH_12,52.11,3.384,67.6,6.25,102.7,0
IOT_00005383,FAC_03,MCH_29,40.9,6.256,71.8,3.55,105.1,0
IOT_00005384,FAC_01,MCH_66,58.16,1.112,119.2,4.81,58.9,0
IOT_00005385,FAC_02,MCH_41,89.51,0.428,141.8,4.81,59.8,0
IOT_00005386,FAC_01,MCH_34,42.8,0.68,134.0,2.63,106.7,0
IOT_00005387,FAC_01,MCH_74,41.33,3.311,134.5,7.19,103.6,0
IOT_00005388,FAC_02,MCH_62,60.29,4.516,138.0,3.38,60.8,0
IOT_00005389,FAC_04,MCH_43,69.45,4.436,143.1,5.53,70.3,0
IOT_00005390,FAC_05,MCH_42,42.82,1.678,20.4,3.37,96.8,0
IOT_00005391,FAC_04,MCH_55,79.41,4.825,48.7,4.55,99.9,1
IOT_00005392,FAC_02,MCH_14,57.31,2.796,69.6,6.94,78.8,0
IOT_00005393,FAC_05,MCH_89,79.78,5.959,109.7,7.32,95.9,0
IOT_00005394,FAC_03,MCH_94,75.82,0.383,62.6,6.12,99.3,0
IOT_00005395,FAC_03,MCH_49,61.23,3.616,68.5,4.31,71.8,0
IOT_00005396,FAC_02,MCH_14,70.85,1.071,22.9,3.75,95.2,1
IOT_00005397,FAC_01,MCH_64,79.46,2.891,31.1,5.01,90.7,0
IOT_00005398,FAC_02,MCH_99,92.43,1.67,145.4,7.58,75.7,1
IOT_00005399,FAC_01,MCH_38,38.95,5.104,45.1,3.02,66.8,0
IOT_00005400,FAC_02,MCH_34,38.34,0.991,109.6,3.06,102.8,0
IOT_00005401,FAC_03,MCH_45,70.74,4.348,132.6,6.09,105.9,0
IOT_00005402,FAC_01,MCH_16,69.58,6.352,69.0,4.97,57.8,0
IOT_00005403,FAC_03,MCH_34,58.98,3.631,21.4,6.57,60.5,0
IOT_00005404,FAC_03,MCH_88,89.07,3.986,83.3,2.79,105.4,0
IOT_00005405,FAC_05,MCH_72,56.34,1.995,141.9,3.23,102.4,0
IOT_00005406,FAC_01,MCH_29,41.78,2.792,91.4,3.64,72.6,0
IOT_00005407,FAC_02,MCH_38,47.71,3.597,14.5,7.95,104.1,0
IOT_00005408,FAC_02,MCH_73,69.59,6.448,65.8,2.62,88.9,0
IOT_00005409,FAC_03,MCH_29,92.55,0.26,16.0,3.61,67.6,0
IOT_00005410,FAC_02,MCH_35,88.65,3.288,116.7,3.32,88.2,1
IOT_00005411,FAC_02,MCH_57,57.57,1.808,83.9,7.54,90.9,0
IOT_00005412,FAC_04,MCH_59,70.52,3.785,128.8,6.45,57.1,0
IOT_00005413,FAC_02,MCH_26,37.7,4.749,12.5,6.13,95.4,0
IOT_00005414,FAC_04,MCH_25,40.6,3.89,69.7,4.56,71.1,0
IOT_00005415,FAC_04,MCH_31,88.44,3.097,104.2,2.6,90.3,0
IOT_00005416,FAC_01,MCH_53,68.22,3.224,82.1,7.69,59.9,0
IOT_00005417,FAC_01,MCH_77,49.45,4.431,134.5,7.87,96.9,1
IOT_00005418,FAC_03,MCH_11,39.64,6.421,67.1,3.59,98.1,0
IOT_00005419,FAC_04,MCH_97,65.85,2.04,32.2,4.9,56.3,0
IOT_00005420,FAC_05,MCH_54,65.78,5.903,124.9,5.61,109.7,0
IOT_00005421,FAC_01,MCH_16,78.23,1.182,98.9,7.09,98.8,0
IOT_00005422,FAC_04,MCH_31,63.52,1.909,149.3,6.67,89.6,0
IOT_00005423,FAC_03,MCH_91,70.27,1.044,51.8,3.45,105.8,0
IOT_00005424,FAC_02,MCH_67,41.48,3.376,34.1,3.37,67.6,0
IOT_00005425,FAC_01,MCH_55,40.15,5.249,25.5,5.6,91.2,0
IOT_00005426,FAC_02,MCH_70,82.04,6.218,97.1,3.97,61.1,0
IOT_00005427,FAC_02,MCH_31,83.98,2.423,91.7,6.12,90.1,0
IOT_00005428,FAC_02,MCH_53,89.44,3.897,29.6,3.96,87.7,0
IOT_00005429,FAC_01,MCH_80,89.7,6.434,146.9,4.56,63.3,1
IOT_00005430,FAC_01,MCH_87,54.71,5.894,96.9,3.58,94.8,0
IOT_00005431,FAC_01,MCH_36,55.93,4.59,124.2,5.79,106.3,0
IOT_00005432,FAC_05,MCH_20,90.1,3.32,108.8,4.47,100.5,0
IOT_00005433,FAC_04,MCH_33,64.27,0.309,136.1,5.66,68.0,0
IOT_00005434,FAC_05,MCH_49,92.57,4.308,80.0,5.56,91.2,0
IOT_00005435,FAC_04,MCH_12,92.49,3.18,146.6,5.24,55.8,0
IOT_00005436,FAC_03,MCH_37,58.48,4.169,147.8,6.05,85.6,0
IOT_00005437,FAC_05,MCH_74,53.28,4.59,52.7,4.8,56.5,0
IOT_00005438,FAC_05,MCH_13,66.03,2.974,15.2,7.8,61.8,0
IOT_00005439,FAC_02,MCH_28,75.52,0.841,29.3,3.66,77.9,0
IOT_00005440,FAC_03,MCH_53,82.59,1.656,85.7,4.31,79.5,0
IOT_00005441,FAC_04,MCH_74,90.75,5.534,59.7,5.64,96.2,1
IOT_00005442,FAC_05,MCH_39,93.89,2.258,109.3,5.75,67.4,0
IOT_00005443,FAC_02,MCH_88,66.26,6.068,40.1,7.33,76.2,0
IOT_00005444,FAC_01,MCH_67,73.24,0.591,144.1,4.63,87.8,1
IOT_00005445,FAC_01,MCH_92,46.63,4.048,131.0,7.4,67.3,0
IOT_00005446,FAC_02,MCH_46,59.15,1.362,105.3,6.6,68.4,0
IOT_00005447,FAC_05,MCH_95,57.1,5.279,112.0,5.08,100.7,0
IOT_00005448,FAC_05,MCH_73,68.75,0.397,45.9,5.79,80.8,0
IOT_00005449,FAC_02,MCH_19,45.25,4.029,109.6,3.01,83.9,0
IOT_00005450,FAC_05,MCH_70,53.41,0.535,131.1,3.65,105.3,0
IOT_00005451,FAC_04,MCH_57,52.66,3.45,67.2,7.96,102.9,0
IOT_00005452,FAC_05,MCH_19,87.83,5.298,66.1,5.59,66.1,0
IOT_00005453,FAC_04,MCH_67,78.74,2.521,39.8,6.09,65.7,0
IOT_00005454,FAC_03,MCH_22,78.22,3.145,113.0,4.15,84.3,0
IOT_00005455,FAC_05,MCH_69,44.47,0.972,72.0,6.79,93.9,0
IOT_00005456,FAC_04,MCH_37,60.23,2.225,118.3,7.93,84.1,1
IOT_00005457,FAC_02,MCH_69,54.49,2.833,19.4,3.2,96.2,0
IOT_00005458,FAC_01,MCH_22,75.37,2.93,141.3,4.01,57.0,0
IOT_00005459,FAC_02,MCH_91,46.88,4.124,42.7,4.17,66.2,0
IOT_00005460,FAC_04,MCH_77,61.67,5.762,26.6,7.4,61.9,0
IOT_00005461,FAC_05,MCH_68,81.41,2.329,149.4,6.9,74.1,0
IOT_00005462,FAC_03,MCH_81,92.73,0.66,12.5,4.33,95.0,0
IOT_00005463,FAC_05,MCH_48,91.62,1.217,66.9,3.12,96.1,0
IOT_00005464,FAC_02,MCH_58,49.45,4.121,125.4,5.44,92.0,0
IOT_00005465,FAC_01,MCH_17,76.17,3.748,24.2,4.77,88.2,0
IOT_00005466,FAC_05,MCH_43,68.86,4.049,17.3,7.4,73.0,0
IOT_00005467,FAC_02,MCH_44,69.85,4.155,108.2,6.98,84.1,0
IOT_00005468,FAC_02,MCH_40,65.38,4.181,41.9,4.89,86.6,0
IOT_00005469,FAC_05,MCH_32,77.46,4.138,107.3,2.68,71.0,0
IOT_00005470,FAC_01,MCH_84,43.68,1.75,31.0,6.99,69.4,0
IOT_00005471,FAC_02,MCH_97,70.54,1.117,119.7,5.84,78.1,0
IOT_00005472,FAC_05,MCH_68,85.77,1.462,64.9,3.96,79.2,0
IOT_00005473,FAC_04,MCH_49,53.53,5.952,137.1,3.47,72.7,0
IOT_00005474,FAC_05,MCH_56,89.42,1.097,69.6,6.91,65.3,0
IOT_00005475,FAC_05,MCH_84,88.14,3.67,35.6,6.42,63.9,0
IOT_00005476,FAC_01,MCH_90,36.78,2.228,57.8,5.92,109.0,0
IOT_00005477,FAC_02,MCH_43,71.34,2.119,145.2,6.22,99.4,1
IOT_00005478,FAC_01,MCH_72,41.48,2.082,109.4,3.55,61.1,0
IOT_00005479,FAC_05,MCH_99,36.33,3.772,71.3,6.68,78.3,0
IOT_00005480,FAC_01,MCH_94,49.78,4.099,109.9,4.18,86.2,0
IOT_00005481,FAC_04,MCH_80,86.14,2.716,26.8,6.73,79.6,0
IOT_00005482,FAC_01,MCH_17,76.08,1.993,47.6,4.2,98.6,1
IOT_00005483,FAC_02,MCH_55,47.21,0.829,86.4,5.64,56.2,0
IOT_00005484,FAC_04,MCH_62,57.01,0.236,63.3,7.08,83.6,0
IOT_00005485,FAC_03,MCH_41,47.7,2.657,76.9,5.33,108.9,0
IOT_00005486,FAC_03,MCH_16,69.93,0.595,43.1,4.45,106.0,0
IOT_00005487,FAC_05,MCH_25,53.06,3.294,131.5,5.83,105.8,0
IOT_00005488,FAC_01,MCH_56,79.16,1.372,34.6,7.84,83.2,0
IOT_00005489,FAC_04,MCH_72,59.41,5.266,43.8,6.87,87.8,0
IOT_00005490,FAC_02,MCH_42,46.55,6.492,113.1,3.58,67.7,0
IOT_00005491,FAC_02,MCH_94,52.87,0.545,83.0,7.51,81.2,0
IOT_00005492,FAC_03,MCH_46,65.82,5.078,97.0,2.82,73.8,0
IOT_00005493,FAC_04,MCH_67,79.86,2.73,29.5,7.92,106.4,0
IOT_00005494,FAC_02,MCH_61,90.17,0.29,96.5,4.59,68.2,0
IOT_00005495,FAC_04,MCH_63,79.21,0.259,130.7,6.37,62.6,0
IOT_00005496,FAC_02,MCH_87,41.0,2.159,87.0,6.54,102.0,0
IOT_00005497,FAC_02,MCH_14,92.48,3.487,72.3,5.34,81.4,0
IOT_00005498,FAC_05,MCH_96,41.82,4.093,95.8,5.77,100.8,0
IOT_00005499,FAC_05,MCH_91,55.54,4.256,55.0,3.6,71.9,1
IOT_00005500,FAC_03,MCH_85,62.81,4.541,76.6,7.29,57.6,0
IOT_00005501,FAC_05,MCH_54,42.76,1.06,76.1,5.06,95.5,0
IOT_00005502,FAC_02,MCH_66,44.09,4.74,119.7,2.88,59.3,0
IOT_00005503,FAC_02,MCH_82,76.22,0.912,104.5,3.02,86.4,0
IOT_00005504,FAC_02,MCH_82,54.19,3.844,116.6,4.38,55.2,0
IOT_00005505,FAC_01,MCH_96,85.68,5.049,85.5,3.15,69.1,0
IOT_00005506,FAC_01,MCH_12,35.49,5.181,89.7,4.82,71.3,0
IOT_00005507,FAC_02,MCH_60,75.33,1.952,85.4,5.87,87.1,0
IOT_00005508,FAC_03,MCH_84,70.56,3.186,44.1,6.32,65.5,1
IOT_00005509,FAC_03,MCH_20,60.26,5.525,56.4,6.56,103.5,0
IOT_00005510,FAC_03,MCH_45,72.59,0.287,86.8,2.53,63.6,0
IOT_00005511,FAC_05,MCH_20,36.27,1.036,113.9,5.85,70.9,0
IOT_00005512,FAC_01,MCH_33,71.38,6.404,51.0,7.68,58.3,0
IOT_00005513,FAC_02,MCH_24,83.38,2.42,129.6,2.76,71.3,0
IOT_00005514,FAC_03,MCH_61,82.23,4.923,136.4,3.1,83.0,1
IOT_00005515,FAC_01,MCH_88,52.47,1.676,21.2,3.68,95.5,0
IOT_00005516,FAC_03,MCH_67,81.16,5.239,95.7,4.85,99.9,0
IOT_00005517,FAC_03,MCH_61,94.64,3.015,123.4,7.47,94.3,0
IOT_00005518,FAC_02,MCH_22,46.83,1.937,24.2,5.72,73.6,0
IOT_00005519,FAC_04,MCH_80,47.51,3.3,87.7,7.29,81.5,1
IOT_00005520,FAC_05,MCH_78,49.79,3.044,43.5,5.62,68.1,0
IOT_00005521,FAC_01,MCH_51,56.81,6.375,111.9,3.79,93.6,0
IOT_00005522,FAC_05,MCH_92,38.93,5.647,32.6,5.82,74.1,0
IOT_00005523,FAC_04,MCH_42,69.09,0.266,51.4,6.89,86.4,0
IOT_00005524,FAC_01,MCH_98,70.54,2.023,106.4,3.11,69.9,0
IOT_00005525,FAC_02,MCH_91,53.16,3.899,66.8,3.25,80.3,0
IOT_00005526,FAC_04,MCH_61,44.17,5.206,100.7,3.65,61.4,0
IOT_00005527,FAC_01,MCH_38,59.07,4.058,41.5,7.06,76.1,0
IOT_00005528,FAC_03,MCH_22,66.62,5.396,76.8,5.96,106.2,0
IOT_00005529,FAC_02,MCH_36,89.2,0.843,114.1,5.36,101.1,1
IOT_00005530,FAC_05,MCH_29,50.65,2.686,14.6,7.55,94.3,0
IOT_00005531,FAC_04,MCH_25,90.61,0.973,51.9,3.18,97.8,0
IOT_00005532,FAC_01,MCH_38,55.96,6.444,126.6,6.93,57.1,1
IOT_00005533,FAC_01,MCH_74,45.15,3.199,107.1,5.22,92.6,0
IOT_00005534,FAC_05,MCH_87,65.8,1.306,64.0,7.42,58.5,0
IOT_00005535,FAC_03,MCH_23,85.29,4.043,15.3,7.24,74.4,0
IOT_00005536,FAC_05,MCH_61,65.21,6.428,145.4,2.73,83.9,0
IOT_00005537,FAC_04,MCH_90,41.6,4.634,99.9,4.01,79.4,0
IOT_00005538,FAC_02,MCH_22,79.64,1.773,71.0,7.16,60.0,0
IOT_00005539,FAC_02,MCH_12,75.23,4.793,63.7,5.54,107.6,0
IOT_00005540,FAC_04,MCH_39,36.05,6.158,82.4,3.96,91.5,1
IOT_00005541,FAC_02,MCH_89,91.04,5.169,115.0,7.06,72.3,0
IOT_00005542,FAC_02,MCH_98,40.21,6.1,80.1,3.52,100.8,0
IOT_00005543,FAC_01,MCH_60,54.01,4.731,74.7,6.08,106.7,1
IOT_00005544,FAC_02,MCH_74,81.48,3.804,21.4,6.76,90.6,0
IOT_00005545,FAC_02,MCH_78,53.07,4.81,13.4,5.51,91.0,0
IOT_00005546,FAC_05,MCH_52,83.67,6.412,77.5,6.31,97.2,0
IOT_00005547,FAC_05,MCH_85,71.1,5.227,32.8,6.61,86.0,0
IOT_00005548,FAC_05,MCH_42,52.06,3.888,53.4,5.15,79.7,1
IOT_00005549,FAC_02,MCH_10,83.32,6.251,146.8,5.21,85.5,0
IOT_00005550,FAC_04,MCH_38,43.52,1.788,56.9,6.26,100.5,0
IOT_00005551,FAC_01,MCH_32,87.56,1.749,26.0,5.55,56.9,0
IOT_00005552,FAC_05,MCH_54,83.88,1.074,60.8,2.97,92.6,1
IOT_00005553,FAC_03,MCH_88,57.19,0.104,48.5,2.65,69.6,0
IOT_00005554,FAC_05,MCH_20,54.99,1.174,47.3,4.52,90.3,0
IOT_00005555,FAC_02,MCH_37,37.14,1.771,24.8,4.86,103.6,0
IOT_00005556,FAC_03,MCH_41,47.88,3.069,107.4,5.1,107.1,0
IOT_00005557,FAC_04,MCH_76,47.46,0.558,40.0,3.3,72.0,0
IOT_00005558,FAC_05,MCH_41,46.42,0.227,19.2,5.55,79.7,0
IOT_00005559,FAC_01,MCH_39,78.86,1.764,106.5,6.79,83.6,0
IOT_00005560,FAC_05,MCH_43,47.75,3.241,86.8,6.39,101.0,0
IOT_00005561,FAC_05,MCH_35,49.15,5.988,116.1,2.51,82.9,1
IOT_00005562,FAC_04,MCH_80,69.79,1.218,91.9,6.12,70.5,0
IOT_00005563,FAC_01,MCH_70,42.88,4.368,65.5,6.18,97.2,0
IOT_00005564,FAC_03,MCH_33,66.32,0.596,110.1,4.8,105.2,0
IOT_00005565,FAC_01,MCH_99,80.01,3.0,46.8,7.74,108.4,0
IOT_00005566,FAC_02,MCH_67,49.22,1.872,26.2,4.63,67.3,0
IOT_00005567,FAC_02,MCH_76,64.92,3.341,121.3,3.46,95.3,0
IOT_00005568,FAC_02,MCH_54,72.02,3.686,19.9,3.75,106.7,0
IOT_00005569,FAC_05,MCH_40,60.55,5.282,121.0,5.73,74.1,0
IOT_00005570,FAC_03,MCH_80,85.12,2.029,140.8,7.54,106.1,0
IOT_00005571,FAC_04,MCH_36,56.73,3.967,40.9,4.91,70.0,1
IOT_00005572,FAC_02,MCH_58,73.47,3.048,97.6,4.85,89.0,1
IOT_00005573,FAC_02,MCH_33,64.26,4.199,88.9,5.49,82.8,0
IOT_00005574,FAC_03,MCH_72,49.0,2.459,46.4,6.91,80.2,0
IOT_00005575,FAC_02,MCH_69,48.85,6.236,29.0,5.1,81.2,0
IOT_00005576,FAC_01,MCH_56,87.94,2.328,28.1,2.85,91.4,0
IOT_00005577,FAC_02,MCH_27,46.24,4.061,94.6,3.31,79.5,0
IOT_00005578,FAC_01,MCH_15,82.58,2.019,116.2,7.02,66.7,1
IOT_00005579,FAC_04,MCH_93,35.84,2.169,12.3,4.87,77.5,0
IOT_00005580,FAC_03,MCH_26,70.33,0.495,36.8,5.02,65.3,0
IOT_00005581,FAC_01,MCH_25,89.38,0.343,38.5,4.97,82.7,0
IOT_00005582,FAC_05,MCH_79,48.26,5.254,14.2,4.85,59.1,0
IOT_00005583,FAC_02,MCH_83,75.28,3.224,149.7,5.83,61.4,0
IOT_00005584,FAC_03,MCH_39,61.12,4.168,69.4,3.31,103.8,1
IOT_00005585,FAC_05,MCH_98,50.18,3.236,147.2,5.1,92.8,0
IOT_00005586,FAC_03,MCH_27,90.44,3.649,143.3,3.88,91.7,0
IOT_00005587,FAC_02,MCH_62,37.38,3.885,110.7,6.24,99.4,0
IOT_00005588,FAC_03,MCH_41,87.71,2.06,34.9,6.0,56.8,0
IOT_00005589,FAC_03,MCH_56,45.41,2.68,68.4,6.69,73.2,0
IOT_00005590,FAC_03,MCH_62,69.06,3.58,43.3,7.6,74.8,0
IOT_00005591,FAC_02,MCH_25,70.69,5.647,22.9,2.57,84.8,0
IOT_00005592,FAC_04,MCH_53,73.33,5.266,133.2,5.96,108.6,1
IOT_00005593,FAC_02,MCH_41,59.23,2.958,140.0,7.76,89.8,1
IOT_00005594,FAC_01,MCH_93,89.29,5.95,54.9,6.59,60.1,0
IOT_00005595,FAC_01,MCH_83,68.3,6.159,118.1,6.42,77.5,0
IOT_00005596,FAC_04,MCH_31,86.69,5.797,45.1,5.51,67.2,0
IOT_00005597,FAC_05,MCH_14,78.42,3.91,60.1,7.25,80.9,0
IOT_00005598,FAC_02,MCH_16,75.39,6.439,98.9,6.94,93.2,0
IOT_00005599,FAC_03,MCH_39,53.49,5.25,68.1,3.25,59.0,0
IOT_00005600,FAC_04,MCH_57,58.4,0.343,56.6,6.78,89.7,0
IOT_00005601,FAC_05,MCH_83,53.35,3.535,109.0,3.41,64.2,0
IOT_00005602,FAC_01,MCH_76,82.91,6.211,116.5,5.99,89.8,0
IOT_00005603,FAC_04,MCH_64,80.59,6.053,16.0,5.94,109.7,0
IOT_00005604,FAC_02,MCH_72,76.71,3.684,116.5,7.86,65.9,0
IOT_00005605,FAC_03,MCH_80,64.65,0.977,143.6,5.38,62.1,0
IOT_00005606,FAC_03,MCH_89,68.71,2.595,26.7,4.55,67.0,0
IOT_00005607,FAC_02,MCH_47,69.27,5.72,71.7,4.56,108.3,0
IOT_00005608,FAC_03,MCH_74,76.95,0.608,56.6,6.03,64.6,0
IOT_00005609,FAC_04,MCH_92,77.63,4.888,22.5,5.79,103.0,0
IOT_00005610,FAC_03,MCH_43,80.04,1.0,34.3,7.64,61.1,0
IOT_00005611,FAC_02,MCH_68,72.38,6.002,114.8,5.44,77.4,0
IOT_00005612,FAC_02,MCH_33,41.54,5.844,128.5,2.97,81.8,0
IOT_00005613,FAC_05,MCH_24,71.7,0.145,30.9,5.38,78.7,0
IOT_00005614,FAC_02,MCH_78,60.36,2.842,129.4,7.21,66.5,0
IOT_00005615,FAC_04,MCH_57,93.83,0.25,115.4,4.84,60.9,0
IOT_00005616,FAC_01,MCH_48,52.6,1.341,146.8,6.03,102.0,0
IOT_00005617,FAC_04,MCH_86,47.53,0.925,147.2,3.27,99.8,0
IOT_00005618,FAC_01,MCH_84,81.83,6.175,103.4,4.34,75.2,0
IOT_00005619,FAC_03,MCH_82,87.27,5.356,56.0,5.03,68.8,0
IOT_00005620,FAC_01,MCH_37,46.73,1.334,82.2,6.21,55.5,0
IOT_00005621,FAC_05,MCH_44,93.58,2.52,134.3,6.77,64.6,0
IOT_00005622,FAC_03,MCH_96,86.09,2.67,43.6,3.41,91.6,0
IOT_00005623,FAC_02,MCH_60,68.62,4.344,111.2,5.66,72.3,0
IOT_00005624,FAC_04,MCH_15,74.28,0.219,25.1,2.57,70.3,0
IOT_00005625,FAC_02,MCH_76,88.29,1.18,43.3,5.42,91.4,0
IOT_00005626,FAC_05,MCH_59,57.79,2.832,113.9,6.39,103.4,1
IOT_00005627,FAC_04,MCH_39,69.29,3.79,76.5,6.12,86.9,0
IOT_00005628,FAC_02,MCH_80,67.01,3.036,129.7,3.81,100.1,0
IOT_00005629,FAC_02,MCH_98,81.51,2.694,70.9,5.33,72.1,0
IOT_00005630,FAC_05,MCH_81,66.23,2.623,115.2,6.49,96.3,0
IOT_00005631,FAC_01,MCH_80,83.48,3.486,146.8,5.81,71.3,0
IOT_00005632,FAC_03,MCH_71,57.53,4.965,104.5,7.2,77.3,0
IOT_00005633,FAC_02,MCH_11,45.29,1.927,108.3,7.89,88.5,0
IOT_00005634,FAC_03,MCH_83,62.22,0.636,126.0,6.14,78.0,0
IOT_00005635,FAC_01,MCH_22,87.22,1.716,51.5,7.53,92.2,0
IOT_00005636,FAC_04,MCH_12,90.64,2.237,19.2,2.93,101.6,0
IOT_00005637,FAC_03,MCH_49,67.0,0.866,42.4,6.76,109.9,0
IOT_00005638,FAC_03,MCH_80,57.74,4.549,35.6,2.75,98.4,0
IOT_00005639,FAC_01,MCH_70,40.72,2.099,56.5,2.91,95.4,0
IOT_00005640,FAC_05,MCH_24,55.45,5.261,87.5,2.67,65.7,0
IOT_00005641,FAC_04,MCH_59,49.82,3.772,105.5,4.86,107.0,0
IOT_00005642,FAC_04,MCH_64,50.69,5.935,111.6,5.34,77.2,0
IOT_00005643,FAC_03,MCH_27,76.65,3.167,63.0,7.77,102.6,0
IOT_00005644,FAC_05,MCH_37,46.57,6.242,137.0,4.97,93.6,0
IOT_00005645,FAC_01,MCH_14,56.86,0.51,129.6,7.74,75.7,0
IOT_00005646,FAC_05,MCH_12,68.32,0.533,84.4,7.39,58.2,1
IOT_00005647,FAC_05,MCH_98,66.5,5.386,39.0,5.03,99.7,0
IOT_00005648,FAC_04,MCH_91,50.89,2.231,145.9,3.21,75.9,0
IOT_00005649,FAC_01,MCH_86,53.03,0.641,66.6,3.34,82.7,0
IOT_00005650,FAC_04,MCH_17,46.61,4.893,55.1,7.85,57.6,0
IOT_00005651,FAC_03,MCH_30,60.04,0.169,107.1,7.46,95.6,0
IOT_00005652,FAC_05,MCH_76,40.42,3.172,124.1,3.13,95.5,1
IOT_00005653,FAC_01,MCH_54,53.09,3.651,114.7,4.94,66.9,0
IOT_00005654,FAC_05,MCH_76,74.72,0.173,101.6,3.7,63.3,0
IOT_00005655,FAC_03,MCH_60,47.48,4.774,136.7,7.92,92.9,0
IOT_00005656,FAC_03,MCH_23,56.58,5.837,149.6,2.77,78.6,0
IOT_00005657,FAC_05,MCH_63,73.93,6.219,16.6,7.67,101.6,0
IOT_00005658,FAC_02,MCH_59,51.79,6.019,55.2,6.38,100.0,0
IOT_00005659,FAC_03,MCH_23,36.47,2.355,111.1,5.61,62.2,0
IOT_00005660,FAC_01,MCH_79,88.8,6.073,71.2,6.05,104.4,0
IOT_00005661,FAC_03,MCH_15,40.48,3.4,137.4,7.02,58.7,0
IOT_00005662,FAC_03,MCH_51,38.26,2.757,130.8,7.34,74.9,0
IOT_00005663,FAC_03,MCH_18,87.31,3.126,103.0,5.06,91.5,0
IOT_00005664,FAC_01,MCH_90,77.08,4.453,45.9,4.76,74.2,0
IOT_00005665,FAC_03,MCH_32,47.69,1.04,56.1,4.48,106.7,0
IOT_00005666,FAC_05,MCH_84,50.8,2.541,93.4,2.52,106.0,0
IOT_00005667,FAC_01,MCH_70,81.98,5.288,60.6,7.45,55.9,0
IOT_00005668,FAC_02,MCH_81,42.75,4.149,38.0,6.38,102.2,0
IOT_00005669,FAC_05,MCH_49,48.58,5.028,119.9,2.72,93.9,0
IOT_00005670,FAC_04,MCH_69,78.95,3.109,14.8,5.64,99.9,0
IOT_00005671,FAC_03,MCH_64,45.94,5.955,34.6,6.64,103.1,0
IOT_00005672,FAC_04,MCH_86,83.55,3.84,118.6,6.15,93.2,0
IOT_00005673,FAC_02,MCH_52,61.23,0.415,142.3,2.56,83.1,0
IOT_00005674,FAC_05,MCH_15,55.09,0.763,38.0,3.71,90.9,0
IOT_00005675,FAC_02,MCH_11,71.35,2.124,98.2,5.65,96.0,0
IOT_00005676,FAC_02,MCH_76,68.11,0.159,78.5,6.0,106.6,0
IOT_00005677,FAC_04,MCH_49,46.44,5.311,84.1,3.07,55.8,0
IOT_00005678,FAC_03,MCH_94,84.62,3.933,111.4,6.48,103.0,0
IOT_00005679,FAC_05,MCH_10,35.45,0.698,148.0,6.44,84.3,0
IOT_00005680,FAC_03,MCH_15,51.04,2.807,55.5,7.68,87.6,0
IOT_00005681,FAC_01,MCH_71,93.07,2.496,85.2,5.04,72.5,0
IOT_00005682,FAC_05,MCH_60,61.62,1.44,110.0,3.77,109.4,0
IOT_00005683,FAC_03,MCH_42,43.64,5.341,101.0,4.09,87.5,1
IOT_00005684,FAC_01,MCH_67,73.33,2.396,54.0,4.71,89.8,0
IOT_00005685,FAC_02,MCH_56,87.15,5.709,50.0,3.21,61.3,0
IOT_00005686,FAC_03,MCH_59,52.26,3.845,28.6,5.81,105.4,0
IOT_00005687,FAC_01,MCH_87,79.29,2.764,145.1,7.35,78.4,0
IOT_00005688,FAC_03,MCH_95,67.3,3.806,36.1,2.57,64.7,0
IOT_00005689,FAC_04,MCH_21,49.43,2.185,128.3,5.96,107.7,0
IOT_00005690,FAC_03,MCH_30,42.79,1.066,34.3,3.71,73.6,0
IOT_00005691,FAC_02,MCH_93,41.17,1.677,126.4,6.58,97.4,0
IOT_00005692,FAC_02,MCH_21,69.76,2.647,86.4,4.55,70.1,0
IOT_00005693,FAC_01,MCH_41,91.29,5.739,73.4,3.56,69.1,0
IOT_00005694,FAC_02,MCH_98,85.29,3.338,53.5,3.83,96.7,0
IOT_00005695,FAC_02,MCH_71,73.82,0.833,112.6,3.29,55.0,0
IOT_00005696,FAC_02,MCH_36,76.25,5.183,39.7,6.61,60.8,0
IOT_00005697,FAC_04,MCH_64,43.14,5.906,39.7,6.13,97.2,0
IOT_00005698,FAC_04,MCH_83,63.94,1.485,14.5,4.76,60.3,0
IOT_00005699,FAC_05,MCH_70,73.4,4.68,45.6,7.32,68.7,0
IOT_00005700,FAC_01,MCH_45,58.13,0.631,80.2,7.99,97.5,0
IOT_00005701,FAC_01,MCH_76,41.14,4.055,140.7,4.67,81.4,0
IOT_00005702,FAC_05,MCH_87,75.27,0.967,45.9,4.39,83.7,0
IOT_00005703,FAC_03,MCH_75,67.43,4.276,51.1,4.33,55.5,0
IOT_00005704,FAC_01,MCH_31,70.86,4.317,80.5,4.17,66.6,0
IOT_00005705,FAC_03,MCH_45,70.21,3.676,22.9,4.77,109.3,0
IOT_00005706,FAC_01,MCH_27,91.21,5.008,37.9,2.72,97.5,0
IOT_00005707,FAC_02,MCH_82,77.32,6.215,137.3,7.45,69.7,0
IOT_00005708,FAC_04,MCH_25,45.08,2.796,122.0,4.63,109.6,1
IOT_00005709,FAC_04,MCH_99,63.17,0.172,16.8,6.08,66.8,0
IOT_00005710,FAC_03,MCH_61,65.9,2.222,74.9,6.2,104.1,0
IOT_00005711,FAC_02,MCH_52,84.28,2.218,60.7,2.76,89.5,0
IOT_00005712,FAC_05,MCH_90,44.97,2.524,46.5,4.04,102.3,0
IOT_00005713,FAC_03,MCH_43,35.03,0.111,98.3,6.07,78.0,0
IOT_00005714,FAC_04,MCH_14,79.35,4.155,126.0,3.93,84.7,1
IOT_00005715,FAC_03,MCH_62,70.91,1.146,37.4,4.77,58.6,0
IOT_00005716,FAC_03,MCH_97,91.66,1.805,117.6,6.92,81.4,0
IOT_00005717,FAC_01,MCH_45,76.9,6.484,144.0,7.66,57.6,1
IOT_00005718,FAC_04,MCH_30,70.74,4.69,89.7,2.85,58.5,0
IOT_00005719,FAC_02,MCH_65,49.54,4.263,133.8,7.12,61.7,0
IOT_00005720,FAC_05,MCH_99,63.2,5.838,47.6,4.29,107.3,0
IOT_00005721,FAC_03,MCH_42,44.71,4.021,58.4,6.75,92.3,0
IOT_00005722,FAC_05,MCH_87,38.34,4.442,115.4,4.73,65.4,0
IOT_00005723,FAC_01,MCH_11,57.79,2.639,15.6,5.65,79.9,0
IOT_00005724,FAC_03,MCH_73,78.36,3.781,76.0,2.68,96.9,0
IOT_00005725,FAC_03,MCH_73,49.18,4.257,28.3,5.96,109.2,0
IOT_00005726,FAC_01,MCH_96,91.01,0.936,20.5,3.6,92.1,0
IOT_00005727,FAC_02,MCH_76,77.35,6.013,41.4,7.19,62.7,0
IOT_00005728,FAC_02,MCH_91,62.41,1.624,136.2,3.18,99.3,0
IOT_00005729,FAC_05,MCH_23,72.79,2.918,125.0,6.76,69.6,0
IOT_00005730,FAC_03,MCH_29,68.78,0.732,12.1,4.95,104.8,0
IOT_00005731,FAC_01,MCH_77,92.35,0.917,65.4,7.91,64.6,0
IOT_00005732,FAC_01,MCH_94,53.03,1.147,15.6,5.49,104.6,0
IOT_00005733,FAC_01,MCH_21,54.02,1.555,63.0,6.65,70.1,0
IOT_00005734,FAC_01,MCH_10,65.71,2.834,89.1,3.02,101.8,0
IOT_00005735,FAC_02,MCH_21,40.25,6.085,26.3,6.57,99.6,0
IOT_00005736,FAC_01,MCH_51,78.48,1.54,37.4,3.37,67.4,0
IOT_00005737,FAC_04,MCH_13,83.16,5.737,147.8,3.53,89.4,0
IOT_00005738,FAC_01,MCH_57,76.09,2.924,114.9,6.44,108.5,0
IOT_00005739,FAC_04,MCH_36,68.35,1.286,81.4,3.38,76.9,0
IOT_00005740,FAC_03,MCH_10,59.33,3.739,18.2,4.22,84.7,0
IOT_00005741,FAC_05,MCH_99,74.14,2.126,67.6,7.46,99.1,0
IOT_00005742,FAC_01,MCH_78,73.77,1.062,78.0,6.77,89.4,0
IOT_00005743,FAC_05,MCH_41,90.52,3.479,14.9,4.24,103.6,0
IOT_00005744,FAC_04,MCH_27,39.63,4.068,148.0,2.95,82.9,0
IOT_00005745,FAC_03,MCH_25,90.24,0.638,77.9,2.56,71.4,0
IOT_00005746,FAC_01,MCH_14,80.63,4.373,50.0,5.97,86.2,0
IOT_00005747,FAC_05,MCH_26,65.79,2.171,61.7,6.26,75.2,0
IOT_00005748,FAC_03,MCH_29,51.76,5.77,90.6,5.12,106.2,0
IOT_00005749,FAC_02,MCH_53,62.82,2.97,100.6,7.63,68.7,0
IOT_00005750,FAC_01,MCH_59,70.89,6.232,119.7,6.92,91.3,0
IOT_00005751,FAC_04,MCH_88,64.32,1.471,112.4,6.08,60.3,0
IOT_00005752,FAC_02,MCH_39,36.42,5.268,23.6,3.66,90.4,0
IOT_00005753,FAC_03,MCH_95,72.01,4.281,100.3,7.13,81.0,0
IOT_00005754,FAC_03,MCH_59,91.35,3.433,58.0,6.1,88.2,0
IOT_00005755,FAC_03,MCH_18,85.33,4.875,114.6,5.16,106.7,0
IOT_00005756,FAC_01,MCH_97,91.37,4.243,81.3,5.27,89.6,0
IOT_00005757,FAC_01,MCH_50,84.77,5.639,68.4,3.13,104.7,0
IOT_00005758,FAC_05,MCH_82,50.93,0.241,66.1,7.4,70.8,1
IOT_00005759,FAC_01,MCH_83,83.86,3.415,129.8,3.56,85.4,0
IOT_00005760,FAC_04,MCH_72,41.84,4.29,135.2,3.64,71.8,0
IOT_00005761,FAC_04,MCH_42,42.54,6.263,70.0,2.55,73.9,0
IOT_00005762,FAC_05,MCH_11,44.0,3.498,31.3,6.32,55.5,0
IOT_00005763,FAC_03,MCH_37,47.26,0.68,128.2,6.04,74.9,0
IOT_00005764,FAC_05,MCH_84,50.29,4.661,48.0,5.97,92.9,0
IOT_00005765,FAC_04,MCH_93,65.29,5.159,86.5,6.39,101.1,0
IOT_00005766,FAC_03,MCH_86,39.21,1.555,135.4,3.83,99.7,0
IOT_00005767,FAC_05,MCH_16,48.6,6.01,83.0,4.78,56.0,1
IOT_00005768,FAC_03,MCH_72,89.75,3.326,62.3,7.8,65.3,0
IOT_00005769,FAC_04,MCH_84,80.46,1.707,147.4,3.89,78.6,0
IOT_00005770,FAC_02,MCH_65,87.99,2.682,60.4,3.85,77.1,0
IOT_00005771,FAC_05,MCH_10,56.97,2.618,89.9,7.28,67.1,0
IOT_00005772,FAC_04,MCH_42,48.91,1.328,49.3,2.55,60.5,0
IOT_00005773,FAC_03,MCH_78,45.28,4.376,62.5,7.95,79.8,0
IOT_00005774,FAC_05,MCH_21,82.01,2.279,119.1,7.88,55.3,1
IOT_00005775,FAC_02,MCH_38,46.35,3.537,135.5,4.37,75.5,0
IOT_00005776,FAC_03,MCH_85,36.65,2.326,25.7,5.06,75.8,0
IOT_00005777,FAC_04,MCH_95,42.16,0.8,80.8,6.06,75.6,0
IOT_00005778,FAC_05,MCH_34,75.98,4.29,99.8,6.88,60.2,0
IOT_00005779,FAC_04,MCH_49,55.71,3.613,30.8,4.12,108.9,0
IOT_00005780,FAC_01,MCH_86,54.06,5.247,64.5,3.78,91.9,0
IOT_00005781,FAC_03,MCH_96,70.98,3.04,150.0,6.4,73.8,0
IOT_00005782,FAC_01,MCH_47,82.61,5.628,15.4,7.49,100.5,0
IOT_00005783,FAC_05,MCH_32,58.65,2.059,97.3,7.28,78.1,0
IOT_00005784,FAC_04,MCH_58,59.42,1.47,81.6,6.75,107.5,0
IOT_00005785,FAC_01,MCH_53,49.03,4.43,42.2,3.31,70.1,0
IOT_00005786,FAC_02,MCH_56,82.67,0.845,131.3,3.17,85.3,0
IOT_00005787,FAC_01,MCH_60,47.3,5.83,36.2,5.75,65.2,0
IOT_00005788,FAC_01,MCH_52,93.48,1.685,112.1,3.69,89.2,0
IOT_00005789,FAC_03,MCH_88,74.01,2.017,105.1,5.21,81.5,0
IOT_00005790,FAC_04,MCH_13,69.38,3.202,94.4,7.16,107.0,0
IOT_00005791,FAC_05,MCH_98,44.88,3.264,111.8,7.93,59.0,1
IOT_00005792,FAC_05,MCH_11,83.54,2.319,102.9,4.75,75.3,0
IOT_00005793,FAC_05,MCH_50,67.54,3.721,136.4,7.41,67.0,0
IOT_00005794,FAC_01,MCH_91,64.29,6.286,27.1,7.44,95.8,0
IOT_00005795,FAC_04,MCH_18,38.57,4.775,119.1,3.97,58.4,0
IOT_00005796,FAC_03,MCH_58,94.12,0.68,110.1,3.7,62.0,0
IOT_00005797,FAC_03,MCH_58,74.6,1.632,122.1,5.6,102.3,1
IOT_00005798,FAC_03,MCH_23,54.78,1.886,55.3,4.51,70.5,0
IOT_00005799,FAC_04,MCH_62,84.83,3.139,53.3,4.5,78.6,0
IOT_00005800,FAC_05,MCH_11,48.58,4.767,40.3,5.41,109.9,0
IOT_00005801,FAC_05,MCH_44,73.4,3.484,68.9,5.8,76.0,0
IOT_00005802,FAC_04,MCH_27,65.2,5.669,143.5,3.35,93.5,0
IOT_00005803,FAC_02,MCH_67,50.0,0.858,60.6,6.33,89.4,0
IOT_00005804,FAC_03,MCH_89,82.77,6.414,20.8,5.18,85.6,0
IOT_00005805,FAC_02,MCH_69,48.8,5.367,53.0,7.25,95.3,0
IOT_00005806,FAC_01,MCH_45,83.16,1.963,112.7,5.27,59.0,1
IOT_00005807,FAC_01,MCH_87,55.44,1.143,18.9,7.94,103.2,0
IOT_00005808,FAC_01,MCH_72,39.46,3.3,37.6,7.14,87.4,0
IOT_00005809,FAC_02,MCH_37,39.72,3.589,88.5,5.71,66.8,0
IOT_00005810,FAC_05,MCH_93,50.8,6.018,75.1,6.86,95.0,0
IOT_00005811,FAC_01,MCH_96,62.02,2.949,61.1,4.61,66.7,0
IOT_00005812,FAC_02,MCH_37,39.54,5.686,71.8,6.95,63.1,0
IOT_00005813,FAC_05,MCH_54,90.1,5.032,93.5,4.6,60.9,0
IOT_00005814,FAC_03,MCH_56,86.21,0.89,138.7,6.83,102.6,0
IOT_00005815,FAC_01,MCH_10,47.19,4.15,106.9,2.95,85.2,0
IOT_00005816,FAC_05,MCH_96,57.5,2.031,48.0,5.14,101.9,0
IOT_00005817,FAC_05,MCH_31,48.85,2.373,56.7,5.01,96.3,0
IOT_00005818,FAC_05,MCH_34,91.68,2.766,148.3,6.03,58.1,0
IOT_00005819,FAC_04,MCH_14,38.24,3.497,134.4,5.99,105.5,0
IOT_00005820,FAC_01,MCH_88,85.91,2.956,60.1,5.18,77.3,0
IOT_00005821,FAC_03,MCH_94,80.11,6.467,70.8,4.9,76.6,1
IOT_00005822,FAC_05,MCH_12,40.96,6.333,105.4,4.62,66.6,0
IOT_00005823,FAC_02,MCH_29,56.38,0.366,72.7,2.64,94.4,0
IOT_00005824,FAC_02,MCH_51,49.68,3.775,86.1,3.97,93.8,0
IOT_00005825,FAC_05,MCH_24,38.82,5.521,70.5,4.06,76.1,0
IOT_00005826,FAC_01,MCH_49,70.18,2.854,87.1,3.26,65.8,0
IOT_00005827,FAC_05,MCH_68,57.81,0.959,122.7,5.46,56.3,0
IOT_00005828,FAC_05,MCH_41,93.05,1.685,87.9,2.58,106.1,0
IOT_00005829,FAC_05,MCH_95,80.25,1.94,101.6,4.0,56.3,0
IOT_00005830,FAC_05,MCH_41,52.87,3.165,142.4,7.15,108.0,0
IOT_00005831,FAC_04,MCH_41,62.77,3.521,118.3,5.02,90.3,0
IOT_00005832,FAC_04,MCH_13,42.62,0.486,121.9,3.99,93.7,0
IOT_00005833,FAC_01,MCH_79,42.93,4.119,91.0,6.44,95.3,0
IOT_00005834,FAC_03,MCH_77,87.67,5.927,43.8,7.55,99.7,0
IOT_00005835,FAC_01,MCH_13,83.01,1.63,24.4,7.52,63.8,1
IOT_00005836,FAC_02,MCH_69,90.91,2.354,106.9,5.37,93.9,0
IOT_00005837,FAC_05,MCH_96,46.34,2.266,37.7,7.69,76.1,0
IOT_00005838,FAC_03,MCH_83,87.4,0.674,58.3,7.91,60.3,0
IOT_00005839,FAC_01,MCH_26,75.85,0.662,104.4,7.01,103.5,0
IOT_00005840,FAC_03,MCH_30,46.6,2.416,45.1,2.85,77.4,0
IOT_00005841,FAC_01,MCH_39,55.62,2.491,124.6,3.64,101.6,0
IOT_00005842,FAC_04,MCH_58,55.35,3.054,75.4,5.3,104.0,0
IOT_00005843,FAC_04,MCH_26,90.77,2.413,54.5,3.71,57.5,0
IOT_00005844,FAC_01,MCH_30,89.48,5.747,45.7,7.23,84.0,0
IOT_00005845,FAC_02,MCH_30,70.84,1.217,31.4,5.97,72.4,0
IOT_00005846,FAC_03,MCH_16,39.44,0.83,137.4,4.58,109.0,0
IOT_00005847,FAC_05,MCH_86,45.3,5.944,87.8,3.25,109.5,0
IOT_00005848,FAC_02,MCH_23,43.13,2.297,86.3,4.55,88.5,0
IOT_00005849,FAC_01,MCH_35,56.88,3.017,121.4,7.47,64.8,0
IOT_00005850,FAC_01,MCH_64,76.47,4.211,53.0,3.36,55.1,0
IOT_00005851,FAC_02,MCH_28,70.23,3.787,61.4,7.17,60.2,0
IOT_00005852,FAC_01,MCH_41,38.21,3.217,13.4,3.99,83.4,0
IOT_00005853,FAC_05,MCH_50,57.71,2.552,78.6,3.58,75.4,0
IOT_00005854,FAC_04,MCH_59,58.28,3.288,75.3,6.95,76.5,0
IOT_00005855,FAC_03,MCH_80,92.49,1.951,41.7,4.06,99.9,0
IOT_00005856,FAC_04,MCH_31,63.91,1.487,81.7,6.0,70.4,0
IOT_00005857,FAC_05,MCH_46,56.92,2.105,26.1,5.4,86.4,0
IOT_00005858,FAC_02,MCH_92,73.1,3.913,65.9,4.34,70.0,0
IOT_00005859,FAC_05,MCH_94,38.88,3.391,34.5,4.35,79.9,0
IOT_00005860,FAC_03,MCH_80,87.78,0.247,106.8,3.7,84.0,0
IOT_00005861,FAC_03,MCH_68,44.47,0.572,119.4,4.14,56.0,0
IOT_00005862,FAC_05,MCH_95,81.95,3.058,56.6,5.21,61.8,0
IOT_00005863,FAC_05,MCH_43,70.04,1.606,134.4,3.1,88.6,0
IOT_00005864,FAC_02,MCH_75,87.67,0.567,45.3,5.26,101.3,0
IOT_00005865,FAC_04,MCH_32,78.76,5.49,93.6,6.35,99.5,0
IOT_00005866,FAC_02,MCH_29,64.02,5.92,89.8,7.31,83.1,0
IOT_00005867,FAC_01,MCH_27,70.32,0.979,47.9,5.64,74.6,0
IOT_00005868,FAC_04,MCH_74,62.66,4.85,42.0,6.57,69.2,0
IOT_00005869,FAC_01,MCH_72,58.83,0.489,139.5,7.57,109.3,0
IOT_00005870,FAC_03,MCH_97,79.64,0.535,31.0,4.03,72.0,0
IOT_00005871,FAC_05,MCH_80,82.81,2.885,51.5,2.89,85.9,0
IOT_00005872,FAC_04,MCH_76,69.31,3.227,62.2,4.14,93.0,0
IOT_00005873,FAC_05,MCH_95,63.36,3.439,142.1,6.68,81.8,0
IOT_00005874,FAC_05,MCH_97,42.36,6.373,75.0,3.38,108.5,0
IOT_00005875,FAC_04,MCH_39,35.75,5.638,127.7,3.67,69.7,0
IOT_00005876,FAC_02,MCH_55,57.05,4.486,132.6,4.0,90.1,0
IOT_00005877,FAC_01,MCH_28,78.31,3.986,57.4,6.15,93.7,0
IOT_00005878,FAC_02,MCH_27,53.9,0.479,15.3,7.65,96.4,0
IOT_00005879,FAC_01,MCH_23,82.87,1.194,76.7,7.16,92.7,0
IOT_00005880,FAC_02,MCH_79,57.47,3.011,26.2,6.85,82.4,0
IOT_00005881,FAC_04,MCH_14,50.16,4.345,82.5,5.98,74.6,0
IOT_00005882,FAC_01,MCH_17,88.59,5.734,136.5,5.65,97.9,0
IOT_00005883,FAC_01,MCH_69,74.37,0.269,46.1,6.87,104.8,0
IOT_00005884,FAC_05,MCH_98,40.04,2.397,128.3,6.26,80.3,0
IOT_00005885,FAC_05,MCH_69,86.69,1.884,22.1,5.3,97.9,0
IOT_00005886,FAC_02,MCH_43,67.28,3.026,132.9,7.54,77.0,0
IOT_00005887,FAC_05,MCH_18,35.36,6.382,144.6,6.2,61.5,0
IOT_00005888,FAC_02,MCH_26,36.17,3.443,63.2,7.21,58.8,1
IOT_00005889,FAC_02,MCH_71,78.22,4.139,40.5,5.1,82.7,0
IOT_00005890,FAC_04,MCH_23,48.98,3.383,45.2,6.03,81.5,0
IOT_00005891,FAC_03,MCH_88,82.91,2.085,63.6,7.87,89.7,0
IOT_00005892,FAC_01,MCH_82,63.78,0.642,18.6,2.98,58.1,0
IOT_00005893,FAC_04,MCH_22,78.51,2.016,64.2,7.84,55.3,1
IOT_00005894,FAC_01,MCH_63,65.63,4.489,149.3,6.42,66.0,0
IOT_00005895,FAC_04,MCH_18,60.45,4.988,85.5,5.76,103.3,0
IOT_00005896,FAC_02,MCH_21,64.57,0.234,17.5,2.66,107.6,0
IOT_00005897,FAC_02,MCH_42,62.19,3.965,116.4,3.06,94.6,0
IOT_00005898,FAC_04,MCH_46,47.11,1.122,143.2,4.27,100.2,0
IOT_00005899,FAC_04,MCH_82,87.49,0.793,43.2,4.56,81.9,0
IOT_00005900,FAC_02,MCH_39,54.89,3.031,31.4,6.42,77.5,0
IOT_00005901,FAC_01,MCH_55,79.13,4.025,63.8,7.53,101.6,0
IOT_00005902,FAC_04,MCH_46,46.99,0.978,81.1,2.86,90.2,0
IOT_00005903,FAC_05,MCH_93,48.88,5.704,124.9,3.05,79.2,0
IOT_00005904,FAC_04,MCH_70,52.37,6.002,21.0,5.47,95.3,0
IOT_00005905,FAC_04,MCH_49,63.89,1.361,21.6,4.19,95.9,0
IOT_00005906,FAC_02,MCH_27,70.87,1.178,135.9,6.72,104.2,0
IOT_00005907,FAC_02,MCH_92,48.82,5.098,115.7,4.22,98.5,0
IOT_00005908,FAC_05,MCH_15,46.15,5.848,147.1,3.01,86.4,0
IOT_00005909,FAC_01,MCH_24,72.67,4.632,96.3,4.19,94.9,0
IOT_00005910,FAC_02,MCH_38,36.17,1.456,21.8,6.98,81.4,0
IOT_00005911,FAC_05,MCH_56,91.43,1.686,66.7,7.09,70.6,0
IOT_00005912,FAC_05,MCH_93,37.95,1.268,42.0,7.98,67.9,0
IOT_00005913,FAC_04,MCH_67,85.44,3.876,42.3,4.04,106.2,0
IOT_00005914,FAC_03,MCH_22,78.54,4.632,129.3,6.44,65.9,0
IOT_00005915,FAC_02,MCH_20,71.46,0.967,99.5,2.58,70.4,0
IOT_00005916,FAC_02,MCH_57,66.83,1.963,38.5,7.26,67.2,0
IOT_00005917,FAC_02,MCH_81,88.65,3.916,130.5,3.9,94.4,0
IOT_00005918,FAC_05,MCH_20,55.0,3.795,75.2,5.09,99.6,0
IOT_00005919,FAC_01,MCH_33,89.76,3.927,113.7,4.69,96.2,0
IOT_00005920,FAC_04,MCH_44,85.16,2.633,23.0,3.33,99.1,0
IOT_00005921,FAC_03,MCH_71,55.49,1.559,94.2,2.95,90.9,0
IOT_00005922,FAC_05,MCH_90,73.25,5.419,66.4,3.7,95.0,0
IOT_00005923,FAC_02,MCH_97,56.13,1.038,16.4,4.31,79.3,0
IOT_00005924,FAC_05,MCH_92,73.19,4.484,56.4,4.28,58.4,0
IOT_00005925,FAC_03,MCH_73,72.73,1.948,110.0,4.43,65.7,0
IOT_00005926,FAC_05,MCH_29,94.15,2.962,68.5,7.9,55.6,0
IOT_00005927,FAC_02,MCH_80,77.85,1.858,118.7,6.58,86.9,0
IOT_00005928,FAC_02,MCH_51,73.31,3.905,105.0,3.37,109.8,0
IOT_00005929,FAC_04,MCH_83,93.49,4.101,112.1,3.03,72.8,1
IOT_00005930,FAC_03,MCH_90,87.56,0.222,64.6,3.22,95.6,0
IOT_00005931,FAC_01,MCH_47,62.02,5.569,143.1,7.3,103.8,0
IOT_00005932,FAC_04,MCH_25,94.31,4.402,25.2,3.76,79.1,0
IOT_00005933,FAC_01,MCH_83,62.7,3.812,17.1,7.07,79.6,0
IOT_00005934,FAC_05,MCH_52,66.03,5.717,147.2,7.79,81.3,0
IOT_00005935,FAC_01,MCH_14,84.41,2.565,29.5,4.47,64.0,0
IOT_00005936,FAC_03,MCH_99,54.1,5.687,32.4,6.73,71.6,0
IOT_00005937,FAC_03,MCH_61,80.48,0.708,54.1,7.01,98.5,0
IOT_00005938,FAC_05,MCH_51,36.93,1.141,71.7,3.75,102.9,0
IOT_00005939,FAC_04,MCH_78,87.09,3.007,144.8,4.33,66.2,0
IOT_00005940,FAC_01,MCH_52,50.97,0.713,78.7,6.53,104.3,0
IOT_00005941,FAC_05,MCH_46,90.98,5.088,62.3,3.4,69.7,0
IOT_00005942,FAC_02,MCH_64,49.02,5.637,60.6,4.19,89.1,0
IOT_00005943,FAC_05,MCH_34,61.47,2.599,22.0,4.31,89.1,0
IOT_00005944,FAC_05,MCH_94,47.05,0.809,105.5,6.65,64.9,0
IOT_00005945,FAC_05,MCH_77,54.86,1.14,118.0,6.0,74.8,0
IOT_00005946,FAC_02,MCH_96,94.81,5.876,84.1,4.45,88.2,0
IOT_00005947,FAC_03,MCH_29,45.3,1.011,105.9,5.81,58.7,1
IOT_00005948,FAC_04,MCH_99,65.47,0.206,117.7,3.46,103.5,0
IOT_00005949,FAC_01,MCH_76,74.42,2.844,34.5,5.96,73.6,0
IOT_00005950,FAC_03,MCH_94,70.98,5.022,146.4,5.84,60.5,0
IOT_00005951,FAC_04,MCH_65,81.82,4.857,102.7,7.13,85.7,0
IOT_00005952,FAC_02,MCH_90,47.35,4.842,15.0,7.58,66.2,0
IOT_00005953,FAC_03,MCH_11,63.21,0.302,146.0,5.44,84.8,0
IOT_00005954,FAC_05,MCH_26,49.49,1.551,72.3,3.57,76.5,0
IOT_00005955,FAC_01,MCH_55,54.9,0.403,46.4,7.07,69.9,0
IOT_00005956,FAC_05,MCH_90,83.19,0.357,26.9,3.57,96.5,0
IOT_00005957,FAC_04,MCH_15,46.42,2.405,40.5,6.04,58.7,0
IOT_00005958,FAC_03,MCH_58,60.8,1.007,129.8,5.69,72.9,0
IOT_00005959,FAC_01,MCH_81,73.03,4.857,80.5,4.0,69.1,0
IOT_00005960,FAC_01,MCH_58,63.19,4.835,48.9,4.49,55.2,0
IOT_00005961,FAC_05,MCH_61,49.7,0.604,99.1,4.01,84.2,0
IOT_00005962,FAC_01,MCH_34,36.35,4.393,97.5,3.07,85.0,0
IOT_00005963,FAC_02,MCH_25,52.11,0.941,42.3,3.97,84.5,0
IOT_00005964,FAC_03,MCH_56,78.02,4.391,74.8,3.53,64.7,0
IOT_00005965,FAC_05,MCH_16,77.8,3.46,54.0,3.65,105.3,0
IOT_00005966,FAC_05,MCH_55,82.55,3.235,26.8,3.4,81.2,0
IOT_00005967,FAC_01,MCH_36,39.75,3.726,54.5,4.81,63.6,0
IOT_00005968,FAC_03,MCH_86,81.31,0.206,120.5,6.89,105.4,0
IOT_00005969,FAC_03,MCH_12,50.92,2.287,121.1,7.86,87.3,0
IOT_00005970,FAC_04,MCH_20,92.8,5.446,80.5,6.72,70.7,0
IOT_00005971,FAC_02,MCH_56,68.8,2.137,67.8,6.05,98.3,0
IOT_00005972,FAC_03,MCH_10,56.27,4.234,136.7,6.22,57.0,0
IOT_00005973,FAC_01,MCH_82,72.08,0.992,54.3,7.62,78.2,1
IOT_00005974,FAC_04,MCH_41,66.44,0.325,82.8,4.77,79.6,0
IOT_00005975,FAC_05,MCH_68,59.53,3.112,121.6,6.48,84.1,0
IOT_00005976,FAC_05,MCH_74,90.76,3.19,142.2,7.8,74.4,0
IOT_00005977,FAC_01,MCH_88,58.34,4.231,30.3,4.38,87.0,0
IOT_00005978,FAC_01,MCH_36,57.75,0.196,136.7,5.15,75.1,0
IOT_00005979,FAC_03,MCH_89,89.79,2.897,143.6,3.74,83.4,0
IOT_00005980,FAC_03,MCH_24,51.88,4.898,141.3,5.7,57.9,0
IOT_00005981,FAC_04,MCH_15,54.41,1.082,18.5,3.15,67.9,0
IOT_00005982,FAC_01,MCH_76,37.01,2.46,82.4,6.93,98.6,0
IOT_00005983,FAC_01,MCH_74,72.7,2.592,77.0,3.77,92.7,0
IOT_00005984,FAC_04,MCH_78,53.96,1.712,65.2,3.05,96.7,1
IOT_00005985,FAC_05,MCH_51,67.36,4.57,135.1,3.05,101.3,0
IOT_00005986,FAC_03,MCH_59,52.67,0.849,141.6,4.17,73.7,0
IOT_00005987,FAC_04,MCH_19,50.62,0.17,36.4,6.32,68.6,0
IOT_00005988,FAC_02,MCH_53,62.36,3.66,66.4,4.14,58.5,0
IOT_00005989,FAC_02,MCH_25,49.45,5.132,34.7,4.64,91.1,0
IOT_00005990,FAC_05,MCH_74,56.83,5.825,147.6,3.25,97.2,0
IOT_00005991,FAC_04,MCH_92,94.53,2.422,121.8,5.45,105.3,1
IOT_00005992,FAC_04,MCH_98,72.7,5.695,123.4,7.3,85.3,0
IOT_00005993,FAC_01,MCH_29,80.79,6.281,145.7,3.94,57.1,0
IOT_00005994,FAC_02,MCH_42,43.14,1.552,28.7,6.01,98.0,0
IOT_00005995,FAC_04,MCH_81,67.76,0.883,54.0,3.22,105.3,1
IOT_00005996,FAC_05,MCH_91,75.5,6.108,58.3,6.77,82.1,1
IOT_00005997,FAC_04,MCH_52,40.24,0.724,26.8,3.97,90.6,0
IOT_00005998,FAC_01,MCH_74,77.56,0.685,67.9,4.54,78.7,0
IOT_00005999,FAC_04,MCH_17,69.75,2.088,134.3,5.68,57.1,0
IOT_00006000,FAC_02,MCH_51,84.35,3.267,80.9,7.95,64.1,0
IOT_00006001,FAC_04,MCH_17,42.36,4.074,24.7,5.38,56.3,0
IOT_00006002,FAC_02,MCH_98,55.44,5.442,78.5,4.53,102.3,1
IOT_00006003,FAC_03,MCH_39,85.08,2.168,28.3,5.95,96.8,0
IOT_00006004,FAC_02,MCH_12,92.35,2.302,142.3,4.58,59.4,0
IOT_00006005,FAC_02,MCH_76,55.86,1.345,22.8,3.72,102.0,0
IOT_00006006,FAC_02,MCH_41,48.78,4.266,46.5,5.84,100.2,0
IOT_00006007,FAC_03,MCH_38,43.64,5.443,144.9,4.68,99.9,0
IOT_00006008,FAC_01,MCH_19,88.2,2.766,135.4,3.45,108.4,0
IOT_00006009,FAC_01,MCH_34,74.43,2.521,61.2,3.89,96.8,0
IOT_00006010,FAC_03,MCH_24,39.12,1.103,94.7,7.97,100.3,0
IOT_00006011,FAC_05,MCH_79,40.97,2.753,76.0,6.34,76.1,0
IOT_00006012,FAC_01,MCH_23,91.01,6.249,71.1,3.27,63.8,0
IOT_00006013,FAC_05,MCH_45,37.99,4.121,112.9,7.68,68.4,0
IOT_00006014,FAC_02,MCH_10,89.41,2.609,102.9,4.79,71.4,0
IOT_00006015,FAC_05,MCH_37,91.51,5.54,46.9,7.41,58.9,0
IOT_00006016,FAC_01,MCH_65,41.23,4.465,59.8,2.51,58.2,0
IOT_00006017,FAC_02,MCH_60,48.31,3.965,130.8,6.12,96.2,0
IOT_00006018,FAC_02,MCH_66,49.39,3.069,50.2,5.72,103.3,0
IOT_00006019,FAC_02,MCH_70,70.37,2.435,39.0,4.55,84.1,0
IOT_00006020,FAC_05,MCH_98,52.09,0.602,112.3,7.47,72.5,0
IOT_00006021,FAC_04,MCH_97,84.26,0.969,91.1,7.35,88.2,0
IOT_00006022,FAC_01,MCH_90,63.71,3.409,100.2,3.08,86.7,0
IOT_00006023,FAC_05,MCH_71,58.57,0.495,112.7,3.87,104.0,0
IOT_00006024,FAC_01,MCH_74,84.5,3.615,40.4,3.22,81.7,0
IOT_00006025,FAC_01,MCH_40,49.29,3.677,144.6,4.19,93.4,0
IOT_00006026,FAC_02,MCH_27,38.83,5.099,137.3,2.71,95.3,0
IOT_00006027,FAC_03,MCH_39,93.16,3.7,111.2,4.11,103.5,0
IOT_00006028,FAC_05,MCH_30,82.27,5.085,96.6,6.04,68.0,0
IOT_00006029,FAC_01,MCH_26,75.8,3.27,105.6,6.95,61.0,0
IOT_00006030,FAC_04,MCH_20,76.51,6.063,24.6,4.49,60.8,0
IOT_00006031,FAC_05,MCH_76,88.34,2.698,59.1,5.97,61.8,0
IOT_00006032,FAC_03,MCH_50,39.23,5.626,15.4,6.39,101.9,0
IOT_00006033,FAC_01,MCH_46,69.57,1.862,70.7,4.09,99.5,1
IOT_00006034,FAC_01,MCH_63,79.49,2.188,19.5,7.64,77.8,0
IOT_00006035,FAC_02,MCH_15,88.28,5.242,38.1,6.99,88.3,0
IOT_00006036,FAC_03,MCH_18,89.7,3.884,70.5,7.9,64.0,0
IOT_00006037,FAC_01,MCH_87,84.88,1.443,94.8,5.97,57.5,0
IOT_00006038,FAC_04,MCH_43,41.84,5.36,21.2,7.88,102.3,0
IOT_00006039,FAC_04,MCH_65,79.31,4.017,21.9,6.76,96.8,0
IOT_00006040,FAC_02,MCH_32,44.26,0.377,49.8,5.68,95.4,0
IOT_00006041,FAC_01,MCH_73,56.19,1.404,115.1,5.76,102.0,0
IOT_00006042,FAC_03,MCH_54,58.87,2.06,79.4,6.72,71.3,0
IOT_00006043,FAC_04,MCH_75,52.86,3.966,46.5,2.97,109.2,0
IOT_00006044,FAC_04,MCH_40,68.42,3.863,53.6,5.91,85.6,0
IOT_00006045,FAC_05,MCH_50,83.91,1.402,41.3,6.78,96.4,0
IOT_00006046,FAC_05,MCH_19,90.78,6.084,112.6,4.82,64.6,0
IOT_00006047,FAC_03,MCH_40,50.0,3.715,93.8,5.81,105.2,0
IOT_00006048,FAC_03,MCH_25,75.75,2.33,35.3,7.78,96.8,0
IOT_00006049,FAC_05,MCH_20,39.63,3.463,66.8,2.74,105.0,0
IOT_00006050,FAC_05,MCH_93,48.76,3.131,68.2,7.09,61.3,0
IOT_00006051,FAC_04,MCH_54,48.61,5.576,85.4,3.61,55.1,0
IOT_00006052,FAC_03,MCH_56,65.74,5.878,138.0,4.97,62.6,0
IOT_00006053,FAC_03,MCH_70,84.2,5.323,74.6,4.22,62.0,0
IOT_00006054,FAC_03,MCH_79,48.98,5.834,84.0,3.07,96.4,0
IOT_00006055,FAC_03,MCH_32,69.07,2.032,17.4,3.11,101.4,0
IOT_00006056,FAC_04,MCH_68,82.69,4.326,27.1,3.94,77.3,0
IOT_00006057,FAC_02,MCH_17,62.91,3.051,46.7,6.02,90.9,0
IOT_00006058,FAC_05,MCH_99,54.02,1.529,115.0,5.7,69.7,0
IOT_00006059,FAC_02,MCH_34,73.96,6.071,66.6,6.09,102.0,0
IOT_00006060,FAC_05,MCH_54,38.09,1.127,15.4,6.53,94.7,0
IOT_00006061,FAC_04,MCH_40,76.73,2.853,50.2,3.89,106.6,0
IOT_00006062,FAC_04,MCH_46,67.18,2.027,81.9,4.46,107.7,0
IOT_00006063,FAC_02,MCH_48,80.57,2.861,101.8,6.71,86.4,0
IOT_00006064,FAC_01,MCH_98,51.72,6.449,69.8,7.77,81.3,0
IOT_00006065,FAC_05,MCH_21,82.94,2.452,118.0,4.88,63.5,0
IOT_00006066,FAC_02,MCH_79,45.07,6.034,91.1,3.48,73.5,0
IOT_00006067,FAC_05,MCH_84,63.17,3.606,82.5,6.91,73.8,0
IOT_00006068,FAC_02,MCH_38,78.07,0.492,20.5,2.61,72.8,0
IOT_00006069,FAC_03,MCH_48,58.06,1.959,101.1,3.96,71.4,0
IOT_00006070,FAC_01,MCH_49,89.39,6.162,47.3,5.14,61.1,0
IOT_00006071,FAC_01,MCH_36,58.52,3.184,47.2,5.77,97.2,0
IOT_00006072,FAC_03,MCH_60,58.75,3.707,100.8,4.11,95.8,0
IOT_00006073,FAC_02,MCH_68,88.96,4.875,68.9,7.58,76.5,0
IOT_00006074,FAC_01,MCH_62,41.76,1.926,118.4,3.63,77.9,0
IOT_00006075,FAC_05,MCH_30,36.96,3.037,122.4,4.63,76.3,0
IOT_00006076,FAC_05,MCH_46,84.54,1.752,12.5,5.35,63.9,0
IOT_00006077,FAC_04,MCH_75,76.61,4.708,111.5,6.46,69.9,0
IOT_00006078,FAC_01,MCH_29,38.62,1.259,116.4,2.74,89.8,0
IOT_00006079,FAC_04,MCH_96,87.27,6.341,14.5,3.83,79.1,1
IOT_00006080,FAC_03,MCH_64,88.88,3.949,105.4,7.17,83.2,1
IOT_00006081,FAC_05,MCH_68,48.08,0.213,126.7,5.72,64.3,0
IOT_00006082,FAC_02,MCH_94,58.47,0.857,103.6,4.08,103.7,0
IOT_00006083,FAC_02,MCH_97,94.12,2.821,121.0,3.89,55.1,1
IOT_00006084,FAC_01,MCH_62,72.15,3.767,93.7,3.37,62.7,0
IOT_00006085,FAC_02,MCH_47,54.66,2.643,135.2,5.43,109.3,0
IOT_00006086,FAC_03,MCH_74,42.99,1.043,20.2,4.78,55.4,0
IOT_00006087,FAC_05,MCH_53,42.51,1.175,88.3,4.27,61.8,0
IOT_00006088,FAC_05,MCH_58,61.14,2.087,128.1,4.84,76.8,0
IOT_00006089,FAC_05,MCH_58,57.94,3.106,143.8,7.62,104.9,0
IOT_00006090,FAC_05,MCH_88,91.13,4.016,102.2,4.78,107.2,0
IOT_00006091,FAC_02,MCH_74,80.3,1.482,67.1,2.97,89.4,0
IOT_00006092,FAC_04,MCH_74,81.31,3.039,48.3,4.88,71.4,1
IOT_00006093,FAC_02,MCH_13,46.09,1.889,76.6,5.18,64.7,0
IOT_00006094,FAC_04,MCH_67,37.38,2.481,19.5,3.53,99.1,0
IOT_00006095,FAC_05,MCH_59,44.67,4.131,15.9,4.27,55.7,0
IOT_00006096,FAC_03,MCH_71,62.29,1.294,115.1,2.9,98.9,0
IOT_00006097,FAC_02,MCH_43,62.43,2.833,22.8,4.24,70.9,0
IOT_00006098,FAC_01,MCH_49,52.63,0.15,58.2,7.03,71.6,0
IOT_00006099,FAC_02,MCH_42,71.72,3.417,46.2,7.06,89.5,0
IOT_00006100,FAC_04,MCH_22,54.76,5.494,83.8,3.51,60.0,0
IOT_00006101,FAC_05,MCH_27,86.04,4.532,92.8,7.32,56.1,0
IOT_00006102,FAC_03,MCH_66,69.23,6.128,60.2,5.43,102.3,0
IOT_00006103,FAC_05,MCH_49,50.03,4.702,17.9,5.92,64.4,0
IOT_00006104,FAC_03,MCH_93,80.35,5.618,131.5,4.56,108.1,1
IOT_00006105,FAC_02,MCH_57,54.05,3.885,85.8,3.45,68.5,0
IOT_00006106,FAC_05,MCH_77,49.17,6.387,84.5,3.78,55.1,0
IOT_00006107,FAC_05,MCH_94,48.39,5.19,67.3,7.08,88.7,0
IOT_00006108,FAC_03,MCH_65,45.7,0.595,100.8,3.11,69.5,0
IOT_00006109,FAC_05,MCH_57,75.05,0.644,107.2,5.14,79.0,0
IOT_00006110,FAC_02,MCH_90,36.96,6.167,55.1,4.64,90.7,0
IOT_00006111,FAC_05,MCH_33,41.19,4.795,137.7,5.42,106.1,0
IOT_00006112,FAC_03,MCH_82,52.18,0.76,56.8,6.59,106.1,1
IOT_00006113,FAC_03,MCH_88,56.66,3.963,37.1,3.23,97.0,0
IOT_00006114,FAC_02,MCH_15,77.7,3.572,107.5,7.34,73.3,0
IOT_00006115,FAC_01,MCH_53,52.71,6.388,45.6,3.16,63.4,0
IOT_00006116,FAC_04,MCH_11,38.41,1.106,20.2,3.26,80.7,0
IOT_00006117,FAC_05,MCH_15,38.93,2.879,61.9,4.42,61.6,0
IOT_00006118,FAC_04,MCH_30,82.62,1.958,141.6,3.38,100.1,0
IOT_00006119,FAC_01,MCH_17,65.84,0.909,55.4,6.53,98.6,0
IOT_00006120,FAC_02,MCH_58,79.85,0.726,75.2,5.02,99.2,0
IOT_00006121,FAC_01,MCH_87,59.52,0.518,93.3,4.42,99.0,0
IOT_00006122,FAC_05,MCH_55,42.26,2.669,63.9,6.15,61.7,0
IOT_00006123,FAC_02,MCH_95,61.58,6.292,81.2,4.56,99.1,0
IOT_00006124,FAC_05,MCH_90,61.34,2.737,12.6,5.75,107.9,0
IOT_00006125,FAC_02,MCH_61,85.96,5.72,134.5,5.23,69.8,1
IOT_00006126,FAC_03,MCH_58,45.7,3.557,50.0,7.9,83.9,0
IOT_00006127,FAC_02,MCH_47,39.66,6.019,49.3,5.85,61.0,0
IOT_00006128,FAC_01,MCH_59,71.09,5.343,87.0,7.58,103.7,0
IOT_00006129,FAC_04,MCH_41,89.17,6.483,93.5,5.66,101.9,0
IOT_00006130,FAC_03,MCH_35,84.6,1.715,55.0,2.58,79.7,0
IOT_00006131,FAC_05,MCH_92,40.93,2.881,66.3,5.79,72.0,0
IOT_00006132,FAC_04,MCH_59,59.99,3.723,64.4,7.49,69.9,0
IOT_00006133,FAC_05,MCH_38,78.9,2.458,95.0,4.24,63.0,0
IOT_00006134,FAC_04,MCH_74,64.37,1.12,60.2,2.81,81.8,0
IOT_00006135,FAC_05,MCH_80,64.07,4.853,68.9,2.56,61.2,0
IOT_00006136,FAC_01,MCH_72,83.62,4.756,82.8,5.77,108.3,1
IOT_00006137,FAC_03,MCH_59,51.05,0.789,40.1,4.52,83.3,0
IOT_00006138,FAC_02,MCH_34,85.64,2.319,51.4,2.61,100.4,0
IOT_00006139,FAC_01,MCH_43,62.95,0.24,26.5,5.32,65.3,0
IOT_00006140,FAC_04,MCH_57,57.2,6.327,102.7,5.19,94.8,0
IOT_00006141,FAC_02,MCH_16,62.64,0.874,63.2,3.06,76.6,0
IOT_00006142,FAC_02,MCH_24,42.6,3.294,149.4,5.14,101.8,0
IOT_00006143,FAC_05,MCH_68,86.66,5.139,123.6,3.87,106.2,0
IOT_00006144,FAC_01,MCH_66,75.84,4.391,149.9,7.07,56.3,1
IOT_00006145,FAC_01,MCH_28,67.26,0.141,12.8,7.64,91.6,0
IOT_00006146,FAC_03,MCH_26,80.3,1.992,128.2,5.18,56.9,0
IOT_00006147,FAC_02,MCH_25,46.03,1.583,81.7,5.44,102.3,0
IOT_00006148,FAC_04,MCH_50,83.78,6.327,76.6,3.63,90.3,0
IOT_00006149,FAC_01,MCH_13,72.75,5.089,103.5,2.5,72.4,0
IOT_00006150,FAC_03,MCH_37,71.91,5.613,114.9,7.35,61.2,0
IOT_00006151,FAC_05,MCH_57,66.47,3.545,38.7,5.84,86.9,0
IOT_00006152,FAC_01,MCH_19,64.72,2.142,145.6,7.07,72.8,1
IOT_00006153,FAC_01,MCH_93,84.51,4.998,43.5,6.5,61.1,1
IOT_00006154,FAC_05,MCH_83,66.29,6.121,121.4,2.85,104.6,0
IOT_00006155,FAC_01,MCH_22,83.16,1.098,76.3,2.78,108.9,0
IOT_00006156,FAC_03,MCH_44,50.18,3.156,24.7,7.78,69.7,0
IOT_00006157,FAC_02,MCH_15,45.99,2.031,23.8,4.36,84.8,0
IOT_00006158,FAC_02,MCH_66,77.54,3.228,80.7,5.47,109.6,0
IOT_00006159,FAC_03,MCH_35,68.11,4.343,149.2,7.93,58.0,0
IOT_00006160,FAC_01,MCH_55,56.79,4.157,124.4,5.25,108.4,1
IOT_00006161,FAC_05,MCH_68,89.04,3.162,101.6,5.53,61.5,0
IOT_00006162,FAC_02,MCH_92,69.23,2.634,34.2,5.33,68.3,0
IOT_00006163,FAC_03,MCH_77,63.95,0.937,74.3,6.2,98.1,1
IOT_00006164,FAC_05,MCH_46,86.87,6.251,102.5,2.76,83.7,0
IOT_00006165,FAC_03,MCH_68,52.76,4.012,145.9,3.82,96.8,0
IOT_00006166,FAC_01,MCH_59,63.33,1.174,143.3,4.16,86.1,0
IOT_00006167,FAC_04,MCH_19,43.76,0.629,55.3,4.25,78.4,0
IOT_00006168,FAC_02,MCH_46,77.49,4.463,147.3,4.53,88.8,0
IOT_00006169,FAC_02,MCH_68,55.26,2.516,126.8,7.08,87.6,0
IOT_00006170,FAC_02,MCH_88,63.44,6.383,40.5,2.78,95.6,0
IOT_00006171,FAC_03,MCH_49,42.01,0.47,16.0,4.5,97.3,0
IOT_00006172,FAC_05,MCH_13,45.1,6.054,107.1,7.95,90.3,0
IOT_00006173,FAC_01,MCH_58,94.27,0.416,121.9,7.51,94.8,0
IOT_00006174,FAC_05,MCH_73,91.01,4.699,92.3,5.38,86.2,0
IOT_00006175,FAC_04,MCH_13,79.18,1.771,28.3,5.23,68.6,0
IOT_00006176,FAC_01,MCH_82,65.1,2.243,69.6,7.17,74.2,0
IOT_00006177,FAC_03,MCH_40,49.21,4.602,122.2,4.77,56.3,0
IOT_00006178,FAC_04,MCH_47,35.14,0.227,130.6,5.77,96.1,0
IOT_00006179,FAC_03,MCH_25,72.4,5.339,126.7,4.16,85.7,0
IOT_00006180,FAC_01,MCH_64,82.22,4.069,37.7,5.0,82.2,1
IOT_00006181,FAC_04,MCH_21,57.57,0.654,68.0,3.43,94.5,0
IOT_00006182,FAC_04,MCH_57,50.64,3.126,33.8,3.95,80.4,0
IOT_00006183,FAC_03,MCH_43,91.49,3.872,135.5,5.86,76.6,0
IOT_00006184,FAC_03,MCH_93,59.01,1.861,137.8,4.13,93.3,0
IOT_00006185,FAC_01,MCH_81,42.18,5.176,55.5,5.49,82.3,0
IOT_00006186,FAC_05,MCH_80,90.55,1.086,54.1,4.79,55.1,0
IOT_00006187,FAC_01,MCH_59,54.3,5.619,13.8,6.67,81.3,0
IOT_00006188,FAC_01,MCH_72,50.71,5.992,51.2,2.64,91.5,0
IOT_00006189,FAC_02,MCH_45,37.66,3.331,124.2,5.89,82.1,0
IOT_00006190,FAC_01,MCH_80,64.91,3.034,117.3,6.76,90.4,0
IOT_00006191,FAC_02,MCH_36,46.71,1.869,139.5,5.67,96.4,0
IOT_00006192,FAC_01,MCH_82,71.33,5.761,42.1,4.03,105.4,0
IOT_00006193,FAC_03,MCH_46,73.44,2.43,130.2,5.0,80.5,0
IOT_00006194,FAC_01,MCH_56,64.55,3.263,43.8,5.99,62.9,0
IOT_00006195,FAC_04,MCH_55,73.17,3.401,73.3,5.9,61.6,0
IOT_00006196,FAC_03,MCH_94,66.05,6.042,19.6,3.7,95.9,0
IOT_00006197,FAC_03,MCH_52,61.29,5.303,45.8,6.87,105.6,0
IOT_00006198,FAC_01,MCH_40,77.77,5.447,134.0,5.77,63.2,0
IOT_00006199,FAC_04,MCH_56,64.21,6.007,30.6,4.26,82.1,0
IOT_00006200,FAC_03,MCH_62,79.18,5.381,17.8,7.06,76.5,0
IOT_00006201,FAC_01,MCH_28,40.62,1.183,31.8,6.66,66.6,0
IOT_00006202,FAC_01,MCH_84,90.73,2.524,92.7,4.53,75.3,0
IOT_00006203,FAC_04,MCH_93,88.65,4.125,104.1,2.84,90.1,0
IOT_00006204,FAC_02,MCH_67,68.13,4.767,134.1,6.18,80.5,0
IOT_00006205,FAC_03,MCH_65,56.31,3.262,44.7,3.81,69.5,0
IOT_00006206,FAC_03,MCH_20,36.41,0.174,24.0,6.18,75.7,0
IOT_00006207,FAC_01,MCH_95,42.18,0.567,115.2,7.06,57.6,0
IOT_00006208,FAC_04,MCH_42,90.04,5.672,130.8,3.83,107.4,0
IOT_00006209,FAC_05,MCH_27,54.75,0.588,114.3,5.42,75.9,1
IOT_00006210,FAC_01,MCH_91,64.68,3.389,73.5,5.96,83.2,0
IOT_00006211,FAC_01,MCH_41,47.74,5.892,97.5,2.68,57.0,1
IOT_00006212,FAC_03,MCH_91,38.42,4.229,131.5,3.78,59.6,0
IOT_00006213,FAC_01,MCH_54,52.9,6.039,41.3,7.32,88.8,0
IOT_00006214,FAC_01,MCH_35,77.88,2.062,141.1,5.73,106.9,0
IOT_00006215,FAC_01,MCH_84,52.66,1.434,99.8,5.66,65.0,0
IOT_00006216,FAC_04,MCH_83,92.59,0.36,30.0,4.43,96.7,0
IOT_00006217,FAC_01,MCH_40,89.05,1.753,114.3,5.14,61.1,0
IOT_00006218,FAC_01,MCH_77,83.51,0.872,138.5,4.79,70.8,0
IOT_00006219,FAC_05,MCH_65,60.59,4.563,102.3,4.31,73.0,0
IOT_00006220,FAC_03,MCH_46,86.89,0.591,71.9,7.75,72.9,0
IOT_00006221,FAC_01,MCH_81,89.16,2.49,92.7,2.96,66.3,1
IOT_00006222,FAC_04,MCH_41,72.15,1.833,122.8,4.39,83.0,0
IOT_00006223,FAC_05,MCH_39,56.22,0.641,96.6,3.98,96.3,0
IOT_00006224,FAC_04,MCH_73,77.77,3.913,18.0,6.45,60.2,0
IOT_00006225,FAC_01,MCH_91,91.2,2.803,91.0,6.21,104.4,0
IOT_00006226,FAC_05,MCH_81,37.85,2.62,66.8,4.19,77.1,0
IOT_00006227,FAC_05,MCH_77,45.84,3.715,28.1,3.96,82.3,0
IOT_00006228,FAC_03,MCH_79,35.43,0.279,135.7,3.15,86.0,0
IOT_00006229,FAC_02,MCH_56,40.74,5.624,122.3,3.1,82.9,0
IOT_00006230,FAC_04,MCH_35,47.35,2.158,133.2,4.75,92.8,0
IOT_00006231,FAC_03,MCH_47,37.0,4.639,13.3,5.89,68.7,0
IOT_00006232,FAC_04,MCH_84,47.79,4.437,141.9,7.2,98.2,0
IOT_00006233,FAC_04,MCH_88,91.5,2.077,17.3,7.47,74.2,0
IOT_00006234,FAC_02,MCH_82,91.38,5.737,123.4,4.56,74.0,0
IOT_00006235,FAC_02,MCH_84,94.86,3.605,20.0,3.94,107.2,0
IOT_00006236,FAC_05,MCH_55,86.02,3.875,42.3,5.13,74.9,1
IOT_00006237,FAC_02,MCH_44,38.66,3.152,23.4,6.51,100.1,0
IOT_00006238,FAC_02,MCH_11,58.46,1.178,42.3,6.28,62.2,0
IOT_00006239,FAC_01,MCH_98,44.58,1.319,101.7,4.9,75.3,0
IOT_00006240,FAC_04,MCH_38,40.25,0.337,20.4,6.48,95.7,0
IOT_00006241,FAC_04,MCH_77,80.85,3.636,109.2,7.72,79.9,0
IOT_00006242,FAC_04,MCH_80,66.31,1.912,140.8,6.75,102.3,0
IOT_00006243,FAC_04,MCH_26,69.56,3.927,84.8,2.97,96.0,0
IOT_00006244,FAC_05,MCH_37,54.2,3.223,118.0,5.96,109.6,0
IOT_00006245,FAC_05,MCH_61,63.98,5.638,100.6,3.39,105.6,0
IOT_00006246,FAC_05,MCH_33,35.62,0.102,131.8,3.19,90.4,0
IOT_00006247,FAC_02,MCH_10,41.9,6.385,150.0,6.01,107.1,0
IOT_00006248,FAC_02,MCH_52,38.77,1.283,19.6,4.49,63.8,0
IOT_00006249,FAC_03,MCH_18,86.36,0.813,122.4,7.13,81.9,0
IOT_00006250,FAC_01,MCH_51,46.49,0.786,28.6,7.23,99.6,0
IOT_00006251,FAC_01,MCH_72,89.96,1.643,117.9,4.6,60.1,0
IOT_00006252,FAC_04,MCH_35,86.48,3.994,140.7,4.81,55.1,0
IOT_00006253,FAC_01,MCH_95,84.08,2.565,85.2,2.97,94.5,0
IOT_00006254,FAC_05,MCH_38,89.99,6.463,86.1,4.99,81.4,0
IOT_00006255,FAC_04,MCH_85,90.85,2.165,14.6,4.06,82.8,0
IOT_00006256,FAC_02,MCH_93,62.83,3.055,76.6,5.32,95.6,0
IOT_00006257,FAC_03,MCH_40,74.74,0.559,108.3,7.11,70.8,0
IOT_00006258,FAC_02,MCH_60,59.96,0.739,108.3,2.84,89.8,0
IOT_00006259,FAC_01,MCH_36,59.71,4.473,29.5,5.28,81.5,0
IOT_00006260,FAC_05,MCH_55,44.78,5.666,23.5,5.37,101.5,0
IOT_00006261,FAC_01,MCH_95,61.49,4.635,105.6,4.82,93.6,1
IOT_00006262,FAC_04,MCH_78,39.21,0.578,15.4,3.57,80.8,0
IOT_00006263,FAC_02,MCH_56,88.45,4.267,97.6,5.19,103.3,0
IOT_00006264,FAC_01,MCH_53,44.1,6.445,117.6,4.43,87.9,0
IOT_00006265,FAC_03,MCH_43,54.59,0.567,72.9,6.33,94.9,0
IOT_00006266,FAC_05,MCH_23,44.04,4.343,124.2,7.92,76.7,0
IOT_00006267,FAC_02,MCH_21,64.03,6.064,74.6,3.74,95.8,0
IOT_00006268,FAC_01,MCH_84,81.66,0.423,37.5,6.79,74.7,0
IOT_00006269,FAC_05,MCH_74,50.67,1.541,58.3,5.5,81.1,0
IOT_00006270,FAC_03,MCH_78,47.61,4.826,37.3,3.99,102.7,0
IOT_00006271,FAC_01,MCH_77,44.9,0.963,134.8,4.18,67.5,0
IOT_00006272,FAC_04,MCH_44,90.98,2.4,123.6,2.66,89.6,0
IOT_00006273,FAC_04,MCH_87,87.71,3.853,52.0,4.53,77.5,0
IOT_00006274,FAC_02,MCH_44,76.36,2.186,31.1,4.07,87.1,0
IOT_00006275,FAC_01,MCH_25,48.13,2.667,33.6,7.99,98.0,1
IOT_00006276,FAC_03,MCH_71,66.88,5.276,97.4,2.57,60.8,0
IOT_00006277,FAC_04,MCH_25,62.54,6.362,82.5,7.85,102.4,0
IOT_00006278,FAC_03,MCH_76,40.66,2.57,60.1,6.31,69.9,0
IOT_00006279,FAC_05,MCH_86,57.88,4.014,68.5,5.69,71.7,0
IOT_00006280,FAC_02,MCH_82,62.01,1.565,118.0,4.58,102.3,0
IOT_00006281,FAC_01,MCH_44,73.44,5.274,139.5,2.54,109.3,0
IOT_00006282,FAC_01,MCH_92,39.51,0.483,24.3,5.58,102.4,0
IOT_00006283,FAC_01,MCH_53,55.59,2.01,122.2,3.64,87.7,0
IOT_00006284,FAC_05,MCH_60,89.8,3.112,135.3,4.97,91.7,0
IOT_00006285,FAC_05,MCH_59,92.57,1.739,69.1,6.56,64.8,0
IOT_00006286,FAC_01,MCH_31,60.69,4.701,46.5,3.07,72.6,0
IOT_00006287,FAC_01,MCH_63,72.86,3.142,102.1,6.97,83.3,0
IOT_00006288,FAC_01,MCH_84,56.13,0.185,87.4,5.96,96.5,0
IOT_00006289,FAC_01,MCH_33,57.23,5.666,89.8,3.34,97.6,0
IOT_00006290,FAC_04,MCH_32,48.16,1.635,92.4,3.96,60.9,0
IOT_00006291,FAC_04,MCH_92,59.43,1.341,99.3,7.34,78.7,0
IOT_00006292,FAC_02,MCH_91,85.3,0.566,13.7,3.41,95.1,0
IOT_00006293,FAC_01,MCH_50,65.08,3.433,55.5,3.65,90.2,0
IOT_00006294,FAC_03,MCH_46,59.49,4.755,143.8,5.5,59.9,0
IOT_00006295,FAC_03,MCH_61,40.96,0.315,73.3,8.0,98.5,0
IOT_00006296,FAC_05,MCH_83,49.29,1.539,102.1,2.8,91.9,0
IOT_00006297,FAC_03,MCH_10,64.42,0.735,134.3,5.16,56.9,0
IOT_00006298,FAC_03,MCH_17,49.16,3.126,108.1,4.48,72.5,0
IOT_00006299,FAC_05,MCH_98,81.89,5.661,133.4,5.06,78.7,0
IOT_00006300,FAC_05,MCH_28,35.34,0.163,90.2,7.31,103.8,0
IOT_00006301,FAC_01,MCH_43,44.42,6.431,68.0,3.67,88.4,0
IOT_00006302,FAC_03,MCH_66,86.85,6.393,96.9,6.79,100.2,0
IOT_00006303,FAC_01,MCH_20,67.85,5.627,128.5,2.78,109.8,1
IOT_00006304,FAC_05,MCH_36,91.07,0.773,37.5,6.97,103.6,0
IOT_00006305,FAC_05,MCH_70,84.01,1.834,66.3,5.16,69.6,0
IOT_00006306,FAC_03,MCH_67,71.2,6.256,16.5,5.55,79.6,0
IOT_00006307,FAC_01,MCH_11,73.44,2.35,64.3,4.55,71.4,0
IOT_00006308,FAC_04,MCH_14,93.4,4.262,22.2,3.64,88.9,0
IOT_00006309,FAC_03,MCH_82,82.11,2.102,136.1,5.35,100.2,0
IOT_00006310,FAC_04,MCH_58,59.73,6.36,50.4,3.27,72.3,0
IOT_00006311,FAC_01,MCH_21,80.99,5.067,139.2,4.9,82.6,0
IOT_00006312,FAC_04,MCH_44,87.3,0.932,47.9,3.87,85.5,0
IOT_00006313,FAC_04,MCH_25,59.2,3.273,76.3,7.24,66.1,0
IOT_00006314,FAC_01,MCH_70,64.92,1.486,74.1,6.48,90.9,0
IOT_00006315,FAC_05,MCH_89,44.63,1.651,36.1,3.53,64.6,0
IOT_00006316,FAC_01,MCH_78,55.75,1.019,61.1,3.76,68.4,0
IOT_00006317,FAC_04,MCH_60,43.73,5.672,112.7,6.24,108.4,0
IOT_00006318,FAC_01,MCH_76,73.71,4.378,23.9,3.69,93.6,0
IOT_00006319,FAC_05,MCH_79,74.77,2.438,79.4,6.71,82.4,0
IOT_00006320,FAC_02,MCH_41,71.61,4.28,101.4,3.09,105.4,0
IOT_00006321,FAC_04,MCH_89,76.84,4.687,109.0,7.35,85.1,0
IOT_00006322,FAC_02,MCH_54,41.85,2.985,122.2,7.29,58.9,0
IOT_00006323,FAC_01,MCH_34,87.89,5.763,52.1,5.42,88.8,0
IOT_00006324,FAC_03,MCH_50,93.22,0.325,112.4,5.5,77.4,0
IOT_00006325,FAC_04,MCH_22,65.36,2.063,49.3,4.66,62.2,0
IOT_00006326,FAC_01,MCH_68,94.28,0.254,49.2,7.02,89.4,0
IOT_00006327,FAC_05,MCH_20,48.51,0.975,26.8,3.89,85.3,0
IOT_00006328,FAC_02,MCH_74,48.82,0.17,97.6,4.73,57.9,0
IOT_00006329,FAC_05,MCH_11,74.31,1.013,148.0,4.03,109.9,0
IOT_00006330,FAC_02,MCH_25,58.61,4.677,107.4,2.73,59.7,0
IOT_00006331,FAC_05,MCH_99,72.72,6.256,47.1,3.04,92.3,0
IOT_00006332,FAC_04,MCH_27,41.88,3.609,99.2,5.8,56.5,0
IOT_00006333,FAC_05,MCH_61,38.78,6.444,113.9,4.86,102.2,0
IOT_00006334,FAC_04,MCH_22,91.49,2.914,27.6,4.53,69.9,0
IOT_00006335,FAC_04,MCH_95,50.58,5.685,74.9,3.05,78.9,0
IOT_00006336,FAC_04,MCH_66,75.28,1.885,60.3,5.46,104.0,0
IOT_00006337,FAC_04,MCH_74,51.4,3.001,124.4,7.54,56.8,0
IOT_00006338,FAC_01,MCH_52,69.67,5.427,88.7,3.64,90.1,0
IOT_00006339,FAC_01,MCH_44,44.57,3.102,142.2,5.39,88.5,0
IOT_00006340,FAC_03,MCH_68,87.11,5.455,98.7,6.72,75.4,0
IOT_00006341,FAC_04,MCH_83,71.12,6.119,53.5,7.96,99.1,0
IOT_00006342,FAC_05,MCH_30,69.65,6.111,16.5,5.33,63.0,0
IOT_00006343,FAC_05,MCH_61,77.87,0.275,130.1,3.39,70.4,1
IOT_00006344,FAC_05,MCH_20,81.43,5.94,72.9,2.53,75.3,0
IOT_00006345,FAC_01,MCH_75,36.13,3.412,116.5,4.86,98.2,0
IOT_00006346,FAC_01,MCH_87,69.89,3.292,146.0,7.12,105.7,0
IOT_00006347,FAC_04,MCH_93,84.68,6.199,94.8,2.94,109.2,0
IOT_00006348,FAC_03,MCH_77,79.5,3.179,88.2,4.92,87.9,0
IOT_00006349,FAC_01,MCH_61,53.26,2.882,32.9,7.87,57.2,1
IOT_00006350,FAC_01,MCH_35,60.29,2.667,110.8,4.49,58.8,0
IOT_00006351,FAC_05,MCH_39,38.74,3.588,139.6,6.91,105.7,0
IOT_00006352,FAC_01,MCH_46,94.57,1.857,128.5,6.22,55.4,0
IOT_00006353,FAC_03,MCH_55,82.29,0.436,16.8,5.57,81.3,0
IOT_00006354,FAC_03,MCH_38,63.9,1.647,54.7,7.95,61.3,0
IOT_00006355,FAC_05,MCH_34,51.87,2.616,40.6,7.22,69.8,0
IOT_00006356,FAC_02,MCH_96,84.46,3.318,100.3,3.03,97.8,0
IOT_00006357,FAC_05,MCH_43,84.64,6.173,145.4,6.27,70.1,0
IOT_00006358,FAC_03,MCH_32,37.05,5.878,14.5,7.24,73.2,0
IOT_00006359,FAC_02,MCH_40,66.56,3.475,52.6,4.21,99.7,0
IOT_00006360,FAC_03,MCH_65,79.67,3.013,62.8,2.85,72.4,0
IOT_00006361,FAC_02,MCH_76,45.06,3.462,128.1,6.03,67.7,0
IOT_00006362,FAC_04,MCH_87,87.38,0.625,80.6,6.51,95.4,0
IOT_00006363,FAC_01,MCH_19,91.04,3.631,137.4,5.95,91.4,0
IOT_00006364,FAC_03,MCH_19,68.51,0.496,27.9,6.39,77.4,0
IOT_00006365,FAC_05,MCH_60,94.1,0.457,93.7,3.94,78.4,0
IOT_00006366,FAC_03,MCH_97,74.14,1.429,36.1,6.44,106.7,0
IOT_00006367,FAC_02,MCH_72,38.93,2.828,105.0,4.3,63.8,0
IOT_00006368,FAC_01,MCH_35,87.77,4.872,70.4,5.04,85.3,0
IOT_00006369,FAC_03,MCH_15,74.45,0.951,106.7,7.37,63.3,0
IOT_00006370,FAC_05,MCH_82,52.06,2.642,131.3,7.07,75.8,0
IOT_00006371,FAC_04,MCH_40,60.0,3.656,115.1,7.82,109.5,0
IOT_00006372,FAC_05,MCH_61,57.58,4.685,132.4,6.34,91.0,0
IOT_00006373,FAC_02,MCH_98,49.1,1.292,88.2,6.63,71.8,0
IOT_00006374,FAC_03,MCH_65,86.93,1.095,86.6,2.53,65.2,0
IOT_00006375,FAC_01,MCH_17,45.53,6.37,92.7,3.53,82.4,1
IOT_00006376,FAC_04,MCH_59,75.95,2.377,81.4,7.01,104.1,0
IOT_00006377,FAC_04,MCH_35,44.27,3.501,147.8,6.34,63.5,0
IOT_00006378,FAC_04,MCH_15,39.53,2.769,119.9,2.54,85.0,0
IOT_00006379,FAC_04,MCH_22,41.43,3.788,112.9,6.73,65.4,0
IOT_00006380,FAC_04,MCH_34,60.62,0.686,84.4,7.55,88.0,0
IOT_00006381,FAC_03,MCH_34,85.87,5.639,105.4,6.8,76.9,0
IOT_00006382,FAC_04,MCH_67,50.55,6.136,55.4,5.88,61.5,0
IOT_00006383,FAC_05,MCH_72,73.18,6.484,18.4,7.57,65.9,0
IOT_00006384,FAC_02,MCH_10,46.58,3.159,21.6,2.82,63.6,0
IOT_00006385,FAC_04,MCH_92,52.05,3.427,126.2,5.63,56.5,0
IOT_00006386,FAC_01,MCH_62,54.48,5.398,149.7,2.88,102.4,0
IOT_00006387,FAC_04,MCH_68,42.81,5.371,65.9,4.2,69.9,0
IOT_00006388,FAC_04,MCH_26,90.72,0.454,118.9,5.89,99.8,0
IOT_00006389,FAC_05,MCH_48,55.27,2.346,119.1,4.3,72.8,0
IOT_00006390,FAC_01,MCH_42,60.01,0.441,44.5,6.6,57.4,0
IOT_00006391,FAC_01,MCH_83,58.46,3.29,96.9,4.23,56.8,0
IOT_00006392,FAC_05,MCH_39,90.84,0.495,129.9,2.86,109.5,0
IOT_00006393,FAC_04,MCH_40,83.25,3.786,34.7,4.37,60.9,0
IOT_00006394,FAC_05,MCH_10,73.8,4.227,142.4,2.88,96.9,0
IOT_00006395,FAC_01,MCH_83,60.21,4.728,58.3,4.82,72.1,0
IOT_00006396,FAC_01,MCH_46,37.33,5.006,38.5,2.56,101.6,0
IOT_00006397,FAC_01,MCH_22,61.32,2.218,61.6,4.77,78.8,0
IOT_00006398,FAC_03,MCH_43,74.01,3.51,132.3,4.15,79.8,0
IOT_00006399,FAC_02,MCH_97,91.93,1.008,108.6,6.23,78.3,0
IOT_00006400,FAC_01,MCH_86,73.73,3.0,36.4,3.73,87.3,1
IOT_00006401,FAC_03,MCH_21,68.44,1.217,127.8,3.29,56.9,0
IOT_00006402,FAC_01,MCH_42,77.72,4.533,119.7,7.21,97.4,0
IOT_00006403,FAC_01,MCH_22,39.39,0.957,47.8,6.71,87.9,0
IOT_00006404,FAC_02,MCH_87,89.73,5.824,124.0,5.29,82.6,0
IOT_00006405,FAC_01,MCH_74,72.18,3.735,124.7,7.3,75.3,0
IOT_00006406,FAC_03,MCH_33,90.33,4.556,82.5,5.54,102.5,0
IOT_00006407,FAC_03,MCH_21,47.67,0.525,124.1,5.97,106.6,0
IOT_00006408,FAC_02,MCH_87,39.16,3.798,103.1,7.93,85.7,1
IOT_00006409,FAC_03,MCH_91,54.56,0.778,12.2,5.38,64.0,0
IOT_00006410,FAC_04,MCH_43,67.35,3.343,86.5,6.37,88.2,1
IOT_00006411,FAC_01,MCH_56,77.8,3.568,57.0,6.87,57.5,0
IOT_00006412,FAC_05,MCH_11,51.59,6.44,94.6,7.67,107.8,0
IOT_00006413,FAC_02,MCH_84,87.5,4.446,12.3,6.43,62.6,0
IOT_00006414,FAC_05,MCH_15,66.1,6.261,25.4,4.17,59.0,0
IOT_00006415,FAC_02,MCH_76,86.35,5.258,118.9,6.88,101.4,0
IOT_00006416,FAC_05,MCH_49,62.1,0.927,27.0,4.9,100.0,0
IOT_00006417,FAC_05,MCH_85,89.52,2.389,52.0,4.11,85.9,0
IOT_00006418,FAC_05,MCH_66,69.85,5.46,147.3,6.51,91.8,0
IOT_00006419,FAC_04,MCH_36,56.55,4.993,63.7,6.48,72.7,1
IOT_00006420,FAC_04,MCH_71,58.4,5.782,93.3,6.65,83.3,0
IOT_00006421,FAC_05,MCH_81,73.33,3.521,103.5,5.08,75.1,0
IOT_00006422,FAC_04,MCH_55,94.42,3.192,145.9,6.47,101.0,0
IOT_00006423,FAC_02,MCH_40,88.02,4.328,69.1,2.86,102.7,0
IOT_00006424,FAC_01,MCH_22,81.67,4.906,122.7,7.59,89.8,0
IOT_00006425,FAC_04,MCH_50,45.33,5.713,109.2,5.31,61.6,0
IOT_00006426,FAC_05,MCH_98,36.03,3.096,65.2,7.98,85.4,0
IOT_00006427,FAC_01,MCH_20,47.37,2.951,26.7,5.13,60.1,1
IOT_00006428,FAC_01,MCH_38,42.17,2.65,104.0,6.35,61.8,0
IOT_00006429,FAC_03,MCH_24,70.35,3.534,109.6,7.17,86.9,1
IOT_00006430,FAC_03,MCH_15,54.59,6.259,49.4,3.19,104.9,0
IOT_00006431,FAC_05,MCH_17,82.58,4.041,133.0,4.86,76.1,0
IOT_00006432,FAC_03,MCH_15,64.07,3.197,92.8,7.88,58.6,0
IOT_00006433,FAC_05,MCH_97,71.24,3.466,148.3,5.0,63.9,0
IOT_00006434,FAC_02,MCH_98,58.46,6.386,115.6,6.29,79.8,0
IOT_00006435,FAC_01,MCH_62,92.52,5.595,74.1,7.44,103.3,0
IOT_00006436,FAC_03,MCH_30,77.35,5.199,12.2,3.68,106.7,0
IOT_00006437,FAC_04,MCH_74,81.66,5.998,26.2,3.74,86.1,0
IOT_00006438,FAC_01,MCH_25,45.78,3.735,66.5,7.09,100.3,0
IOT_00006439,FAC_04,MCH_92,87.02,5.801,12.4,5.99,90.7,0
IOT_00006440,FAC_01,MCH_41,47.06,5.458,129.4,5.87,60.5,0
IOT_00006441,FAC_04,MCH_30,86.08,5.045,17.5,6.9,102.8,0
IOT_00006442,FAC_02,MCH_94,80.5,5.153,95.2,6.74,108.0,0
IOT_00006443,FAC_04,MCH_47,65.37,6.025,32.8,3.9,60.9,0
IOT_00006444,FAC_01,MCH_55,50.28,1.35,80.9,3.14,107.9,0
IOT_00006445,FAC_01,MCH_37,49.85,0.204,149.1,3.15,101.3,0
IOT_00006446,FAC_03,MCH_34,40.67,4.399,54.6,4.95,98.1,0
IOT_00006447,FAC_04,MCH_63,77.11,1.714,100.2,5.28,109.2,0
IOT_00006448,FAC_04,MCH_99,78.04,5.424,127.7,6.97,59.2,0
IOT_00006449,FAC_03,MCH_80,64.36,5.72,91.1,5.01,87.2,0
IOT_00006450,FAC_03,MCH_71,66.42,1.906,110.6,6.32,103.7,1
IOT_00006451,FAC_05,MCH_78,78.26,6.187,143.2,5.17,75.4,1
IOT_00006452,FAC_03,MCH_55,88.43,0.619,97.7,3.98,89.1,0
IOT_00006453,FAC_04,MCH_14,48.01,4.873,12.8,5.49,104.7,0
IOT_00006454,FAC_02,MCH_82,43.83,1.206,108.0,3.55,103.5,0
IOT_00006455,FAC_02,MCH_24,42.73,2.841,58.2,3.5,55.9,0
IOT_00006456,FAC_05,MCH_82,88.8,2.66,38.1,7.05,94.1,0
IOT_00006457,FAC_03,MCH_14,58.01,5.429,78.3,6.87,89.2,0
IOT_00006458,FAC_04,MCH_23,40.95,1.302,26.6,2.88,94.2,0
IOT_00006459,FAC_02,MCH_95,55.16,1.211,24.0,4.44,57.6,0
IOT_00006460,FAC_03,MCH_39,36.59,6.053,101.8,7.69,94.5,1
IOT_00006461,FAC_02,MCH_71,61.14,1.843,115.4,2.58,95.0,0
IOT_00006462,FAC_02,MCH_41,90.2,3.858,138.7,7.33,98.6,0
IOT_00006463,FAC_04,MCH_54,69.26,1.295,57.0,6.46,63.3,0
IOT_00006464,FAC_04,MCH_75,51.83,3.871,122.6,4.63,78.3,0
IOT_00006465,FAC_03,MCH_30,50.07,2.888,13.7,6.02,109.0,0
IOT_00006466,FAC_04,MCH_24,71.59,0.717,70.5,7.9,83.2,0
IOT_00006467,FAC_03,MCH_38,79.0,4.67,94.4,7.02,106.0,0
IOT_00006468,FAC_03,MCH_22,58.44,4.897,79.5,7.16,84.2,0
IOT_00006469,FAC_02,MCH_77,80.59,0.233,23.5,6.16,109.8,0
IOT_00006470,FAC_04,MCH_19,44.23,4.489,125.6,4.69,102.7,0
IOT_00006471,FAC_04,MCH_88,80.21,5.805,34.4,7.42,107.9,0
IOT_00006472,FAC_04,MCH_31,59.04,1.062,56.6,6.38,91.0,0
IOT_00006473,FAC_04,MCH_46,51.7,1.38,112.8,4.55,68.4,0
IOT_00006474,FAC_01,MCH_30,90.01,1.971,54.5,4.95,106.6,0
IOT_00006475,FAC_02,MCH_67,66.22,5.244,117.9,2.92,91.0,0
IOT_00006476,FAC_02,MCH_40,51.84,6.329,139.4,6.16,72.2,0
IOT_00006477,FAC_02,MCH_30,77.99,4.496,79.3,4.82,106.7,0
IOT_00006478,FAC_01,MCH_96,43.37,1.02,108.0,5.89,88.9,0
IOT_00006479,FAC_01,MCH_86,46.96,1.149,98.5,5.66,100.0,0
IOT_00006480,FAC_01,MCH_64,40.17,3.604,19.9,3.66,73.1,0
IOT_00006481,FAC_02,MCH_19,86.76,4.61,13.6,5.96,96.5,0
IOT_00006482,FAC_05,MCH_49,86.41,3.892,40.9,4.67,88.3,0
IOT_00006483,FAC_01,MCH_78,59.33,2.701,91.7,4.22,83.5,1
IOT_00006484,FAC_05,MCH_45,40.1,0.683,87.7,5.37,55.7,0
IOT_00006485,FAC_04,MCH_24,62.05,1.058,70.5,7.86,103.8,0
IOT_00006486,FAC_05,MCH_47,42.75,1.637,129.6,2.66,77.6,0
IOT_00006487,FAC_05,MCH_20,75.32,2.24,22.3,3.05,58.8,0
IOT_00006488,FAC_05,MCH_29,37.11,4.236,139.8,5.76,103.6,0
IOT_00006489,FAC_02,MCH_84,35.7,3.123,115.2,4.13,65.5,0
IOT_00006490,FAC_02,MCH_64,39.2,6.142,144.4,4.44,75.0,0
IOT_00006491,FAC_04,MCH_75,78.66,3.767,51.2,7.91,61.6,0
IOT_00006492,FAC_05,MCH_41,35.82,3.593,49.0,3.52,76.2,0
IOT_00006493,FAC_01,MCH_62,89.72,0.411,94.5,3.62,94.2,0
IOT_00006494,FAC_02,MCH_21,35.32,5.923,138.8,3.41,100.9,0
IOT_00006495,FAC_05,MCH_38,87.26,1.688,49.8,4.04,98.6,0
IOT_00006496,FAC_03,MCH_64,56.67,4.736,117.8,5.44,62.9,0
IOT_00006497,FAC_05,MCH_10,79.14,5.349,53.8,7.97,56.7,0
IOT_00006498,FAC_04,MCH_38,64.28,0.947,65.7,5.32,63.8,1
IOT_00006499,FAC_03,MCH_39,60.7,5.789,98.4,3.0,88.3,0
IOT_00006500,FAC_05,MCH_47,94.71,1.768,116.9,4.65,103.2,0
IOT_00006501,FAC_05,MCH_80,60.22,5.802,86.9,7.21,92.6,1
IOT_00006502,FAC_05,MCH_82,85.44,3.902,12.3,7.45,83.6,0
IOT_00006503,FAC_04,MCH_45,81.97,2.05,125.1,2.78,99.2,0
IOT_00006504,FAC_05,MCH_20,90.88,5.053,60.1,3.26,101.1,1
IOT_00006505,FAC_01,MCH_39,39.18,3.507,60.3,3.62,74.0,0
IOT_00006506,FAC_02,MCH_85,63.55,6.412,123.2,5.19,107.6,0
IOT_00006507,FAC_05,MCH_94,51.37,2.772,51.3,4.59,81.7,0
IOT_00006508,FAC_01,MCH_11,66.5,5.41,14.1,7.11,67.8,0
IOT_00006509,FAC_05,MCH_90,76.64,0.874,96.8,3.58,64.3,0
IOT_00006510,FAC_05,MCH_73,36.57,5.448,62.9,4.88,106.0,0
IOT_00006511,FAC_02,MCH_45,67.33,2.63,138.3,2.77,102.8,0
IOT_00006512,FAC_03,MCH_51,41.81,6.101,23.2,6.91,100.4,0
IOT_00006513,FAC_01,MCH_83,68.01,0.215,126.3,4.3,99.1,0
IOT_00006514,FAC_01,MCH_67,40.6,0.307,13.1,6.53,66.6,0
IOT_00006515,FAC_01,MCH_99,53.57,3.685,19.5,5.31,102.6,0
IOT_00006516,FAC_04,MCH_31,70.33,3.6,66.3,4.05,66.1,0
IOT_00006517,FAC_01,MCH_53,39.04,1.904,111.6,7.27,92.3,0
IOT_00006518,FAC_01,MCH_42,56.45,4.677,131.9,7.08,67.7,0
IOT_00006519,FAC_01,MCH_86,68.96,1.815,76.1,3.38,104.9,0
IOT_00006520,FAC_05,MCH_45,50.37,3.874,118.1,6.94,77.9,0
IOT_00006521,FAC_04,MCH_43,40.84,5.719,105.1,7.57,83.0,0
IOT_00006522,FAC_04,MCH_96,79.15,2.358,15.2,2.89,68.0,0
IOT_00006523,FAC_01,MCH_95,55.63,3.265,108.1,4.14,82.6,0
IOT_00006524,FAC_01,MCH_57,39.46,2.934,29.7,7.82,102.4,0
IOT_00006525,FAC_04,MCH_12,50.81,2.469,71.1,7.0,64.7,0
IOT_00006526,FAC_05,MCH_97,47.43,3.079,115.3,6.0,103.2,0
IOT_00006527,FAC_04,MCH_60,50.21,6.288,18.4,5.23,99.3,0
IOT_00006528,FAC_02,MCH_38,93.98,2.377,75.7,6.99,95.3,0
IOT_00006529,FAC_04,MCH_58,44.12,3.814,64.1,7.33,59.5,0
IOT_00006530,FAC_01,MCH_69,53.19,1.469,144.4,5.13,79.8,1
IOT_00006531,FAC_02,MCH_39,84.66,4.493,34.1,4.27,88.6,0
IOT_00006532,FAC_02,MCH_95,60.46,0.273,58.7,4.57,80.4,0
IOT_00006533,FAC_03,MCH_44,90.13,5.298,122.6,5.45,82.8,0
IOT_00006534,FAC_01,MCH_62,72.66,6.116,127.7,5.77,62.5,0
IOT_00006535,FAC_04,MCH_98,93.14,3.11,130.0,3.96,80.4,1
IOT_00006536,FAC_01,MCH_93,55.52,6.331,121.6,2.78,86.2,0
IOT_00006537,FAC_02,MCH_35,81.49,4.854,97.8,2.73,71.8,0
IOT_00006538,FAC_05,MCH_89,65.38,3.041,28.5,2.83,65.8,0
IOT_00006539,FAC_01,MCH_54,57.35,1.1,65.9,4.04,90.0,0
IOT_00006540,FAC_02,MCH_89,53.96,4.704,22.9,7.76,69.7,0
IOT_00006541,FAC_03,MCH_60,36.76,0.993,100.5,6.02,103.5,0
IOT_00006542,FAC_03,MCH_42,55.07,3.564,112.6,4.54,89.5,0
IOT_00006543,FAC_03,MCH_59,88.09,3.271,115.4,7.47,87.1,0
IOT_00006544,FAC_01,MCH_19,53.77,0.941,60.1,6.92,70.7,0
IOT_00006545,FAC_05,MCH_12,90.31,1.082,129.5,4.35,67.8,1
IOT_00006546,FAC_01,MCH_52,84.92,4.748,18.0,4.22,79.8,0
IOT_00006547,FAC_03,MCH_59,41.55,4.673,70.4,3.03,107.1,0
IOT_00006548,FAC_01,MCH_18,44.51,2.335,99.0,6.02,55.4,0
IOT_00006549,FAC_04,MCH_11,44.33,1.186,87.3,5.74,81.3,0
IOT_00006550,FAC_02,MCH_16,79.26,4.444,40.1,2.94,91.8,0
IOT_00006551,FAC_01,MCH_30,88.64,5.448,111.0,6.9,91.4,0
IOT_00006552,FAC_04,MCH_89,94.17,3.631,28.4,6.97,82.0,0
IOT_00006553,FAC_03,MCH_28,75.06,0.555,32.9,3.71,65.0,0
IOT_00006554,FAC_05,MCH_38,54.03,0.39,96.1,5.25,64.8,0
IOT_00006555,FAC_02,MCH_79,78.51,4.256,132.8,2.84,103.6,0
IOT_00006556,FAC_03,MCH_59,91.16,5.339,120.0,6.2,77.2,0
IOT_00006557,FAC_05,MCH_23,45.75,4.018,108.6,3.33,109.5,0
IOT_00006558,FAC_02,MCH_72,42.82,2.529,64.9,3.3,108.6,0
IOT_00006559,FAC_04,MCH_83,72.56,3.584,81.8,2.87,109.0,0
IOT_00006560,FAC_05,MCH_99,47.75,2.828,63.7,5.91,74.1,0
IOT_00006561,FAC_02,MCH_23,75.07,0.587,92.2,7.45,62.2,0
IOT_00006562,FAC_03,MCH_97,62.54,4.449,130.0,6.6,83.5,0
IOT_00006563,FAC_05,MCH_18,62.51,1.42,61.3,3.75,62.1,0
IOT_00006564,FAC_05,MCH_16,70.9,6.081,123.5,2.62,72.7,0
IOT_00006565,FAC_03,MCH_14,51.11,4.882,38.9,7.16,62.4,0
IOT_00006566,FAC_02,MCH_84,55.0,0.251,27.4,6.87,99.0,0
IOT_00006567,FAC_02,MCH_74,86.26,5.294,128.7,2.85,100.8,0
IOT_00006568,FAC_01,MCH_11,64.23,4.726,100.2,4.02,86.9,0
IOT_00006569,FAC_03,MCH_27,41.77,4.552,118.1,4.56,55.4,0
IOT_00006570,FAC_05,MCH_79,55.91,1.771,27.3,3.96,67.3,0
IOT_00006571,FAC_04,MCH_17,49.21,4.691,144.9,5.91,58.9,0
IOT_00006572,FAC_02,MCH_92,50.92,1.264,17.9,4.33,100.2,1
IOT_00006573,FAC_03,MCH_91,81.9,1.578,78.3,3.56,73.7,0
IOT_00006574,FAC_03,MCH_35,60.79,3.12,44.3,3.05,68.6,0
IOT_00006575,FAC_05,MCH_20,65.78,4.842,134.8,5.75,92.2,0
IOT_00006576,FAC_03,MCH_37,82.38,6.314,20.6,6.83,86.0,0
IOT_00006577,FAC_04,MCH_15,47.52,2.599,117.3,5.68,98.5,0
IOT_00006578,FAC_03,MCH_82,41.52,5.762,134.7,4.94,91.7,0
IOT_00006579,FAC_03,MCH_21,68.26,5.325,36.3,4.59,107.1,0
IOT_00006580,FAC_03,MCH_70,89.19,3.387,29.7,2.51,82.0,0
IOT_00006581,FAC_03,MCH_38,42.39,1.551,73.6,3.14,93.9,0
IOT_00006582,FAC_02,MCH_97,67.12,2.943,60.8,6.3,73.9,0
IOT_00006583,FAC_04,MCH_40,70.96,6.44,12.9,4.61,61.1,0
IOT_00006584,FAC_04,MCH_44,84.54,4.602,80.2,3.86,104.7,0
IOT_00006585,FAC_03,MCH_28,65.0,2.714,58.6,3.81,95.9,0
IOT_00006586,FAC_04,MCH_17,60.72,0.628,109.6,7.66,105.4,0
IOT_00006587,FAC_05,MCH_36,50.93,6.068,116.5,5.5,86.1,0
IOT_00006588,FAC_03,MCH_85,53.31,3.516,74.0,3.38,108.1,0
IOT_00006589,FAC_01,MCH_18,85.35,2.052,72.7,3.83,98.7,0
IOT_00006590,FAC_03,MCH_39,69.79,0.402,81.9,3.99,60.4,0
IOT_00006591,FAC_05,MCH_26,63.52,4.621,97.6,5.32,65.9,1
IOT_00006592,FAC_04,MCH_95,83.17,1.492,123.0,4.93,78.1,1
IOT_00006593,FAC_01,MCH_96,38.23,6.459,102.2,6.87,69.1,0
IOT_00006594,FAC_01,MCH_66,84.29,3.249,91.9,7.97,96.9,0
IOT_00006595,FAC_03,MCH_22,56.59,4.562,143.1,6.86,58.3,0
IOT_00006596,FAC_02,MCH_36,40.7,3.008,106.7,3.9,88.2,0
IOT_00006597,FAC_03,MCH_67,56.08,3.75,105.4,7.74,72.5,0
IOT_00006598,FAC_04,MCH_33,61.95,4.069,103.3,7.16,101.8,0
IOT_00006599,FAC_01,MCH_47,93.25,5.814,136.3,5.43,80.8,0
IOT_00006600,FAC_04,MCH_85,48.49,1.559,62.1,3.18,65.9,0
IOT_00006601,FAC_01,MCH_61,53.79,5.173,135.4,3.28,99.2,0
IOT_00006602,FAC_03,MCH_12,85.98,6.283,12.6,4.61,83.4,0
IOT_00006603,FAC_05,MCH_22,45.94,6.077,30.7,4.9,98.0,0
IOT_00006604,FAC_01,MCH_27,92.31,0.701,46.2,5.69,58.8,0
IOT_00006605,FAC_05,MCH_38,36.84,3.201,60.9,5.52,84.3,0
IOT_00006606,FAC_02,MCH_96,58.62,4.359,141.0,3.07,62.3,0
IOT_00006607,FAC_04,MCH_53,71.75,5.085,142.8,4.92,87.9,0
IOT_00006608,FAC_04,MCH_71,41.55,3.941,54.7,5.98,102.5,0
IOT_00006609,FAC_01,MCH_69,39.23,0.466,144.0,7.87,66.8,0
IOT_00006610,FAC_02,MCH_23,63.62,3.374,135.8,7.91,83.1,0
IOT_00006611,FAC_03,MCH_11,36.76,3.705,61.5,3.79,88.3,0
IOT_00006612,FAC_05,MCH_81,70.71,4.942,105.6,5.99,82.0,0
IOT_00006613,FAC_03,MCH_51,72.02,3.716,33.3,7.94,100.8,0
IOT_00006614,FAC_05,MCH_69,53.76,3.251,88.2,7.19,63.0,0
IOT_00006615,FAC_04,MCH_64,87.78,3.722,67.8,4.17,98.6,0
IOT_00006616,FAC_03,MCH_52,82.92,3.724,58.1,4.82,72.2,0
IOT_00006617,FAC_05,MCH_40,61.27,5.934,137.4,4.07,87.3,1
IOT_00006618,FAC_01,MCH_28,59.01,2.836,120.3,4.23,87.1,0
IOT_00006619,FAC_01,MCH_17,60.37,0.97,45.7,4.6,106.7,0
IOT_00006620,FAC_01,MCH_59,41.3,2.392,73.9,3.37,97.7,0
IOT_00006621,FAC_04,MCH_53,57.97,3.975,57.1,6.59,64.0,0
IOT_00006622,FAC_02,MCH_80,79.22,2.203,19.1,3.99,58.2,0
IOT_00006623,FAC_05,MCH_24,93.56,0.666,67.0,3.6,82.5,0
IOT_00006624,FAC_01,MCH_27,76.42,4.112,137.7,4.45,66.5,0
IOT_00006625,FAC_04,MCH_13,85.26,2.956,146.4,4.16,80.9,0
IOT_00006626,FAC_01,MCH_86,44.99,4.864,112.4,4.71,91.1,0
IOT_00006627,FAC_03,MCH_70,48.18,1.791,133.4,4.12,88.9,0
IOT_00006628,FAC_01,MCH_10,53.19,4.871,141.0,6.94,108.4,0
IOT_00006629,FAC_02,MCH_97,41.86,6.102,90.0,6.32,93.5,0
IOT_00006630,FAC_01,MCH_73,57.45,4.987,45.6,5.12,72.9,0
IOT_00006631,FAC_03,MCH_21,54.35,3.212,20.8,3.67,105.3,0
IOT_00006632,FAC_03,MCH_81,54.8,1.848,99.9,6.4,56.8,0
IOT_00006633,FAC_02,MCH_75,94.72,2.252,53.2,5.84,93.0,0
IOT_00006634,FAC_02,MCH_70,86.44,2.59,73.5,5.72,89.1,0
IOT_00006635,FAC_02,MCH_82,44.23,6.043,35.1,6.14,59.1,0
IOT_00006636,FAC_05,MCH_97,51.17,3.57,39.3,5.38,107.2,0
IOT_00006637,FAC_04,MCH_20,66.86,5.216,94.4,2.87,71.0,0
IOT_00006638,FAC_01,MCH_19,62.63,4.688,48.4,6.77,107.5,0
IOT_00006639,FAC_02,MCH_76,82.45,3.283,33.3,3.86,74.4,0
IOT_00006640,FAC_01,MCH_43,74.32,3.973,61.2,5.81,83.3,1
IOT_00006641,FAC_05,MCH_45,79.18,4.363,88.0,6.31,75.8,0
IOT_00006642,FAC_04,MCH_57,52.75,1.633,101.3,2.52,99.3,1
IOT_00006643,FAC_03,MCH_74,92.37,4.706,37.3,6.31,100.3,0
IOT_00006644,FAC_02,MCH_90,91.67,0.195,39.7,3.96,86.3,1
IOT_00006645,FAC_01,MCH_21,44.32,6.063,98.0,4.52,108.3,0
IOT_00006646,FAC_04,MCH_43,87.46,4.126,29.7,6.62,82.8,1
IOT_00006647,FAC_04,MCH_46,58.48,4.652,134.1,4.33,59.6,0
IOT_00006648,FAC_02,MCH_70,64.5,3.107,74.1,4.22,102.9,0
IOT_00006649,FAC_01,MCH_13,72.71,3.435,71.5,6.14,66.3,0
IOT_00006650,FAC_03,MCH_58,77.54,4.46,133.1,7.5,78.2,0
IOT_00006651,FAC_05,MCH_57,52.85,3.557,97.2,6.23,82.4,0
IOT_00006652,FAC_01,MCH_26,36.74,1.25,58.6,2.56,96.4,0
IOT_00006653,FAC_03,MCH_30,43.02,1.228,17.0,7.93,95.8,0
IOT_00006654,FAC_04,MCH_29,48.85,2.216,77.2,3.51,63.9,0
IOT_00006655,FAC_03,MCH_17,35.8,4.661,138.1,7.04,102.9,0
IOT_00006656,FAC_01,MCH_82,94.88,5.995,70.8,2.74,89.5,0
IOT_00006657,FAC_05,MCH_43,83.53,3.817,99.5,7.0,106.1,0
IOT_00006658,FAC_01,MCH_44,78.25,0.796,98.5,6.81,82.0,1
IOT_00006659,FAC_04,MCH_67,75.68,5.541,125.5,5.29,83.9,0
IOT_00006660,FAC_02,MCH_10,81.09,3.601,118.4,4.3,65.3,0
IOT_00006661,FAC_05,MCH_69,92.94,4.066,60.7,2.63,86.4,0
IOT_00006662,FAC_05,MCH_72,78.86,5.151,138.9,3.39,109.5,0
IOT_00006663,FAC_05,MCH_33,70.9,3.124,44.5,4.65,83.2,0
IOT_00006664,FAC_03,MCH_45,38.77,1.755,60.1,6.44,73.2,0
IOT_00006665,FAC_02,MCH_44,41.76,3.372,70.4,2.81,72.8,0
IOT_00006666,FAC_05,MCH_81,79.61,0.429,75.0,3.34,106.3,0
IOT_00006667,FAC_04,MCH_74,41.54,0.898,73.6,3.1,80.9,1
IOT_00006668,FAC_01,MCH_45,62.73,6.367,47.6,4.55,81.3,1
IOT_00006669,FAC_05,MCH_94,43.56,3.07,52.0,4.27,103.1,0
IOT_00006670,FAC_04,MCH_88,36.42,3.856,102.2,5.81,106.1,0
IOT_00006671,FAC_05,MCH_77,46.76,6.309,32.7,7.91,71.9,0
IOT_00006672,FAC_04,MCH_13,86.44,2.809,133.9,6.12,93.7,1
IOT_00006673,FAC_04,MCH_28,57.92,5.979,123.1,2.88,103.0,0
IOT_00006674,FAC_01,MCH_63,43.29,4.918,30.7,7.59,84.2,0
IOT_00006675,FAC_04,MCH_37,59.87,6.417,56.8,2.87,57.9,0
IOT_00006676,FAC_05,MCH_91,48.7,0.455,61.6,7.96,83.8,0
IOT_00006677,FAC_02,MCH_39,80.2,0.36,132.8,5.89,69.3,0
IOT_00006678,FAC_02,MCH_71,68.48,0.701,114.1,3.43,83.2,1
IOT_00006679,FAC_05,MCH_68,46.3,1.355,37.4,4.19,103.8,0
IOT_00006680,FAC_01,MCH_89,91.97,4.901,141.1,7.75,56.2,0
IOT_00006681,FAC_04,MCH_26,71.64,5.045,50.3,3.46,88.4,1
IOT_00006682,FAC_01,MCH_11,84.92,1.493,85.0,6.06,107.6,0
IOT_00006683,FAC_03,MCH_23,47.97,3.174,131.5,3.83,60.8,0
IOT_00006684,FAC_03,MCH_79,56.91,2.406,142.2,4.39,67.8,0
IOT_00006685,FAC_01,MCH_31,77.84,0.351,60.2,2.94,106.1,0
IOT_00006686,FAC_03,MCH_84,87.87,3.953,14.5,4.29,71.0,0
IOT_00006687,FAC_03,MCH_96,75.29,1.668,101.9,3.63,59.3,0
IOT_00006688,FAC_05,MCH_43,36.62,3.853,25.7,7.27,81.9,0
IOT_00006689,FAC_03,MCH_53,93.43,6.299,17.0,6.31,110.0,0
IOT_00006690,FAC_02,MCH_97,59.41,3.581,26.4,4.09,55.2,0
IOT_00006691,FAC_03,MCH_65,38.95,5.01,121.3,4.06,91.9,0
IOT_00006692,FAC_01,MCH_40,61.13,2.526,35.2,7.39,72.3,0
IOT_00006693,FAC_01,MCH_46,80.47,6.066,79.7,4.57,75.3,0
IOT_00006694,FAC_04,MCH_50,68.42,0.107,20.7,3.92,84.4,0
IOT_00006695,FAC_05,MCH_50,41.85,1.066,117.1,4.28,103.9,1
IOT_00006696,FAC_05,MCH_81,66.07,1.105,77.3,4.75,98.5,0
IOT_00006697,FAC_05,MCH_35,66.34,4.716,38.8,4.74,56.1,0
IOT_00006698,FAC_04,MCH_79,43.51,2.022,144.6,5.45,104.2,0
IOT_00006699,FAC_01,MCH_12,47.04,4.764,119.9,7.51,67.7,0
IOT_00006700,FAC_03,MCH_89,58.93,4.747,75.6,3.98,107.1,0
IOT_00006701,FAC_01,MCH_97,43.09,4.673,123.7,7.54,93.8,0
IOT_00006702,FAC_04,MCH_83,84.68,4.513,22.7,6.22,62.4,0
IOT_00006703,FAC_02,MCH_44,49.71,0.468,92.8,3.65,80.0,0
IOT_00006704,FAC_01,MCH_66,74.19,1.551,57.3,7.12,80.6,0
IOT_00006705,FAC_03,MCH_82,70.93,3.684,75.3,3.78,92.0,1
IOT_00006706,FAC_01,MCH_72,94.43,4.887,110.9,6.68,100.4,0
IOT_00006707,FAC_02,MCH_28,76.45,3.536,41.1,5.0,79.1,0
IOT_00006708,FAC_02,MCH_92,43.76,2.019,59.7,6.79,63.0,0
IOT_00006709,FAC_04,MCH_20,93.47,2.209,125.5,2.51,89.0,0
IOT_00006710,FAC_02,MCH_23,56.72,4.567,62.1,7.54,98.2,0
IOT_00006711,FAC_05,MCH_74,64.67,5.705,18.8,5.91,89.3,0
IOT_00006712,FAC_01,MCH_53,39.92,4.657,149.1,3.59,98.6,0
IOT_00006713,FAC_05,MCH_31,70.84,0.958,24.4,5.39,103.1,0
IOT_00006714,FAC_05,MCH_83,69.08,0.22,130.2,7.33,81.4,0
IOT_00006715,FAC_04,MCH_36,74.76,5.787,102.5,6.31,66.9,0
IOT_00006716,FAC_03,MCH_57,63.04,6.393,19.2,4.85,101.5,0
IOT_00006717,FAC_02,MCH_14,52.82,0.453,142.8,5.12,93.7,1
IOT_00006718,FAC_04,MCH_18,79.33,2.218,20.0,7.04,84.2,1
IOT_00006719,FAC_05,MCH_10,42.98,4.01,58.7,7.06,89.9,0
IOT_00006720,FAC_04,MCH_16,82.89,6.456,65.5,7.04,98.6,0
IOT_00006721,FAC_04,MCH_54,44.68,3.056,51.9,7.19,61.4,0
IOT_00006722,FAC_05,MCH_73,38.8,0.825,43.6,5.56,62.0,0
IOT_00006723,FAC_02,MCH_54,36.08,5.317,102.2,3.73,91.7,0
IOT_00006724,FAC_04,MCH_28,60.28,1.763,77.8,5.11,92.5,0
IOT_00006725,FAC_03,MCH_46,68.78,3.196,28.2,3.11,77.8,0
IOT_00006726,FAC_01,MCH_97,65.92,3.462,103.1,4.71,66.8,0
IOT_00006727,FAC_05,MCH_37,55.85,5.847,133.2,4.94,71.1,0
IOT_00006728,FAC_04,MCH_75,92.94,0.231,141.6,6.28,69.1,0
IOT_00006729,FAC_04,MCH_39,38.45,1.363,43.8,3.92,96.3,0
IOT_00006730,FAC_05,MCH_92,52.83,0.286,39.6,4.72,66.3,0
IOT_00006731,FAC_01,MCH_31,64.84,6.161,70.5,4.99,101.9,0
IOT_00006732,FAC_02,MCH_52,81.24,1.176,99.1,5.51,108.3,0
IOT_00006733,FAC_05,MCH_76,49.29,4.998,35.1,2.94,92.5,0
IOT_00006734,FAC_02,MCH_16,69.15,0.545,105.1,5.9,60.1,0
IOT_00006735,FAC_01,MCH_59,82.09,5.654,19.4,7.29,66.8,0
IOT_00006736,FAC_01,MCH_69,73.12,3.759,60.5,6.29,107.8,0
IOT_00006737,FAC_02,MCH_46,39.29,0.175,141.5,5.07,97.1,0
IOT_00006738,FAC_03,MCH_74,84.22,5.156,43.1,6.76,61.4,0
IOT_00006739,FAC_03,MCH_61,59.51,4.763,92.6,7.08,90.4,0
IOT_00006740,FAC_04,MCH_66,51.73,5.922,58.3,6.41,77.6,0
IOT_00006741,FAC_02,MCH_44,43.47,0.75,36.2,6.05,94.0,0
IOT_00006742,FAC_03,MCH_88,38.9,1.98,89.1,4.59,106.6,0
IOT_00006743,FAC_05,MCH_39,65.9,6.478,65.0,7.78,71.8,0
IOT_00006744,FAC_05,MCH_83,74.24,5.333,83.3,3.93,60.0,0
IOT_00006745,FAC_02,MCH_73,50.3,5.071,72.8,6.2,85.3,0
IOT_00006746,FAC_01,MCH_84,36.11,4.089,86.0,2.77,57.8,1
IOT_00006747,FAC_02,MCH_49,90.92,5.862,105.4,2.59,90.7,0
IOT_00006748,FAC_03,MCH_48,47.92,5.859,101.4,5.42,94.3,0
IOT_00006749,FAC_03,MCH_45,74.47,2.176,27.5,2.75,57.3,0
IOT_00006750,FAC_01,MCH_99,85.19,0.912,148.0,5.31,61.8,0
IOT_00006751,FAC_04,MCH_45,64.74,4.549,12.1,6.07,108.8,0
IOT_00006752,FAC_01,MCH_71,53.69,0.686,130.3,2.62,104.1,0
IOT_00006753,FAC_01,MCH_97,54.85,5.598,88.6,3.52,101.9,0
IOT_00006754,FAC_05,MCH_86,65.06,5.978,94.5,7.19,68.4,0
IOT_00006755,FAC_01,MCH_41,49.04,4.205,17.2,4.31,91.1,0
IOT_00006756,FAC_02,MCH_32,71.5,1.905,140.5,4.43,106.5,0
IOT_00006757,FAC_01,MCH_54,58.31,5.952,136.4,7.78,78.5,0
IOT_00006758,FAC_02,MCH_41,94.4,5.277,62.0,7.58,79.9,0
IOT_00006759,FAC_04,MCH_60,65.55,4.62,76.3,7.27,86.8,0
IOT_00006760,FAC_04,MCH_35,39.34,1.485,112.8,4.56,55.8,1
IOT_00006761,FAC_05,MCH_81,71.0,1.02,115.8,5.43,78.9,0
IOT_00006762,FAC_04,MCH_90,57.31,3.517,66.5,4.38,95.8,1
IOT_00006763,FAC_03,MCH_59,66.54,0.822,123.5,3.12,91.1,0
IOT_00006764,FAC_05,MCH_13,73.61,3.125,99.3,7.06,106.8,0
IOT_00006765,FAC_05,MCH_28,56.42,2.489,114.1,4.64,71.0,0
IOT_00006766,FAC_02,MCH_17,75.13,3.046,108.1,7.77,85.2,0
IOT_00006767,FAC_02,MCH_94,57.23,3.199,72.6,2.89,71.2,0
IOT_00006768,FAC_04,MCH_30,80.83,1.125,89.8,3.35,97.4,0
IOT_00006769,FAC_04,MCH_53,45.32,3.042,18.3,5.77,103.8,0
IOT_00006770,FAC_02,MCH_55,75.02,3.533,124.6,6.32,100.7,0
IOT_00006771,FAC_03,MCH_37,55.9,1.578,112.5,5.58,90.2,0
IOT_00006772,FAC_03,MCH_72,61.71,2.848,105.3,5.79,78.8,0
IOT_00006773,FAC_02,MCH_46,42.88,5.248,51.5,5.51,71.0,0
IOT_00006774,FAC_01,MCH_46,49.75,2.834,142.2,7.49,92.8,0
IOT_00006775,FAC_01,MCH_35,65.71,2.671,30.6,5.16,64.1,0
IOT_00006776,FAC_02,MCH_43,75.11,2.291,108.1,4.42,58.0,0
IOT_00006777,FAC_03,MCH_45,61.98,0.183,82.1,6.42,63.5,0
IOT_00006778,FAC_01,MCH_33,87.6,1.253,43.2,7.08,79.4,1
IOT_00006779,FAC_04,MCH_61,87.54,4.056,40.2,4.27,109.9,0
IOT_00006780,FAC_05,MCH_57,63.66,3.718,108.3,3.11,90.9,0
IOT_00006781,FAC_01,MCH_35,70.28,3.045,66.7,5.43,109.3,1
IOT_00006782,FAC_05,MCH_67,90.52,3.076,94.7,7.82,87.9,0
IOT_00006783,FAC_02,MCH_20,84.31,4.528,135.3,4.88,62.6,0
IOT_00006784,FAC_02,MCH_77,48.91,2.897,105.1,7.94,81.6,0
IOT_00006785,FAC_05,MCH_81,46.08,1.934,20.2,4.74,93.4,0
IOT_00006786,FAC_03,MCH_42,59.73,1.555,23.4,3.28,59.5,0
IOT_00006787,FAC_02,MCH_27,59.08,5.29,84.2,7.6,94.1,0
IOT_00006788,FAC_05,MCH_69,72.88,4.124,17.3,7.14,84.2,0
IOT_00006789,FAC_05,MCH_18,76.25,4.601,45.8,6.17,70.5,0
IOT_00006790,FAC_05,MCH_45,36.17,3.809,76.6,7.09,58.2,1
IOT_00006791,FAC_01,MCH_65,85.6,0.508,140.1,2.99,77.4,0
IOT_00006792,FAC_04,MCH_25,41.31,3.488,141.9,6.96,98.4,0
IOT_00006793,FAC_04,MCH_63,84.59,1.211,35.5,3.84,103.1,0
IOT_00006794,FAC_05,MCH_30,37.92,2.996,90.9,6.91,106.2,0
IOT_00006795,FAC_02,MCH_29,35.95,1.34,140.7,7.85,84.3,0
IOT_00006796,FAC_01,MCH_41,86.56,0.66,78.4,7.57,68.4,0
IOT_00006797,FAC_01,MCH_55,65.42,0.117,13.7,7.88,58.4,0
IOT_00006798,FAC_04,MCH_79,91.75,3.314,19.0,5.45,105.7,0
IOT_00006799,FAC_04,MCH_63,92.99,6.333,53.9,3.9,65.0,0
IOT_00006800,FAC_02,MCH_36,84.96,2.603,48.5,2.84,71.0,0
IOT_00006801,FAC_05,MCH_48,51.54,4.721,135.8,3.66,55.2,0
IOT_00006802,FAC_03,MCH_92,42.25,3.73,66.3,3.44,74.9,1
IOT_00006803,FAC_03,MCH_43,61.46,4.534,117.9,4.4,76.4,0
IOT_00006804,FAC_01,MCH_72,78.53,1.91,122.6,4.16,92.6,0
IOT_00006805,FAC_01,MCH_84,81.47,1.503,25.2,3.77,63.3,0
IOT_00006806,FAC_01,MCH_24,70.16,0.789,126.8,5.23,73.8,0
IOT_00006807,FAC_03,MCH_48,74.9,5.748,65.6,4.48,105.2,0
IOT_00006808,FAC_04,MCH_96,86.48,1.126,98.0,3.83,83.7,0
IOT_00006809,FAC_03,MCH_72,51.82,1.378,80.8,7.78,57.5,0
IOT_00006810,FAC_01,MCH_58,53.26,6.068,134.3,7.76,81.0,0
IOT_00006811,FAC_05,MCH_80,79.91,0.814,59.8,5.24,69.6,1
IOT_00006812,FAC_03,MCH_12,81.33,3.171,142.9,3.78,87.3,0
IOT_00006813,FAC_04,MCH_70,53.73,4.549,101.9,3.27,98.0,0
IOT_00006814,FAC_03,MCH_82,81.38,0.489,20.4,7.46,95.3,0
IOT_00006815,FAC_04,MCH_45,90.94,2.909,33.5,7.58,71.9,0
IOT_00006816,FAC_05,MCH_59,85.96,2.564,137.7,6.08,82.7,0
IOT_00006817,FAC_01,MCH_39,88.67,2.593,136.4,2.71,90.4,0
IOT_00006818,FAC_04,MCH_57,45.3,5.513,91.5,5.69,99.1,0
IOT_00006819,FAC_05,MCH_72,54.63,3.436,81.1,6.69,83.2,0
IOT_00006820,FAC_01,MCH_31,53.83,2.472,46.3,7.84,100.1,0
IOT_00006821,FAC_05,MCH_90,57.72,4.505,96.6,4.56,89.0,0
IOT_00006822,FAC_05,MCH_87,56.07,2.535,23.2,2.87,71.1,0
IOT_00006823,FAC_03,MCH_32,38.16,4.307,56.8,4.3,85.7,0
IOT_00006824,FAC_01,MCH_92,85.51,2.428,33.9,7.61,68.9,0
IOT_00006825,FAC_04,MCH_22,91.81,6.074,147.6,7.49,76.7,0
IOT_00006826,FAC_04,MCH_10,91.2,5.197,74.8,5.07,79.4,1
IOT_00006827,FAC_05,MCH_62,69.84,1.21,142.2,6.51,103.8,0
IOT_00006828,FAC_04,MCH_54,70.68,4.12,79.4,4.77,98.5,0
IOT_00006829,FAC_05,MCH_10,76.68,0.719,36.1,6.07,85.9,1
IOT_00006830,FAC_03,MCH_87,85.66,5.568,65.2,4.78,74.9,0
IOT_00006831,FAC_01,MCH_92,67.96,1.968,96.4,5.31,64.8,0
IOT_00006832,FAC_03,MCH_90,62.1,4.378,132.6,4.2,74.3,0
IOT_00006833,FAC_05,MCH_95,63.77,0.456,142.4,5.03,97.1,0
IOT_00006834,FAC_02,MCH_32,54.25,5.048,119.7,5.36,96.9,0
IOT_00006835,FAC_01,MCH_95,67.54,5.806,37.7,5.3,84.9,1
IOT_00006836,FAC_04,MCH_55,76.84,5.593,62.0,6.48,95.8,0
IOT_00006837,FAC_03,MCH_69,47.08,5.895,119.6,7.09,100.1,0
IOT_00006838,FAC_05,MCH_38,74.45,0.316,85.2,6.37,79.9,0
IOT_00006839,FAC_05,MCH_57,48.14,3.086,91.8,7.1,63.2,0
IOT_00006840,FAC_02,MCH_21,70.57,0.27,105.1,4.37,99.9,0
IOT_00006841,FAC_01,MCH_89,42.49,1.746,117.0,6.28,94.0,0
IOT_00006842,FAC_04,MCH_93,53.07,4.593,68.1,7.56,67.4,0
IOT_00006843,FAC_03,MCH_97,52.43,0.255,39.4,2.98,61.6,0
IOT_00006844,FAC_04,MCH_38,61.36,2.054,84.8,4.91,83.4,0
IOT_00006845,FAC_04,MCH_22,90.71,5.612,113.4,6.31,107.2,1
IOT_00006846,FAC_04,MCH_29,37.76,1.438,126.9,4.4,105.0,0
IOT_00006847,FAC_02,MCH_46,79.52,5.733,116.2,6.07,57.2,0
IOT_00006848,FAC_05,MCH_24,83.38,1.089,26.8,7.85,78.9,1
IOT_00006849,FAC_02,MCH_48,54.65,3.642,84.9,4.02,55.9,0
IOT_00006850,FAC_04,MCH_20,45.42,1.022,47.9,5.34,61.5,0
IOT_00006851,FAC_05,MCH_55,41.08,2.432,111.8,7.63,90.1,0
IOT_00006852,FAC_02,MCH_40,44.07,0.529,121.4,3.42,86.4,0
IOT_00006853,FAC_05,MCH_16,71.12,1.136,23.3,6.56,64.7,0
IOT_00006854,FAC_03,MCH_64,58.01,3.736,28.1,5.92,66.7,0
IOT_00006855,FAC_01,MCH_49,77.19,2.803,72.6,4.97,90.8,0
IOT_00006856,FAC_04,MCH_75,79.69,2.181,43.4,4.82,102.0,0
IOT_00006857,FAC_01,MCH_83,56.51,4.456,126.0,3.31,83.1,0
IOT_00006858,FAC_04,MCH_80,69.55,5.052,26.7,7.44,80.9,0
IOT_00006859,FAC_05,MCH_14,59.23,5.797,102.0,5.67,66.9,0
IOT_00006860,FAC_04,MCH_97,67.6,2.369,95.3,3.68,58.8,0
IOT_00006861,FAC_03,MCH_56,69.12,5.886,22.1,2.9,59.2,0
IOT_00006862,FAC_02,MCH_41,89.33,2.904,73.8,4.39,58.5,0
IOT_00006863,FAC_01,MCH_19,52.88,3.789,127.7,7.65,68.5,0
IOT_00006864,FAC_04,MCH_20,92.44,0.961,136.8,6.61,59.4,0
IOT_00006865,FAC_01,MCH_73,94.23,2.899,32.2,4.49,58.1,0
IOT_00006866,FAC_03,MCH_18,55.64,5.809,126.4,6.42,81.3,0
IOT_00006867,FAC_02,MCH_70,78.37,3.647,25.1,3.03,61.2,0
IOT_00006868,FAC_02,MCH_43,82.03,2.714,77.4,6.05,73.6,0
IOT_00006869,FAC_04,MCH_66,59.31,2.669,68.0,7.1,82.3,0
IOT_00006870,FAC_01,MCH_16,54.33,4.407,144.8,6.02,63.1,1
IOT_00006871,FAC_05,MCH_29,51.88,2.235,31.4,7.28,66.7,0
IOT_00006872,FAC_03,MCH_83,63.85,5.585,36.9,3.7,107.1,0
IOT_00006873,FAC_02,MCH_17,66.2,2.69,121.1,6.67,89.1,0
IOT_00006874,FAC_02,MCH_59,46.35,3.791,119.3,4.8,91.7,0
IOT_00006875,FAC_02,MCH_18,67.19,5.286,30.2,4.79,82.8,0
IOT_00006876,FAC_05,MCH_37,60.3,6.115,110.0,5.05,73.7,0
IOT_00006877,FAC_03,MCH_69,92.23,0.872,134.8,5.54,92.2,0
IOT_00006878,FAC_04,MCH_98,68.48,1.111,35.6,6.48,62.8,1
IOT_00006879,FAC_03,MCH_39,42.55,6.366,90.0,7.24,96.0,1
IOT_00006880,FAC_02,MCH_11,83.98,5.297,59.0,5.3,96.6,0
IOT_00006881,FAC_04,MCH_92,64.07,5.559,102.6,7.83,71.7,0
IOT_00006882,FAC_03,MCH_33,94.21,1.501,110.0,5.12,83.4,0
IOT_00006883,FAC_03,MCH_11,65.34,2.965,81.6,4.08,103.6,0
IOT_00006884,FAC_01,MCH_60,74.71,0.402,144.4,5.26,94.0,0
IOT_00006885,FAC_05,MCH_31,87.62,4.94,115.9,4.76,75.8,0
IOT_00006886,FAC_02,MCH_43,46.71,1.263,126.5,7.51,101.0,0
IOT_00006887,FAC_02,MCH_19,54.73,2.029,70.6,3.54,95.3,0
IOT_00006888,FAC_04,MCH_77,62.48,5.035,53.8,4.11,75.5,0
IOT_00006889,FAC_05,MCH_61,68.55,4.768,18.9,4.46,85.4,0
IOT_00006890,FAC_03,MCH_20,81.17,4.992,39.8,4.68,73.8,0
IOT_00006891,FAC_01,MCH_96,46.73,4.066,118.6,3.37,62.1,0
IOT_00006892,FAC_05,MCH_11,72.36,0.294,26.8,3.27,77.0,0
IOT_00006893,FAC_03,MCH_74,65.75,6.294,131.0,4.61,91.5,0
IOT_00006894,FAC_04,MCH_26,40.25,6.322,51.4,7.15,69.5,0
IOT_00006895,FAC_02,MCH_33,64.97,1.235,19.7,5.7,108.6,0
IOT_00006896,FAC_01,MCH_70,40.07,5.462,70.2,4.11,79.3,0
IOT_00006897,FAC_02,MCH_45,80.89,5.729,12.7,5.88,74.8,0
IOT_00006898,FAC_05,MCH_55,48.96,2.055,25.9,7.51,76.9,0
IOT_00006899,FAC_02,MCH_91,60.22,4.303,88.2,2.6,56.3,0
IOT_00006900,FAC_01,MCH_24,51.06,2.835,106.0,3.52,105.9,0
IOT_00006901,FAC_03,MCH_10,89.72,3.43,45.1,3.29,70.5,0
IOT_00006902,FAC_05,MCH_45,91.27,0.311,131.6,3.36,95.8,0
IOT_00006903,FAC_04,MCH_67,59.34,4.681,75.5,7.13,83.0,1
IOT_00006904,FAC_03,MCH_93,54.09,4.197,119.9,5.06,94.0,1
IOT_00006905,FAC_02,MCH_38,87.45,4.754,22.3,2.76,97.1,0
IOT_00006906,FAC_02,MCH_31,47.36,5.29,47.0,2.58,72.3,0
IOT_00006907,FAC_05,MCH_61,62.83,3.195,19.3,4.69,76.6,0
IOT_00006908,FAC_05,MCH_67,59.59,1.692,139.9,4.13,88.5,0
IOT_00006909,FAC_05,MCH_94,49.86,0.499,12.7,4.38,68.4,0
IOT_00006910,FAC_03,MCH_74,39.02,3.279,113.9,7.3,56.7,0
IOT_00006911,FAC_01,MCH_10,91.38,0.528,133.7,4.61,89.5,0
IOT_00006912,FAC_04,MCH_73,81.14,0.58,86.6,5.92,82.7,0
IOT_00006913,FAC_02,MCH_65,53.61,5.206,22.2,3.97,65.5,0
IOT_00006914,FAC_02,MCH_36,69.94,2.432,28.4,4.43,57.1,0
IOT_00006915,FAC_05,MCH_65,91.25,3.25,41.1,7.23,78.6,0
IOT_00006916,FAC_05,MCH_91,43.64,4.637,107.6,2.69,60.9,0
IOT_00006917,FAC_02,MCH_12,70.29,0.274,31.9,6.82,66.7,0
IOT_00006918,FAC_02,MCH_91,71.31,1.109,96.8,6.53,94.1,0
IOT_00006919,FAC_03,MCH_62,69.69,3.904,58.4,5.53,57.6,0
IOT_00006920,FAC_01,MCH_24,56.12,3.35,49.2,3.26,85.6,0
IOT_00006921,FAC_04,MCH_51,84.29,5.756,25.7,4.38,80.7,0
IOT_00006922,FAC_01,MCH_76,53.05,0.869,78.0,6.3,83.9,1
IOT_00006923,FAC_02,MCH_76,86.55,0.118,47.8,4.84,55.8,0
IOT_00006924,FAC_02,MCH_79,87.21,3.93,30.2,3.69,106.9,1
IOT_00006925,FAC_02,MCH_33,89.99,5.306,66.9,3.82,64.4,0
IOT_00006926,FAC_03,MCH_88,85.75,0.514,52.1,7.83,77.8,1
IOT_00006927,FAC_02,MCH_21,74.33,1.74,75.5,6.14,91.1,0
IOT_00006928,FAC_02,MCH_12,80.72,5.192,90.3,5.18,98.2,0
IOT_00006929,FAC_01,MCH_94,56.55,4.557,19.9,5.44,75.4,0
IOT_00006930,FAC_01,MCH_99,88.2,6.403,149.2,5.68,106.5,0
IOT_00006931,FAC_05,MCH_33,39.75,4.871,147.3,7.63,97.7,0
IOT_00006932,FAC_05,MCH_60,39.58,2.291,101.3,7.94,77.4,1
IOT_00006933,FAC_05,MCH_56,73.72,6.025,48.4,6.25,66.0,0
IOT_00006934,FAC_01,MCH_35,76.95,3.433,73.8,4.82,85.6,0
IOT_00006935,FAC_03,MCH_54,36.86,2.301,82.4,6.61,75.5,0
IOT_00006936,FAC_05,MCH_77,72.3,5.908,22.8,6.18,109.5,0
IOT_00006937,FAC_05,MCH_35,65.44,2.443,51.9,7.68,94.5,0
IOT_00006938,FAC_01,MCH_34,37.99,1.004,45.7,3.96,89.6,0
IOT_00006939,FAC_04,MCH_13,63.51,1.341,128.2,5.4,67.6,1
IOT_00006940,FAC_03,MCH_40,48.5,4.681,81.7,5.22,76.3,1
IOT_00006941,FAC_02,MCH_94,64.84,5.645,80.2,4.12,72.7,0
IOT_00006942,FAC_04,MCH_12,67.1,1.646,112.3,6.19,105.7,0
IOT_00006943,FAC_04,MCH_68,91.9,2.781,14.9,6.26,63.5,0
IOT_00006944,FAC_05,MCH_68,51.49,3.959,127.8,6.79,83.8,0
IOT_00006945,FAC_04,MCH_77,41.27,1.59,95.3,4.51,63.5,0
IOT_00006946,FAC_02,MCH_48,39.74,1.765,75.0,4.42,73.4,0
IOT_00006947,FAC_05,MCH_59,77.45,6.266,12.0,5.71,71.4,0
IOT_00006948,FAC_05,MCH_60,94.24,2.995,100.7,7.23,65.4,0
IOT_00006949,FAC_05,MCH_59,35.21,4.814,85.7,3.65,64.4,0
IOT_00006950,FAC_01,MCH_71,50.62,6.46,19.7,4.14,78.5,0
IOT_00006951,FAC_03,MCH_95,84.81,4.136,21.5,7.06,89.4,0
IOT_00006952,FAC_04,MCH_50,83.42,4.483,28.5,5.41,60.7,1
IOT_00006953,FAC_01,MCH_54,39.41,6.091,60.0,4.1,77.1,0
IOT_00006954,FAC_01,MCH_69,64.44,5.542,73.8,7.64,71.4,0
IOT_00006955,FAC_04,MCH_62,75.07,2.611,89.7,4.58,85.0,0
IOT_00006956,FAC_01,MCH_76,81.84,0.88,42.6,6.77,95.5,1
IOT_00006957,FAC_02,MCH_75,72.83,4.643,60.3,7.76,60.9,0
IOT_00006958,FAC_03,MCH_93,88.5,0.806,113.3,7.8,62.3,1
IOT_00006959,FAC_05,MCH_27,70.09,0.894,90.3,3.16,79.5,0
IOT_00006960,FAC_03,MCH_12,42.04,4.764,112.3,6.33,93.9,0
IOT_00006961,FAC_04,MCH_11,35.65,3.704,91.2,3.3,86.0,0
IOT_00006962,FAC_05,MCH_72,47.18,3.576,128.1,6.67,105.3,0
IOT_00006963,FAC_03,MCH_97,54.29,2.455,44.7,6.87,91.6,0
IOT_00006964,FAC_04,MCH_54,88.38,5.325,120.4,2.9,66.9,0
IOT_00006965,FAC_01,MCH_88,50.85,4.389,33.0,4.11,67.7,0
IOT_00006966,FAC_03,MCH_51,37.01,0.808,91.1,4.12,91.1,0
IOT_00006967,FAC_01,MCH_32,71.33,6.421,70.3,2.67,100.7,0
IOT_00006968,FAC_03,MCH_73,86.98,2.883,18.4,3.61,108.5,1
IOT_00006969,FAC_01,MCH_47,70.66,3.867,137.2,5.23,98.7,0
IOT_00006970,FAC_03,MCH_77,53.72,1.375,54.8,5.43,74.2,0
IOT_00006971,FAC_01,MCH_31,65.36,4.509,31.6,3.83,109.6,0
IOT_00006972,FAC_04,MCH_97,55.92,1.857,72.7,3.54,105.0,0
IOT_00006973,FAC_02,MCH_23,42.97,2.685,15.1,6.95,105.5,0
IOT_00006974,FAC_03,MCH_37,61.28,0.299,122.2,4.84,64.5,0
IOT_00006975,FAC_03,MCH_78,88.32,4.058,13.1,3.46,103.7,0
IOT_00006976,FAC_03,MCH_71,43.09,3.88,110.6,3.05,62.9,0
IOT_00006977,FAC_01,MCH_35,36.31,2.21,139.1,7.6,98.5,0
IOT_00006978,FAC_04,MCH_10,87.01,2.384,26.1,7.19,65.9,0
IOT_00006979,FAC_03,MCH_35,59.12,3.483,107.5,6.91,63.3,0
IOT_00006980,FAC_01,MCH_62,85.51,3.196,80.8,6.24,72.8,0
IOT_00006981,FAC_05,MCH_99,58.27,0.611,109.6,4.24,87.7,1
IOT_00006982,FAC_03,MCH_99,44.73,3.646,72.0,7.76,90.4,0
IOT_00006983,FAC_04,MCH_33,75.23,5.753,48.9,4.05,73.2,0
IOT_00006984,FAC_01,MCH_43,84.85,5.326,15.0,7.52,98.5,0
IOT_00006985,FAC_03,MCH_33,88.19,4.476,143.5,7.47,76.5,0
IOT_00006986,FAC_03,MCH_69,45.35,3.289,92.9,6.0,72.2,0
IOT_00006987,FAC_03,MCH_82,81.48,6.06,145.9,6.02,86.3,0
IOT_00006988,FAC_02,MCH_55,41.77,2.302,85.1,7.89,76.2,0
IOT_00006989,FAC_01,MCH_99,50.3,0.201,62.3,2.58,76.7,0
IOT_00006990,FAC_02,MCH_99,89.82,2.228,146.9,3.03,81.6,0
IOT_00006991,FAC_03,MCH_88,78.93,5.629,113.5,4.33,60.9,0
IOT_00006992,FAC_02,MCH_15,74.27,0.497,32.8,6.58,96.9,0
IOT_00006993,FAC_03,MCH_75,56.07,5.345,68.9,7.77,84.5,1
IOT_00006994,FAC_05,MCH_33,81.94,3.671,63.9,4.75,60.3,1
IOT_00006995,FAC_05,MCH_29,38.01,3.789,51.4,4.8,81.6,0
IOT_00006996,FAC_02,MCH_74,55.78,1.954,117.7,5.4,106.3,1
IOT_00006997,FAC_03,MCH_44,80.55,6.37,19.7,4.63,97.9,0
IOT_00006998,FAC_05,MCH_73,49.76,5.841,27.1,4.82,80.6,0
IOT_00006999,FAC_01,MCH_46,69.45,6.416,105.0,6.31,89.5,0
IOT_00007000,FAC_04,MCH_26,75.83,0.487,24.1,3.01,98.1,0
IOT_00007001,FAC_03,MCH_69,54.77,5.226,103.0,2.97,55.5,0
IOT_00007002,FAC_02,MCH_27,93.76,1.444,144.0,6.46,85.6,0
IOT_00007003,FAC_02,MCH_81,78.41,2.018,47.9,7.91,92.1,0
IOT_00007004,FAC_05,MCH_32,39.68,5.204,137.7,3.46,56.3,0
IOT_00007005,FAC_04,MCH_51,71.88,6.104,42.7,5.5,76.7,0
IOT_00007006,FAC_01,MCH_59,58.37,5.815,112.3,5.41,63.4,0
IOT_00007007,FAC_05,MCH_55,80.92,5.765,72.4,2.59,62.1,0
IOT_00007008,FAC_02,MCH_99,37.16,0.517,144.4,3.98,100.6,0
IOT_00007009,FAC_05,MCH_44,63.73,5.337,76.3,5.79,94.8,1
IOT_00007010,FAC_05,MCH_28,61.67,4.673,96.7,5.92,60.5,0
IOT_00007011,FAC_02,MCH_80,71.92,3.071,148.4,3.61,99.9,0
IOT_00007012,FAC_03,MCH_15,71.28,3.122,39.4,4.85,79.3,0
IOT_00007013,FAC_04,MCH_13,49.59,5.436,96.4,5.01,107.2,0
IOT_00007014,FAC_02,MCH_11,66.26,2.172,103.8,3.13,67.8,0
IOT_00007015,FAC_03,MCH_37,66.89,5.519,137.9,3.03,104.0,0
IOT_00007016,FAC_01,MCH_35,53.98,0.974,53.8,3.18,91.8,1
IOT_00007017,FAC_01,MCH_49,60.39,4.883,73.5,7.53,100.2,0
IOT_00007018,FAC_02,MCH_35,83.06,2.076,104.2,6.96,72.5,0
IOT_00007019,FAC_02,MCH_69,45.81,2.564,143.6,2.51,73.8,0
IOT_00007020,FAC_04,MCH_10,54.7,6.14,109.4,2.71,99.4,0
IOT_00007021,FAC_02,MCH_93,77.72,4.119,80.9,5.25,83.0,0
IOT_00007022,FAC_03,MCH_67,70.1,4.734,95.4,4.52,84.1,0
IOT_00007023,FAC_04,MCH_75,54.32,3.213,66.0,3.12,70.0,0
IOT_00007024,FAC_04,MCH_83,78.85,1.428,18.6,5.5,80.2,0
IOT_00007025,FAC_03,MCH_98,90.62,0.687,80.0,3.7,105.5,0
IOT_00007026,FAC_04,MCH_23,41.2,5.353,145.1,5.96,77.2,0
IOT_00007027,FAC_01,MCH_70,77.59,2.878,112.8,5.51,77.8,0
IOT_00007028,FAC_05,MCH_93,86.02,1.836,31.4,5.2,104.2,0
IOT_00007029,FAC_01,MCH_61,69.87,6.268,120.7,7.06,73.5,0
IOT_00007030,FAC_02,MCH_78,70.51,3.118,51.5,4.75,60.5,0
IOT_00007031,FAC_04,MCH_66,36.63,1.328,120.9,2.92,108.4,0
IOT_00007032,FAC_01,MCH_17,50.41,3.368,73.6,4.77,76.6,0
IOT_00007033,FAC_05,MCH_62,46.85,1.528,66.4,7.45,65.0,0
IOT_00007034,FAC_03,MCH_58,83.16,4.136,105.5,7.25,100.3,0
IOT_00007035,FAC_04,MCH_26,49.53,0.189,76.2,4.65,108.0,0
IOT_00007036,FAC_05,MCH_89,40.21,2.31,66.3,6.51,100.5,0
IOT_00007037,FAC_05,MCH_24,79.25,4.202,40.6,5.96,61.8,0
IOT_00007038,FAC_01,MCH_42,89.28,1.337,132.9,7.77,86.8,0
IOT_00007039,FAC_03,MCH_82,53.2,2.78,33.0,4.92,75.4,0
IOT_00007040,FAC_03,MCH_53,80.49,2.216,115.4,3.84,80.5,0
IOT_00007041,FAC_04,MCH_53,51.93,4.774,35.8,4.43,99.2,0
IOT_00007042,FAC_01,MCH_82,84.08,4.166,108.2,5.65,71.4,0
IOT_00007043,FAC_02,MCH_32,91.99,0.653,116.2,4.49,90.9,0
IOT_00007044,FAC_04,MCH_47,90.61,4.225,79.0,7.96,76.3,0
IOT_00007045,FAC_01,MCH_36,72.61,4.203,30.9,3.78,86.7,0
IOT_00007046,FAC_02,MCH_42,42.49,0.726,92.8,2.69,81.0,0
IOT_00007047,FAC_02,MCH_29,87.5,0.781,73.8,2.8,76.5,0
IOT_00007048,FAC_01,MCH_24,44.52,4.707,27.0,4.84,99.2,1
IOT_00007049,FAC_02,MCH_65,36.77,4.259,37.5,4.85,65.8,0
IOT_00007050,FAC_04,MCH_48,91.94,2.497,101.1,3.82,87.1,0
IOT_00007051,FAC_03,MCH_76,56.54,1.908,93.5,7.2,60.1,0
IOT_00007052,FAC_05,MCH_91,51.55,0.943,19.7,4.91,90.1,0
IOT_00007053,FAC_01,MCH_91,48.34,5.665,74.9,6.19,64.9,0
IOT_00007054,FAC_03,MCH_15,46.04,0.452,143.7,3.73,60.5,0
IOT_00007055,FAC_04,MCH_27,79.4,1.908,137.1,7.03,82.7,0
IOT_00007056,FAC_03,MCH_67,81.47,5.927,140.6,7.62,104.9,0
IOT_00007057,FAC_05,MCH_44,79.0,1.489,14.3,3.54,66.0,0
IOT_00007058,FAC_01,MCH_48,48.0,0.535,88.9,6.23,95.3,0
IOT_00007059,FAC_04,MCH_33,87.6,1.499,68.2,6.43,88.0,0
IOT_00007060,FAC_03,MCH_24,50.97,4.363,52.0,6.42,105.7,0
IOT_00007061,FAC_02,MCH_84,72.21,4.505,146.4,6.52,63.7,0
IOT_00007062,FAC_04,MCH_66,45.31,5.716,124.6,5.57,69.3,1
IOT_00007063,FAC_04,MCH_30,77.29,5.833,80.9,4.15,68.7,0
IOT_00007064,FAC_05,MCH_30,50.73,5.809,73.7,5.91,96.6,0
IOT_00007065,FAC_05,MCH_96,69.59,2.95,118.6,6.7,96.3,0
IOT_00007066,FAC_03,MCH_90,60.31,5.082,130.2,7.08,68.7,0
IOT_00007067,FAC_05,MCH_57,85.69,1.98,55.0,7.25,84.2,0
IOT_00007068,FAC_01,MCH_71,48.1,4.961,128.5,2.66,87.1,1
IOT_00007069,FAC_02,MCH_94,54.12,5.124,127.0,4.21,108.3,0
IOT_00007070,FAC_04,MCH_36,87.88,4.359,141.3,7.62,84.1,0
IOT_00007071,FAC_04,MCH_14,61.99,2.306,122.8,4.03,92.4,0
IOT_00007072,FAC_02,MCH_81,36.28,3.094,26.5,2.81,74.5,0
IOT_00007073,FAC_05,MCH_77,66.08,1.227,17.1,5.29,72.2,0
IOT_00007074,FAC_04,MCH_17,53.87,0.471,135.6,7.17,91.3,0
IOT_00007075,FAC_04,MCH_73,49.06,3.314,88.8,3.88,60.4,0
IOT_00007076,FAC_04,MCH_52,86.9,2.96,112.3,6.13,80.7,0
IOT_00007077,FAC_03,MCH_15,52.82,0.917,122.6,2.61,96.6,0
IOT_00007078,FAC_03,MCH_29,64.39,4.651,56.0,4.83,57.1,0
IOT_00007079,FAC_02,MCH_10,86.18,4.011,104.3,6.88,74.7,0
IOT_00007080,FAC_01,MCH_67,50.27,4.458,67.8,2.99,86.3,0
IOT_00007081,FAC_05,MCH_13,93.83,3.9,126.8,7.2,82.3,0
IOT_00007082,FAC_03,MCH_88,93.6,1.642,83.3,7.22,88.1,0
IOT_00007083,FAC_01,MCH_84,35.56,3.026,141.3,7.95,86.0,0
IOT_00007084,FAC_02,MCH_74,82.57,3.1,75.9,4.67,79.5,0
IOT_00007085,FAC_03,MCH_50,84.79,5.779,123.3,6.92,59.0,0
IOT_00007086,FAC_03,MCH_18,54.69,0.322,117.4,2.69,87.6,0
IOT_00007087,FAC_02,MCH_63,85.61,2.824,37.5,5.42,92.4,0
IOT_00007088,FAC_05,MCH_85,63.45,5.601,69.1,4.96,103.1,0
IOT_00007089,FAC_01,MCH_93,53.64,0.98,120.3,7.57,62.5,0
IOT_00007090,FAC_05,MCH_49,56.63,1.348,40.0,4.91,79.0,0
IOT_00007091,FAC_01,MCH_61,90.31,4.389,103.4,7.26,89.7,0
IOT_00007092,FAC_05,MCH_62,72.49,3.858,96.8,6.36,89.6,0
IOT_00007093,FAC_03,MCH_71,87.17,1.185,113.5,4.82,72.3,0
IOT_00007094,FAC_01,MCH_49,43.05,4.144,136.1,2.9,97.7,0
IOT_00007095,FAC_05,MCH_71,87.29,5.149,143.6,2.53,82.4,0
IOT_00007096,FAC_02,MCH_59,42.84,1.518,14.3,2.99,88.3,0
IOT_00007097,FAC_02,MCH_99,43.78,1.528,39.1,2.95,63.5,0
IOT_00007098,FAC_03,MCH_18,47.15,1.953,120.9,2.89,88.0,0
IOT_00007099,FAC_01,MCH_66,36.98,3.382,120.3,7.62,97.4,0
IOT_00007100,FAC_01,MCH_49,56.2,5.546,138.3,6.39,109.8,0
IOT_00007101,FAC_03,MCH_37,44.98,1.698,57.9,4.69,75.4,0
IOT_00007102,FAC_03,MCH_17,68.15,2.579,116.7,7.92,57.4,0
IOT_00007103,FAC_04,MCH_14,48.59,4.457,79.1,6.46,73.6,0
IOT_00007104,FAC_03,MCH_21,84.62,5.348,108.2,2.87,62.4,0
IOT_00007105,FAC_04,MCH_85,70.2,4.613,120.4,4.95,56.0,0
IOT_00007106,FAC_05,MCH_57,74.44,0.848,141.0,7.48,101.5,0
IOT_00007107,FAC_02,MCH_80,67.42,5.597,110.2,2.51,72.1,0
IOT_00007108,FAC_01,MCH_18,44.92,0.89,126.5,3.64,97.9,0
IOT_00007109,FAC_04,MCH_39,88.38,1.227,82.9,5.89,78.2,0
IOT_00007110,FAC_03,MCH_77,62.06,3.04,54.2,6.2,86.8,0
IOT_00007111,FAC_05,MCH_96,66.06,3.428,148.2,7.25,89.3,0
IOT_00007112,FAC_04,MCH_45,52.81,1.157,52.2,4.34,109.5,0
IOT_00007113,FAC_03,MCH_96,69.32,4.786,89.6,4.28,67.5,0
IOT_00007114,FAC_04,MCH_86,87.82,3.2,84.8,2.92,99.8,0
IOT_00007115,FAC_05,MCH_57,48.61,1.038,120.9,4.49,65.3,0
IOT_00007116,FAC_05,MCH_40,49.94,4.225,102.7,3.86,76.5,0
IOT_00007117,FAC_03,MCH_70,65.64,0.802,50.9,7.66,58.2,1
IOT_00007118,FAC_01,MCH_89,81.75,5.026,60.5,3.8,83.2,0
IOT_00007119,FAC_02,MCH_46,45.91,6.462,100.1,4.85,85.0,0
IOT_00007120,FAC_02,MCH_34,76.81,1.564,72.6,7.14,71.5,0
IOT_00007121,FAC_05,MCH_81,86.57,4.925,52.6,7.94,96.0,0
IOT_00007122,FAC_05,MCH_96,65.24,5.55,95.5,2.66,97.0,0
IOT_00007123,FAC_05,MCH_52,58.08,1.199,49.8,3.58,79.5,0
IOT_00007124,FAC_04,MCH_58,88.01,1.308,98.1,3.1,94.1,0
IOT_00007125,FAC_03,MCH_37,71.19,0.334,96.7,4.19,107.9,0
IOT_00007126,FAC_04,MCH_37,81.74,4.868,37.0,4.74,65.4,0
IOT_00007127,FAC_05,MCH_50,64.17,3.085,129.9,4.76,105.0,0
IOT_00007128,FAC_02,MCH_94,65.87,2.799,63.9,3.81,62.8,0
IOT_00007129,FAC_04,MCH_76,83.01,1.642,69.1,5.62,85.3,0
IOT_00007130,FAC_05,MCH_63,45.78,2.034,100.4,5.89,95.7,0
IOT_00007131,FAC_02,MCH_83,92.63,5.705,114.9,3.32,55.7,0
IOT_00007132,FAC_05,MCH_15,37.04,4.006,148.1,6.66,60.7,0
IOT_00007133,FAC_05,MCH_58,73.23,2.008,127.1,5.96,102.3,0
IOT_00007134,FAC_04,MCH_17,64.67,0.241,125.9,4.75,68.1,0
IOT_00007135,FAC_01,MCH_58,78.45,5.063,83.4,5.55,79.9,0
IOT_00007136,FAC_01,MCH_88,36.05,5.437,125.8,3.32,57.5,1
IOT_00007137,FAC_04,MCH_29,67.6,3.567,59.7,3.98,58.6,0
IOT_00007138,FAC_03,MCH_58,42.35,3.545,140.8,6.96,62.6,0
IOT_00007139,FAC_04,MCH_71,67.68,2.785,77.2,6.31,80.3,0
IOT_00007140,FAC_02,MCH_10,70.6,2.887,147.7,4.98,88.9,0
IOT_00007141,FAC_02,MCH_35,90.25,2.678,91.0,7.38,86.9,0
IOT_00007142,FAC_04,MCH_91,84.79,1.504,67.6,6.64,93.3,0
IOT_00007143,FAC_02,MCH_25,63.71,1.341,123.4,5.01,71.9,0
IOT_00007144,FAC_04,MCH_87,82.77,1.17,27.7,3.89,60.7,0
IOT_00007145,FAC_04,MCH_95,55.05,0.78,144.4,7.46,97.8,0
IOT_00007146,FAC_04,MCH_21,70.09,4.597,71.1,4.37,101.1,0
IOT_00007147,FAC_04,MCH_11,44.15,2.298,41.1,4.48,65.7,0
IOT_00007148,FAC_02,MCH_58,64.18,5.146,148.5,5.82,90.5,0
IOT_00007149,FAC_03,MCH_43,64.3,1.613,68.7,4.78,82.9,0
IOT_00007150,FAC_01,MCH_26,66.6,0.21,70.8,5.7,69.1,0
IOT_00007151,FAC_03,MCH_66,62.93,0.634,142.9,5.77,76.4,1
IOT_00007152,FAC_03,MCH_64,87.19,0.132,50.1,6.59,104.8,0
IOT_00007153,FAC_03,MCH_12,81.21,2.053,52.7,5.88,89.9,0
IOT_00007154,FAC_05,MCH_47,60.6,3.472,103.6,5.13,80.7,0
IOT_00007155,FAC_03,MCH_16,37.55,0.58,77.9,4.97,92.3,0
IOT_00007156,FAC_03,MCH_92,89.93,6.45,50.2,7.95,60.0,0
IOT_00007157,FAC_04,MCH_71,47.13,1.815,144.4,4.5,96.3,0
IOT_00007158,FAC_04,MCH_36,43.36,4.875,40.6,6.28,94.7,0
IOT_00007159,FAC_05,MCH_42,87.64,1.883,80.5,7.12,62.2,0
IOT_00007160,FAC_05,MCH_35,74.25,5.144,134.0,3.23,59.9,0
IOT_00007161,FAC_03,MCH_15,54.97,1.86,63.4,5.35,64.7,0
IOT_00007162,FAC_01,MCH_56,61.44,1.577,43.9,3.35,108.7,1
IOT_00007163,FAC_04,MCH_33,94.69,5.304,120.3,7.27,67.8,0
IOT_00007164,FAC_01,MCH_20,82.37,2.281,103.8,6.36,56.5,0
IOT_00007165,FAC_04,MCH_52,93.61,0.128,91.5,3.24,61.7,0
IOT_00007166,FAC_04,MCH_12,48.7,2.343,147.9,7.83,60.0,0
IOT_00007167,FAC_04,MCH_57,61.05,5.322,136.1,6.28,85.5,0
IOT_00007168,FAC_02,MCH_73,91.05,1.99,121.3,5.34,67.3,0
IOT_00007169,FAC_05,MCH_31,81.28,5.607,137.1,4.59,89.5,0
IOT_00007170,FAC_03,MCH_71,94.69,5.159,46.6,5.61,63.3,0
IOT_00007171,FAC_03,MCH_18,91.8,5.338,113.6,4.53,108.6,0
IOT_00007172,FAC_02,MCH_13,54.16,0.439,39.4,3.46,94.8,0
IOT_00007173,FAC_01,MCH_53,70.62,5.356,62.0,3.08,72.4,0
IOT_00007174,FAC_05,MCH_75,40.75,3.081,122.5,7.79,67.5,0
IOT_00007175,FAC_01,MCH_97,80.32,0.479,60.3,6.15,69.7,0
IOT_00007176,FAC_01,MCH_62,77.2,1.936,97.7,3.69,61.8,0
IOT_00007177,FAC_02,MCH_51,42.12,3.225,145.7,6.27,72.5,0
IOT_00007178,FAC_02,MCH_72,72.93,0.69,45.9,2.75,78.3,0
IOT_00007179,FAC_04,MCH_49,73.62,5.305,41.9,6.31,99.9,0
IOT_00007180,FAC_01,MCH_46,74.79,5.325,147.3,4.54,66.9,0
IOT_00007181,FAC_04,MCH_57,83.72,4.863,74.2,4.5,78.1,0
IOT_00007182,FAC_01,MCH_12,49.57,1.153,134.8,3.02,65.3,0
IOT_00007183,FAC_02,MCH_15,36.62,3.755,76.1,7.59,76.8,0
IOT_00007184,FAC_05,MCH_10,81.74,4.946,37.5,7.72,59.1,0
IOT_00007185,FAC_04,MCH_30,93.65,4.621,72.1,2.57,100.2,0
IOT_00007186,FAC_05,MCH_93,72.24,5.429,101.3,5.01,102.3,0
IOT_00007187,FAC_01,MCH_76,54.28,1.324,18.1,3.89,83.9,0
IOT_00007188,FAC_01,MCH_67,79.7,5.691,60.6,3.41,65.4,0
IOT_00007189,FAC_03,MCH_52,44.11,4.948,71.4,5.8,100.6,0
IOT_00007190,FAC_04,MCH_12,62.41,2.616,35.3,6.88,89.7,0
IOT_00007191,FAC_01,MCH_82,71.41,6.273,101.8,6.96,90.9,0
IOT_00007192,FAC_03,MCH_70,51.35,2.942,69.4,7.11,89.9,0
IOT_00007193,FAC_04,MCH_32,68.88,2.287,77.4,6.65,98.6,0
IOT_00007194,FAC_03,MCH_15,48.7,3.803,13.9,7.57,55.9,0
IOT_00007195,FAC_01,MCH_72,35.44,4.623,88.2,4.17,59.5,0
IOT_00007196,FAC_05,MCH_29,47.86,5.565,123.2,7.44,79.5,0
IOT_00007197,FAC_03,MCH_87,58.36,3.03,117.8,5.58,97.3,0
IOT_00007198,FAC_03,MCH_24,90.07,0.634,72.4,3.72,71.7,0
IOT_00007199,FAC_01,MCH_97,48.58,1.292,118.4,6.87,102.5,0
IOT_00007200,FAC_03,MCH_61,40.79,5.091,141.4,2.5,58.4,0
IOT_00007201,FAC_03,MCH_91,38.6,0.594,81.7,4.47,57.3,0
IOT_00007202,FAC_05,MCH_48,76.04,6.258,43.7,4.13,91.1,0
IOT_00007203,FAC_02,MCH_62,45.99,5.984,33.6,3.6,85.6,1
IOT_00007204,FAC_04,MCH_71,54.69,1.568,57.4,7.77,57.5,0
IOT_00007205,FAC_05,MCH_24,73.05,5.411,12.9,4.74,66.9,0
IOT_00007206,FAC_05,MCH_54,76.87,1.147,117.5,3.6,78.7,0
IOT_00007207,FAC_01,MCH_39,70.14,5.917,12.1,2.82,109.3,0
IOT_00007208,FAC_04,MCH_17,84.07,4.569,60.8,2.95,66.5,0
IOT_00007209,FAC_03,MCH_96,88.75,0.294,56.0,7.24,78.8,0
IOT_00007210,FAC_04,MCH_12,84.48,4.747,121.8,7.84,107.4,0
IOT_00007211,FAC_05,MCH_54,78.89,4.966,28.0,6.77,105.6,0
IOT_00007212,FAC_04,MCH_13,79.98,3.815,105.4,4.26,91.6,0
IOT_00007213,FAC_04,MCH_99,65.74,1.799,52.7,4.3,56.8,0
IOT_00007214,FAC_04,MCH_22,52.14,2.881,76.6,4.67,64.8,0
IOT_00007215,FAC_03,MCH_37,51.31,0.8,81.7,3.13,90.3,0
IOT_00007216,FAC_04,MCH_98,43.08,5.103,66.4,3.82,97.5,1
IOT_00007217,FAC_05,MCH_89,67.72,0.507,53.7,4.53,105.0,0
IOT_00007218,FAC_05,MCH_40,40.54,3.658,96.3,4.29,91.2,0
IOT_00007219,FAC_04,MCH_79,82.29,1.368,77.8,6.02,81.3,0
IOT_00007220,FAC_02,MCH_15,51.31,0.355,125.5,3.13,89.5,0
IOT_00007221,FAC_03,MCH_85,90.47,4.653,22.2,3.4,57.5,0
IOT_00007222,FAC_02,MCH_20,81.75,6.131,44.3,6.45,108.8,0
IOT_00007223,FAC_03,MCH_28,68.65,0.469,107.1,6.11,73.0,0
IOT_00007224,FAC_04,MCH_23,82.81,2.801,97.5,6.65,56.4,0
IOT_00007225,FAC_01,MCH_19,49.04,2.858,62.7,5.09,83.1,0
IOT_00007226,FAC_05,MCH_38,79.69,3.518,58.8,6.31,83.7,0
IOT_00007227,FAC_01,MCH_34,36.91,0.965,106.4,3.21,108.5,1
IOT_00007228,FAC_03,MCH_25,56.54,2.301,16.0,4.7,86.1,0
IOT_00007229,FAC_04,MCH_33,93.28,4.063,86.4,7.71,58.6,0
IOT_00007230,FAC_02,MCH_59,48.86,3.453,122.3,7.82,84.1,0
IOT_00007231,FAC_02,MCH_84,92.27,2.482,14.8,3.38,99.0,0
IOT_00007232,FAC_04,MCH_96,81.84,2.083,111.5,5.48,106.7,0
IOT_00007233,FAC_02,MCH_10,89.36,2.572,99.1,5.7,59.7,0
IOT_00007234,FAC_05,MCH_96,68.66,3.51,55.7,7.81,87.8,0
IOT_00007235,FAC_01,MCH_85,63.72,0.848,117.0,2.55,107.4,0
IOT_00007236,FAC_04,MCH_62,62.39,1.775,76.3,4.71,68.7,0
IOT_00007237,FAC_02,MCH_20,94.01,3.379,149.7,5.89,59.0,0
IOT_00007238,FAC_04,MCH_17,89.86,0.629,127.7,2.97,78.0,0
IOT_00007239,FAC_01,MCH_46,55.45,1.462,119.9,6.17,82.5,0
IOT_00007240,FAC_05,MCH_81,52.34,4.978,20.1,5.08,94.5,0
IOT_00007241,FAC_01,MCH_20,80.04,2.341,113.4,7.89,64.1,0
IOT_00007242,FAC_04,MCH_60,35.92,4.672,102.8,3.61,81.6,0
IOT_00007243,FAC_04,MCH_73,45.36,6.44,136.6,5.08,61.5,0
IOT_00007244,FAC_04,MCH_39,70.37,2.499,82.9,4.21,59.6,0
IOT_00007245,FAC_03,MCH_45,47.96,4.508,21.3,4.26,90.6,1
IOT_00007246,FAC_03,MCH_18,54.86,4.844,53.9,2.61,98.9,0
IOT_00007247,FAC_04,MCH_24,46.55,2.22,135.9,4.02,76.5,0
IOT_00007248,FAC_04,MCH_85,67.67,2.144,103.7,6.5,95.8,0
IOT_00007249,FAC_04,MCH_15,90.7,1.436,122.5,7.68,94.9,0
IOT_00007250,FAC_01,MCH_45,54.48,5.591,63.2,6.57,67.4,0
IOT_00007251,FAC_04,MCH_46,43.59,2.491,17.1,3.01,90.0,0
IOT_00007252,FAC_01,MCH_59,78.71,1.344,40.7,3.7,76.7,0
IOT_00007253,FAC_03,MCH_49,42.27,1.769,69.5,7.93,77.4,1
IOT_00007254,FAC_04,MCH_40,59.61,2.152,83.9,3.3,67.0,0
IOT_00007255,FAC_01,MCH_45,38.17,1.452,69.9,3.16,57.7,0
IOT_00007256,FAC_04,MCH_42,75.92,3.972,84.2,6.55,63.3,0
IOT_00007257,FAC_05,MCH_69,62.61,4.701,96.8,6.68,91.7,0
IOT_00007258,FAC_01,MCH_43,56.4,4.981,85.5,5.37,66.5,0
IOT_00007259,FAC_02,MCH_61,38.53,5.694,115.5,2.63,99.3,0
IOT_00007260,FAC_04,MCH_23,53.56,5.415,132.3,7.07,69.8,0
IOT_00007261,FAC_03,MCH_87,55.32,2.212,130.3,7.19,58.5,0
IOT_00007262,FAC_05,MCH_50,51.3,1.085,129.1,7.4,75.0,1
IOT_00007263,FAC_03,MCH_51,86.11,0.701,94.3,4.47,78.4,0
IOT_00007264,FAC_02,MCH_23,74.16,2.302,33.7,3.09,71.4,0
IOT_00007265,FAC_02,MCH_78,78.57,2.018,121.8,5.04,75.7,0
IOT_00007266,FAC_05,MCH_16,57.38,0.892,57.9,4.39,84.7,0
IOT_00007267,FAC_01,MCH_32,68.04,2.646,39.1,7.4,105.4,0
IOT_00007268,FAC_02,MCH_60,84.78,2.862,33.8,7.34,108.7,0
IOT_00007269,FAC_03,MCH_64,62.74,5.761,141.1,2.9,64.7,0
IOT_00007270,FAC_02,MCH_77,82.2,1.368,142.2,6.96,56.1,0
IOT_00007271,FAC_02,MCH_34,53.2,3.999,85.6,5.77,82.6,0
IOT_00007272,FAC_04,MCH_33,74.38,6.384,52.9,3.5,75.7,0
IOT_00007273,FAC_05,MCH_87,48.04,4.326,65.6,3.57,64.5,0
IOT_00007274,FAC_04,MCH_38,65.9,5.888,119.1,6.24,61.0,0
IOT_00007275,FAC_04,MCH_48,46.81,6.414,115.3,7.7,69.0,0
IOT_00007276,FAC_02,MCH_51,89.36,1.236,98.1,7.98,73.7,0
IOT_00007277,FAC_05,MCH_30,80.49,5.135,70.3,7.26,106.0,0
IOT_00007278,FAC_04,MCH_72,39.44,3.241,18.8,5.73,95.5,0
IOT_00007279,FAC_04,MCH_57,60.85,2.526,29.7,6.3,60.0,0
IOT_00007280,FAC_03,MCH_46,88.28,4.117,113.6,4.99,78.8,0
IOT_00007281,FAC_03,MCH_57,87.72,2.095,13.3,5.21,97.0,1
IOT_00007282,FAC_04,MCH_83,85.27,2.455,123.5,5.13,90.4,0
IOT_00007283,FAC_01,MCH_30,90.43,2.722,115.9,5.56,100.3,0
IOT_00007284,FAC_03,MCH_33,67.76,5.45,23.1,4.63,100.4,0
IOT_00007285,FAC_05,MCH_92,35.87,0.973,142.5,3.46,87.9,0
IOT_00007286,FAC_03,MCH_53,76.93,5.093,110.7,5.84,68.0,0
IOT_00007287,FAC_03,MCH_55,84.61,4.013,64.9,5.59,103.6,1
IOT_00007288,FAC_01,MCH_47,86.3,4.374,16.4,7.38,96.5,0
IOT_00007289,FAC_02,MCH_83,87.13,5.569,131.2,2.53,55.1,0
IOT_00007290,FAC_02,MCH_89,51.11,3.311,38.6,7.8,90.0,0
IOT_00007291,FAC_04,MCH_50,92.01,5.685,124.8,5.43,73.9,0
IOT_00007292,FAC_05,MCH_56,59.67,2.072,32.5,4.09,79.2,0
IOT_00007293,FAC_05,MCH_25,49.89,6.479,109.2,7.47,96.4,0
IOT_00007294,FAC_03,MCH_77,38.62,3.593,18.3,4.96,70.9,0
IOT_00007295,FAC_05,MCH_58,59.06,1.976,95.9,2.78,68.3,0
IOT_00007296,FAC_03,MCH_57,65.0,6.321,44.7,4.18,60.6,0
IOT_00007297,FAC_04,MCH_41,36.74,1.742,68.9,6.84,58.5,1
IOT_00007298,FAC_04,MCH_96,70.41,5.93,35.6,5.56,59.3,1
IOT_00007299,FAC_05,MCH_85,91.3,4.305,149.5,4.37,86.8,0
IOT_00007300,FAC_05,MCH_65,81.85,5.162,55.1,7.38,70.6,0
IOT_00007301,FAC_04,MCH_38,48.9,5.986,65.5,3.71,78.5,0
IOT_00007302,FAC_05,MCH_12,83.73,2.384,58.4,4.8,63.4,1
IOT_00007303,FAC_03,MCH_91,50.86,3.48,18.5,3.3,55.5,0
IOT_00007304,FAC_02,MCH_93,87.97,5.778,35.7,3.14,76.0,0
IOT_00007305,FAC_03,MCH_30,63.99,2.936,85.1,4.05,106.0,0
IOT_00007306,FAC_02,MCH_54,47.62,2.397,56.0,4.5,55.8,0
IOT_00007307,FAC_05,MCH_36,61.07,1.098,126.8,4.28,66.4,0
IOT_00007308,FAC_01,MCH_53,93.68,5.619,96.3,7.84,107.9,0
IOT_00007309,FAC_03,MCH_88,94.42,5.375,70.9,4.17,60.3,0
IOT_00007310,FAC_02,MCH_38,51.52,0.763,37.9,5.03,82.5,0
IOT_00007311,FAC_03,MCH_55,82.96,1.413,110.7,5.37,61.0,0
IOT_00007312,FAC_04,MCH_57,53.1,1.471,147.9,6.93,68.3,0
IOT_00007313,FAC_01,MCH_59,65.21,5.555,28.9,6.26,101.2,0
IOT_00007314,FAC_01,MCH_36,55.08,3.711,66.4,5.14,61.8,0
IOT_00007315,FAC_02,MCH_31,63.3,0.997,35.2,5.25,84.7,0
IOT_00007316,FAC_01,MCH_54,93.2,4.386,48.8,3.55,62.3,0
IOT_00007317,FAC_04,MCH_12,84.67,4.01,53.9,4.53,66.3,1
IOT_00007318,FAC_02,MCH_70,60.96,3.312,50.1,7.48,96.4,0
IOT_00007319,FAC_04,MCH_71,86.67,2.055,71.2,2.55,91.3,0
IOT_00007320,FAC_05,MCH_27,44.01,4.042,131.0,4.23,67.0,0
IOT_00007321,FAC_03,MCH_38,35.03,4.748,128.6,3.95,85.0,0
IOT_00007322,FAC_01,MCH_48,63.38,5.235,63.3,4.22,103.3,0
IOT_00007323,FAC_04,MCH_13,82.55,6.419,75.4,6.78,103.1,0
IOT_00007324,FAC_03,MCH_99,49.32,5.844,112.3,3.33,58.7,0
IOT_00007325,FAC_04,MCH_44,94.82,0.553,91.4,5.62,60.9,0
IOT_00007326,FAC_01,MCH_75,62.64,6.204,86.9,3.42,57.2,1
IOT_00007327,FAC_05,MCH_51,59.75,3.568,104.4,4.56,97.3,0
IOT_00007328,FAC_02,MCH_79,79.66,1.911,20.6,3.78,91.8,0
IOT_00007329,FAC_04,MCH_87,90.34,1.418,85.5,2.68,100.2,0
IOT_00007330,FAC_02,MCH_26,42.55,6.328,145.1,6.69,82.2,0
IOT_00007331,FAC_04,MCH_12,84.57,6.191,93.5,4.07,76.4,1
IOT_00007332,FAC_01,MCH_84,59.96,0.351,102.9,5.73,79.0,0
IOT_00007333,FAC_01,MCH_23,86.87,1.52,121.0,5.87,101.9,0
IOT_00007334,FAC_01,MCH_24,42.04,0.913,126.6,3.83,57.5,0
IOT_00007335,FAC_01,MCH_25,49.32,3.886,148.6,7.01,97.5,0
IOT_00007336,FAC_02,MCH_89,91.83,3.802,65.9,7.64,79.8,0
IOT_00007337,FAC_05,MCH_75,40.51,0.996,45.2,4.53,65.2,0
IOT_00007338,FAC_05,MCH_12,61.8,1.113,94.9,5.16,60.1,0
IOT_00007339,FAC_03,MCH_87,49.62,6.085,14.8,7.73,61.9,0
IOT_00007340,FAC_04,MCH_80,53.63,5.977,74.1,7.29,76.1,0
IOT_00007341,FAC_04,MCH_15,46.69,0.979,59.0,7.7,80.0,0
IOT_00007342,FAC_02,MCH_99,35.17,0.625,133.2,7.65,62.2,0
IOT_00007343,FAC_05,MCH_71,64.97,2.736,91.7,4.44,65.2,0
IOT_00007344,FAC_02,MCH_52,87.66,6.461,67.0,7.42,67.1,0
IOT_00007345,FAC_04,MCH_78,72.31,3.321,135.9,7.87,94.6,0
IOT_00007346,FAC_05,MCH_50,79.04,6.376,20.6,4.29,99.5,0
IOT_00007347,FAC_04,MCH_21,94.82,2.553,116.7,7.27,66.9,0
IOT_00007348,FAC_05,MCH_88,44.19,5.727,52.0,6.3,106.2,0
IOT_00007349,FAC_05,MCH_36,88.51,5.969,94.7,6.53,87.7,0
IOT_00007350,FAC_05,MCH_54,63.62,6.374,139.4,7.83,79.5,0
IOT_00007351,FAC_03,MCH_96,55.11,3.48,29.7,4.0,70.9,0
IOT_00007352,FAC_02,MCH_68,43.44,0.667,114.9,3.47,85.3,0
IOT_00007353,FAC_05,MCH_36,92.34,5.754,60.4,7.58,80.7,0
IOT_00007354,FAC_03,MCH_10,44.26,6.458,31.2,4.72,78.6,1
IOT_00007355,FAC_01,MCH_45,58.77,6.017,143.0,4.46,107.6,0
IOT_00007356,FAC_02,MCH_30,45.34,2.799,46.1,7.77,66.7,0
IOT_00007357,FAC_05,MCH_63,86.71,2.02,18.8,6.82,64.6,0
IOT_00007358,FAC_01,MCH_23,92.53,5.084,117.5,2.95,71.8,0
IOT_00007359,FAC_03,MCH_89,64.58,5.811,103.3,7.87,101.7,0
IOT_00007360,FAC_01,MCH_59,74.19,5.235,51.2,6.57,88.9,0
IOT_00007361,FAC_04,MCH_77,73.53,0.304,64.6,7.27,67.8,1
IOT_00007362,FAC_03,MCH_92,71.92,0.265,147.7,7.91,64.8,0
IOT_00007363,FAC_01,MCH_60,75.67,4.421,104.1,4.62,75.7,0
IOT_00007364,FAC_02,MCH_61,46.04,5.749,43.0,4.17,78.2,0
IOT_00007365,FAC_02,MCH_25,35.25,3.391,125.9,4.78,84.3,0
IOT_00007366,FAC_05,MCH_71,35.41,3.676,122.0,3.72,87.2,1
IOT_00007367,FAC_04,MCH_81,72.43,3.783,54.3,7.04,63.1,0
IOT_00007368,FAC_01,MCH_67,57.17,2.335,134.5,3.98,62.6,1
IOT_00007369,FAC_04,MCH_90,39.96,6.215,44.5,3.46,98.8,0
IOT_00007370,FAC_05,MCH_93,60.82,5.871,139.9,4.1,87.5,0
IOT_00007371,FAC_04,MCH_10,41.15,1.64,49.8,6.91,58.0,0
IOT_00007372,FAC_01,MCH_20,72.66,6.004,73.2,3.24,89.1,0
IOT_00007373,FAC_02,MCH_83,47.34,5.491,147.4,5.64,109.9,0
IOT_00007374,FAC_04,MCH_92,75.56,1.648,144.6,3.73,94.0,0
IOT_00007375,FAC_05,MCH_56,93.56,3.52,99.0,3.11,96.0,0
IOT_00007376,FAC_05,MCH_55,46.2,1.379,116.5,7.37,89.8,0
IOT_00007377,FAC_04,MCH_90,78.01,6.114,139.6,4.41,95.7,0
IOT_00007378,FAC_02,MCH_20,77.57,3.374,42.4,3.24,77.1,0
IOT_00007379,FAC_05,MCH_13,36.02,3.087,56.3,6.42,101.3,0
IOT_00007380,FAC_02,MCH_10,41.86,5.961,25.1,6.68,88.4,0
IOT_00007381,FAC_02,MCH_27,75.68,1.181,49.3,7.61,91.5,0
IOT_00007382,FAC_03,MCH_28,53.24,3.942,30.2,6.3,71.9,0
IOT_00007383,FAC_03,MCH_67,91.94,2.289,27.7,2.78,81.7,0
IOT_00007384,FAC_05,MCH_44,90.19,4.556,30.0,6.76,68.9,1
IOT_00007385,FAC_04,MCH_68,35.25,5.832,44.7,4.07,79.7,0
IOT_00007386,FAC_02,MCH_99,84.53,3.85,41.2,6.15,91.6,0
IOT_00007387,FAC_03,MCH_66,47.39,5.537,82.8,7.55,71.0,0
IOT_00007388,FAC_03,MCH_47,48.66,5.181,115.2,5.91,79.5,0
IOT_00007389,FAC_03,MCH_85,44.94,1.545,49.6,5.7,99.8,1
IOT_00007390,FAC_03,MCH_14,76.54,1.663,22.0,3.8,91.0,0
IOT_00007391,FAC_01,MCH_51,35.96,6.14,145.7,6.32,99.6,1
IOT_00007392,FAC_01,MCH_89,84.76,4.299,118.6,6.07,58.1,0
IOT_00007393,FAC_04,MCH_34,68.52,3.7,132.1,2.78,84.4,0
IOT_00007394,FAC_02,MCH_17,79.57,1.871,92.9,3.46,97.0,0
IOT_00007395,FAC_01,MCH_90,43.37,1.879,39.5,5.58,89.5,0
IOT_00007396,FAC_01,MCH_71,87.41,0.46,76.0,3.37,75.3,0
IOT_00007397,FAC_04,MCH_34,40.27,0.85,130.3,7.62,103.1,0
IOT_00007398,FAC_05,MCH_49,93.39,1.445,147.5,3.07,100.5,0
IOT_00007399,FAC_03,MCH_92,75.69,2.509,141.1,7.99,78.9,0
IOT_00007400,FAC_05,MCH_42,71.09,2.382,72.7,6.35,107.5,0
IOT_00007401,FAC_05,MCH_57,54.61,4.687,131.6,7.76,59.9,0
IOT_00007402,FAC_05,MCH_40,79.06,1.754,68.7,3.57,96.2,0
IOT_00007403,FAC_05,MCH_41,47.92,6.493,122.4,7.31,64.2,0
IOT_00007404,FAC_02,MCH_17,64.87,0.858,130.1,5.09,58.1,1
IOT_00007405,FAC_02,MCH_38,79.97,1.448,103.6,6.46,70.8,0
IOT_00007406,FAC_03,MCH_48,88.3,0.494,136.7,5.09,82.3,1
IOT_00007407,FAC_04,MCH_97,37.82,0.8,101.6,5.2,61.2,0
IOT_00007408,FAC_04,MCH_68,92.63,3.986,138.3,7.45,66.4,0
IOT_00007409,FAC_03,MCH_38,73.1,4.99,65.4,3.67,60.0,0
IOT_00007410,FAC_03,MCH_79,37.25,4.506,100.0,6.83,73.4,0
IOT_00007411,FAC_03,MCH_48,60.1,5.797,143.6,3.9,66.3,0
IOT_00007412,FAC_04,MCH_74,69.42,3.498,33.1,3.5,101.7,0
IOT_00007413,FAC_05,MCH_74,81.41,3.649,67.7,7.36,79.5,0
IOT_00007414,FAC_04,MCH_72,77.32,4.656,69.7,2.89,93.8,0
IOT_00007415,FAC_01,MCH_97,69.43,2.278,141.8,4.4,91.8,0
IOT_00007416,FAC_04,MCH_21,42.17,2.987,50.8,2.6,69.4,0
IOT_00007417,FAC_05,MCH_79,86.68,5.075,20.5,4.48,85.8,1
IOT_00007418,FAC_03,MCH_39,47.24,1.136,19.8,5.4,67.7,0
IOT_00007419,FAC_02,MCH_89,68.64,3.361,137.4,7.07,83.0,0
IOT_00007420,FAC_01,MCH_95,63.9,5.779,92.2,3.66,65.7,0
IOT_00007421,FAC_02,MCH_13,67.45,6.307,125.4,5.58,82.9,1
IOT_00007422,FAC_03,MCH_71,89.03,5.587,33.7,5.21,81.9,0
IOT_00007423,FAC_04,MCH_10,49.7,2.847,94.6,4.49,57.8,0
IOT_00007424,FAC_04,MCH_16,57.0,6.261,24.7,6.66,70.8,0
IOT_00007425,FAC_01,MCH_23,74.29,5.998,68.7,7.39,109.3,0
IOT_00007426,FAC_05,MCH_85,56.21,3.524,25.8,4.19,96.1,0
IOT_00007427,FAC_01,MCH_75,42.75,2.072,89.7,2.52,57.3,0
IOT_00007428,FAC_01,MCH_21,35.54,3.909,63.3,7.82,105.6,0
IOT_00007429,FAC_02,MCH_68,54.09,3.942,61.2,5.48,66.3,0
IOT_00007430,FAC_05,MCH_38,85.98,3.053,45.8,6.68,83.3,0
IOT_00007431,FAC_02,MCH_65,36.97,1.753,127.5,5.5,105.6,0
IOT_00007432,FAC_05,MCH_97,45.36,3.925,34.5,3.78,89.2,0
IOT_00007433,FAC_02,MCH_76,78.7,2.689,58.3,3.28,76.7,0
IOT_00007434,FAC_05,MCH_84,50.35,4.559,88.4,3.42,104.4,0
IOT_00007435,FAC_04,MCH_20,53.43,0.943,22.3,7.48,71.3,0
IOT_00007436,FAC_04,MCH_51,49.33,4.147,146.8,5.56,83.9,0
IOT_00007437,FAC_03,MCH_43,67.71,2.257,106.4,4.71,67.9,0
IOT_00007438,FAC_05,MCH_82,82.92,1.154,15.5,4.21,74.4,0
IOT_00007439,FAC_05,MCH_45,53.05,4.263,83.1,3.73,100.6,0
IOT_00007440,FAC_02,MCH_37,48.13,4.967,64.9,3.53,96.7,0
IOT_00007441,FAC_04,MCH_25,86.43,6.072,27.9,5.87,57.5,0
IOT_00007442,FAC_01,MCH_13,80.43,6.097,27.4,6.31,63.6,0
IOT_00007443,FAC_05,MCH_34,93.9,2.689,74.0,2.75,65.9,0
IOT_00007444,FAC_04,MCH_67,77.52,2.061,133.3,6.31,107.8,0
IOT_00007445,FAC_01,MCH_30,50.08,3.882,78.0,4.71,99.4,0
IOT_00007446,FAC_01,MCH_53,44.96,4.462,117.3,5.58,70.8,0
IOT_00007447,FAC_03,MCH_81,42.36,2.732,133.1,4.4,79.7,0
IOT_00007448,FAC_03,MCH_77,69.03,2.301,38.4,4.67,76.1,0
IOT_00007449,FAC_02,MCH_42,64.56,3.043,122.6,3.76,86.8,0
IOT_00007450,FAC_01,MCH_71,87.33,0.87,99.0,6.93,86.4,0
IOT_00007451,FAC_04,MCH_54,78.57,6.396,61.0,4.45,109.9,0
IOT_00007452,FAC_02,MCH_35,36.2,2.281,72.9,5.45,93.7,0
IOT_00007453,FAC_01,MCH_79,55.37,0.243,37.6,3.88,83.6,0
IOT_00007454,FAC_04,MCH_91,40.53,0.621,30.0,7.03,61.0,0
IOT_00007455,FAC_01,MCH_38,89.62,1.533,75.4,5.24,73.7,0
IOT_00007456,FAC_01,MCH_23,58.79,5.101,24.8,6.74,60.9,0
IOT_00007457,FAC_05,MCH_48,80.29,2.249,20.0,7.53,78.2,0
IOT_00007458,FAC_04,MCH_97,36.82,5.791,69.5,4.79,107.5,0
IOT_00007459,FAC_03,MCH_54,76.55,2.821,43.9,6.52,102.9,0
IOT_00007460,FAC_02,MCH_28,55.04,2.961,95.3,5.29,61.7,0
IOT_00007461,FAC_03,MCH_71,85.54,4.322,48.3,7.82,102.4,0
IOT_00007462,FAC_04,MCH_17,94.68,2.473,117.7,4.4,81.3,0
IOT_00007463,FAC_02,MCH_17,94.68,5.4,125.6,4.54,55.5,0
IOT_00007464,FAC_01,MCH_60,59.19,6.151,42.6,6.87,82.8,0
IOT_00007465,FAC_01,MCH_76,55.14,4.834,91.6,3.98,96.9,0
IOT_00007466,FAC_01,MCH_81,38.58,2.517,77.9,4.17,108.5,0
IOT_00007467,FAC_05,MCH_40,45.83,1.293,12.1,3.05,67.4,0
IOT_00007468,FAC_05,MCH_68,39.5,2.892,98.1,3.09,72.6,0
IOT_00007469,FAC_03,MCH_32,87.82,3.058,57.7,4.86,64.5,0
IOT_00007470,FAC_01,MCH_49,35.12,3.039,61.1,4.61,108.8,0
IOT_00007471,FAC_02,MCH_49,48.1,1.533,34.1,7.7,56.5,0
IOT_00007472,FAC_03,MCH_17,76.21,1.835,141.8,7.8,99.9,0
IOT_00007473,FAC_02,MCH_60,65.54,1.766,96.5,5.34,109.1,1
IOT_00007474,FAC_01,MCH_36,67.76,5.54,71.2,3.04,81.2,0
IOT_00007475,FAC_03,MCH_39,39.03,6.152,93.6,6.81,107.4,0
IOT_00007476,FAC_01,MCH_50,73.26,0.719,25.2,6.06,105.8,0
IOT_00007477,FAC_02,MCH_87,94.88,1.468,66.0,3.93,108.7,0
IOT_00007478,FAC_04,MCH_12,65.57,3.964,146.6,3.11,60.2,1
IOT_00007479,FAC_04,MCH_96,53.87,2.185,116.6,7.48,68.8,0
IOT_00007480,FAC_01,MCH_70,56.68,6.11,148.9,4.53,68.4,0
IOT_00007481,FAC_05,MCH_25,79.87,4.207,77.0,6.23,78.6,1
IOT_00007482,FAC_02,MCH_95,72.73,2.225,127.7,6.88,71.5,0
IOT_00007483,FAC_02,MCH_70,82.9,4.187,79.6,6.0,101.6,0
IOT_00007484,FAC_03,MCH_16,91.42,2.058,106.1,4.57,81.9,1
IOT_00007485,FAC_03,MCH_25,50.33,4.709,32.0,6.27,73.4,0
IOT_00007486,FAC_05,MCH_35,82.0,6.38,38.9,7.19,107.9,0
IOT_00007487,FAC_01,MCH_33,91.94,1.904,127.2,7.03,75.7,0
IOT_00007488,FAC_03,MCH_32,83.53,4.646,43.3,6.59,90.5,0
IOT_00007489,FAC_01,MCH_95,73.18,0.366,23.4,7.79,86.7,0
IOT_00007490,FAC_03,MCH_94,86.82,5.698,145.5,5.19,59.6,0
IOT_00007491,FAC_01,MCH_72,69.22,1.268,50.6,4.41,62.5,0
IOT_00007492,FAC_01,MCH_42,50.82,6.399,115.0,5.33,69.1,0
IOT_00007493,FAC_03,MCH_80,38.23,2.2,116.7,7.17,59.0,0
IOT_00007494,FAC_03,MCH_67,49.47,4.274,148.3,7.01,83.3,0
IOT_00007495,FAC_02,MCH_95,43.06,4.354,107.3,5.21,70.2,0
IOT_00007496,FAC_01,MCH_38,79.21,3.343,73.3,2.64,80.9,0
IOT_00007497,FAC_02,MCH_50,41.44,5.506,141.7,3.81,89.6,0
IOT_00007498,FAC_03,MCH_78,87.24,2.08,133.2,6.46,76.2,0
IOT_00007499,FAC_04,MCH_29,89.71,5.522,99.9,4.05,83.9,0
IOT_00007500,FAC_01,MCH_73,66.58,4.424,86.5,7.79,57.3,0
IOT_00007501,FAC_01,MCH_50,59.12,5.558,88.9,7.33,55.0,0
IOT_00007502,FAC_04,MCH_73,45.38,6.279,138.5,7.1,107.0,0
IOT_00007503,FAC_02,MCH_89,76.41,1.066,67.2,5.26,100.1,0
IOT_00007504,FAC_01,MCH_67,63.56,1.364,27.1,4.44,61.4,0
IOT_00007505,FAC_05,MCH_69,52.56,3.104,105.3,6.92,90.1,0
IOT_00007506,FAC_03,MCH_63,67.07,5.683,58.5,3.44,62.5,0
IOT_00007507,FAC_04,MCH_39,60.9,2.916,67.9,4.89,84.5,0
IOT_00007508,FAC_04,MCH_83,51.1,0.218,62.1,5.72,63.2,0
IOT_00007509,FAC_01,MCH_88,37.93,4.734,51.6,6.24,61.0,0
IOT_00007510,FAC_02,MCH_95,86.34,2.197,116.6,6.79,72.1,0
IOT_00007511,FAC_04,MCH_87,43.74,4.082,133.6,7.39,62.9,0
IOT_00007512,FAC_02,MCH_85,73.74,1.393,46.1,2.74,67.2,0
IOT_00007513,FAC_05,MCH_81,56.26,1.866,30.8,4.73,71.3,0
IOT_00007514,FAC_02,MCH_76,75.28,5.588,85.9,4.12,71.2,0
IOT_00007515,FAC_01,MCH_51,75.15,3.237,122.3,7.76,104.3,0
IOT_00007516,FAC_04,MCH_82,68.9,5.805,51.9,2.71,107.5,0
IOT_00007517,FAC_01,MCH_60,55.67,2.92,89.2,3.97,81.7,0
IOT_00007518,FAC_01,MCH_89,66.49,6.323,61.3,4.79,103.0,0
IOT_00007519,FAC_02,MCH_60,44.0,2.737,35.2,4.46,76.1,0
IOT_00007520,FAC_05,MCH_37,47.11,5.276,107.8,4.1,74.9,0
IOT_00007521,FAC_03,MCH_13,74.06,5.798,107.1,5.73,90.2,0
IOT_00007522,FAC_03,MCH_37,67.64,2.403,120.2,6.4,87.9,0
IOT_00007523,FAC_05,MCH_55,88.24,4.95,138.9,5.74,104.8,1
IOT_00007524,FAC_02,MCH_66,52.32,5.652,100.1,4.88,57.7,0
IOT_00007525,FAC_05,MCH_43,91.5,1.258,119.9,4.99,103.6,0
IOT_00007526,FAC_05,MCH_95,70.47,1.32,21.5,7.8,78.8,0
IOT_00007527,FAC_02,MCH_48,67.45,1.393,42.4,2.97,58.1,0
IOT_00007528,FAC_04,MCH_33,83.2,3.156,80.8,2.75,87.8,0
IOT_00007529,FAC_05,MCH_39,65.22,0.103,80.9,4.35,97.0,0
IOT_00007530,FAC_01,MCH_68,70.3,4.768,109.9,6.07,96.6,1
IOT_00007531,FAC_05,MCH_99,78.16,0.694,142.3,6.58,85.3,0
IOT_00007532,FAC_01,MCH_30,75.49,6.008,87.9,3.58,86.4,0
IOT_00007533,FAC_05,MCH_94,92.85,5.05,82.8,7.87,100.4,0
IOT_00007534,FAC_05,MCH_54,68.16,5.182,94.2,4.18,100.7,0
IOT_00007535,FAC_05,MCH_64,61.85,1.02,73.6,2.9,106.9,0
IOT_00007536,FAC_05,MCH_82,45.0,3.081,35.5,6.48,91.0,0
IOT_00007537,FAC_02,MCH_76,39.89,1.462,82.9,6.74,101.3,0
IOT_00007538,FAC_05,MCH_21,50.11,5.374,73.4,7.4,85.2,0
IOT_00007539,FAC_05,MCH_17,89.02,5.916,109.8,6.95,102.5,0
IOT_00007540,FAC_01,MCH_91,66.23,4.696,37.3,5.02,64.0,0
IOT_00007541,FAC_02,MCH_19,53.24,6.077,141.3,5.15,61.9,0
IOT_00007542,FAC_01,MCH_14,56.65,0.946,85.9,7.29,92.2,0
IOT_00007543,FAC_05,MCH_38,47.79,2.168,57.7,7.06,94.0,1
IOT_00007544,FAC_02,MCH_59,86.95,4.679,20.7,3.1,88.1,0
IOT_00007545,FAC_05,MCH_45,39.31,4.433,131.9,7.84,97.3,0
IOT_00007546,FAC_03,MCH_32,70.44,0.105,78.9,5.47,104.0,0
IOT_00007547,FAC_05,MCH_31,75.39,3.39,56.3,4.81,68.5,0
IOT_00007548,FAC_02,MCH_82,49.08,3.467,68.5,4.23,61.4,0
IOT_00007549,FAC_02,MCH_59,52.64,0.962,116.6,3.17,88.0,0
IOT_00007550,FAC_01,MCH_61,41.9,3.777,76.8,4.1,67.4,0
IOT_00007551,FAC_01,MCH_69,84.93,1.946,97.4,2.53,79.2,0
IOT_00007552,FAC_05,MCH_38,82.53,5.13,31.3,7.66,63.4,0
IOT_00007553,FAC_02,MCH_36,62.03,3.246,131.4,2.93,100.3,0
IOT_00007554,FAC_01,MCH_77,93.84,3.482,48.2,3.19,75.2,0
IOT_00007555,FAC_01,MCH_80,46.74,5.298,149.7,5.1,60.1,0
IOT_00007556,FAC_01,MCH_14,94.65,0.382,79.4,3.89,61.0,0
IOT_00007557,FAC_03,MCH_31,41.18,1.919,100.9,7.49,98.9,0
IOT_00007558,FAC_01,MCH_42,68.58,2.772,136.8,6.88,99.3,0
IOT_00007559,FAC_05,MCH_94,39.17,5.206,143.6,6.71,65.5,0
IOT_00007560,FAC_03,MCH_83,78.86,1.742,123.9,6.33,99.3,1
IOT_00007561,FAC_03,MCH_76,74.76,6.26,140.7,7.24,101.8,0
IOT_00007562,FAC_02,MCH_89,48.37,1.007,52.7,2.88,106.3,0
IOT_00007563,FAC_01,MCH_63,89.97,1.316,58.3,3.56,90.3,1
IOT_00007564,FAC_02,MCH_37,83.11,5.529,55.7,4.51,102.4,0
IOT_00007565,FAC_05,MCH_74,71.07,0.767,94.4,3.44,109.8,0
IOT_00007566,FAC_05,MCH_68,48.52,1.896,100.4,3.63,84.9,0
IOT_00007567,FAC_04,MCH_22,53.12,5.681,47.5,4.71,109.4,0
IOT_00007568,FAC_01,MCH_40,94.61,5.071,71.9,5.66,88.1,0
IOT_00007569,FAC_02,MCH_25,61.89,2.47,149.3,7.11,64.8,0
IOT_00007570,FAC_01,MCH_80,72.18,3.779,113.6,7.04,94.1,0
IOT_00007571,FAC_03,MCH_86,89.88,1.02,56.6,5.73,100.8,0
IOT_00007572,FAC_01,MCH_28,44.06,0.61,80.5,3.69,57.1,0
IOT_00007573,FAC_04,MCH_67,80.51,0.103,30.5,6.74,64.7,0
IOT_00007574,FAC_01,MCH_71,76.95,0.412,13.8,6.78,93.2,1
IOT_00007575,FAC_04,MCH_14,40.93,6.132,103.6,5.56,100.1,1
IOT_00007576,FAC_05,MCH_43,86.23,5.43,119.6,4.22,90.4,0
IOT_00007577,FAC_02,MCH_10,35.51,5.398,66.4,7.71,62.1,0
IOT_00007578,FAC_02,MCH_86,60.26,4.849,28.6,7.44,62.8,0
IOT_00007579,FAC_04,MCH_40,69.83,2.087,115.2,5.01,70.1,0
IOT_00007580,FAC_01,MCH_65,86.16,4.957,52.4,7.26,109.7,0
IOT_00007581,FAC_03,MCH_54,66.89,1.647,15.0,4.45,76.0,0
IOT_00007582,FAC_05,MCH_92,87.59,1.003,17.0,4.32,69.9,0
IOT_00007583,FAC_03,MCH_65,83.02,2.653,110.7,7.48,90.4,0
IOT_00007584,FAC_03,MCH_60,85.59,4.484,64.5,7.17,58.0,0
IOT_00007585,FAC_03,MCH_28,87.25,3.751,26.3,5.24,68.6,0
IOT_00007586,FAC_01,MCH_96,48.89,0.695,58.3,6.76,105.1,0
IOT_00007587,FAC_02,MCH_63,37.77,2.272,131.7,5.07,59.0,0
IOT_00007588,FAC_02,MCH_47,91.61,5.195,77.1,4.74,79.2,0
IOT_00007589,FAC_01,MCH_28,82.98,2.63,54.7,3.55,91.8,0
IOT_00007590,FAC_05,MCH_42,77.76,1.114,65.9,6.61,67.2,0
IOT_00007591,FAC_01,MCH_85,84.22,1.113,38.6,5.63,108.4,0
IOT_00007592,FAC_02,MCH_80,60.48,6.455,21.5,6.5,96.2,1
IOT_00007593,FAC_03,MCH_48,43.76,1.048,125.1,5.97,70.1,1
IOT_00007594,FAC_01,MCH_72,46.6,1.961,84.5,7.84,97.9,0
IOT_00007595,FAC_04,MCH_66,81.22,4.771,137.5,4.88,80.0,0
IOT_00007596,FAC_02,MCH_56,50.77,6.416,33.6,2.95,83.3,0
IOT_00007597,FAC_02,MCH_53,69.68,0.988,33.1,7.55,107.0,0
IOT_00007598,FAC_03,MCH_17,83.67,6.059,79.9,3.96,81.7,0
IOT_00007599,FAC_02,MCH_48,67.01,3.449,22.6,4.69,63.7,0
IOT_00007600,FAC_02,MCH_19,42.0,2.563,111.4,4.44,65.9,0
IOT_00007601,FAC_01,MCH_47,57.49,3.831,17.5,4.68,68.2,0
IOT_00007602,FAC_05,MCH_30,76.71,3.603,73.8,2.74,66.0,0
IOT_00007603,FAC_03,MCH_90,46.58,5.545,56.2,6.69,57.4,0
IOT_00007604,FAC_02,MCH_92,89.57,2.745,146.1,4.63,104.9,1
IOT_00007605,FAC_04,MCH_37,87.72,1.642,125.9,2.85,109.2,0
IOT_00007606,FAC_04,MCH_98,61.92,4.709,51.6,7.17,95.5,0
IOT_00007607,FAC_02,MCH_64,72.89,1.351,39.1,4.35,74.7,0
IOT_00007608,FAC_03,MCH_97,71.83,3.284,28.5,5.47,89.3,0
IOT_00007609,FAC_03,MCH_26,83.68,6.346,127.1,7.56,84.9,0
IOT_00007610,FAC_04,MCH_62,84.29,2.884,95.3,6.84,97.8,0
IOT_00007611,FAC_03,MCH_88,72.86,0.336,54.0,7.01,67.4,0
IOT_00007612,FAC_04,MCH_32,85.34,1.202,22.0,4.88,91.5,0
IOT_00007613,FAC_03,MCH_73,86.28,0.603,33.3,6.11,76.5,1
IOT_00007614,FAC_05,MCH_41,48.9,0.111,149.3,4.12,99.1,0
IOT_00007615,FAC_04,MCH_20,89.16,1.541,71.3,4.05,104.1,0
IOT_00007616,FAC_05,MCH_89,67.28,2.988,124.4,2.78,79.7,0
IOT_00007617,FAC_05,MCH_35,67.0,6.449,85.3,7.28,77.6,0
IOT_00007618,FAC_01,MCH_18,72.82,2.595,134.2,6.7,87.9,0
IOT_00007619,FAC_03,MCH_27,64.82,2.616,36.1,6.68,58.0,0
IOT_00007620,FAC_04,MCH_62,73.83,1.203,73.4,4.28,95.6,0
IOT_00007621,FAC_04,MCH_19,85.02,5.721,136.4,5.84,59.7,0
IOT_00007622,FAC_04,MCH_17,83.38,1.868,111.5,2.77,55.6,0
IOT_00007623,FAC_05,MCH_66,40.02,3.352,42.8,5.63,61.5,0
IOT_00007624,FAC_03,MCH_70,47.09,3.324,136.6,6.82,70.2,0
IOT_00007625,FAC_04,MCH_52,59.68,0.416,24.0,7.16,109.1,0
IOT_00007626,FAC_04,MCH_99,69.79,0.213,31.5,2.55,87.0,0
IOT_00007627,FAC_05,MCH_65,59.79,4.742,131.7,4.36,95.5,0
IOT_00007628,FAC_05,MCH_41,84.24,5.711,56.0,7.75,74.6,0
IOT_00007629,FAC_05,MCH_42,82.06,6.349,26.4,5.36,76.5,0
IOT_00007630,FAC_02,MCH_65,35.7,4.987,97.7,4.51,55.4,0
IOT_00007631,FAC_01,MCH_36,62.78,3.753,23.6,5.97,100.9,1
IOT_00007632,FAC_05,MCH_61,86.76,0.489,75.3,7.24,73.4,0
IOT_00007633,FAC_03,MCH_35,63.94,4.422,37.7,6.01,66.6,0
IOT_00007634,FAC_03,MCH_60,83.9,2.779,142.8,4.29,73.1,0
IOT_00007635,FAC_04,MCH_79,40.86,4.591,65.6,6.24,84.9,0
IOT_00007636,FAC_04,MCH_67,88.57,1.218,17.7,4.86,90.3,0
IOT_00007637,FAC_01,MCH_23,76.81,0.216,59.8,5.17,72.5,0
IOT_00007638,FAC_05,MCH_93,44.48,4.012,105.3,6.46,81.6,0
IOT_00007639,FAC_04,MCH_98,80.21,5.838,50.4,7.0,100.4,0
IOT_00007640,FAC_05,MCH_39,56.81,2.814,50.8,4.26,64.0,0
IOT_00007641,FAC_03,MCH_45,55.61,4.27,79.0,5.1,82.9,0
IOT_00007642,FAC_05,MCH_88,64.81,2.892,93.5,5.27,83.3,0
IOT_00007643,FAC_04,MCH_30,61.84,6.211,139.5,7.42,99.8,0
IOT_00007644,FAC_02,MCH_17,38.66,3.937,134.2,6.36,98.4,0
IOT_00007645,FAC_04,MCH_30,77.78,3.447,80.8,6.41,70.5,0
IOT_00007646,FAC_04,MCH_82,59.05,5.277,103.1,7.16,75.5,0
IOT_00007647,FAC_02,MCH_23,83.51,1.389,116.8,2.84,63.1,0
IOT_00007648,FAC_03,MCH_12,92.48,5.381,74.9,3.47,96.9,1
IOT_00007649,FAC_03,MCH_43,66.29,5.416,87.1,5.45,102.4,0
IOT_00007650,FAC_01,MCH_59,81.58,2.953,138.6,4.9,89.5,0
IOT_00007651,FAC_03,MCH_47,57.48,3.954,24.8,2.97,85.9,0
IOT_00007652,FAC_05,MCH_49,66.69,4.293,143.1,7.33,107.2,0
IOT_00007653,FAC_05,MCH_24,63.8,6.398,94.8,3.93,107.8,0
IOT_00007654,FAC_02,MCH_19,91.29,1.311,146.7,5.01,65.6,0
IOT_00007655,FAC_02,MCH_44,64.64,1.464,48.9,2.77,103.5,0
IOT_00007656,FAC_03,MCH_12,69.37,1.48,147.5,3.0,96.4,0
IOT_00007657,FAC_02,MCH_58,55.17,4.022,84.8,4.18,67.3,0
IOT_00007658,FAC_04,MCH_15,62.31,5.998,65.4,4.65,84.5,0
IOT_00007659,FAC_02,MCH_52,86.51,4.449,40.3,7.4,85.1,0
IOT_00007660,FAC_03,MCH_12,79.02,4.626,103.8,4.69,91.3,0
IOT_00007661,FAC_03,MCH_68,74.83,2.875,15.9,6.05,72.6,1
IOT_00007662,FAC_03,MCH_94,77.76,3.676,99.4,5.17,79.2,0
IOT_00007663,FAC_03,MCH_12,53.06,0.535,33.2,3.18,98.7,0
IOT_00007664,FAC_05,MCH_65,56.71,6.495,21.0,6.97,107.3,0
IOT_00007665,FAC_03,MCH_36,73.67,5.863,68.6,2.53,104.5,0
IOT_00007666,FAC_05,MCH_37,80.89,3.052,132.9,4.87,80.2,0
IOT_00007667,FAC_04,MCH_31,43.27,3.665,47.4,3.97,56.3,0
IOT_00007668,FAC_04,MCH_54,37.63,3.214,124.9,5.57,63.5,0
IOT_00007669,FAC_01,MCH_25,44.74,3.091,77.6,7.59,102.5,0
IOT_00007670,FAC_01,MCH_42,35.94,4.581,45.3,3.14,107.5,0
IOT_00007671,FAC_03,MCH_52,46.78,1.271,14.4,6.27,86.1,1
IOT_00007672,FAC_03,MCH_74,81.81,0.637,26.7,7.44,103.1,0
IOT_00007673,FAC_05,MCH_36,57.94,0.2,26.9,5.89,63.2,0
IOT_00007674,FAC_05,MCH_86,84.54,5.88,73.9,3.08,95.5,1
IOT_00007675,FAC_05,MCH_68,72.91,4.162,111.3,7.98,99.2,0
IOT_00007676,FAC_04,MCH_67,66.54,1.629,20.3,7.85,67.4,0
IOT_00007677,FAC_02,MCH_36,61.35,1.765,121.1,2.79,73.3,0
IOT_00007678,FAC_04,MCH_92,48.09,0.911,142.4,6.47,59.8,0
IOT_00007679,FAC_04,MCH_66,75.1,2.022,51.8,5.24,93.9,0
IOT_00007680,FAC_02,MCH_17,53.68,5.271,22.2,6.58,63.4,0
IOT_00007681,FAC_02,MCH_30,76.97,5.009,115.3,3.28,102.5,0
IOT_00007682,FAC_04,MCH_99,51.43,5.684,83.8,6.48,103.9,1
IOT_00007683,FAC_02,MCH_31,58.7,2.212,95.0,6.81,90.5,0
IOT_00007684,FAC_05,MCH_13,91.21,2.866,68.0,6.76,79.8,0
IOT_00007685,FAC_01,MCH_44,75.58,2.903,70.1,5.04,106.4,0
IOT_00007686,FAC_05,MCH_44,79.62,2.179,76.7,3.5,65.6,0
IOT_00007687,FAC_05,MCH_23,38.72,4.427,39.4,5.87,99.7,0
IOT_00007688,FAC_02,MCH_72,63.34,6.015,118.1,2.7,81.3,0
IOT_00007689,FAC_04,MCH_90,80.66,4.887,91.8,4.22,73.3,0
IOT_00007690,FAC_03,MCH_97,81.67,1.722,75.2,3.41,98.4,0
IOT_00007691,FAC_03,MCH_60,43.81,1.818,127.9,5.35,70.4,0
IOT_00007692,FAC_04,MCH_26,47.49,0.301,98.9,7.19,56.7,0
IOT_00007693,FAC_04,MCH_81,52.12,5.911,137.5,6.04,89.0,0
IOT_00007694,FAC_01,MCH_57,61.25,4.487,69.0,7.75,62.6,0
IOT_00007695,FAC_02,MCH_62,47.23,2.542,127.2,5.1,67.5,0
IOT_00007696,FAC_02,MCH_43,60.41,5.21,130.2,7.63,91.6,0
IOT_00007697,FAC_02,MCH_22,39.92,3.083,150.0,7.52,62.7,0
IOT_00007698,FAC_03,MCH_23,78.85,4.044,26.0,4.39,97.5,0
IOT_00007699,FAC_03,MCH_93,82.54,3.315,76.3,2.83,69.3,0
IOT_00007700,FAC_01,MCH_90,62.63,2.849,26.7,6.49,90.4,0
IOT_00007701,FAC_02,MCH_19,64.65,1.464,75.9,4.43,96.3,0
IOT_00007702,FAC_02,MCH_15,83.01,1.442,57.8,3.22,109.9,0
IOT_00007703,FAC_05,MCH_35,89.59,5.421,57.1,4.08,69.9,0
IOT_00007704,FAC_04,MCH_35,47.75,5.28,15.0,5.47,74.3,0
IOT_00007705,FAC_04,MCH_27,61.04,3.563,51.1,4.55,107.8,0
IOT_00007706,FAC_04,MCH_36,57.93,3.501,29.1,3.25,61.3,0
IOT_00007707,FAC_03,MCH_55,74.99,4.167,12.7,3.59,70.5,0
IOT_00007708,FAC_03,MCH_49,85.32,1.125,84.6,2.66,83.7,0
IOT_00007709,FAC_01,MCH_30,36.89,5.368,119.1,6.31,75.1,0
IOT_00007710,FAC_04,MCH_63,43.91,1.212,108.2,3.25,70.5,0
IOT_00007711,FAC_03,MCH_99,42.05,3.896,23.1,6.21,59.8,0
IOT_00007712,FAC_04,MCH_90,42.5,1.551,64.3,8.0,105.8,0
IOT_00007713,FAC_02,MCH_65,91.79,2.51,142.4,7.69,78.0,0
IOT_00007714,FAC_03,MCH_83,38.32,4.776,111.7,6.3,62.2,0
IOT_00007715,FAC_01,MCH_84,61.39,6.105,95.0,5.62,74.7,0
IOT_00007716,FAC_03,MCH_38,91.21,4.509,139.7,7.13,92.9,0
IOT_00007717,FAC_01,MCH_32,52.33,5.318,27.1,4.44,102.5,0
IOT_00007718,FAC_04,MCH_15,79.84,0.584,26.4,3.8,75.0,0
IOT_00007719,FAC_03,MCH_92,93.24,2.331,129.6,4.15,100.0,0
IOT_00007720,FAC_03,MCH_55,69.21,5.562,16.4,6.34,81.3,0
IOT_00007721,FAC_04,MCH_17,69.59,5.047,86.2,3.34,56.5,0
IOT_00007722,FAC_03,MCH_97,91.2,3.562,94.7,6.98,81.4,0
IOT_00007723,FAC_02,MCH_58,39.37,4.778,91.7,4.98,70.1,0
IOT_00007724,FAC_02,MCH_97,46.91,5.644,136.4,5.98,100.9,0
IOT_00007725,FAC_04,MCH_51,51.76,1.209,16.7,6.15,55.4,0
IOT_00007726,FAC_04,MCH_43,80.16,3.577,118.0,4.94,56.0,0
IOT_00007727,FAC_05,MCH_41,92.13,2.234,85.4,7.84,106.7,0
IOT_00007728,FAC_02,MCH_80,54.38,4.039,73.7,5.23,77.8,1
IOT_00007729,FAC_01,MCH_49,74.54,2.031,30.8,7.24,58.5,0
IOT_00007730,FAC_01,MCH_25,38.86,4.485,124.0,3.14,62.3,0
IOT_00007731,FAC_05,MCH_99,68.54,0.512,123.9,2.55,76.3,0
IOT_00007732,FAC_02,MCH_85,50.7,0.998,56.2,7.04,87.9,0
IOT_00007733,FAC_04,MCH_92,53.95,0.182,100.9,3.45,66.6,0
IOT_00007734,FAC_04,MCH_74,77.33,1.399,94.2,7.6,61.1,0
IOT_00007735,FAC_04,MCH_57,35.5,6.101,25.4,5.19,72.1,1
IOT_00007736,FAC_05,MCH_23,55.51,1.268,63.0,6.66,60.0,0
IOT_00007737,FAC_04,MCH_97,69.6,0.141,112.1,6.54,73.0,0
IOT_00007738,FAC_01,MCH_83,94.73,3.202,113.4,3.26,85.0,0
IOT_00007739,FAC_01,MCH_89,42.39,2.59,89.2,4.65,77.6,0
IOT_00007740,FAC_05,MCH_39,56.69,5.829,41.2,5.84,91.3,0
IOT_00007741,FAC_04,MCH_25,90.24,4.324,89.7,3.68,88.4,0
IOT_00007742,FAC_01,MCH_22,75.61,0.129,115.8,4.81,58.0,0
IOT_00007743,FAC_02,MCH_23,47.94,5.183,27.9,4.4,103.1,0
IOT_00007744,FAC_01,MCH_87,75.35,3.353,74.0,6.48,88.5,1
IOT_00007745,FAC_04,MCH_29,74.83,6.363,70.2,5.51,87.4,0
IOT_00007746,FAC_03,MCH_88,80.33,5.224,114.5,4.84,102.6,0
IOT_00007747,FAC_01,MCH_55,91.93,5.108,33.3,4.45,57.6,0
IOT_00007748,FAC_01,MCH_28,48.73,6.196,64.8,3.59,73.8,0
IOT_00007749,FAC_03,MCH_32,78.28,4.242,18.2,4.29,66.4,0
IOT_00007750,FAC_04,MCH_89,82.54,0.247,132.5,3.43,101.3,0
IOT_00007751,FAC_04,MCH_71,63.84,1.123,48.8,6.77,77.4,0
IOT_00007752,FAC_05,MCH_35,61.62,2.599,86.3,3.05,95.7,1
IOT_00007753,FAC_02,MCH_83,66.61,0.841,35.8,7.89,57.4,1
IOT_00007754,FAC_05,MCH_26,37.27,2.971,38.4,2.72,72.5,0
IOT_00007755,FAC_03,MCH_34,59.77,4.993,146.6,3.41,67.4,0
IOT_00007756,FAC_01,MCH_59,37.18,4.57,73.6,6.39,84.1,0
IOT_00007757,FAC_02,MCH_33,61.93,3.625,106.8,7.84,61.3,0
IOT_00007758,FAC_03,MCH_47,85.0,2.78,41.5,3.32,57.0,0
IOT_00007759,FAC_01,MCH_27,36.27,2.037,51.4,3.16,66.6,0
IOT_00007760,FAC_01,MCH_80,94.12,1.718,121.0,4.87,89.4,0
IOT_00007761,FAC_03,MCH_13,80.13,0.945,77.0,7.57,85.7,0
IOT_00007762,FAC_01,MCH_60,71.3,2.809,76.4,2.58,82.2,0
IOT_00007763,FAC_01,MCH_37,63.24,5.534,26.9,7.66,107.3,0
IOT_00007764,FAC_04,MCH_62,75.54,3.369,42.3,2.64,60.0,0
IOT_00007765,FAC_03,MCH_74,67.88,1.688,93.5,4.46,91.9,0
IOT_00007766,FAC_05,MCH_13,75.48,5.08,39.9,4.33,69.3,0
IOT_00007767,FAC_05,MCH_66,92.32,4.255,22.0,5.06,73.9,0
IOT_00007768,FAC_02,MCH_23,45.49,4.791,87.6,7.34,77.9,0
IOT_00007769,FAC_05,MCH_62,39.02,2.861,125.0,6.87,91.7,0
IOT_00007770,FAC_04,MCH_67,55.32,3.78,134.6,5.61,62.0,0
IOT_00007771,FAC_02,MCH_34,45.06,0.51,32.7,3.04,87.4,0
IOT_00007772,FAC_02,MCH_24,74.02,0.45,34.6,5.45,99.9,0
IOT_00007773,FAC_05,MCH_16,75.0,2.012,90.4,6.9,85.6,1
IOT_00007774,FAC_05,MCH_75,44.74,1.749,31.7,3.47,55.5,0
IOT_00007775,FAC_04,MCH_93,92.7,4.994,114.0,3.47,75.1,0
IOT_00007776,FAC_04,MCH_89,35.13,1.882,37.8,7.79,75.4,0
IOT_00007777,FAC_04,MCH_96,79.8,2.229,98.6,4.01,100.4,0
IOT_00007778,FAC_04,MCH_55,67.25,2.74,84.9,7.07,79.2,0
IOT_00007779,FAC_03,MCH_88,90.68,6.035,72.4,4.55,97.9,0
IOT_00007780,FAC_02,MCH_75,83.21,2.603,103.8,7.59,103.5,0
IOT_00007781,FAC_01,MCH_56,76.77,4.66,23.0,7.52,66.8,0
IOT_00007782,FAC_01,MCH_32,50.38,2.984,122.5,3.32,69.7,0
IOT_00007783,FAC_04,MCH_30,35.69,0.894,81.7,6.82,60.7,0
IOT_00007784,FAC_05,MCH_97,52.65,2.099,87.2,5.42,73.0,0
IOT_00007785,FAC_02,MCH_71,71.55,6.482,14.3,6.34,78.6,0
IOT_00007786,FAC_02,MCH_61,76.34,1.172,145.8,6.2,78.6,1
IOT_00007787,FAC_04,MCH_76,90.75,4.239,26.9,7.15,71.5,0
IOT_00007788,FAC_01,MCH_79,81.86,3.869,65.2,5.14,98.5,0
IOT_00007789,FAC_03,MCH_30,53.02,1.377,145.0,2.98,76.5,0
IOT_00007790,FAC_03,MCH_90,53.95,4.699,87.8,4.58,61.0,0
IOT_00007791,FAC_02,MCH_16,76.28,1.629,86.2,4.69,70.6,1
IOT_00007792,FAC_02,MCH_87,46.87,1.109,145.3,6.32,72.2,0
IOT_00007793,FAC_05,MCH_20,86.44,2.297,71.5,3.47,82.9,0
IOT_00007794,FAC_05,MCH_59,78.72,3.004,31.9,6.73,63.0,0
IOT_00007795,FAC_04,MCH_47,92.89,2.75,125.6,4.03,66.4,0
IOT_00007796,FAC_04,MCH_69,65.73,3.4,122.6,6.21,82.7,0
IOT_00007797,FAC_03,MCH_93,63.18,5.789,80.6,5.27,75.1,0
IOT_00007798,FAC_05,MCH_81,60.82,2.996,135.8,7.96,88.8,0
IOT_00007799,FAC_02,MCH_94,35.14,1.006,46.5,5.99,92.7,0
IOT_00007800,FAC_05,MCH_71,90.25,4.623,109.2,2.59,63.7,0
IOT_00007801,FAC_02,MCH_55,81.3,4.307,147.5,4.55,103.8,0
IOT_00007802,FAC_01,MCH_10,80.19,2.37,69.3,4.77,78.8,0
IOT_00007803,FAC_02,MCH_43,88.3,2.605,76.9,2.54,104.0,0
IOT_00007804,FAC_02,MCH_36,84.38,4.261,131.8,4.5,86.7,0
IOT_00007805,FAC_01,MCH_90,81.99,2.017,22.9,2.98,63.1,0
IOT_00007806,FAC_02,MCH_36,55.29,1.237,45.4,6.98,83.0,0
IOT_00007807,FAC_03,MCH_36,40.93,0.178,100.0,6.33,99.7,0
IOT_00007808,FAC_02,MCH_28,67.8,5.638,144.6,6.19,106.6,0
IOT_00007809,FAC_01,MCH_22,46.98,3.079,51.5,4.88,92.8,0
IOT_00007810,FAC_01,MCH_38,70.84,2.932,87.3,7.06,91.2,0
IOT_00007811,FAC_05,MCH_72,65.94,0.455,12.7,2.9,65.4,0
IOT_00007812,FAC_01,MCH_47,55.86,0.264,134.6,7.58,108.3,1
IOT_00007813,FAC_05,MCH_42,64.45,5.003,93.6,3.11,79.5,0
IOT_00007814,FAC_05,MCH_86,75.09,1.081,112.2,2.68,68.4,0
IOT_00007815,FAC_02,MCH_98,75.6,3.593,92.4,4.33,99.6,1
IOT_00007816,FAC_03,MCH_93,39.57,3.579,29.8,5.64,106.0,1
IOT_00007817,FAC_05,MCH_40,82.67,6.479,78.4,6.19,56.2,0
IOT_00007818,FAC_02,MCH_92,37.72,6.451,93.1,3.47,66.3,0
IOT_00007819,FAC_03,MCH_92,68.49,3.295,131.5,7.41,83.1,0
IOT_00007820,FAC_03,MCH_65,62.46,4.076,79.4,4.41,69.6,0
IOT_00007821,FAC_04,MCH_59,42.03,5.33,81.7,4.31,99.2,0
IOT_00007822,FAC_02,MCH_95,74.53,6.39,108.5,7.48,57.4,0
IOT_00007823,FAC_03,MCH_88,69.6,1.733,112.8,7.31,73.0,0
IOT_00007824,FAC_03,MCH_55,75.31,5.647,44.0,6.37,95.7,0
IOT_00007825,FAC_02,MCH_87,42.3,2.815,117.2,6.33,61.4,0
IOT_00007826,FAC_05,MCH_68,43.71,3.856,63.9,4.4,106.9,0
IOT_00007827,FAC_02,MCH_41,39.78,0.385,40.1,5.34,89.0,0
IOT_00007828,FAC_03,MCH_47,41.64,1.55,98.5,7.63,64.8,0
IOT_00007829,FAC_01,MCH_33,63.57,5.446,70.1,2.72,55.9,0
IOT_00007830,FAC_05,MCH_78,89.74,5.243,144.0,3.09,81.9,0
IOT_00007831,FAC_05,MCH_75,44.43,0.281,113.4,6.32,61.6,0
IOT_00007832,FAC_04,MCH_25,55.18,4.235,84.5,3.03,91.8,1
IOT_00007833,FAC_02,MCH_27,70.42,3.532,29.9,2.97,68.2,0
IOT_00007834,FAC_03,MCH_71,84.68,4.222,86.7,4.79,55.5,0
IOT_00007835,FAC_04,MCH_52,40.06,5.603,73.1,5.09,77.8,0
IOT_00007836,FAC_01,MCH_61,77.17,5.684,62.9,6.57,65.3,0
IOT_00007837,FAC_03,MCH_64,85.61,6.109,21.9,6.67,58.8,0
IOT_00007838,FAC_04,MCH_23,65.46,2.775,28.8,4.64,104.1,0
IOT_00007839,FAC_05,MCH_62,38.29,4.596,14.8,2.86,63.9,0
IOT_00007840,FAC_04,MCH_14,48.9,0.983,27.8,6.43,78.7,0
IOT_00007841,FAC_01,MCH_15,42.6,4.678,70.0,3.85,108.7,0
IOT_00007842,FAC_05,MCH_55,43.82,0.714,91.8,6.69,74.5,0
IOT_00007843,FAC_02,MCH_94,83.1,5.201,50.2,4.71,81.9,0
IOT_00007844,FAC_03,MCH_97,72.44,0.276,127.7,3.7,87.1,0
IOT_00007845,FAC_02,MCH_38,36.76,1.946,68.6,3.23,58.5,0
IOT_00007846,FAC_03,MCH_91,50.26,5.422,72.6,4.55,85.3,0
IOT_00007847,FAC_01,MCH_71,65.79,4.374,24.3,5.88,76.6,0
IOT_00007848,FAC_05,MCH_23,94.12,2.78,17.1,2.52,87.1,0
IOT_00007849,FAC_02,MCH_19,42.95,6.184,82.2,6.01,98.0,0
IOT_00007850,FAC_01,MCH_28,39.79,6.155,137.2,2.63,69.4,0
IOT_00007851,FAC_05,MCH_60,41.07,2.24,38.1,6.77,101.7,0
IOT_00007852,FAC_03,MCH_12,71.65,3.099,37.8,5.97,107.9,1
IOT_00007853,FAC_01,MCH_37,92.99,1.103,18.3,6.21,58.7,0
IOT_00007854,FAC_04,MCH_31,49.23,6.319,30.2,5.13,63.6,0
IOT_00007855,FAC_02,MCH_36,72.62,2.057,69.4,3.79,71.8,1
IOT_00007856,FAC_02,MCH_43,79.61,2.474,15.2,5.68,74.1,1
IOT_00007857,FAC_01,MCH_48,40.37,4.409,101.1,4.94,86.4,0
IOT_00007858,FAC_03,MCH_17,49.57,0.586,45.5,7.02,74.0,0
IOT_00007859,FAC_04,MCH_98,47.17,1.419,82.0,4.11,89.7,0
IOT_00007860,FAC_01,MCH_56,58.12,2.029,123.3,7.41,77.8,0
IOT_00007861,FAC_03,MCH_27,52.59,4.305,148.1,5.22,65.6,0
IOT_00007862,FAC_01,MCH_92,67.48,5.601,74.8,6.47,57.5,0
IOT_00007863,FAC_03,MCH_49,46.07,2.409,148.3,6.64,73.6,0
IOT_00007864,FAC_03,MCH_82,50.98,0.906,36.1,6.83,75.3,0
IOT_00007865,FAC_04,MCH_97,93.44,5.27,68.7,7.61,77.9,0
IOT_00007866,FAC_05,MCH_27,48.2,3.411,92.9,3.49,98.7,0
IOT_00007867,FAC_05,MCH_18,74.15,6.023,75.3,3.17,84.2,0
IOT_00007868,FAC_03,MCH_36,50.38,3.207,62.4,3.24,95.8,0
IOT_00007869,FAC_04,MCH_43,48.5,6.342,12.3,3.91,78.7,0
IOT_00007870,FAC_05,MCH_50,89.81,2.071,126.5,3.7,59.1,0
IOT_00007871,FAC_03,MCH_46,40.01,6.026,83.0,5.94,99.3,0
IOT_00007872,FAC_02,MCH_90,86.73,5.542,139.4,7.5,104.7,0
IOT_00007873,FAC_01,MCH_16,67.46,1.346,91.8,2.54,109.4,0
IOT_00007874,FAC_02,MCH_93,59.59,2.182,90.3,6.06,73.3,0
IOT_00007875,FAC_01,MCH_72,57.23,3.616,31.1,6.97,59.3,0
IOT_00007876,FAC_04,MCH_79,72.83,0.232,111.2,7.33,65.5,0
IOT_00007877,FAC_01,MCH_16,42.6,0.405,57.1,4.49,109.4,0
IOT_00007878,FAC_05,MCH_74,91.97,2.044,134.7,4.41,81.6,0
IOT_00007879,FAC_04,MCH_42,86.26,3.974,85.7,3.96,68.8,1
IOT_00007880,FAC_03,MCH_74,84.38,0.885,70.5,7.75,107.6,0
IOT_00007881,FAC_02,MCH_30,60.1,0.907,46.5,6.55,87.2,0
IOT_00007882,FAC_03,MCH_95,84.79,1.25,131.4,3.37,62.5,0
IOT_00007883,FAC_03,MCH_47,44.1,2.827,97.1,5.69,81.0,0
IOT_00007884,FAC_04,MCH_99,75.84,2.218,96.8,4.27,93.3,0
IOT_00007885,FAC_02,MCH_42,88.82,1.695,120.9,5.97,86.7,0
IOT_00007886,FAC_02,MCH_12,61.18,1.45,87.3,3.67,69.5,0
IOT_00007887,FAC_02,MCH_47,58.86,1.717,118.6,7.26,109.8,0
IOT_00007888,FAC_02,MCH_45,54.14,4.585,144.0,4.75,85.7,0
IOT_00007889,FAC_05,MCH_88,60.88,0.184,127.6,5.94,92.6,0
IOT_00007890,FAC_05,MCH_55,42.78,6.455,55.3,5.26,70.9,0
IOT_00007891,FAC_01,MCH_97,35.04,3.08,34.6,7.33,104.4,0
IOT_00007892,FAC_01,MCH_20,62.94,5.383,19.5,5.39,66.3,0
IOT_00007893,FAC_04,MCH_75,61.35,4.044,65.1,3.43,107.2,0
IOT_00007894,FAC_05,MCH_84,84.17,0.181,82.5,4.71,62.8,0
IOT_00007895,FAC_02,MCH_77,68.83,6.396,68.5,5.21,105.2,0
IOT_00007896,FAC_01,MCH_45,52.46,3.118,56.0,7.86,85.8,0
IOT_00007897,FAC_05,MCH_72,37.86,3.704,139.6,6.55,101.1,0
IOT_00007898,FAC_02,MCH_67,52.42,2.505,147.0,7.23,85.4,0
IOT_00007899,FAC_03,MCH_75,68.25,3.777,72.0,5.92,71.3,0
IOT_00007900,FAC_04,MCH_99,44.93,4.794,88.3,6.1,105.0,0
IOT_00007901,FAC_03,MCH_91,77.72,4.737,45.5,7.79,88.5,0
IOT_00007902,FAC_02,MCH_74,70.52,1.69,140.1,6.51,86.7,0
IOT_00007903,FAC_02,MCH_45,46.6,2.23,59.1,5.82,70.2,0
IOT_00007904,FAC_01,MCH_95,78.05,4.341,45.5,5.59,60.6,1
IOT_00007905,FAC_02,MCH_69,81.27,4.051,114.0,5.01,88.6,0
IOT_00007906,FAC_02,MCH_39,62.15,5.847,16.7,7.96,80.9,0
IOT_00007907,FAC_03,MCH_66,57.07,0.331,134.6,6.82,80.5,0
IOT_00007908,FAC_01,MCH_49,73.58,0.538,29.3,2.73,99.3,1
IOT_00007909,FAC_01,MCH_50,69.25,4.784,149.0,2.54,63.5,0
IOT_00007910,FAC_01,MCH_25,59.22,5.663,12.8,3.88,94.7,1
IOT_00007911,FAC_05,MCH_73,51.14,6.373,150.0,7.99,87.8,0
IOT_00007912,FAC_05,MCH_80,68.84,4.118,69.8,6.03,92.8,0
IOT_00007913,FAC_02,MCH_83,51.47,2.42,137.8,7.39,73.4,0
IOT_00007914,FAC_03,MCH_66,59.59,4.258,121.3,7.24,108.1,0
IOT_00007915,FAC_02,MCH_85,88.06,3.095,111.2,2.86,90.0,0
IOT_00007916,FAC_03,MCH_96,81.32,5.186,134.3,5.54,81.8,0
IOT_00007917,FAC_01,MCH_82,38.74,0.3,37.7,2.76,99.3,0
IOT_00007918,FAC_02,MCH_98,46.55,5.404,81.8,7.67,62.5,0
IOT_00007919,FAC_04,MCH_21,91.22,0.419,124.2,7.39,84.7,1
IOT_00007920,FAC_03,MCH_45,64.03,1.721,49.2,7.79,84.3,0
IOT_00007921,FAC_02,MCH_66,62.27,1.892,69.4,4.57,93.5,0
IOT_00007922,FAC_03,MCH_44,47.15,5.842,141.0,4.03,75.9,0
IOT_00007923,FAC_01,MCH_35,44.88,4.496,104.2,2.88,57.0,0
IOT_00007924,FAC_03,MCH_62,92.5,0.906,72.7,6.73,84.1,0
IOT_00007925,FAC_04,MCH_69,69.32,1.364,61.1,7.93,86.8,0
IOT_00007926,FAC_05,MCH_66,82.3,2.863,105.8,6.02,75.2,0
IOT_00007927,FAC_01,MCH_25,72.97,3.701,113.6,3.4,97.6,0
IOT_00007928,FAC_05,MCH_36,57.47,1.101,20.7,5.04,77.8,0
IOT_00007929,FAC_02,MCH_69,37.02,3.421,107.7,7.15,101.7,0
IOT_00007930,FAC_03,MCH_77,64.89,1.392,99.9,2.98,91.0,0
IOT_00007931,FAC_01,MCH_64,35.26,5.488,30.5,4.47,82.8,0
IOT_00007932,FAC_03,MCH_89,86.83,2.499,39.0,4.91,71.6,0
IOT_00007933,FAC_03,MCH_58,75.69,3.651,114.3,6.23,71.6,1
IOT_00007934,FAC_02,MCH_62,88.86,1.158,63.9,3.02,108.7,0
IOT_00007935,FAC_02,MCH_86,41.34,2.814,72.2,3.63,81.5,0
IOT_00007936,FAC_05,MCH_10,46.29,5.77,31.0,7.93,99.1,0
IOT_00007937,FAC_04,MCH_30,36.12,2.575,124.1,5.34,56.7,1
IOT_00007938,FAC_03,MCH_42,56.32,4.424,18.7,3.98,103.3,0
IOT_00007939,FAC_03,MCH_11,84.48,4.64,68.9,6.27,73.8,0
IOT_00007940,FAC_05,MCH_98,47.43,0.235,105.1,7.66,83.5,0
IOT_00007941,FAC_03,MCH_67,59.51,2.723,116.7,7.02,87.0,0
IOT_00007942,FAC_04,MCH_95,37.72,3.647,81.6,4.37,101.6,0
IOT_00007943,FAC_03,MCH_26,80.79,1.75,68.2,4.29,107.8,0
IOT_00007944,FAC_04,MCH_59,66.08,4.259,40.1,6.53,82.8,0
IOT_00007945,FAC_03,MCH_56,54.28,2.93,131.1,6.62,107.8,0
IOT_00007946,FAC_02,MCH_77,56.89,5.169,15.1,3.36,105.5,0
IOT_00007947,FAC_03,MCH_58,49.67,2.053,13.7,5.35,60.9,1
IOT_00007948,FAC_04,MCH_33,44.23,1.779,34.6,7.39,58.7,0
IOT_00007949,FAC_05,MCH_77,41.86,3.219,143.5,7.23,58.9,0
IOT_00007950,FAC_02,MCH_50,89.47,0.756,41.8,6.64,61.2,1
IOT_00007951,FAC_03,MCH_19,72.12,6.01,40.7,5.61,62.4,0
IOT_00007952,FAC_02,MCH_72,93.1,3.92,125.0,3.0,100.1,0
IOT_00007953,FAC_04,MCH_77,66.26,0.234,12.1,6.38,99.4,0
IOT_00007954,FAC_02,MCH_56,75.82,4.998,47.5,2.7,72.7,1
IOT_00007955,FAC_03,MCH_23,36.06,4.099,146.9,4.71,65.0,0
IOT_00007956,FAC_05,MCH_61,80.18,6.151,108.4,5.1,83.8,0
IOT_00007957,FAC_02,MCH_40,69.41,5.548,115.4,5.21,97.2,0
IOT_00007958,FAC_03,MCH_50,41.79,2.328,91.5,6.21,78.0,0
IOT_00007959,FAC_04,MCH_21,66.53,0.912,17.8,7.5,104.7,0
IOT_00007960,FAC_01,MCH_74,89.06,1.271,123.7,2.58,103.8,1
IOT_00007961,FAC_03,MCH_61,45.11,3.95,35.7,6.33,77.3,0
IOT_00007962,FAC_03,MCH_32,81.31,3.531,74.2,6.98,81.4,1
IOT_00007963,FAC_01,MCH_57,80.79,2.004,55.6,5.2,69.8,1
IOT_00007964,FAC_05,MCH_13,44.15,3.525,102.3,7.97,93.7,0
IOT_00007965,FAC_05,MCH_41,55.74,4.844,52.1,5.12,57.2,0
IOT_00007966,FAC_05,MCH_36,81.31,6.219,140.5,4.42,69.2,0
IOT_00007967,FAC_03,MCH_29,43.29,3.436,134.5,6.37,64.6,0
IOT_00007968,FAC_04,MCH_22,53.0,0.499,16.9,2.55,63.1,1
IOT_00007969,FAC_04,MCH_61,37.25,1.805,98.2,5.29,92.8,0
IOT_00007970,FAC_01,MCH_74,77.42,4.883,86.3,6.67,79.1,0
IOT_00007971,FAC_03,MCH_62,86.76,0.359,13.2,5.99,105.8,0
IOT_00007972,FAC_01,MCH_32,61.48,1.09,92.5,3.1,105.4,0
IOT_00007973,FAC_04,MCH_13,50.85,4.047,18.9,3.11,79.7,0
IOT_00007974,FAC_01,MCH_96,81.63,4.156,32.4,7.97,79.1,1
IOT_00007975,FAC_03,MCH_30,90.51,1.332,128.9,5.34,90.9,0
IOT_00007976,FAC_04,MCH_48,36.52,5.54,28.8,4.83,56.0,0
IOT_00007977,FAC_02,MCH_28,36.49,3.153,133.1,4.41,65.6,0
IOT_00007978,FAC_04,MCH_71,53.71,1.756,83.3,3.27,85.3,0
IOT_00007979,FAC_02,MCH_22,50.91,2.17,134.8,3.44,72.2,0
IOT_00007980,FAC_01,MCH_27,58.42,4.974,100.6,7.65,64.2,0
IOT_00007981,FAC_03,MCH_15,59.56,0.117,30.1,3.72,85.9,1
IOT_00007982,FAC_05,MCH_99,88.32,5.79,41.4,6.92,69.3,0
IOT_00007983,FAC_05,MCH_82,42.7,4.727,19.6,5.63,91.6,1
IOT_00007984,FAC_04,MCH_53,74.41,2.645,140.3,3.52,107.6,1
IOT_00007985,FAC_04,MCH_41,78.43,2.073,51.6,5.47,86.1,0
IOT_00007986,FAC_02,MCH_11,82.77,2.993,130.9,7.3,90.2,0
IOT_00007987,FAC_05,MCH_18,79.51,0.634,138.4,6.83,82.7,0
IOT_00007988,FAC_04,MCH_50,44.26,1.078,127.0,5.14,71.3,0
IOT_00007989,FAC_04,MCH_35,69.1,3.245,79.4,3.88,95.6,1
IOT_00007990,FAC_04,MCH_93,68.81,0.776,136.2,3.48,64.5,0
IOT_00007991,FAC_01,MCH_99,54.27,1.186,63.7,7.42,75.2,0
IOT_00007992,FAC_02,MCH_30,72.31,3.268,120.1,2.76,94.9,0
IOT_00007993,FAC_03,MCH_91,56.92,5.235,107.4,5.14,108.9,0
IOT_00007994,FAC_01,MCH_22,89.58,2.377,111.6,4.62,61.7,0
IOT_00007995,FAC_03,MCH_44,85.82,0.417,77.4,6.77,73.8,0
IOT_00007996,FAC_03,MCH_41,90.33,1.591,84.1,5.31,61.4,0
IOT_00007997,FAC_05,MCH_22,73.06,3.844,121.6,3.8,62.3,0
IOT_00007998,FAC_03,MCH_84,49.2,1.995,149.8,3.66,90.4,0
IOT_00007999,FAC_05,MCH_18,51.35,1.208,149.3,5.9,82.2,0
IOT_00008000,FAC_02,MCH_46,74.57,5.715,121.2,3.91,99.0,0