transaction_id,user_id,amount,merchant_category,country_code,risk_score,is_foreign_transaction,is_fraud
TXN_00000001,USR_027022,42.66,GAMING,GB,0.383,1,0
TXN_00000002,USR_012301,379.36,GAMING,IN,0.531,1,0
TXN_00000003,USR_045928,318.53,CRYPTO,SG,0.838,1,0
TXN_00000004,USR_027169,5.54,RETAIL,AU,0.942,1,1
TXN_00000005,USR_043834,195.03,ELECTRONICS,FR,0.688,1,0
TXN_00000006,USR_029162,100.52,RESTAURANT,US,0.019,0,0
TXN_00000007,USR_001790,58.27,RESTAURANT,GB,0.13,1,0
TXN_00000008,USR_035257,70.37,GROCERY,SG,0.059,1,0
TXN_00000009,USR_005376,8.34,AIRLINE,AU,0.96,1,1
TXN_00000010,USR_011657,33.73,RESTAURANT,AU,0.82,1,0
TXN_00000011,USR_004404,97.33,RESTAURANT,SG,0.39,1,0
TXN_00000012,USR_031707,71.58,ELECTRONICS,AU,0.37,1,0
TXN_00000013,USR_003681,124.99,GAMING,US,0.252,0,0
TXN_00000014,USR_026292,84.5,RESTAURANT,SG,0.436,1,0
TXN_00000015,USR_001640,15.54,CRYPTO,DE,0.091,1,0
TXN_00000016,USR_004275,31.47,GAMING,GB,0.28,1,0
TXN_00000017,USR_017308,99.78,RETAIL,CA,0.928,1,1
TXN_00000018,USR_040209,24.2,AIRLINE,JP,0.37,1,0
TXN_00000019,USR_049353,179.36,CRYPTO,GB,0.15,1,0
TXN_00000020,USR_049200,7.72,ELECTRONICS,SG,0.553,1,0
TXN_00000021,USR_011405,73.47,RETAIL,BR,0.656,1,0
TXN_00000022,USR_042658,33.56,HOTEL,US,0.04,0,0
TXN_00000023,USR_036199,394.65,HOTEL,IN,0.482,1,0
TXN_00000024,USR_010621,98.84,GAMING,GB,0.367,1,0
TXN_00000025,USR_014236,168.12,HOTEL,US,0.84,0,0
TXN_00000026,USR_008565,434.28,ELECTRONICS,JP,0.541,1,0
TXN_00000027,USR_004917,39.05,CRYPTO,IN,0.624,1,0
TXN_00000028,USR_030549,237.26,GAMING,IN,0.622,1,0
TXN_00000029,USR_038002,31.55,CRYPTO,FR,0.789,1,0
TXN_00000030,USR_040510,50.02,CRYPTO,SG,0.092,1,0
TXN_00000031,USR_048098,110.72,GAMING,DE,0.334,1,0
TXN_00000032,USR_047977,160.58,AIRLINE,IN,0.974,1,1
TXN_00000033,USR_013499,169.03,CRYPTO,DE,0.37,1,0
TXN_00000034,USR_013073,100.96,GAMING,JP,0.968,1,1
TXN_00000035,USR_044288,58.65,AIRLINE,GB,0.922,1,1
TXN_00000036,USR_006925,184.68,GAMING,US,0.15,0,0
TXN_00000037,USR_036661,352.09,GAMING,IN,0.916,1,1
TXN_00000038,USR_019554,29.52,RESTAURANT,DE,0.532,1,0
TXN_00000039,USR_024159,295.89,ELECTRONICS,CA,0.642,1,0
TXN_00000040,USR_049740,42.41,GAMING,AU,0.955,1,1
TXN_00000041,USR_033078,155.43,AIRLINE,JP,0.408,1,0
TXN_00000042,USR_033748,91.69,AIRLINE,FR,0.801,1,0
TXN_00000043,USR_017962,79.82,HOTEL,BR,0.151,1,0
TXN_00000044,USR_025801,145.94,CRYPTO,DE,0.905,1,1
TXN_00000045,USR_010919,187.89,HOTEL,DE,0.655,1,0
TXN_00000046,USR_044437,33.74,ELECTRONICS,AU,0.245,1,0
TXN_00000047,USR_047665,30.76,GROCERY,AU,0.983,1,1
TXN_00000048,USR_046155,145.04,CRYPTO,FR,0.24,1,0
TXN_00000049,USR_001893,331.6,CRYPTO,JP,0.093,1,0
TXN_00000050,USR_033225,67.19,GROCERY,JP,0.179,1,0
TXN_00000051,USR_007431,266.48,RETAIL,CA,0.877,1,1
TXN_00000052,USR_047994,24.54,CRYPTO,FR,0.425,1,0
TXN_00000053,USR_016260,64.25,GAMING,AU,0.797,1,0
TXN_00000054,USR_029348,78.52,AIRLINE,JP,0.162,1,0
TXN_00000055,USR_042516,90.85,GAMING,DE,0.609,1,0
TXN_00000056,USR_043380,58.03,ELECTRONICS,BR,0.796,1,0
TXN_00000057,USR_022498,77.52,ELECTRONICS,GB,0.774,1,0
TXN_00000058,USR_012188,43.46,RESTAURANT,SG,0.139,1,0
TXN_00000059,USR_001913,80.72,RESTAURANT,JP,0.665,1,0
TXN_00000060,USR_036966,61.83,RESTAURANT,DE,0.429,1,0
TXN_00000061,USR_008251,263.07,ELECTRONICS,JP,0.11,1,0
TXN_00000062,USR_028219,119.75,RETAIL,AU,0.51,1,0
TXN_00000063,USR_035061,53.67,ELECTRONICS,BR,0.103,1,0
TXN_00000064,USR_010587,81.76,AIRLINE,IN,0.24,1,0
TXN_00000065,USR_041776,42.47,AIRLINE,DE,0.731,1,0
TXN_00000066,USR_009267,30.29,GROCERY,BR,0.268,1,0
TXN_00000067,USR_034790,343.33,GROCERY,BR,0.098,1,0
TXN_00000068,USR_036865,367.86,RESTAURANT,BR,0.544,1,0
TXN_00000069,USR_033123,202.04,CRYPTO,DE,0.9,1,1
TXN_00000070,USR_033132,72.49,ELECTRONICS,IN,0.328,1,0
TXN_00000071,USR_025621,106.24,RETAIL,BR,0.049,1,0
TXN_00000072,USR_048732,162.61,RESTAURANT,BR,0.746,1,0
TXN_00000073,USR_047717,7.77,AIRLINE,DE,0.703,1,0
TXN_00000074,USR_010840,117.81,CRYPTO,FR,0.608,1,0
TXN_00000075,USR_023888,157.42,CRYPTO,SG,0.133,1,0
TXN_00000076,USR_007073,148.95,ELECTRONICS,US,0.764,0,0
TXN_00000077,USR_024710,97.78,ELECTRONICS,GB,0.023,1,0
TXN_00000078,USR_018177,188.54,RESTAURANT,CA,0.51,1,0
TXN_00000079,USR_014351,15.9,RETAIL,BR,0.176,1,0
TXN_00000080,USR_027973,59.08,RESTAURANT,IN,0.961,1,1
TXN_00000081,USR_027068,6.27,HOTEL,BR,0.323,1,0
TXN_00000082,USR_024980,21.16,CRYPTO,US,0.095,0,0
TXN_00000083,USR_026643,136.86,CRYPTO,BR,0.521,1,0
TXN_00000084,USR_002998,40.09,RESTAURANT,US,0.532,0,0
TXN_00000085,USR_037708,55.2,CRYPTO,BR,0.203,1,0
TXN_00000086,USR_010106,159.16,GROCERY,GB,0.654,1,0
TXN_00000087,USR_029919,15.64,CRYPTO,AU,0.474,1,0
TXN_00000088,USR_034431,48.13,RESTAURANT,IN,0.094,1,0
TXN_00000089,USR_049390,109.79,AIRLINE,BR,0.24,1,0
TXN_00000090,USR_004664,137.72,AIRLINE,GB,0.917,1,1
TXN_00000091,USR_033694,47.22,CRYPTO,BR,0.411,1,0
TXN_00000092,USR_010080,93.89,AIRLINE,US,0.358,0,0
TXN_00000093,USR_027730,38.84,HOTEL,AU,0.811,1,0
TXN_00000094,USR_002673,128.42,GAMING,BR,0.561,1,0
TXN_00000095,USR_006516,165.65,HOTEL,JP,0.085,1,0
TXN_00000096,USR_042935,95.3,ELECTRONICS,US,0.833,0,0
TXN_00000097,USR_002041,24.06,GROCERY,BR,0.603,1,0
TXN_00000098,USR_009667,65.51,GROCERY,SG,0.63,1,0
TXN_00000099,USR_026043,80.81,GROCERY,AU,0.409,1,0
TXN_00000100,USR_012206,32.64,ELECTRONICS,US,0.136,0,0
TXN_00000101,USR_037428,105.46,GROCERY,JP,0.985,1,1
TXN_00000102,USR_046594,25.61,AIRLINE,IN,0.728,1,0
TXN_00000103,USR_005100,129.34,ELECTRONICS,CA,0.051,1,0
TXN_00000104,USR_006644,50.71,ELECTRONICS,BR,0.143,1,0
TXN_00000105,USR_009406,29.66,CRYPTO,AU,0.33,1,0
TXN_00000106,USR_042220,94.61,RETAIL,SG,0.989,1,1
TXN_00000107,USR_022975,48.5,RESTAURANT,DE,0.041,1,0
TXN_00000108,USR_020623,281.5,RESTAURANT,CA,0.635,1,0
TXN_00000109,USR_041996,66.54,RETAIL,JP,0.985,1,1
TXN_00000110,USR_044044,93.66,AIRLINE,US,0.621,0,0
TXN_00000111,USR_037623,468.67,RESTAURANT,IN,0.568,1,0
TXN_00000112,USR_009030,18.57,GROCERY,US,0.351,0,0
TXN_00000113,USR_027298,145.5,AIRLINE,AU,0.082,1,0
TXN_00000114,USR_008578,371.47,RESTAURANT,US,0.887,0,1
TXN_00000115,USR_015126,15.1,GROCERY,IN,0.823,1,0
TXN_00000116,USR_044184,148.48,GROCERY,CA,0.595,1,0
TXN_00000117,USR_023800,136.18,CRYPTO,JP,0.093,1,0
TXN_00000118,USR_024370,320.47,HOTEL,CA,0.606,1,0
TXN_00000119,USR_024986,16.59,CRYPTO,DE,0.529,1,0
TXN_00000120,USR_040090,107.96,GROCERY,DE,0.156,1,0
TXN_00000121,USR_008287,79.84,RESTAURANT,DE,0.254,1,0
TXN_00000122,USR_032173,110.35,ELECTRONICS,AU,0.04,1,0
TXN_00000123,USR_014133,102.52,ELECTRONICS,JP,0.193,1,0
TXN_00000124,USR_049621,187.51,GROCERY,CA,0.637,1,0
TXN_00000125,USR_046606,420.64,GAMING,US,0.339,0,0
TXN_00000126,USR_045932,283.57,GROCERY,FR,0.448,1,0
TXN_00000127,USR_013342,21.45,ELECTRONICS,IN,0.593,1,0
TXN_00000128,USR_032916,84.76,CRYPTO,BR,0.104,1,0
TXN_00000129,USR_021671,87.67,RETAIL,AU,0.367,1,1
TXN_00000130,USR_015708,128.74,GAMING,FR,0.897,1,1
TXN_00000131,USR_035714,7.43,RESTAURANT,FR,0.433,1,0
TXN_00000132,USR_022688,78.06,GAMING,JP,0.936,1,1
TXN_00000133,USR_009123,126.11,AIRLINE,JP,0.073,1,0
TXN_00000134,USR_009136,17.78,AIRLINE,DE,0.226,1,0
TXN_00000135,USR_017272,40.35,CRYPTO,US,0.768,0,0
TXN_00000136,USR_025400,36.09,RETAIL,FR,0.537,1,0
TXN_00000137,USR_038215,83.12,GROCERY,SG,0.65,1,0
TXN_00000138,USR_015295,90.84,RETAIL,BR,0.769,1,0
TXN_00000139,USR_032106,168.52,CRYPTO,SG,0.965,1,1
TXN_00000140,USR_036954,81.98,HOTEL,IN,0.4,1,0
TXN_00000141,USR_048910,28.64,HOTEL,SG,0.279,1,0
TXN_00000142,USR_038550,35.89,RETAIL,CA,0.781,1,0
TXN_00000143,USR_022930,125.27,GROCERY,AU,0.684,1,0
TXN_00000144,USR_016440,106.12,HOTEL,JP,0.874,1,1
TXN_00000145,USR_032465,108.19,RETAIL,FR,0.824,1,0
TXN_00000146,USR_031946,78.65,AIRLINE,DE,0.776,1,0
TXN_00000147,USR_002513,91.84,RETAIL,FR,0.62,1,0
TXN_00000148,USR_015310,62.27,GAMING,FR,0.484,1,0
TXN_00000149,USR_048510,16.18,RESTAURANT,US,0.285,0,0
TXN_00000150,USR_004174,14.95,AIRLINE,AU,0.786,1,0
TXN_00000151,USR_004226,30.89,AIRLINE,JP,0.488,1,0
TXN_00000152,USR_035101,189.33,CRYPTO,CA,0.507,1,0
TXN_00000153,USR_011350,23.53,CRYPTO,BR,0.534,1,0
TXN_00000154,USR_001596,124.77,RETAIL,JP,0.317,1,0
TXN_00000155,USR_022265,8.53,RETAIL,BR,0.965,1,1
TXN_00000156,USR_046077,162.03,RESTAURANT,US,0.385,0,0
TXN_00000157,USR_004030,62.14,CRYPTO,FR,0.521,1,0
TXN_00000158,USR_021078,52.05,RESTAURANT,AU,0.208,1,0
TXN_00000159,USR_038351,115.88,GAMING,CA,0.878,1,1
TXN_00000160,USR_006245,93.65,RESTAURANT,CA,0.585,1,0
TXN_00000161,USR_008537,57.49,GROCERY,JP,0.033,1,0
TXN_00000162,USR_015829,144.41,CRYPTO,US,0.703,0,0
TXN_00000163,USR_007424,9.98,AIRLINE,CA,0.814,1,0
TXN_00000164,USR_043150,235.78,CRYPTO,AU,0.568,1,0
TXN_00000165,USR_047900,44.62,RESTAURANT,JP,0.776,1,0
TXN_00000166,USR_029029,198.25,GROCERY,BR,0.446,1,0
TXN_00000167,USR_007333,418.3,RETAIL,DE,0.89,1,1
TXN_00000168,USR_019954,20.95,RESTAURANT,IN,0.284,1,0
TXN_00000169,USR_004954,116.56,GROCERY,BR,0.121,1,0
TXN_00000170,USR_004452,21.57,RESTAURANT,SG,0.516,1,0
TXN_00000171,USR_022815,123.83,HOTEL,SG,0.892,1,1
TXN_00000172,USR_047281,11.66,HOTEL,CA,0.192,1,0
TXN_00000173,USR_013431,45.38,RETAIL,CA,0.119,1,0
TXN_00000174,USR_034852,161.19,GAMING,DE,0.361,1,0
TXN_00000175,USR_013217,22.39,RESTAURANT,GB,0.081,1,0
TXN_00000176,USR_045003,44.07,GAMING,SG,0.22,1,0
TXN_00000177,USR_039813,238.53,AIRLINE,JP,0.018,1,0
TXN_00000178,USR_015881,106.67,GAMING,JP,0.039,1,0
TXN_00000179,USR_045472,38.21,HOTEL,SG,0.408,1,0
TXN_00000180,USR_014722,27.04,GROCERY,AU,0.073,1,0
TXN_00000181,USR_008210,110.38,AIRLINE,DE,0.381,1,0
TXN_00000182,USR_038707,21.8,RESTAURANT,FR,0.024,1,0
TXN_00000183,USR_017245,136.83,GAMING,AU,0.52,1,0
TXN_00000184,USR_027943,99.61,RESTAURANT,GB,0.918,1,1
TXN_00000185,USR_030805,82.91,RETAIL,GB,0.404,1,0
TXN_00000186,USR_014602,109.8,GROCERY,FR,0.688,1,0
TXN_00000187,USR_014490,22.85,CRYPTO,FR,0.046,1,0
TXN_00000188,USR_031258,82.39,AIRLINE,BR,0.046,1,0
TXN_00000189,USR_023181,44.56,HOTEL,SG,0.885,1,1
TXN_00000190,USR_022208,105.75,HOTEL,BR,0.678,1,0
TXN_00000191,USR_008010,260.93,CRYPTO,JP,0.806,1,0
TXN_00000192,USR_017566,174.76,HOTEL,US,0.62,0,0
TXN_00000193,USR_047788,41.28,GAMING,US,0.398,0,0
TXN_00000194,USR_021242,29.32,AIRLINE,US,0.15,0,0
TXN_00000195,USR_032866,25.48,AIRLINE,SG,0.278,1,0
TXN_00000196,USR_036128,294.18,RETAIL,FR,0.977,1,1
TXN_00000197,USR_029089,81.45,ELECTRONICS,JP,0.612,1,0
TXN_00000198,USR_021247,31.52,GROCERY,AU,0.306,1,0
TXN_00000199,USR_023227,193.63,ELECTRONICS,SG,0.735,1,0
TXN_00000200,USR_006356,6.61,ELECTRONICS,JP,0.507,1,0
TXN_00000201,USR_041734,87.43,CRYPTO,FR,0.587,1,0
TXN_00000202,USR_001446,28.44,RESTAURANT,CA,0.462,1,0
TXN_00000203,USR_027966,43.63,RESTAURANT,SG,0.784,1,0
TXN_00000204,USR_002488,307.09,GAMING,CA,0.668,1,0
TXN_00000205,USR_011119,175.9,RETAIL,CA,0.919,1,1
TXN_00000206,USR_009432,58.33,RESTAURANT,CA,0.942,1,1
TXN_00000207,USR_044412,139.47,RETAIL,SG,0.387,1,0
TXN_00000208,USR_031510,65.25,GAMING,US,0.237,0,0
TXN_00000209,USR_034184,7.37,RESTAURANT,US,0.611,0,0
TXN_00000210,USR_038922,37.09,AIRLINE,AU,0.893,1,1
TXN_00000211,USR_001423,175.19,AIRLINE,SG,0.227,1,0
TXN_00000212,USR_002471,162.65,HOTEL,GB,0.622,1,0
TXN_00000213,USR_030695,123.42,RESTAURANT,SG,0.961,1,1
TXN_00000214,USR_004481,90.28,RESTAURANT,CA,0.9,1,1
TXN_00000215,USR_034183,134.51,AIRLINE,GB,0.405,1,0
TXN_00000216,USR_034383,85.76,GAMING,CA,0.832,1,0
TXN_00000217,USR_030191,145.71,ELECTRONICS,SG,0.537,1,0
TXN_00000218,USR_046542,141.49,GAMING,CA,0.185,1,0
TXN_00000219,USR_008962,81.45,CRYPTO,IN,0.836,1,0
TXN_00000220,USR_039452,108.69,RESTAURANT,IN,0.189,1,0
TXN_00000221,USR_042621,16.11,RESTAURANT,FR,0.591,1,0
TXN_00000222,USR_016424,148.08,RETAIL,DE,0.301,1,0
TXN_00000223,USR_003287,13.81,RETAIL,JP,0.71,1,0
TXN_00000224,USR_021010,98.09,RESTAURANT,AU,0.037,1,0
TXN_00000225,USR_037801,17.87,RESTAURANT,AU,0.11,1,0
TXN_00000226,USR_008337,95.63,HOTEL,IN,0.762,1,0
TXN_00000227,USR_029629,31.83,GROCERY,AU,0.979,1,1
TXN_00000228,USR_007322,14.67,AIRLINE,US,0.844,0,0
TXN_00000229,USR_021674,96.26,ELECTRONICS,FR,0.182,1,0
TXN_00000230,USR_005849,71.98,RETAIL,SG,0.492,1,1
TXN_00000231,USR_017232,105.12,CRYPTO,GB,0.963,1,1
TXN_00000232,USR_043788,61.81,RESTAURANT,BR,0.209,1,1
TXN_00000233,USR_005078,14.72,GAMING,DE,0.95,1,1
TXN_00000234,USR_048609,6.59,GAMING,JP,0.631,1,0
TXN_00000235,USR_016690,348.04,RETAIL,AU,0.166,1,0
TXN_00000236,USR_033234,119.41,CRYPTO,GB,0.599,1,0
TXN_00000237,USR_046427,46.4,RESTAURANT,JP,0.274,1,0
TXN_00000238,USR_014277,123.69,ELECTRONICS,IN,0.965,1,1
TXN_00000239,USR_019106,81.38,RESTAURANT,IN,0.68,1,0
TXN_00000240,USR_040552,56.36,HOTEL,CA,0.629,1,0
TXN_00000241,USR_018284,7.43,RETAIL,DE,0.068,1,0
TXN_00000242,USR_044621,60.82,GROCERY,FR,0.261,1,0
TXN_00000243,USR_042873,25.89,CRYPTO,IN,0.931,1,1
TXN_00000244,USR_038568,39.23,AIRLINE,BR,0.329,1,0
TXN_00000245,USR_037945,26.42,CRYPTO,IN,0.164,1,0
TXN_00000246,USR_035465,33.78,RETAIL,JP,0.703,1,0
TXN_00000247,USR_003243,87.73,AIRLINE,JP,0.356,1,0
TXN_00000248,USR_046012,22.73,AIRLINE,IN,0.474,1,0
TXN_00000249,USR_004347,9.78,RETAIL,BR,0.646,1,0
TXN_00000250,USR_048812,63.68,AIRLINE,GB,0.103,1,0
TXN_00000251,USR_009814,70.37,ELECTRONICS,CA,0.846,1,0
TXN_00000252,USR_021704,27.28,GAMING,DE,0.826,1,0
TXN_00000253,USR_024318,219.89,HOTEL,JP,0.032,1,0
TXN_00000254,USR_003582,26.57,HOTEL,IN,0.132,1,0
TXN_00000255,USR_030064,145.19,AIRLINE,DE,0.773,1,0
TXN_00000256,USR_038838,19.2,AIRLINE,CA,0.151,1,1
TXN_00000257,USR_040458,75.69,RETAIL,FR,0.849,1,0
TXN_00000258,USR_036594,20.34,RESTAURANT,SG,0.071,1,0
TXN_00000259,USR_024118,34.53,GAMING,JP,0.306,1,0
TXN_00000260,USR_010735,52.85,RETAIL,DE,0.466,1,0
TXN_00000261,USR_024464,573.39,GAMING,US,0.965,0,1
TXN_00000262,USR_007932,261.97,RESTAURANT,GB,0.621,1,0
TXN_00000263,USR_040099,70.15,GROCERY,SG,0.334,1,0
TXN_00000264,USR_017521,51.98,RESTAURANT,DE,0.904,1,1
TXN_00000265,USR_037546,17.57,AIRLINE,JP,0.124,1,0
TXN_00000266,USR_028097,92.99,ELECTRONICS,SG,0.155,1,0
TXN_00000267,USR_047709,60.05,CRYPTO,AU,0.775,1,0
TXN_00000268,USR_010796,17.65,HOTEL,CA,0.028,1,0
TXN_00000269,USR_030933,79.83,AIRLINE,GB,0.092,1,0
TXN_00000270,USR_031937,109.62,ELECTRONICS,AU,0.551,1,0
TXN_00000271,USR_006301,47.04,GAMING,DE,0.069,1,0
TXN_00000272,USR_049343,196.22,AIRLINE,BR,0.451,1,0
TXN_00000273,USR_018319,36.04,CRYPTO,IN,0.296,1,0
TXN_00000274,USR_044573,59.83,RETAIL,GB,0.483,1,0
TXN_00000275,USR_038695,22.8,CRYPTO,AU,0.106,1,0
TXN_00000276,USR_023383,36.91,CRYPTO,US,0.93,0,1
TXN_00000277,USR_049256,54.4,AIRLINE,GB,0.453,1,0
TXN_00000278,USR_003573,133.03,GAMING,BR,0.231,1,0
TXN_00000279,USR_043291,56.49,AIRLINE,JP,0.175,1,0
TXN_00000280,USR_026713,78.16,RETAIL,CA,0.036,1,0
TXN_00000281,USR_005246,13.39,GAMING,JP,0.853,1,1
TXN_00000282,USR_035479,20.46,RESTAURANT,AU,0.889,1,1
TXN_00000283,USR_040657,39.19,GAMING,DE,0.423,1,0
TXN_00000284,USR_014318,72.95,GAMING,SG,0.286,1,0
TXN_00000285,USR_029098,246.66,ELECTRONICS,BR,0.344,1,0
TXN_00000286,USR_006324,103.61,CRYPTO,DE,0.643,1,0
TXN_00000287,USR_037942,156.94,RETAIL,SG,0.871,1,1
TXN_00000288,USR_036563,136.21,CRYPTO,US,0.528,0,0
TXN_00000289,USR_009606,42.64,RETAIL,AU,0.353,1,0
TXN_00000290,USR_013088,58.26,RETAIL,IN,0.511,1,0
TXN_00000291,USR_036393,5.81,GAMING,DE,0.343,1,0
TXN_00000292,USR_010701,93.76,HOTEL,DE,0.403,1,0
TXN_00000293,USR_021419,186.52,CRYPTO,US,0.35,0,0
TXN_00000294,USR_026237,51.11,RETAIL,SG,0.014,1,0
TXN_00000295,USR_021540,166.78,RETAIL,CA,0.35,1,0
TXN_00000296,USR_040327,43.0,RESTAURANT,US,0.092,0,0
TXN_00000297,USR_045383,92.88,RETAIL,US,0.823,0,0
TXN_00000298,USR_047240,33.54,ELECTRONICS,DE,0.053,1,0
TXN_00000299,USR_048073,17.2,HOTEL,BR,0.92,1,1
TXN_00000300,USR_039522,35.33,CRYPTO,JP,0.98,1,1
TXN_00000301,USR_030576,134.36,GROCERY,JP,0.455,1,1
TXN_00000302,USR_030549,13.91,HOTEL,GB,0.265,1,0
TXN_00000303,USR_048975,90.58,GAMING,IN,0.132,1,0
TXN_00000304,USR_048519,145.37,AIRLINE,GB,0.216,1,0
TXN_00000305,USR_001145,23.68,GROCERY,JP,0.858,1,1
TXN_00000306,USR_048006,220.7,AIRLINE,GB,0.914,1,1
TXN_00000307,USR_007427,21.31,HOTEL,CA,0.553,1,0
TXN_00000308,USR_039753,120.11,ELECTRONICS,CA,0.303,1,0
TXN_00000309,USR_035758,124.64,RESTAURANT,GB,0.419,1,0
TXN_00000310,USR_016128,240.74,RESTAURANT,JP,0.389,1,0
TXN_00000311,USR_009424,77.45,GAMING,CA,0.31,1,0
TXN_00000312,USR_041136,17.57,AIRLINE,JP,0.574,1,0
TXN_00000313,USR_040738,32.72,RESTAURANT,US,0.653,0,0
TXN_00000314,USR_045707,181.19,GAMING,AU,0.969,1,1
TXN_00000315,USR_043489,9.8,HOTEL,GB,0.968,1,1
TXN_00000316,USR_048918,22.76,RETAIL,IN,0.225,1,0
TXN_00000317,USR_009679,167.72,CRYPTO,JP,0.111,1,0
TXN_00000318,USR_047236,72.96,GAMING,SG,0.363,1,0
TXN_00000319,USR_013062,27.47,RESTAURANT,JP,0.2,1,0
TXN_00000320,USR_017251,164.41,ELECTRONICS,JP,0.866,1,1
TXN_00000321,USR_006583,151.62,ELECTRONICS,DE,0.465,1,0
TXN_00000322,USR_040384,10.9,ELECTRONICS,DE,0.913,1,1
TXN_00000323,USR_036275,72.27,HOTEL,BR,0.134,1,0
TXN_00000324,USR_027320,47.67,GAMING,FR,0.548,1,0
TXN_00000325,USR_047373,38.72,CRYPTO,IN,0.401,1,0
TXN_00000326,USR_013393,61.2,ELECTRONICS,FR,0.283,1,0
TXN_00000327,USR_038753,57.16,GAMING,US,0.575,0,0
TXN_00000328,USR_033164,78.3,CRYPTO,DE,0.789,1,0
TXN_00000329,USR_028597,181.22,AIRLINE,IN,0.236,1,0
TXN_00000330,USR_019387,155.0,ELECTRONICS,FR,0.325,1,0
TXN_00000331,USR_026929,273.62,CRYPTO,US,0.825,0,0
TXN_00000332,USR_041719,153.82,AIRLINE,CA,0.555,1,0
TXN_00000333,USR_036101,85.03,CRYPTO,DE,0.961,1,1
TXN_00000334,USR_047811,123.74,RESTAURANT,DE,0.873,1,1
TXN_00000335,USR_014054,453.16,AIRLINE,JP,0.291,1,0
TXN_00000336,USR_039833,118.78,HOTEL,IN,0.635,1,0
TXN_00000337,USR_047770,32.2,HOTEL,US,0.696,0,0
TXN_00000338,USR_002501,129.41,ELECTRONICS,SG,0.312,1,0
TXN_00000339,USR_016330,28.56,CRYPTO,DE,0.241,1,0
TXN_00000340,USR_043403,6.23,GROCERY,AU,0.377,1,0
TXN_00000341,USR_015578,56.84,GAMING,AU,0.919,1,1
TXN_00000342,USR_013985,90.32,CRYPTO,IN,0.254,1,0
TXN_00000343,USR_039979,139.89,RESTAURANT,FR,0.058,1,0
TXN_00000344,USR_016152,178.54,ELECTRONICS,DE,0.741,1,0
TXN_00000345,USR_040399,156.84,ELECTRONICS,GB,0.705,1,0
TXN_00000346,USR_027382,75.0,RESTAURANT,CA,0.612,1,0
TXN_00000347,USR_006025,109.76,AIRLINE,CA,0.767,1,0
TXN_00000348,USR_039253,285.21,GAMING,US,0.123,0,0
TXN_00000349,USR_015746,32.32,HOTEL,GB,0.559,1,0
TXN_00000350,USR_028702,82.41,HOTEL,BR,0.744,1,0
TXN_00000351,USR_008671,126.62,AIRLINE,JP,0.633,1,0
TXN_00000352,USR_015154,47.48,GROCERY,GB,0.643,1,0
TXN_00000353,USR_018848,21.43,ELECTRONICS,JP,0.546,1,0
TXN_00000354,USR_020319,211.35,CRYPTO,AU,0.307,1,0
TXN_00000355,USR_019175,69.27,ELECTRONICS,BR,0.141,1,0
TXN_00000356,USR_001548,31.46,CRYPTO,US,0.015,0,0
TXN_00000357,USR_035759,177.14,AIRLINE,BR,0.517,1,0
TXN_00000358,USR_042261,114.89,CRYPTO,IN,0.58,1,0
TXN_00000359,USR_001116,33.99,RETAIL,CA,0.681,1,0
TXN_00000360,USR_007514,33.38,CRYPTO,IN,0.16,1,0
TXN_00000361,USR_018763,117.12,ELECTRONICS,US,0.84,0,0
TXN_00000362,USR_034477,37.16,GROCERY,DE,0.911,1,1
TXN_00000363,USR_008962,46.09,GROCERY,CA,0.563,1,0
TXN_00000364,USR_030540,55.19,CRYPTO,CA,0.604,1,0
TXN_00000365,USR_024432,140.8,GROCERY,CA,0.916,1,1
TXN_00000366,USR_041870,15.47,GAMING,FR,0.705,1,0
TXN_00000367,USR_044689,179.71,RESTAURANT,AU,0.249,1,0
TXN_00000368,USR_028841,16.59,GAMING,GB,0.774,1,0
TXN_00000369,USR_005207,175.6,ELECTRONICS,AU,0.611,1,0
TXN_00000370,USR_037552,74.18,RETAIL,SG,0.362,1,0
TXN_00000371,USR_030776,62.84,CRYPTO,FR,0.828,1,0
TXN_00000372,USR_007404,377.07,RESTAURANT,GB,0.313,1,0
TXN_00000373,USR_010751,388.64,AIRLINE,BR,0.325,1,0
TXN_00000374,USR_018663,87.18,ELECTRONICS,GB,0.94,1,1
TXN_00000375,USR_004230,56.38,ELECTRONICS,DE,0.872,1,1
TXN_00000376,USR_008389,133.57,GROCERY,AU,0.936,1,1
TXN_00000377,USR_046406,49.64,HOTEL,JP,0.888,1,1
TXN_00000378,USR_048598,133.9,AIRLINE,CA,0.072,1,0
TXN_00000379,USR_011925,35.71,AIRLINE,FR,0.597,1,0
TXN_00000380,USR_011092,24.83,GROCERY,FR,0.811,1,0
TXN_00000381,USR_001552,63.93,AIRLINE,IN,0.72,1,0
TXN_00000382,USR_005586,57.0,RETAIL,DE,0.609,1,0
TXN_00000383,USR_049029,43.08,AIRLINE,BR,0.366,1,0
TXN_00000384,USR_013680,548.41,ELECTRONICS,IN,0.929,1,1
TXN_00000385,USR_049306,14.28,GAMING,CA,0.164,1,0
TXN_00000386,USR_001483,50.77,ELECTRONICS,SG,0.562,1,0
TXN_00000387,USR_017530,151.65,RESTAURANT,FR,0.875,1,1
TXN_00000388,USR_004236,46.82,GROCERY,IN,0.764,1,0
TXN_00000389,USR_039975,100.51,ELECTRONICS,DE,0.983,1,1
TXN_00000390,USR_027344,251.65,RESTAURANT,US,0.632,0,0
TXN_00000391,USR_014957,7.15,CRYPTO,CA,0.236,1,0
TXN_00000392,USR_042330,173.39,HOTEL,SG,0.973,1,1
TXN_00000393,USR_033572,115.45,GROCERY,GB,0.8,1,0
TXN_00000394,USR_041853,10.7,RESTAURANT,FR,0.217,1,0
TXN_00000395,USR_030353,59.5,CRYPTO,DE,0.901,1,1
TXN_00000396,USR_046810,75.61,CRYPTO,US,0.912,0,1
TXN_00000397,USR_011198,7.53,GROCERY,DE,0.607,1,1
TXN_00000398,USR_047742,68.75,RESTAURANT,CA,0.768,1,0
TXN_00000399,USR_014487,81.52,RETAIL,GB,0.162,1,0
TXN_00000400,USR_024001,60.82,RETAIL,US,0.408,0,0
TXN_00000401,USR_004763,27.62,HOTEL,JP,0.336,1,0
TXN_00000402,USR_013588,199.67,RETAIL,JP,0.762,1,0
TXN_00000403,USR_019235,10.05,AIRLINE,CA,0.257,1,0
TXN_00000404,USR_040295,166.28,ELECTRONICS,SG,0.52,1,0
TXN_00000405,USR_022171,303.38,GAMING,DE,0.949,1,1
TXN_00000406,USR_035875,201.44,AIRLINE,FR,0.851,1,1
TXN_00000407,USR_023462,23.97,HOTEL,AU,0.888,1,1
TXN_00000408,USR_049954,218.06,GROCERY,IN,0.111,1,0
TXN_00000409,USR_045996,37.88,AIRLINE,JP,0.1,1,0
TXN_00000410,USR_019974,52.34,AIRLINE,BR,0.311,1,0
TXN_00000411,USR_010209,61.03,CRYPTO,CA,0.375,1,0
TXN_00000412,USR_003630,42.92,AIRLINE,DE,0.622,1,1
TXN_00000413,USR_032934,175.14,GAMING,IN,0.168,1,0
TXN_00000414,USR_015882,20.88,CRYPTO,GB,0.981,1,1
TXN_00000415,USR_039294,18.14,HOTEL,SG,0.678,1,0
TXN_00000416,USR_011011,97.76,GROCERY,BR,0.648,1,0
TXN_00000417,USR_015012,42.96,GROCERY,AU,0.088,1,0
TXN_00000418,USR_028348,31.57,RESTAURANT,FR,0.258,1,0
TXN_00000419,USR_027702,38.2,GROCERY,GB,0.793,1,0
TXN_00000420,USR_047252,21.48,AIRLINE,FR,0.952,1,1
TXN_00000421,USR_006526,240.93,HOTEL,US,0.808,0,0
TXN_00000422,USR_024242,188.0,HOTEL,US,0.972,0,1
TXN_00000423,USR_018444,171.03,GROCERY,AU,0.966,1,1
TXN_00000424,USR_044232,75.02,GROCERY,US,0.103,0,0
TXN_00000425,USR_037054,231.48,CRYPTO,FR,0.696,1,0
TXN_00000426,USR_018509,37.14,RETAIL,DE,0.145,1,0
TXN_00000427,USR_015731,223.78,HOTEL,DE,0.696,1,0
TXN_00000428,USR_007964,342.32,GROCERY,IN,0.676,1,0
TXN_00000429,USR_015894,187.86,RETAIL,DE,0.86,1,1
TXN_00000430,USR_037487,42.76,GROCERY,FR,0.933,1,1
TXN_00000431,USR_026160,22.38,AIRLINE,US,0.391,0,0
TXN_00000432,USR_043998,93.6,RETAIL,IN,0.47,1,0
TXN_00000433,USR_032897,152.22,ELECTRONICS,AU,0.186,1,0
TXN_00000434,USR_022435,22.0,HOTEL,FR,0.565,1,0
TXN_00000435,USR_048839,10.14,CRYPTO,US,0.59,0,0
TXN_00000436,USR_029263,232.33,GROCERY,BR,0.619,1,0
TXN_00000437,USR_009078,42.22,CRYPTO,SG,0.503,1,0
TXN_00000438,USR_045547,46.71,AIRLINE,CA,0.499,1,0
TXN_00000439,USR_034977,36.97,GROCERY,JP,0.377,1,0
TXN_00000440,USR_049019,527.01,RETAIL,DE,0.567,1,0
TXN_00000441,USR_006513,120.59,GAMING,BR,0.93,1,1
TXN_00000442,USR_001649,44.57,GAMING,IN,0.318,1,0
TXN_00000443,USR_030669,297.27,AIRLINE,JP,0.359,1,0
TXN_00000444,USR_042211,159.1,HOTEL,DE,0.162,1,0
TXN_00000445,USR_048429,74.11,GAMING,JP,0.563,1,0
TXN_00000446,USR_023791,247.31,RESTAURANT,GB,0.378,1,0
TXN_00000447,USR_015057,54.65,CRYPTO,GB,0.131,1,0
TXN_00000448,USR_042237,304.03,GROCERY,FR,0.116,1,0
TXN_00000449,USR_036279,95.1,ELECTRONICS,AU,0.174,1,0
TXN_00000450,USR_023930,165.51,ELECTRONICS,GB,0.465,1,1
TXN_00000451,USR_045037,391.0,GAMING,CA,0.423,1,0
TXN_00000452,USR_005963,38.6,ELECTRONICS,GB,0.02,1,0
TXN_00000453,USR_018319,57.21,GROCERY,GB,0.095,1,0
TXN_00000454,USR_027211,242.78,ELECTRONICS,GB,0.177,1,0
TXN_00000455,USR_029896,269.64,HOTEL,DE,0.598,1,0
TXN_00000456,USR_008726,65.2,HOTEL,GB,0.624,1,0
TXN_00000457,USR_031915,57.25,HOTEL,US,0.696,0,0
TXN_00000458,USR_028043,159.24,GAMING,DE,0.252,1,0
TXN_00000459,USR_043124,44.04,GROCERY,BR,0.27,1,0
TXN_00000460,USR_020372,62.8,CRYPTO,SG,0.638,1,0
TXN_00000461,USR_013858,6.69,GROCERY,SG,0.45,1,0
TXN_00000462,USR_038729,83.06,HOTEL,AU,0.215,1,0
TXN_00000463,USR_015908,26.88,ELECTRONICS,BR,0.241,1,0
TXN_00000464,USR_027890,79.41,ELECTRONICS,FR,0.595,1,0
TXN_00000465,USR_002586,48.51,CRYPTO,IN,0.434,1,0
TXN_00000466,USR_007570,141.89,CRYPTO,AU,0.899,1,1
TXN_00000467,USR_029311,16.67,CRYPTO,GB,0.263,1,0
TXN_00000468,USR_024660,9.17,GROCERY,DE,0.077,1,0
TXN_00000469,USR_020641,189.22,RETAIL,US,0.902,0,1
TXN_00000470,USR_013070,11.45,CRYPTO,GB,0.929,1,1
TXN_00000471,USR_039453,136.07,ELECTRONICS,IN,0.092,1,0
TXN_00000472,USR_005342,347.17,GAMING,SG,0.954,1,1
TXN_00000473,USR_037534,15.73,GAMING,IN,0.9,1,1
TXN_00000474,USR_034071,166.74,RESTAURANT,IN,0.165,1,0
TXN_00000475,USR_021531,211.44,HOTEL,FR,0.668,1,0
TXN_00000476,USR_017553,319.11,GAMING,IN,0.804,1,0
TXN_00000477,USR_036113,63.27,GAMING,AU,0.488,1,0
TXN_00000478,USR_034826,64.07,GROCERY,FR,0.892,1,1
TXN_00000479,USR_036495,32.36,ELECTRONICS,DE,0.386,1,0
TXN_00000480,USR_030753,48.77,RESTAURANT,FR,0.424,1,0
TXN_00000481,USR_008343,9.03,AIRLINE,JP,0.669,1,0
TXN_00000482,USR_001988,418.88,RETAIL,BR,0.039,1,0
TXN_00000483,USR_010322,42.42,ELECTRONICS,SG,0.667,1,0
TXN_00000484,USR_014875,16.86,RESTAURANT,GB,0.13,1,0
TXN_00000485,USR_004986,166.47,CRYPTO,FR,0.39,1,0
TXN_00000486,USR_014802,40.9,RETAIL,SG,0.906,1,1
TXN_00000487,USR_031647,31.35,CRYPTO,DE,0.329,1,0
TXN_00000488,USR_008290,209.8,GAMING,FR,0.457,1,0
TXN_00000489,USR_043647,34.36,RETAIL,SG,0.82,1,0
TXN_00000490,USR_019305,319.92,ELECTRONICS,JP,0.526,1,0
TXN_00000491,USR_027481,368.39,RESTAURANT,DE,0.157,1,0
TXN_00000492,USR_004388,95.25,CRYPTO,IN,0.167,1,0
TXN_00000493,USR_028057,73.28,AIRLINE,US,0.052,0,0
TXN_00000494,USR_039827,94.32,HOTEL,SG,0.356,1,0
TXN_00000495,USR_018730,47.02,AIRLINE,JP,0.495,1,1
TXN_00000496,USR_042628,5.54,GROCERY,FR,0.717,1,0
TXN_00000497,USR_010553,39.98,HOTEL,CA,0.033,1,0
TXN_00000498,USR_037464,18.49,AIRLINE,SG,0.206,1,0
TXN_00000499,USR_036196,34.44,RESTAURANT,CA,0.753,1,0
TXN_00000500,USR_030893,23.33,RETAIL,IN,0.666,1,0
TXN_00000501,USR_027427,58.68,CRYPTO,CA,0.928,1,1
TXN_00000502,USR_005236,179.69,GROCERY,DE,0.808,1,0
TXN_00000503,USR_044043,30.91,CRYPTO,GB,0.044,1,0
TXN_00000504,USR_004638,290.23,AIRLINE,SG,0.576,1,0
TXN_00000505,USR_007234,125.21,RETAIL,GB,0.34,1,0
TXN_00000506,USR_004642,259.68,CRYPTO,AU,0.205,1,0
TXN_00000507,USR_021716,217.19,RETAIL,JP,0.31,1,0
TXN_00000508,USR_035488,148.82,AIRLINE,DE,0.214,1,0
TXN_00000509,USR_008671,17.11,CRYPTO,IN,0.887,1,1
TXN_00000510,USR_041431,95.86,ELECTRONICS,GB,0.121,1,0
TXN_00000511,USR_041728,30.75,HOTEL,DE,0.628,1,0
TXN_00000512,USR_003057,194.59,GROCERY,CA,0.266,1,0
TXN_00000513,USR_029801,21.08,GAMING,CA,0.409,1,0
TXN_00000514,USR_032448,289.06,GAMING,DE,0.974,1,1
TXN_00000515,USR_017474,76.14,AIRLINE,JP,0.135,1,0
TXN_00000516,USR_016433,17.91,ELECTRONICS,IN,0.755,1,0
TXN_00000517,USR_049534,19.13,ELECTRONICS,US,0.932,0,1
TXN_00000518,USR_011629,241.17,ELECTRONICS,GB,0.531,1,0
TXN_00000519,USR_016922,26.12,GAMING,JP,0.353,1,0
TXN_00000520,USR_024564,44.77,GAMING,AU,0.711,1,0
TXN_00000521,USR_046674,37.59,CRYPTO,SG,0.381,1,0
TXN_00000522,USR_012238,32.67,RESTAURANT,JP,0.684,1,0
TXN_00000523,USR_012145,41.6,RETAIL,AU,0.808,1,0
TXN_00000524,USR_024007,360.85,HOTEL,IN,0.614,1,0
TXN_00000525,USR_024579,41.44,HOTEL,DE,0.682,1,0
TXN_00000526,USR_002457,78.79,CRYPTO,AU,0.089,1,0
TXN_00000527,USR_045877,29.74,CRYPTO,BR,0.784,1,0
TXN_00000528,USR_032949,15.04,HOTEL,FR,0.173,1,0
TXN_00000529,USR_020677,117.58,RESTAURANT,CA,0.905,1,1
TXN_00000530,USR_022128,84.69,RETAIL,JP,0.734,1,0
TXN_00000531,USR_044954,69.58,HOTEL,US,0.419,0,0
TXN_00000532,USR_040235,93.95,GAMING,FR,0.933,1,1
TXN_00000533,USR_013804,29.58,HOTEL,FR,0.876,1,1
TXN_00000534,USR_017228,34.02,GAMING,BR,0.885,1,1
TXN_00000535,USR_003641,27.44,HOTEL,JP,0.8,1,0
TXN_00000536,USR_035746,200.5,RESTAURANT,SG,0.064,1,0
TXN_00000537,USR_035500,324.88,ELECTRONICS,US,0.901,0,1
TXN_00000538,USR_038964,219.92,GROCERY,AU,0.608,1,0
TXN_00000539,USR_016138,17.56,GAMING,GB,0.344,1,0
TXN_00000540,USR_040436,213.73,RESTAURANT,JP,0.033,1,0
TXN_00000541,USR_039627,392.13,AIRLINE,FR,0.293,1,0
TXN_00000542,USR_009736,226.38,CRYPTO,GB,0.305,1,0
TXN_00000543,USR_042091,64.22,RETAIL,AU,0.096,1,0
TXN_00000544,USR_049085,44.5,CRYPTO,JP,0.733,1,0
TXN_00000545,USR_037736,70.96,GROCERY,SG,0.185,1,0
TXN_00000546,USR_034100,80.61,HOTEL,IN,0.183,1,0
TXN_00000547,USR_015584,54.07,HOTEL,AU,0.506,1,0
TXN_00000548,USR_035846,134.73,AIRLINE,GB,0.841,1,0
TXN_00000549,USR_013225,36.59,ELECTRONICS,IN,0.15,1,0
TXN_00000550,USR_024328,103.17,HOTEL,CA,0.53,1,0
TXN_00000551,USR_015820,93.19,CRYPTO,SG,0.75,1,0
TXN_00000552,USR_011057,179.37,CRYPTO,AU,0.632,1,0
TXN_00000553,USR_009439,351.55,HOTEL,US,0.669,0,0
TXN_00000554,USR_018125,357.8,GROCERY,GB,0.973,1,1
TXN_00000555,USR_039240,186.43,HOTEL,GB,0.367,1,0
TXN_00000556,USR_046913,60.42,GROCERY,DE,0.146,1,0
TXN_00000557,USR_023349,39.83,RESTAURANT,IN,0.935,1,1
TXN_00000558,USR_048239,112.43,CRYPTO,GB,0.407,1,0
TXN_00000559,USR_042124,90.86,AIRLINE,CA,0.534,1,0
TXN_00000560,USR_027252,88.27,GROCERY,DE,0.826,1,0
TXN_00000561,USR_045553,109.08,HOTEL,US,0.437,0,0
TXN_00000562,USR_020823,33.79,RETAIL,SG,0.514,1,0
TXN_00000563,USR_038387,23.78,RETAIL,CA,0.695,1,0
TXN_00000564,USR_018925,137.82,ELECTRONICS,BR,0.802,1,0
TXN_00000565,USR_035967,36.98,CRYPTO,SG,0.956,1,1
TXN_00000566,USR_025212,44.18,ELECTRONICS,CA,0.157,1,0
TXN_00000567,USR_031030,133.15,HOTEL,IN,0.148,1,0
TXN_00000568,USR_038315,76.72,AIRLINE,US,0.768,0,0
TXN_00000569,USR_046517,130.49,GAMING,US,0.536,0,0
TXN_00000570,USR_032361,91.12,RETAIL,CA,0.904,1,1
TXN_00000571,USR_044524,51.22,RESTAURANT,SG,0.867,1,1
TXN_00000572,USR_013577,285.54,ELECTRONICS,SG,0.339,1,0
TXN_00000573,USR_046221,17.32,AIRLINE,GB,0.66,1,0
TXN_00000574,USR_011904,40.07,GAMING,DE,0.922,1,1
TXN_00000575,USR_041123,278.33,GAMING,FR,0.453,1,0
TXN_00000576,USR_015848,61.89,AIRLINE,JP,0.621,1,0
TXN_00000577,USR_025958,34.33,RESTAURANT,CA,0.133,1,0
TXN_00000578,USR_025156,42.87,ELECTRONICS,AU,0.098,1,0
TXN_00000579,USR_010365,111.19,RETAIL,IN,0.082,1,0
TXN_00000580,USR_042740,54.76,AIRLINE,AU,0.039,1,0
TXN_00000581,USR_020024,36.06,ELECTRONICS,CA,0.787,1,0
TXN_00000582,USR_029899,36.74,HOTEL,BR,0.54,1,0
TXN_00000583,USR_029677,135.87,HOTEL,BR,0.452,1,0
TXN_00000584,USR_037292,196.19,AIRLINE,FR,0.847,1,0
TXN_00000585,USR_044752,212.73,RETAIL,JP,0.734,1,0
TXN_00000586,USR_014750,46.14,RESTAURANT,FR,0.589,1,0
TXN_00000587,USR_010967,30.3,HOTEL,BR,0.529,1,0
TXN_00000588,USR_036753,10.13,CRYPTO,JP,0.134,1,0
TXN_00000589,USR_014310,121.82,GROCERY,CA,0.559,1,0
TXN_00000590,USR_042984,28.66,AIRLINE,FR,0.953,1,1
TXN_00000591,USR_043717,77.15,GROCERY,IN,0.245,1,0
TXN_00000592,USR_042372,8.89,RESTAURANT,AU,0.338,1,0
TXN_00000593,USR_041069,30.6,GAMING,GB,0.229,1,0
TXN_00000594,USR_002978,61.58,ELECTRONICS,CA,0.232,1,0
TXN_00000595,USR_047792,20.89,GROCERY,SG,0.4,1,0
TXN_00000596,USR_020000,15.73,RESTAURANT,IN,0.604,1,0
TXN_00000597,USR_026437,111.55,AIRLINE,CA,0.128,1,0
TXN_00000598,USR_006890,251.34,RESTAURANT,IN,0.551,1,0
TXN_00000599,USR_045838,13.34,RESTAURANT,GB,0.548,1,0
TXN_00000600,USR_028708,96.77,RETAIL,FR,0.507,1,0
TXN_00000601,USR_039820,18.73,RETAIL,FR,0.623,1,0
TXN_00000602,USR_031164,77.2,HOTEL,SG,0.664,1,0
TXN_00000603,USR_032963,144.91,AIRLINE,CA,0.25,1,0
TXN_00000604,USR_015443,117.92,RETAIL,CA,0.791,1,0
TXN_00000605,USR_014003,32.26,HOTEL,SG,0.4,1,0
TXN_00000606,USR_048988,118.83,GAMING,GB,0.756,1,0
TXN_00000607,USR_017939,12.7,ELECTRONICS,US,0.402,0,0
TXN_00000608,USR_048935,231.2,AIRLINE,AU,0.365,1,0
TXN_00000609,USR_001880,155.22,RESTAURANT,BR,0.662,1,0
TXN_00000610,USR_012771,26.67,AIRLINE,BR,0.808,1,0
TXN_00000611,USR_043664,12.25,CRYPTO,AU,0.304,1,0
TXN_00000612,USR_047622,100.89,ELECTRONICS,AU,0.53,1,0
TXN_00000613,USR_045859,17.78,AIRLINE,JP,0.53,1,0
TXN_00000614,USR_046070,26.06,HOTEL,IN,0.457,1,0
TXN_00000615,USR_030502,11.35,AIRLINE,AU,0.528,1,0
TXN_00000616,USR_029073,19.84,CRYPTO,SG,0.161,1,0
TXN_00000617,USR_021238,28.53,AIRLINE,SG,0.162,1,0
TXN_00000618,USR_034970,26.9,CRYPTO,JP,0.716,1,1
TXN_00000619,USR_008284,157.13,HOTEL,US,0.401,0,0
TXN_00000620,USR_038868,34.14,ELECTRONICS,BR,0.971,1,1
TXN_00000621,USR_001665,47.99,RETAIL,CA,0.244,1,0
TXN_00000622,USR_047172,33.32,HOTEL,SG,0.957,1,1
TXN_00000623,USR_036388,76.97,GROCERY,AU,0.125,1,0
TXN_00000624,USR_009362,154.24,AIRLINE,BR,0.973,1,1
TXN_00000625,USR_037998,23.93,GAMING,IN,0.614,1,0
TXN_00000626,USR_009305,144.95,RESTAURANT,AU,0.079,1,0
TXN_00000627,USR_044471,42.59,ELECTRONICS,GB,0.726,1,0
TXN_00000628,USR_017250,157.06,RETAIL,CA,0.238,1,0
TXN_00000629,USR_029303,95.69,RESTAURANT,BR,0.092,1,0
TXN_00000630,USR_043142,17.72,AIRLINE,AU,0.767,1,0
TXN_00000631,USR_025444,54.08,GROCERY,US,0.424,0,0
TXN_00000632,USR_029292,236.6,CRYPTO,BR,0.905,1,1
TXN_00000633,USR_042381,182.81,HOTEL,IN,0.351,1,0
TXN_00000634,USR_042450,25.77,CRYPTO,AU,0.982,1,1
TXN_00000635,USR_046697,50.55,GROCERY,BR,0.457,1,0
TXN_00000636,USR_008160,79.51,ELECTRONICS,CA,0.71,1,0
TXN_00000637,USR_006458,168.32,CRYPTO,FR,0.171,1,0
TXN_00000638,USR_033716,66.04,ELECTRONICS,FR,0.548,1,1
TXN_00000639,USR_013968,52.33,CRYPTO,SG,0.648,1,0
TXN_00000640,USR_014763,28.69,HOTEL,US,0.784,0,0
TXN_00000641,USR_041903,29.6,GROCERY,SG,0.819,1,0
TXN_00000642,USR_010094,50.29,RETAIL,GB,0.191,1,0
TXN_00000643,USR_018348,69.36,RESTAURANT,GB,0.074,1,0
TXN_00000644,USR_022658,141.27,AIRLINE,GB,0.706,1,0
TXN_00000645,USR_047042,153.76,AIRLINE,DE,0.36,1,0
TXN_00000646,USR_002706,14.1,AIRLINE,FR,0.759,1,0
TXN_00000647,USR_046927,23.29,CRYPTO,FR,0.156,1,0
TXN_00000648,USR_049679,7.3,RESTAURANT,IN,0.924,1,1
TXN_00000649,USR_017180,23.32,RESTAURANT,FR,0.896,1,1
TXN_00000650,USR_036398,96.53,RESTAURANT,IN,0.824,1,0
TXN_00000651,USR_013912,193.3,RESTAURANT,IN,0.126,1,0
TXN_00000652,USR_040512,93.17,ELECTRONICS,AU,0.789,1,0
TXN_00000653,USR_007113,91.02,AIRLINE,GB,0.269,1,0
TXN_00000654,USR_013808,68.66,RESTAURANT,IN,0.618,1,0
TXN_00000655,USR_026182,12.35,HOTEL,JP,0.844,1,0
TXN_00000656,USR_036654,39.36,ELECTRONICS,SG,0.432,1,0
TXN_00000657,USR_021002,108.87,GAMING,DE,0.641,1,0
TXN_00000658,USR_021910,7.43,CRYPTO,DE,0.672,1,0
TXN_00000659,USR_005986,45.86,RESTAURANT,GB,0.872,1,1
TXN_00000660,USR_033957,31.08,CRYPTO,SG,0.775,1,0
TXN_00000661,USR_032435,41.6,GAMING,SG,0.324,1,0
TXN_00000662,USR_042038,23.03,RESTAURANT,DE,0.803,1,0
TXN_00000663,USR_047606,142.54,ELECTRONICS,US,0.426,0,0
TXN_00000664,USR_005141,298.16,ELECTRONICS,US,0.019,0,0
TXN_00000665,USR_036300,35.58,HOTEL,FR,0.712,1,0
TXN_00000666,USR_012070,43.99,RESTAURANT,DE,0.062,1,0
TXN_00000667,USR_022317,297.21,GAMING,SG,0.941,1,1
TXN_00000668,USR_003847,49.99,HOTEL,CA,0.537,1,0
TXN_00000669,USR_009166,124.24,GROCERY,DE,0.095,1,0
TXN_00000670,USR_005888,40.26,HOTEL,DE,0.822,1,0
TXN_00000671,USR_049918,139.47,RETAIL,DE,0.35,1,0
TXN_00000672,USR_015715,168.54,AIRLINE,SG,0.745,1,0
TXN_00000673,USR_024982,151.64,GROCERY,AU,0.902,1,1
TXN_00000674,USR_043049,10.95,RETAIL,SG,0.257,1,0
TXN_00000675,USR_006177,9.69,AIRLINE,IN,0.504,1,0
TXN_00000676,USR_032359,173.16,RESTAURANT,JP,0.359,1,0
TXN_00000677,USR_034992,42.46,AIRLINE,IN,0.371,1,0
TXN_00000678,USR_044500,112.35,GROCERY,GB,0.424,1,0
TXN_00000679,USR_037570,307.87,RETAIL,CA,0.658,1,0
TXN_00000680,USR_017111,88.46,HOTEL,BR,0.442,1,0
TXN_00000681,USR_034881,19.69,HOTEL,JP,0.869,1,1
TXN_00000682,USR_002998,31.14,AIRLINE,IN,0.851,1,1
TXN_00000683,USR_004983,174.22,CRYPTO,BR,0.956,1,1
TXN_00000684,USR_001954,86.69,GAMING,US,0.548,0,0
TXN_00000685,USR_034655,30.78,AIRLINE,IN,0.412,1,0
TXN_00000686,USR_042307,7.06,RESTAURANT,GB,0.751,1,1
TXN_00000687,USR_030323,45.08,GAMING,US,0.69,0,0
TXN_00000688,USR_034957,37.65,RETAIL,SG,0.722,1,0
TXN_00000689,USR_024144,149.46,GAMING,IN,0.044,1,0
TXN_00000690,USR_015432,140.03,HOTEL,SG,0.54,1,0
TXN_00000691,USR_010760,160.35,CRYPTO,IN,0.826,1,0
TXN_00000692,USR_013291,26.15,RESTAURANT,AU,0.66,1,0
TXN_00000693,USR_038000,6.56,CRYPTO,SG,0.476,1,0
TXN_00000694,USR_036505,139.41,GAMING,CA,0.345,1,0
TXN_00000695,USR_018753,128.04,AIRLINE,JP,0.408,1,0
TXN_00000696,USR_014870,234.01,RETAIL,GB,0.778,1,0
TXN_00000697,USR_010725,153.08,GAMING,US,0.524,0,0
TXN_00000698,USR_039443,300.02,GROCERY,DE,0.713,1,0
TXN_00000699,USR_048397,15.43,ELECTRONICS,BR,0.441,1,0
TXN_00000700,USR_022702,5.29,RETAIL,AU,0.756,1,0
TXN_00000701,USR_044190,156.71,AIRLINE,JP,0.489,1,0
TXN_00000702,USR_044522,25.78,GROCERY,AU,0.156,1,0
TXN_00000703,USR_049183,81.04,RESTAURANT,DE,0.358,1,0
TXN_00000704,USR_011884,7.53,RESTAURANT,FR,0.089,1,0
TXN_00000705,USR_002718,32.55,CRYPTO,BR,0.038,1,0
TXN_00000706,USR_012038,63.45,GAMING,GB,0.046,1,0
TXN_00000707,USR_040468,51.04,GAMING,AU,0.232,1,0
TXN_00000708,USR_020891,36.96,CRYPTO,GB,0.699,1,0
TXN_00000709,USR_037811,136.67,CRYPTO,FR,0.066,1,0
TXN_00000710,USR_045725,50.9,AIRLINE,AU,0.382,1,0
TXN_00000711,USR_047689,142.38,AIRLINE,DE,0.834,1,0
TXN_00000712,USR_035863,22.01,RESTAURANT,SG,0.176,1,0
TXN_00000713,USR_016249,22.62,RESTAURANT,FR,0.652,1,0
TXN_00000714,USR_007503,364.0,HOTEL,US,0.396,0,0
TXN_00000715,USR_021672,304.36,GAMING,BR,0.365,1,0
TXN_00000716,USR_033460,47.47,GROCERY,SG,0.929,1,1
TXN_00000717,USR_033018,99.33,RETAIL,IN,0.345,1,0
TXN_00000718,USR_042983,36.66,RESTAURANT,GB,0.574,1,0
TXN_00000719,USR_030236,56.1,HOTEL,JP,0.202,1,0
TXN_00000720,USR_016884,124.55,CRYPTO,BR,0.193,1,0
TXN_00000721,USR_020344,22.29,AIRLINE,US,0.971,0,1
TXN_00000722,USR_015334,19.71,HOTEL,JP,0.512,1,0
TXN_00000723,USR_010273,72.55,GROCERY,BR,0.654,1,0
TXN_00000724,USR_001032,60.4,ELECTRONICS,IN,0.512,1,0
TXN_00000725,USR_008227,70.51,ELECTRONICS,CA,0.959,1,1
TXN_00000726,USR_043493,33.02,RETAIL,SG,0.315,1,0
TXN_00000727,USR_021054,380.05,GROCERY,CA,0.448,1,0
TXN_00000728,USR_016289,128.19,AIRLINE,DE,0.593,1,0
TXN_00000729,USR_048287,18.6,RETAIL,US,0.335,0,0
TXN_00000730,USR_039258,9.27,HOTEL,FR,0.431,1,0
TXN_00000731,USR_046854,247.48,RESTAURANT,BR,0.918,1,1
TXN_00000732,USR_003337,20.04,RETAIL,SG,0.782,1,0
TXN_00000733,USR_043971,176.01,HOTEL,AU,0.151,1,0
TXN_00000734,USR_030342,90.99,AIRLINE,CA,0.177,1,0
TXN_00000735,USR_009455,78.45,ELECTRONICS,AU,0.575,1,0
TXN_00000736,USR_008192,132.82,HOTEL,GB,0.841,1,0
TXN_00000737,USR_014042,115.48,RETAIL,AU,0.469,1,0
TXN_00000738,USR_013125,77.78,CRYPTO,BR,0.504,1,0
TXN_00000739,USR_011963,5.85,RESTAURANT,FR,0.601,1,0
TXN_00000740,USR_041270,121.88,RESTAURANT,AU,0.905,1,1
TXN_00000741,USR_040854,20.86,CRYPTO,IN,0.323,1,0
TXN_00000742,USR_040465,22.96,AIRLINE,US,0.89,0,1
TXN_00000743,USR_043036,24.82,GROCERY,FR,0.657,1,0
TXN_00000744,USR_049871,37.9,AIRLINE,IN,0.461,1,0
TXN_00000745,USR_003033,65.37,GAMING,IN,0.381,1,0
TXN_00000746,USR_015747,108.41,ELECTRONICS,DE,0.085,1,0
TXN_00000747,USR_020206,26.31,ELECTRONICS,JP,0.69,1,0
TXN_00000748,USR_020526,7.81,GROCERY,FR,0.564,1,0
TXN_00000749,USR_041459,198.81,RESTAURANT,FR,0.575,1,0
TXN_00000750,USR_029428,165.53,GROCERY,SG,0.502,1,0
TXN_00000751,USR_037679,88.7,RESTAURANT,SG,0.929,1,1
TXN_00000752,USR_009659,22.12,GROCERY,DE,0.189,1,0
TXN_00000753,USR_001126,71.79,GAMING,JP,0.411,1,0
TXN_00000754,USR_025067,29.9,GAMING,DE,0.917,1,1
TXN_00000755,USR_024343,136.07,ELECTRONICS,CA,0.572,1,0
TXN_00000756,USR_038317,128.8,GROCERY,IN,0.298,1,0
TXN_00000757,USR_028705,22.91,CRYPTO,BR,0.99,1,1
TXN_00000758,USR_029770,24.02,GROCERY,FR,0.935,1,1
TXN_00000759,USR_017920,50.27,RETAIL,DE,0.406,1,0
TXN_00000760,USR_049745,137.24,RETAIL,SG,0.814,1,0
TXN_00000761,USR_036120,67.87,RETAIL,GB,0.409,1,0
TXN_00000762,USR_012112,76.15,AIRLINE,SG,0.448,1,0
TXN_00000763,USR_017294,110.5,AIRLINE,JP,0.915,1,1
TXN_00000764,USR_042129,69.51,HOTEL,FR,0.174,1,0
TXN_00000765,USR_018128,142.46,AIRLINE,FR,0.218,1,0
TXN_00000766,USR_010065,11.16,CRYPTO,IN,0.354,1,0
TXN_00000767,USR_039132,6.29,GAMING,US,0.614,0,0
TXN_00000768,USR_031346,11.39,RESTAURANT,US,0.601,0,0
TXN_00000769,USR_004054,17.84,AIRLINE,FR,0.147,1,0
TXN_00000770,USR_014372,31.16,ELECTRONICS,FR,0.706,1,0
TXN_00000771,USR_012251,16.02,HOTEL,AU,0.77,1,0
TXN_00000772,USR_047835,128.46,HOTEL,CA,0.447,1,0
TXN_00000773,USR_033486,20.2,AIRLINE,GB,0.361,1,0
TXN_00000774,USR_024885,12.97,AIRLINE,US,0.319,0,0
TXN_00000775,USR_042115,60.57,GROCERY,BR,0.932,1,1
TXN_00000776,USR_039527,19.52,AIRLINE,CA,0.829,1,0
TXN_00000777,USR_047449,162.78,AIRLINE,US,0.563,0,0
TXN_00000778,USR_014625,97.05,RETAIL,SG,0.964,1,1
TXN_00000779,USR_026507,60.04,ELECTRONICS,GB,0.438,1,0
TXN_00000780,USR_035203,13.9,HOTEL,IN,0.19,1,0
TXN_00000781,USR_043143,232.07,RETAIL,IN,0.133,1,0
TXN_00000782,USR_047337,26.43,HOTEL,DE,0.032,1,0
TXN_00000783,USR_044801,94.79,AIRLINE,GB,0.4,1,0
TXN_00000784,USR_041413,74.93,HOTEL,SG,0.076,1,0
TXN_00000785,USR_037207,74.91,AIRLINE,BR,0.906,1,1
TXN_00000786,USR_014509,169.19,CRYPTO,GB,0.051,1,0
TXN_00000787,USR_039045,93.51,GROCERY,GB,0.448,1,0
TXN_00000788,USR_046593,81.16,GROCERY,US,0.977,0,1
TXN_00000789,USR_001027,8.98,HOTEL,JP,0.567,1,0
TXN_00000790,USR_038149,314.73,RESTAURANT,SG,0.792,1,0
TXN_00000791,USR_004029,27.15,HOTEL,US,0.612,0,0
TXN_00000792,USR_018440,22.32,RETAIL,AU,0.267,1,0
TXN_00000793,USR_016689,224.75,ELECTRONICS,JP,0.712,1,0
TXN_00000794,USR_031375,288.85,RETAIL,IN,0.727,1,0
TXN_00000795,USR_042828,37.22,RESTAURANT,BR,0.819,1,0
TXN_00000796,USR_010117,39.36,HOTEL,JP,0.236,1,0
TXN_00000797,USR_001151,329.85,ELECTRONICS,JP,0.831,1,0
TXN_00000798,USR_014299,151.09,RETAIL,AU,0.854,1,1
TXN_00000799,USR_026816,358.96,CRYPTO,SG,0.421,1,0
TXN_00000800,USR_034624,112.88,RESTAURANT,FR,0.699,1,0
TXN_00000801,USR_016432,75.97,HOTEL,JP,0.756,1,0
TXN_00000802,USR_002940,64.94,RETAIL,JP,0.87,1,1
TXN_00000803,USR_003098,202.39,GAMING,US,0.75,0,0
TXN_00000804,USR_012436,80.86,GAMING,JP,0.962,1,1
TXN_00000805,USR_043119,13.17,RETAIL,FR,0.307,1,0
TXN_00000806,USR_041875,80.85,RETAIL,GB,0.376,1,0
TXN_00000807,USR_048170,217.81,GAMING,GB,0.546,1,0
TXN_00000808,USR_049575,172.79,RESTAURANT,AU,0.565,1,0
TXN_00000809,USR_001748,105.17,GROCERY,GB,0.664,1,0
TXN_00000810,USR_034999,36.42,ELECTRONICS,SG,0.117,1,0
TXN_00000811,USR_022655,90.36,RETAIL,DE,0.889,1,1
TXN_00000812,USR_035030,130.93,RETAIL,BR,0.078,1,0
TXN_00000813,USR_019534,101.85,GROCERY,AU,0.201,1,0
TXN_00000814,USR_044525,108.28,GROCERY,FR,0.575,1,0
TXN_00000815,USR_025154,60.97,GAMING,DE,0.087,1,0
TXN_00000816,USR_040973,111.11,ELECTRONICS,FR,0.569,1,0
TXN_00000817,USR_046639,140.18,RETAIL,US,0.297,0,0
TXN_00000818,USR_016130,189.47,HOTEL,IN,0.216,1,0
TXN_00000819,USR_021674,55.06,RETAIL,IN,0.733,1,0
TXN_00000820,USR_031849,17.17,RESTAURANT,BR,0.974,1,1
TXN_00000821,USR_043411,85.21,RETAIL,FR,0.031,1,0
TXN_00000822,USR_044382,171.69,GAMING,IN,0.783,1,0
TXN_00000823,USR_035999,97.15,GROCERY,US,0.607,0,0
TXN_00000824,USR_039763,113.92,GAMING,IN,0.173,1,0
TXN_00000825,USR_024826,51.64,RESTAURANT,CA,0.017,1,0
TXN_00000826,USR_048502,12.48,HOTEL,CA,0.173,1,0
TXN_00000827,USR_048012,21.29,CRYPTO,AU,0.211,1,0
TXN_00000828,USR_024447,21.96,GROCERY,GB,0.76,1,0
TXN_00000829,USR_043854,37.06,GAMING,CA,0.838,1,0
TXN_00000830,USR_006452,48.81,ELECTRONICS,AU,0.769,1,0
TXN_00000831,USR_015276,27.9,ELECTRONICS,FR,0.787,1,0
TXN_00000832,USR_023493,307.72,HOTEL,DE,0.647,1,0
TXN_00000833,USR_029675,35.94,HOTEL,CA,0.691,1,0
TXN_00000834,USR_011124,96.08,GROCERY,AU,0.266,1,0
TXN_00000835,USR_017727,79.0,AIRLINE,US,0.296,0,0
TXN_00000836,USR_015061,15.43,RESTAURANT,CA,0.383,1,1
TXN_00000837,USR_024466,11.9,ELECTRONICS,CA,0.512,1,0
TXN_00000838,USR_032308,173.23,RESTAURANT,FR,0.492,1,0
TXN_00000839,USR_016836,41.66,RESTAURANT,US,0.52,0,0
TXN_00000840,USR_046375,11.69,GAMING,DE,0.437,1,0
TXN_00000841,USR_016072,95.96,CRYPTO,DE,0.083,1,0
TXN_00000842,USR_023903,138.39,RESTAURANT,BR,0.692,1,1
TXN_00000843,USR_041749,43.5,RETAIL,AU,0.853,1,1
TXN_00000844,USR_043093,21.51,HOTEL,IN,0.469,1,0
TXN_00000845,USR_008546,134.46,ELECTRONICS,GB,0.646,1,0
TXN_00000846,USR_016212,6.95,GROCERY,BR,0.631,1,0
TXN_00000847,USR_034763,161.42,AIRLINE,JP,0.756,1,0
TXN_00000848,USR_021526,34.27,RETAIL,JP,0.867,1,1
TXN_00000849,USR_046710,14.55,RETAIL,JP,0.809,1,0
TXN_00000850,USR_023049,80.08,RETAIL,SG,0.82,1,0
TXN_00000851,USR_030455,14.6,HOTEL,JP,0.706,1,0
TXN_00000852,USR_009757,405.15,AIRLINE,IN,0.778,1,0
TXN_00000853,USR_004596,234.88,CRYPTO,US,0.726,0,0
TXN_00000854,USR_043786,49.59,CRYPTO,IN,0.695,1,0
TXN_00000855,USR_002280,107.34,GAMING,AU,0.652,1,0
TXN_00000856,USR_017611,45.21,AIRLINE,DE,0.089,1,0
TXN_00000857,USR_045465,19.33,HOTEL,IN,0.761,1,0
TXN_00000858,USR_047947,120.67,GROCERY,FR,0.211,1,0
TXN_00000859,USR_042023,62.41,RESTAURANT,SG,0.78,1,0
TXN_00000860,USR_039454,46.86,GAMING,AU,0.296,1,0
TXN_00000861,USR_025283,190.87,RETAIL,DE,0.603,1,0
TXN_00000862,USR_026873,99.74,RESTAURANT,DE,0.618,1,0
TXN_00000863,USR_037283,116.67,HOTEL,FR,0.795,1,0
TXN_00000864,USR_028738,124.1,ELECTRONICS,BR,0.927,1,1
TXN_00000865,USR_035842,306.07,ELECTRONICS,GB,0.503,1,0
TXN_00000866,USR_039960,98.89,RESTAURANT,FR,0.665,1,0
TXN_00000867,USR_009728,218.51,GAMING,AU,0.75,1,0
TXN_00000868,USR_047425,267.33,GAMING,DE,0.938,1,1
TXN_00000869,USR_011758,17.89,RESTAURANT,SG,0.479,1,0
TXN_00000870,USR_022114,108.67,RETAIL,SG,0.893,1,1
TXN_00000871,USR_013872,35.0,HOTEL,DE,0.777,1,0
TXN_00000872,USR_013214,6.9,RESTAURANT,GB,0.042,1,0
TXN_00000873,USR_032895,49.07,GAMING,SG,0.581,1,0
TXN_00000874,USR_031871,224.65,GAMING,JP,0.665,1,0
TXN_00000875,USR_006167,72.7,ELECTRONICS,JP,0.541,1,0
TXN_00000876,USR_030559,6.44,RESTAURANT,US,0.301,0,0
TXN_00000877,USR_041798,30.47,GAMING,US,0.51,0,0
TXN_00000878,USR_007788,191.25,HOTEL,DE,0.205,1,0
TXN_00000879,USR_022555,146.56,RESTAURANT,AU,0.212,1,0
TXN_00000880,USR_008926,255.12,ELECTRONICS,CA,0.715,1,0
TXN_00000881,USR_011773,162.34,GROCERY,IN,0.127,1,0
TXN_00000882,USR_014172,44.37,GROCERY,JP,0.037,1,0
TXN_00000883,USR_030901,53.8,RETAIL,DE,0.936,1,1
TXN_00000884,USR_014677,34.88,ELECTRONICS,SG,0.407,1,0
TXN_00000885,USR_035151,69.01,CRYPTO,US,0.738,0,0
TXN_00000886,USR_035459,12.14,GAMING,BR,0.291,1,0
TXN_00000887,USR_049399,91.27,HOTEL,AU,0.428,1,0
TXN_00000888,USR_024426,58.49,HOTEL,SG,0.409,1,0
TXN_00000889,USR_004706,91.08,GAMING,BR,0.617,1,0
TXN_00000890,USR_027655,26.6,RESTAURANT,US,0.223,0,0
TXN_00000891,USR_033756,75.25,CRYPTO,BR,0.477,1,0
TXN_00000892,USR_002472,107.18,RETAIL,DE,0.494,1,0
TXN_00000893,USR_023315,58.86,CRYPTO,JP,0.272,1,0
TXN_00000894,USR_004937,244.66,RESTAURANT,BR,0.938,1,1
TXN_00000895,USR_045109,92.19,CRYPTO,US,0.903,0,1
TXN_00000896,USR_032665,6.0,CRYPTO,JP,0.097,1,0
TXN_00000897,USR_045147,100.77,AIRLINE,CA,0.261,1,0
TXN_00000898,USR_009939,9.2,HOTEL,US,0.163,0,0
TXN_00000899,USR_018406,142.44,ELECTRONICS,CA,0.606,1,0
TXN_00000900,USR_038157,175.01,RESTAURANT,FR,0.253,1,0
TXN_00000901,USR_027755,9.59,RESTAURANT,BR,0.064,1,0
TXN_00000902,USR_013754,94.47,RETAIL,CA,0.14,1,0
TXN_00000903,USR_012705,15.04,GROCERY,US,0.922,0,1
TXN_00000904,USR_030897,148.04,RESTAURANT,CA,0.629,1,0
TXN_00000905,USR_049925,203.43,AIRLINE,GB,0.979,1,1
TXN_00000906,USR_005383,111.92,RESTAURANT,FR,0.226,1,0
TXN_00000907,USR_048922,20.85,AIRLINE,SG,0.609,1,0
TXN_00000908,USR_036080,24.95,GROCERY,AU,0.574,1,0
TXN_00000909,USR_035941,151.4,ELECTRONICS,CA,0.015,1,0
TXN_00000910,USR_025942,346.08,RETAIL,GB,0.909,1,1
TXN_00000911,USR_043277,84.63,GAMING,SG,0.135,1,0
TXN_00000912,USR_047088,92.26,ELECTRONICS,DE,0.908,1,1
TXN_00000913,USR_041111,81.8,AIRLINE,BR,0.633,1,0
TXN_00000914,USR_036652,32.09,GAMING,SG,0.155,1,0
TXN_00000915,USR_004644,209.41,GROCERY,FR,0.071,1,0
TXN_00000916,USR_034151,130.78,RETAIL,US,0.114,0,0
TXN_00000917,USR_009049,34.74,GROCERY,IN,0.257,1,0
TXN_00000918,USR_028041,120.29,HOTEL,AU,0.835,1,0
TXN_00000919,USR_029594,18.78,AIRLINE,CA,0.047,1,0
TXN_00000920,USR_031272,291.55,GROCERY,JP,0.59,1,0
TXN_00000921,USR_002278,5.07,HOTEL,FR,0.664,1,0
TXN_00000922,USR_044189,269.32,HOTEL,SG,0.869,1,1
TXN_00000923,USR_035604,31.41,GAMING,US,0.075,0,0
TXN_00000924,USR_036715,46.81,CRYPTO,US,0.115,0,0
TXN_00000925,USR_004894,153.75,GROCERY,DE,0.902,1,1
TXN_00000926,USR_003156,43.93,AIRLINE,CA,0.178,1,0
TXN_00000927,USR_033743,129.22,RETAIL,FR,0.935,1,1
TXN_00000928,USR_015202,14.18,ELECTRONICS,FR,0.13,1,0
TXN_00000929,USR_027215,201.81,AIRLINE,AU,0.722,1,1
TXN_00000930,USR_012200,68.05,GROCERY,DE,0.392,1,0
TXN_00000931,USR_025840,22.02,ELECTRONICS,BR,0.67,1,0
TXN_00000932,USR_005458,7.87,HOTEL,AU,0.729,1,0
TXN_00000933,USR_011080,106.55,ELECTRONICS,SG,0.038,1,0
TXN_00000934,USR_015063,71.18,GAMING,DE,0.836,1,0
TXN_00000935,USR_017296,66.19,HOTEL,US,0.217,0,0
TXN_00000936,USR_022813,16.02,ELECTRONICS,SG,0.343,1,0
TXN_00000937,USR_034724,40.29,AIRLINE,BR,0.87,1,1
TXN_00000938,USR_022743,90.38,HOTEL,BR,0.858,1,1
TXN_00000939,USR_001761,61.21,CRYPTO,BR,0.122,1,0
TXN_00000940,USR_014043,8.76,ELECTRONICS,JP,0.075,1,0
TXN_00000941,USR_019004,42.27,GAMING,BR,0.776,1,0
TXN_00000942,USR_010880,123.32,GAMING,GB,0.397,1,0
TXN_00000943,USR_039452,23.64,ELECTRONICS,CA,0.429,1,0
TXN_00000944,USR_034469,106.09,CRYPTO,JP,0.516,1,0
TXN_00000945,USR_019395,74.12,GAMING,SG,0.283,1,0
TXN_00000946,USR_029005,6.48,CRYPTO,AU,0.718,1,0
TXN_00000947,USR_036144,89.48,RETAIL,AU,0.231,1,0
TXN_00000948,USR_003495,17.47,RESTAURANT,GB,0.272,1,0
TXN_00000949,USR_030431,33.92,HOTEL,CA,0.059,1,0
TXN_00000950,USR_026800,23.06,GROCERY,IN,0.558,1,0
TXN_00000951,USR_047620,132.54,GAMING,DE,0.867,1,1
TXN_00000952,USR_031845,13.99,GROCERY,US,0.66,0,0
TXN_00000953,USR_010194,46.13,CRYPTO,GB,0.319,1,1
TXN_00000954,USR_022572,9.97,CRYPTO,IN,0.916,1,1
TXN_00000955,USR_027166,506.58,RESTAURANT,AU,0.622,1,0
TXN_00000956,USR_005227,15.04,RETAIL,GB,0.984,1,1
TXN_00000957,USR_043127,93.2,HOTEL,IN,0.668,1,0
TXN_00000958,USR_033752,17.92,HOTEL,SG,0.917,1,1
TXN_00000959,USR_036998,29.72,HOTEL,BR,0.277,1,0
TXN_00000960,USR_003762,20.31,GROCERY,AU,0.23,1,0
TXN_00000961,USR_038157,116.71,RETAIL,BR,0.978,1,1
TXN_00000962,USR_049603,100.61,HOTEL,FR,0.664,1,0
TXN_00000963,USR_046679,25.16,AIRLINE,IN,0.38,1,0
TXN_00000964,USR_045843,10.64,GROCERY,US,0.705,0,0
TXN_00000965,USR_002562,117.19,ELECTRONICS,GB,0.795,1,0
TXN_00000966,USR_043573,331.65,HOTEL,SG,0.284,1,0
TXN_00000967,USR_018664,79.96,HOTEL,FR,0.884,1,1
TXN_00000968,USR_018175,273.19,HOTEL,FR,0.739,1,0
TXN_00000969,USR_037198,188.97,CRYPTO,BR,0.344,1,0
TXN_00000970,USR_034906,192.99,GROCERY,SG,0.064,1,0
TXN_00000971,USR_017367,179.67,GROCERY,DE,0.523,1,0
TXN_00000972,USR_030593,170.53,ELECTRONICS,SG,0.527,1,0
TXN_00000973,USR_030544,65.43,AIRLINE,GB,0.092,1,0
TXN_00000974,USR_034178,73.3,RESTAURANT,AU,0.132,1,0
TXN_00000975,USR_003951,13.14,ELECTRONICS,FR,0.577,1,0
TXN_00000976,USR_049634,68.07,AIRLINE,JP,0.238,1,0
TXN_00000977,USR_028394,49.54,HOTEL,JP,0.412,1,0
TXN_00000978,USR_043746,248.72,ELECTRONICS,IN,0.226,1,0
TXN_00000979,USR_015985,91.65,CRYPTO,BR,0.311,1,0
TXN_00000980,USR_012169,71.79,GROCERY,IN,0.032,1,0
TXN_00000981,USR_010914,11.39,ELECTRONICS,US,0.754,0,0
TXN_00000982,USR_038503,159.91,RETAIL,AU,0.206,1,0
TXN_00000983,USR_030416,48.91,RESTAURANT,US,0.738,0,0
TXN_00000984,USR_029715,402.75,RESTAURANT,IN,0.107,1,0
TXN_00000985,USR_022903,16.52,GROCERY,IN,0.318,1,0
TXN_00000986,USR_023917,208.43,GROCERY,JP,0.455,1,0
TXN_00000987,USR_049072,143.73,GROCERY,FR,0.585,1,0
TXN_00000988,USR_005448,29.97,RESTAURANT,SG,0.764,1,0
TXN_00000989,USR_004423,35.99,GROCERY,US,0.432,0,0
TXN_00000990,USR_019209,178.16,RESTAURANT,JP,0.555,1,0
TXN_00000991,USR_028660,609.2,RETAIL,SG,0.77,1,0
TXN_00000992,USR_045406,97.73,RESTAURANT,SG,0.955,1,1
TXN_00000993,USR_039406,33.15,RETAIL,GB,0.36,1,0
TXN_00000994,USR_021370,23.71,HOTEL,GB,0.245,1,0
TXN_00000995,USR_025546,55.24,CRYPTO,FR,0.794,1,0
TXN_00000996,USR_007298,89.65,AIRLINE,US,0.219,0,0
TXN_00000997,USR_042347,282.03,RESTAURANT,US,0.661,0,0
TXN_00000998,USR_045040,24.53,CRYPTO,AU,0.565,1,0
TXN_00000999,USR_036706,48.03,ELECTRONICS,US,0.053,0,0
TXN_00001000,USR_001332,49.18,GAMING,AU,0.528,1,0
TXN_00001001,USR_009312,47.78,GROCERY,JP,0.819,1,0
TXN_00001002,USR_040385,83.64,CRYPTO,BR,0.21,1,0
TXN_00001003,USR_002618,197.44,CRYPTO,IN,0.278,1,0
TXN_00001004,USR_025692,40.68,RETAIL,DE,0.742,1,0
TXN_00001005,USR_023936,20.73,HOTEL,CA,0.114,1,0
TXN_00001006,USR_041140,39.65,GAMING,IN,0.535,1,0
TXN_00001007,USR_024232,127.2,RETAIL,FR,0.341,1,0
TXN_00001008,USR_031308,49.31,GROCERY,IN,0.339,1,0
TXN_00001009,USR_036255,115.34,HOTEL,JP,0.74,1,0
TXN_00001010,USR_018996,34.6,AIRLINE,SG,0.789,1,0
TXN_00001011,USR_028571,149.07,GROCERY,BR,0.885,1,1
TXN_00001012,USR_006278,215.25,HOTEL,FR,0.922,1,1
TXN_00001013,USR_001781,51.28,RETAIL,DE,0.521,1,0
TXN_00001014,USR_030164,467.48,ELECTRONICS,FR,0.57,1,1
TXN_00001015,USR_034315,209.72,CRYPTO,GB,0.307,1,0
TXN_00001016,USR_012759,86.07,HOTEL,DE,0.585,1,0
TXN_00001017,USR_014805,9.22,HOTEL,SG,0.405,1,0
TXN_00001018,USR_036328,84.77,GAMING,IN,0.783,1,0
TXN_00001019,USR_048265,279.35,HOTEL,SG,0.886,1,1
TXN_00001020,USR_014440,61.09,RETAIL,AU,0.73,1,0
TXN_00001021,USR_010373,40.29,CRYPTO,DE,0.967,1,1
TXN_00001022,USR_014625,23.22,AIRLINE,AU,0.542,1,0
TXN_00001023,USR_007814,37.43,AIRLINE,FR,0.285,1,0
TXN_00001024,USR_033893,21.61,GROCERY,JP,0.383,1,1
TXN_00001025,USR_014133,190.43,HOTEL,CA,0.454,1,0
TXN_00001026,USR_027638,133.17,RESTAURANT,CA,0.079,1,0
TXN_00001027,USR_003357,109.64,RETAIL,AU,0.318,1,0
TXN_00001028,USR_046482,36.68,RETAIL,JP,0.458,1,0
TXN_00001029,USR_042063,150.3,RESTAURANT,US,0.056,0,0
TXN_00001030,USR_004762,172.68,GROCERY,DE,0.079,1,0
TXN_00001031,USR_011447,15.55,HOTEL,AU,0.12,1,0
TXN_00001032,USR_033723,143.73,CRYPTO,GB,0.317,1,0
TXN_00001033,USR_036120,333.44,RETAIL,US,0.609,0,0
TXN_00001034,USR_035697,46.3,ELECTRONICS,DE,0.632,1,0
TXN_00001035,USR_041301,38.75,RESTAURANT,JP,0.35,1,0
TXN_00001036,USR_038699,210.29,RETAIL,GB,0.02,1,0
TXN_00001037,USR_030572,311.81,RESTAURANT,SG,0.939,1,1
TXN_00001038,USR_043583,75.5,GAMING,JP,0.198,1,0
TXN_00001039,USR_043708,33.7,GROCERY,GB,0.228,1,0
TXN_00001040,USR_013969,73.68,AIRLINE,BR,0.076,1,0
TXN_00001041,USR_038974,132.47,RETAIL,BR,0.841,1,0
TXN_00001042,USR_033811,181.76,RETAIL,JP,0.923,1,1
TXN_00001043,USR_018764,64.9,ELECTRONICS,CA,0.853,1,1
TXN_00001044,USR_034943,11.82,GAMING,CA,0.926,1,1
TXN_00001045,USR_022033,289.98,CRYPTO,IN,0.969,1,1
TXN_00001046,USR_002471,60.23,GAMING,IN,0.835,1,0
TXN_00001047,USR_001375,45.73,GROCERY,IN,0.696,1,0
TXN_00001048,USR_019537,320.66,CRYPTO,BR,0.644,1,0
TXN_00001049,USR_012920,69.88,ELECTRONICS,US,0.888,0,1
TXN_00001050,USR_035420,116.15,HOTEL,GB,0.366,1,0
TXN_00001051,USR_046579,143.76,ELECTRONICS,CA,0.536,1,0
TXN_00001052,USR_017059,47.4,GROCERY,SG,0.046,1,0
TXN_00001053,USR_008811,27.26,GAMING,DE,0.455,1,0
TXN_00001054,USR_014589,253.38,GROCERY,FR,0.744,1,0
TXN_00001055,USR_030862,217.98,GROCERY,AU,0.924,1,1
TXN_00001056,USR_032341,75.61,RETAIL,IN,0.403,1,0
TXN_00001057,USR_041692,78.72,RETAIL,CA,0.276,1,0
TXN_00001058,USR_002474,265.58,RESTAURANT,GB,0.113,1,0
TXN_00001059,USR_032275,27.1,AIRLINE,US,0.708,0,0
TXN_00001060,USR_025037,96.2,HOTEL,BR,0.594,1,0
TXN_00001061,USR_023148,92.0,HOTEL,SG,0.362,1,0
TXN_00001062,USR_048247,199.72,HOTEL,IN,0.964,1,1
TXN_00001063,USR_020796,33.26,AIRLINE,US,0.963,0,1
TXN_00001064,USR_040564,8.84,GAMING,BR,0.792,1,0
TXN_00001065,USR_023752,73.22,HOTEL,SG,0.37,1,0
TXN_00001066,USR_028400,26.63,AIRLINE,GB,0.03,1,0
TXN_00001067,USR_007190,31.05,CRYPTO,GB,0.417,1,0
TXN_00001068,USR_039881,147.71,RESTAURANT,IN,0.066,1,0
TXN_00001069,USR_016005,247.72,AIRLINE,GB,0.096,1,0
TXN_00001070,USR_009163,55.41,AIRLINE,CA,0.168,1,0
TXN_00001071,USR_030830,69.1,AIRLINE,AU,0.303,1,0
TXN_00001072,USR_038386,232.15,GROCERY,JP,0.404,1,0
TXN_00001073,USR_040847,22.39,HOTEL,BR,0.09,1,0
TXN_00001074,USR_003414,492.58,HOTEL,JP,0.185,1,0
TXN_00001075,USR_031216,51.01,RESTAURANT,DE,0.409,1,0
TXN_00001076,USR_029348,174.2,RESTAURANT,SG,0.705,1,0
TXN_00001077,USR_021347,269.14,CRYPTO,DE,0.788,1,0
TXN_00001078,USR_005165,267.89,ELECTRONICS,CA,0.223,1,0
TXN_00001079,USR_023504,51.98,GROCERY,JP,0.304,1,0
TXN_00001080,USR_014279,243.0,RETAIL,FR,0.3,1,0
TXN_00001081,USR_001988,61.46,RESTAURANT,IN,0.985,1,1
TXN_00001082,USR_045106,29.73,RESTAURANT,GB,0.721,1,0
TXN_00001083,USR_008600,294.12,GROCERY,SG,0.01,1,0
TXN_00001084,USR_022275,19.79,AIRLINE,US,0.449,0,0
TXN_00001085,USR_009847,54.11,AIRLINE,CA,0.657,1,0
TXN_00001086,USR_039575,371.93,CRYPTO,FR,0.441,1,0
TXN_00001087,USR_041654,127.76,GAMING,SG,0.308,1,0
TXN_00001088,USR_001817,9.58,GROCERY,AU,0.211,1,0
TXN_00001089,USR_043953,127.51,RETAIL,JP,0.875,1,1
TXN_00001090,USR_034892,109.51,ELECTRONICS,BR,0.27,1,0
TXN_00001091,USR_035616,77.87,AIRLINE,IN,0.413,1,0
TXN_00001092,USR_016177,17.48,GROCERY,FR,0.836,1,0
TXN_00001093,USR_016807,55.96,RESTAURANT,DE,0.179,1,0
TXN_00001094,USR_042395,72.77,RETAIL,AU,0.601,1,0
TXN_00001095,USR_037815,77.38,AIRLINE,BR,0.863,1,1
TXN_00001096,USR_032079,40.48,CRYPTO,GB,0.177,1,0
TXN_00001097,USR_003505,192.28,HOTEL,IN,0.848,1,0
TXN_00001098,USR_001121,105.53,GROCERY,US,0.514,0,0
TXN_00001099,USR_023296,33.42,ELECTRONICS,CA,0.838,1,0
TXN_00001100,USR_009621,27.53,ELECTRONICS,AU,0.875,1,1
TXN_00001101,USR_028985,49.84,AIRLINE,IN,0.785,1,0
TXN_00001102,USR_004934,540.58,RETAIL,CA,0.455,1,0
TXN_00001103,USR_013998,456.78,HOTEL,GB,0.326,1,0
TXN_00001104,USR_004345,51.77,RETAIL,IN,0.819,1,0
TXN_00001105,USR_020447,46.71,RESTAURANT,FR,0.686,1,0
TXN_00001106,USR_041571,5.26,CRYPTO,FR,0.127,1,0
TXN_00001107,USR_012657,13.26,RESTAURANT,DE,0.227,1,0
TXN_00001108,USR_017831,128.33,GAMING,SG,0.358,1,0
TXN_00001109,USR_016505,199.32,CRYPTO,AU,0.314,1,0
TXN_00001110,USR_001243,131.67,AIRLINE,CA,0.443,1,0
TXN_00001111,USR_031241,50.76,CRYPTO,IN,0.034,1,0
TXN_00001112,USR_027900,6.02,HOTEL,JP,0.146,1,0
TXN_00001113,USR_021894,136.59,CRYPTO,US,0.956,0,1
TXN_00001114,USR_005581,136.49,HOTEL,JP,0.133,1,0
TXN_00001115,USR_032059,202.98,ELECTRONICS,BR,0.358,1,0
TXN_00001116,USR_014174,13.92,GAMING,CA,0.618,1,0
TXN_00001117,USR_012785,34.87,GROCERY,DE,0.519,1,0
TXN_00001118,USR_032374,40.36,CRYPTO,SG,0.581,1,0
TXN_00001119,USR_005629,162.93,GROCERY,US,0.682,0,0
TXN_00001120,USR_043604,79.8,GROCERY,SG,0.81,1,0
TXN_00001121,USR_009994,88.37,GAMING,SG,0.453,1,0
TXN_00001122,USR_008763,130.03,HOTEL,AU,0.869,1,1
TXN_00001123,USR_006416,121.42,ELECTRONICS,GB,0.566,1,0
TXN_00001124,USR_001172,59.74,RESTAURANT,CA,0.632,1,0
TXN_00001125,USR_047306,23.51,GAMING,SG,0.739,1,0
TXN_00001126,USR_047853,196.38,CRYPTO,CA,0.43,1,0
TXN_00001127,USR_009231,100.01,RETAIL,IN,0.018,1,0
TXN_00001128,USR_025190,40.79,GAMING,JP,0.47,1,0
TXN_00001129,USR_048172,25.76,AIRLINE,DE,0.489,1,0
TXN_00001130,USR_039740,17.99,RESTAURANT,US,0.421,0,0
TXN_00001131,USR_018684,57.91,GAMING,BR,0.451,1,0
TXN_00001132,USR_033473,74.44,AIRLINE,AU,0.029,1,0
TXN_00001133,USR_008458,80.42,ELECTRONICS,AU,0.901,1,1
TXN_00001134,USR_040604,42.1,CRYPTO,SG,0.069,1,0
TXN_00001135,USR_028858,11.26,RESTAURANT,IN,0.19,1,0
TXN_00001136,USR_001456,159.83,RESTAURANT,JP,0.521,1,0
TXN_00001137,USR_037789,99.61,RETAIL,FR,0.32,1,0
TXN_00001138,USR_024302,43.47,GAMING,AU,0.685,1,0
TXN_00001139,USR_026420,118.11,RETAIL,DE,0.79,1,0
TXN_00001140,USR_025699,157.22,AIRLINE,GB,0.632,1,0
TXN_00001141,USR_015334,382.24,GROCERY,US,0.686,0,0
TXN_00001142,USR_035360,90.05,GROCERY,CA,0.04,1,0
TXN_00001143,USR_027337,20.28,AIRLINE,IN,0.841,1,0
TXN_00001144,USR_036259,91.8,RESTAURANT,GB,0.977,1,1
TXN_00001145,USR_022384,40.82,GAMING,AU,0.625,1,0
TXN_00001146,USR_018603,274.74,RESTAURANT,JP,0.813,1,0
TXN_00001147,USR_020392,70.18,RETAIL,DE,0.012,1,0
TXN_00001148,USR_035887,78.23,RETAIL,US,0.498,0,0
TXN_00001149,USR_015021,43.74,AIRLINE,FR,0.416,1,0
TXN_00001150,USR_010159,211.8,RETAIL,US,0.567,0,0
TXN_00001151,USR_026608,137.88,RESTAURANT,IN,0.547,1,0
TXN_00001152,USR_019054,15.12,CRYPTO,GB,0.22,1,0
TXN_00001153,USR_011219,5.13,CRYPTO,BR,0.379,1,0
TXN_00001154,USR_002887,25.47,ELECTRONICS,US,0.44,0,0
TXN_00001155,USR_048129,131.79,GAMING,SG,0.037,1,0
TXN_00001156,USR_039360,103.84,CRYPTO,SG,0.684,1,0
TXN_00001157,USR_040763,27.74,AIRLINE,SG,0.436,1,0
TXN_00001158,USR_043552,42.0,AIRLINE,US,0.732,0,0
TXN_00001159,USR_033342,346.05,GROCERY,BR,0.568,1,0
TXN_00001160,USR_006267,70.79,CRYPTO,US,0.377,0,0
TXN_00001161,USR_046536,20.41,GROCERY,IN,0.162,1,0
TXN_00001162,USR_009818,110.72,RESTAURANT,FR,0.136,1,0
TXN_00001163,USR_006815,148.13,RETAIL,IN,0.912,1,1
TXN_00001164,USR_001895,152.91,HOTEL,DE,0.205,1,0
TXN_00001165,USR_008198,5.28,GAMING,GB,0.363,1,0
TXN_00001166,USR_038269,19.76,HOTEL,FR,0.352,1,0
TXN_00001167,USR_009921,169.22,AIRLINE,GB,0.019,1,0
TXN_00001168,USR_037684,23.35,ELECTRONICS,AU,0.176,1,0
TXN_00001169,USR_046887,6.53,CRYPTO,JP,0.486,1,0
TXN_00001170,USR_045506,11.76,AIRLINE,US,0.52,0,0
TXN_00001171,USR_002956,72.47,AIRLINE,CA,0.7,1,0
TXN_00001172,USR_026737,61.13,RETAIL,JP,0.328,1,0
TXN_00001173,USR_042790,311.03,GROCERY,AU,0.301,1,0
TXN_00001174,USR_037108,309.41,GROCERY,IN,0.442,1,0
TXN_00001175,USR_027756,133.65,CRYPTO,SG,0.58,1,0
TXN_00001176,USR_014758,186.02,CRYPTO,FR,0.756,1,0
TXN_00001177,USR_033112,42.55,GROCERY,FR,0.728,1,0
TXN_00001178,USR_034036,86.07,RESTAURANT,BR,0.958,1,1
TXN_00001179,USR_013123,24.71,ELECTRONICS,DE,0.827,1,0
TXN_00001180,USR_031854,13.67,HOTEL,FR,0.369,1,0
TXN_00001181,USR_044018,142.13,RETAIL,GB,0.331,1,0
TXN_00001182,USR_035782,210.92,AIRLINE,AU,0.675,1,0
TXN_00001183,USR_044996,124.68,HOTEL,GB,0.746,1,0
TXN_00001184,USR_013850,8.42,RESTAURANT,JP,0.639,1,0
TXN_00001185,USR_014518,14.46,CRYPTO,AU,0.85,1,0
TXN_00001186,USR_024768,157.17,AIRLINE,FR,0.601,1,0
TXN_00001187,USR_028528,21.6,ELECTRONICS,FR,0.116,1,0
TXN_00001188,USR_005871,88.3,RESTAURANT,FR,0.68,1,0
TXN_00001189,USR_004859,101.03,GAMING,CA,0.047,1,0
TXN_00001190,USR_020077,23.99,RESTAURANT,US,0.785,0,0
TXN_00001191,USR_004284,39.48,GAMING,DE,0.484,1,0
TXN_00001192,USR_018133,37.4,CRYPTO,JP,0.362,1,0
TXN_00001193,USR_047003,54.7,ELECTRONICS,IN,0.811,1,0
TXN_00001194,USR_004616,130.46,ELECTRONICS,AU,0.877,1,1
TXN_00001195,USR_049756,82.55,ELECTRONICS,AU,0.773,1,0
TXN_00001196,USR_022391,92.82,GAMING,FR,0.918,1,1
TXN_00001197,USR_019871,62.74,GAMING,JP,0.691,1,0
TXN_00001198,USR_034576,13.52,GAMING,CA,0.118,1,0
TXN_00001199,USR_043681,127.31,CRYPTO,GB,0.743,1,0
TXN_00001200,USR_042853,115.71,RESTAURANT,US,0.217,0,0
TXN_00001201,USR_044431,44.24,AIRLINE,CA,0.417,1,0
TXN_00001202,USR_012603,140.46,GROCERY,CA,0.218,1,0
TXN_00001203,USR_039200,83.85,RESTAURANT,CA,0.783,1,0
TXN_00001204,USR_019528,109.09,CRYPTO,DE,0.579,1,0
TXN_00001205,USR_021530,140.03,AIRLINE,SG,0.986,1,1
TXN_00001206,USR_006011,77.54,CRYPTO,JP,0.721,1,0
TXN_00001207,USR_016862,63.96,AIRLINE,JP,0.341,1,0
TXN_00001208,USR_029281,129.03,RETAIL,DE,0.621,1,0
TXN_00001209,USR_015608,16.08,GAMING,FR,0.791,1,0
TXN_00001210,USR_027643,45.53,HOTEL,US,0.829,0,0
TXN_00001211,USR_008496,130.58,GROCERY,JP,0.161,1,0
TXN_00001212,USR_034998,108.51,ELECTRONICS,GB,0.746,1,1
TXN_00001213,USR_040581,89.97,RESTAURANT,DE,0.08,1,0
TXN_00001214,USR_033963,13.9,RESTAURANT,US,0.024,0,0
TXN_00001215,USR_033816,79.64,RETAIL,DE,0.534,1,0
TXN_00001216,USR_020521,33.84,RESTAURANT,FR,0.2,1,0
TXN_00001217,USR_019311,15.06,GROCERY,SG,0.537,1,0
TXN_00001218,USR_034538,328.15,GAMING,JP,0.843,1,0
TXN_00001219,USR_007252,23.65,GAMING,FR,0.882,1,1
TXN_00001220,USR_010523,51.99,GAMING,FR,0.749,1,0
TXN_00001221,USR_032857,16.65,RETAIL,CA,0.535,1,0
TXN_00001222,USR_002853,180.24,RETAIL,CA,0.145,1,0
TXN_00001223,USR_027508,246.47,GAMING,SG,0.221,1,0
TXN_00001224,USR_008628,113.65,RETAIL,GB,0.427,1,0
TXN_00001225,USR_048491,303.68,CRYPTO,SG,0.343,1,0
TXN_00001226,USR_042598,65.8,ELECTRONICS,BR,0.551,1,0
TXN_00001227,USR_027431,126.32,RESTAURANT,CA,0.314,1,0
TXN_00001228,USR_003749,171.56,AIRLINE,US,0.209,0,1
TXN_00001229,USR_012089,20.95,RESTAURANT,AU,0.682,1,0
TXN_00001230,USR_032117,24.39,RETAIL,CA,0.898,1,1
TXN_00001231,USR_021361,128.96,GAMING,FR,0.802,1,0
TXN_00001232,USR_016985,23.58,RETAIL,JP,0.589,1,0
TXN_00001233,USR_008047,64.43,GROCERY,US,0.985,0,1
TXN_00001234,USR_015039,186.85,AIRLINE,AU,0.25,1,0
TXN_00001235,USR_044093,437.65,RESTAURANT,IN,0.496,1,0
TXN_00001236,USR_007154,79.04,AIRLINE,IN,0.044,1,0
TXN_00001237,USR_030628,350.56,RETAIL,CA,0.455,1,0
TXN_00001238,USR_044403,98.06,ELECTRONICS,IN,0.029,1,0
TXN_00001239,USR_034625,12.56,CRYPTO,SG,0.286,1,0
TXN_00001240,USR_033837,61.41,RETAIL,AU,0.861,1,1
TXN_00001241,USR_025325,77.81,ELECTRONICS,BR,0.645,1,0
TXN_00001242,USR_034964,50.24,GROCERY,US,0.153,0,0
TXN_00001243,USR_025664,70.82,RETAIL,SG,0.668,1,0
TXN_00001244,USR_039247,96.73,GAMING,CA,0.214,1,0
TXN_00001245,USR_033079,62.2,GROCERY,GB,0.111,1,0
TXN_00001246,USR_028115,23.21,GROCERY,AU,0.76,1,0
TXN_00001247,USR_023051,189.26,GAMING,AU,0.582,1,0
TXN_00001248,USR_007466,307.59,GROCERY,AU,0.366,1,0
TXN_00001249,USR_030196,18.54,AIRLINE,IN,0.589,1,0
TXN_00001250,USR_017445,339.5,HOTEL,JP,0.475,1,0
TXN_00001251,USR_044659,10.35,GAMING,FR,0.141,1,0
TXN_00001252,USR_014840,434.3,CRYPTO,DE,0.396,1,0
TXN_00001253,USR_018719,71.18,GAMING,JP,0.63,1,0
TXN_00001254,USR_029687,79.7,RETAIL,CA,0.184,1,0
TXN_00001255,USR_032956,44.88,HOTEL,JP,0.837,1,0
TXN_00001256,USR_018937,38.12,GAMING,AU,0.876,1,1
TXN_00001257,USR_015180,84.32,GROCERY,BR,0.362,1,0
TXN_00001258,USR_003204,37.78,GAMING,SG,0.324,1,0
TXN_00001259,USR_045013,101.96,GROCERY,US,0.232,0,0
TXN_00001260,USR_046484,63.26,AIRLINE,SG,0.451,1,0
TXN_00001261,USR_020395,112.89,ELECTRONICS,JP,0.508,1,0
TXN_00001262,USR_005478,59.36,GROCERY,CA,0.911,1,1
TXN_00001263,USR_038794,193.03,RESTAURANT,SG,0.471,1,0
TXN_00001264,USR_033332,20.21,CRYPTO,US,0.208,0,0
TXN_00001265,USR_015140,64.91,GROCERY,AU,0.919,1,1
TXN_00001266,USR_037562,16.91,GAMING,DE,0.925,1,1
TXN_00001267,USR_045268,65.28,GAMING,IN,0.956,1,1
TXN_00001268,USR_040022,272.89,CRYPTO,DE,0.781,1,0
TXN_00001269,USR_003206,264.14,HOTEL,IN,0.614,1,0
TXN_00001270,USR_040392,42.85,HOTEL,AU,0.134,1,0
TXN_00001271,USR_020181,203.66,RESTAURANT,CA,0.654,1,0
TXN_00001272,USR_021411,115.56,ELECTRONICS,BR,0.48,1,0
TXN_00001273,USR_029701,87.67,AIRLINE,BR,0.87,1,1
TXN_00001274,USR_034380,61.91,ELECTRONICS,CA,0.877,1,1
TXN_00001275,USR_037143,43.14,GROCERY,GB,0.118,1,0
TXN_00001276,USR_034892,15.19,GAMING,FR,0.507,1,0
TXN_00001277,USR_023582,102.92,ELECTRONICS,DE,0.523,1,0
TXN_00001278,USR_042731,93.24,RESTAURANT,JP,0.059,1,0
TXN_00001279,USR_004414,22.84,ELECTRONICS,DE,0.188,1,0
TXN_00001280,USR_043917,139.88,GAMING,GB,0.776,1,0
TXN_00001281,USR_040054,65.22,GROCERY,JP,0.723,1,0
TXN_00001282,USR_008658,10.0,HOTEL,GB,0.796,1,0
TXN_00001283,USR_035472,42.85,HOTEL,AU,0.558,1,0
TXN_00001284,USR_002139,33.45,CRYPTO,SG,0.625,1,0
TXN_00001285,USR_048031,420.97,RESTAURANT,DE,0.735,1,0
TXN_00001286,USR_012362,56.55,HOTEL,AU,0.773,1,0
TXN_00001287,USR_046058,80.96,RETAIL,US,0.686,0,0
TXN_00001288,USR_025426,227.88,GAMING,US,0.222,0,0
TXN_00001289,USR_020930,104.63,RESTAURANT,GB,0.183,1,0
TXN_00001290,USR_019273,78.17,GAMING,AU,0.812,1,0
TXN_00001291,USR_041475,154.93,RETAIL,FR,0.667,1,0
TXN_00001292,USR_002119,46.09,AIRLINE,DE,0.21,1,0
TXN_00001293,USR_026305,10.8,GAMING,BR,0.172,1,0
TXN_00001294,USR_030358,70.01,RETAIL,CA,0.57,1,0
TXN_00001295,USR_005085,95.52,ELECTRONICS,GB,0.059,1,0
TXN_00001296,USR_024631,218.83,GAMING,SG,0.855,1,1
TXN_00001297,USR_023757,242.37,RETAIL,GB,0.466,1,0
TXN_00001298,USR_049443,61.68,CRYPTO,DE,0.35,1,0
TXN_00001299,USR_043795,83.9,RESTAURANT,JP,0.69,1,0
TXN_00001300,USR_010310,5.44,GROCERY,IN,0.875,1,1
TXN_00001301,USR_045244,125.11,GROCERY,GB,0.127,1,0
TXN_00001302,USR_025896,20.62,CRYPTO,IN,0.529,1,0
TXN_00001303,USR_025895,26.2,CRYPTO,JP,0.873,1,1
TXN_00001304,USR_038651,21.25,CRYPTO,FR,0.728,1,0
TXN_00001305,USR_034600,149.0,HOTEL,JP,0.986,1,1
TXN_00001306,USR_018485,228.52,RETAIL,JP,0.28,1,0
TXN_00001307,USR_040401,157.74,RESTAURANT,JP,0.582,1,0
TXN_00001308,USR_009799,73.25,CRYPTO,DE,0.454,1,0
TXN_00001309,USR_045535,31.11,HOTEL,SG,0.319,1,0
TXN_00001310,USR_015718,16.26,AIRLINE,US,0.364,0,0
TXN_00001311,USR_042069,140.63,CRYPTO,GB,0.706,1,0
TXN_00001312,USR_047264,12.13,GAMING,CA,0.204,1,0
TXN_00001313,USR_024845,403.15,RETAIL,IN,0.229,1,0
TXN_00001314,USR_001470,92.73,RETAIL,SG,0.941,1,1
TXN_00001315,USR_030265,63.3,RESTAURANT,FR,0.352,1,0
TXN_00001316,USR_009447,54.76,GAMING,DE,0.39,1,0
TXN_00001317,USR_031740,10.94,HOTEL,JP,0.182,1,0
TXN_00001318,USR_006053,19.59,GROCERY,JP,0.541,1,0
TXN_00001319,USR_015490,41.67,RESTAURANT,GB,0.24,1,0
TXN_00001320,USR_037205,164.96,GAMING,CA,0.652,1,0
TXN_00001321,USR_013421,113.4,ELECTRONICS,BR,0.385,1,0
TXN_00001322,USR_029877,200.3,AIRLINE,JP,0.77,1,0
TXN_00001323,USR_003933,119.91,HOTEL,BR,0.165,1,0
TXN_00001324,USR_016614,58.6,GAMING,US,0.875,0,1
TXN_00001325,USR_005403,72.78,GAMING,FR,0.283,1,0
TXN_00001326,USR_029854,64.86,GROCERY,SG,0.039,1,0
TXN_00001327,USR_026170,17.84,HOTEL,GB,0.764,1,0
TXN_00001328,USR_006967,81.94,CRYPTO,CA,0.458,1,0
TXN_00001329,USR_045097,85.22,HOTEL,JP,0.889,1,1
TXN_00001330,USR_003750,70.3,RETAIL,CA,0.451,1,0
TXN_00001331,USR_023737,29.26,GAMING,DE,0.506,1,0
TXN_00001332,USR_036224,193.83,AIRLINE,DE,0.62,1,0
TXN_00001333,USR_015458,67.69,ELECTRONICS,JP,0.052,1,0
TXN_00001334,USR_032026,27.01,GAMING,US,0.794,0,0
TXN_00001335,USR_007320,153.28,CRYPTO,AU,0.503,1,0
TXN_00001336,USR_001778,437.55,RESTAURANT,CA,0.382,1,0
TXN_00001337,USR_030413,138.86,GROCERY,AU,0.801,1,0
TXN_00001338,USR_028864,47.68,CRYPTO,AU,0.609,1,0
TXN_00001339,USR_031026,276.72,RETAIL,US,0.344,0,0
TXN_00001340,USR_005549,162.68,HOTEL,BR,0.456,1,0
TXN_00001341,USR_016596,9.86,RESTAURANT,SG,0.748,1,0
TXN_00001342,USR_013464,175.42,RETAIL,FR,0.428,1,0
TXN_00001343,USR_003612,94.02,GAMING,GB,0.937,1,1
TXN_00001344,USR_012179,56.61,RESTAURANT,BR,0.745,1,0
TXN_00001345,USR_033618,11.66,GAMING,IN,0.47,1,0
TXN_00001346,USR_009763,59.53,CRYPTO,CA,0.468,1,0
TXN_00001347,USR_016793,13.94,GROCERY,FR,0.807,1,0
TXN_00001348,USR_012217,64.59,ELECTRONICS,JP,0.439,1,0
TXN_00001349,USR_039211,79.78,RESTAURANT,CA,0.707,1,0
TXN_00001350,USR_037944,116.42,ELECTRONICS,FR,0.02,1,0
TXN_00001351,USR_026760,60.44,AIRLINE,GB,0.334,1,0
TXN_00001352,USR_012540,17.35,GAMING,CA,0.808,1,0
TXN_00001353,USR_005162,74.07,AIRLINE,BR,0.344,1,0
TXN_00001354,USR_023739,348.49,GAMING,SG,0.776,1,0
TXN_00001355,USR_021149,22.36,RETAIL,US,0.979,0,1
TXN_00001356,USR_044015,59.75,RETAIL,JP,0.682,1,0
TXN_00001357,USR_005333,38.89,GROCERY,US,0.813,0,0
TXN_00001358,USR_043597,32.75,RESTAURANT,US,0.902,0,1
TXN_00001359,USR_004361,121.47,GROCERY,IN,0.924,1,1
TXN_00001360,USR_015363,34.39,RESTAURANT,US,0.598,0,0
TXN_00001361,USR_004048,132.22,AIRLINE,FR,0.06,1,0
TXN_00001362,USR_030723,245.64,AIRLINE,CA,0.176,1,0
TXN_00001363,USR_019665,55.45,HOTEL,IN,0.928,1,1
TXN_00001364,USR_013067,101.14,HOTEL,SG,0.888,1,1
TXN_00001365,USR_005358,186.64,ELECTRONICS,FR,0.551,1,0
TXN_00001366,USR_007498,51.11,CRYPTO,AU,0.758,1,0
TXN_00001367,USR_002777,15.74,RESTAURANT,IN,0.054,1,0
TXN_00001368,USR_040177,33.31,RETAIL,CA,0.425,1,0
TXN_00001369,USR_001989,69.4,HOTEL,IN,0.163,1,0
TXN_00001370,USR_049172,192.33,GAMING,GB,0.496,1,0
TXN_00001371,USR_019963,39.22,GAMING,CA,0.192,1,0
TXN_00001372,USR_044274,70.47,RESTAURANT,JP,0.894,1,1
TXN_00001373,USR_034784,50.21,GAMING,SG,0.106,1,0
TXN_00001374,USR_012637,18.53,RETAIL,SG,0.951,1,1
TXN_00001375,USR_003045,60.29,ELECTRONICS,AU,0.699,1,0
TXN_00001376,USR_041452,6.94,GROCERY,FR,0.042,1,0
TXN_00001377,USR_001460,17.42,RESTAURANT,CA,0.705,1,0
TXN_00001378,USR_015409,33.66,HOTEL,JP,0.11,1,0
TXN_00001379,USR_017846,21.59,GROCERY,JP,0.881,1,1
TXN_00001380,USR_038437,70.95,AIRLINE,GB,0.519,1,0
TXN_00001381,USR_030405,36.63,AIRLINE,CA,0.989,1,1
TXN_00001382,USR_017761,35.5,HOTEL,FR,0.687,1,0
TXN_00001383,USR_026063,234.77,RESTAURANT,US,0.081,0,0
TXN_00001384,USR_017850,30.14,RESTAURANT,GB,0.265,1,0
TXN_00001385,USR_022382,24.43,ELECTRONICS,AU,0.107,1,0
TXN_00001386,USR_005971,130.28,HOTEL,GB,0.758,1,0
TXN_00001387,USR_047184,19.97,ELECTRONICS,CA,0.492,1,0
TXN_00001388,USR_017440,6.66,GROCERY,SG,0.102,1,0
TXN_00001389,USR_002168,32.93,RETAIL,DE,0.942,1,1
TXN_00001390,USR_049362,227.83,CRYPTO,DE,0.578,1,0
TXN_00001391,USR_022175,117.01,RETAIL,DE,0.862,1,1
TXN_00001392,USR_025140,200.97,GAMING,IN,0.715,1,1
TXN_00001393,USR_041865,107.88,CRYPTO,IN,0.401,1,0
TXN_00001394,USR_012761,176.95,HOTEL,JP,0.319,1,0
TXN_00001395,USR_006500,61.74,GAMING,GB,0.566,1,0
TXN_00001396,USR_024381,75.2,ELECTRONICS,FR,0.658,1,0
TXN_00001397,USR_048174,23.65,HOTEL,DE,0.924,1,1
TXN_00001398,USR_034530,332.17,HOTEL,IN,0.194,1,0
TXN_00001399,USR_041298,31.22,RETAIL,GB,0.435,1,0
TXN_00001400,USR_026780,131.47,RESTAURANT,GB,0.664,1,0
TXN_00001401,USR_005314,35.6,AIRLINE,IN,0.388,1,0
TXN_00001402,USR_003412,12.26,CRYPTO,DE,0.863,1,1
TXN_00001403,USR_047694,397.26,RESTAURANT,SG,0.365,1,0
TXN_00001404,USR_033364,13.07,AIRLINE,CA,0.473,1,0
TXN_00001405,USR_021178,98.7,GROCERY,AU,0.978,1,1
TXN_00001406,USR_014856,174.01,ELECTRONICS,GB,0.854,1,1
TXN_00001407,USR_029657,35.29,CRYPTO,CA,0.8,1,0
TXN_00001408,USR_014985,76.95,ELECTRONICS,US,0.034,0,0
TXN_00001409,USR_040141,20.96,GAMING,DE,0.313,1,0
TXN_00001410,USR_046203,117.26,ELECTRONICS,IN,0.748,1,0
TXN_00001411,USR_033889,147.46,AIRLINE,GB,0.125,1,0
TXN_00001412,USR_027683,35.59,AIRLINE,JP,0.774,1,0
TXN_00001413,USR_042722,14.26,RETAIL,AU,0.433,1,0
TXN_00001414,USR_037137,37.94,GAMING,BR,0.245,1,0
TXN_00001415,USR_027955,58.54,GROCERY,SG,0.782,1,0
TXN_00001416,USR_009036,63.48,RETAIL,DE,0.328,1,0
TXN_00001417,USR_034786,175.35,AIRLINE,GB,0.749,1,0
TXN_00001418,USR_037953,34.25,HOTEL,BR,0.37,1,0
TXN_00001419,USR_047457,12.55,AIRLINE,CA,0.841,1,0
TXN_00001420,USR_042377,370.12,AIRLINE,AU,0.047,1,0
TXN_00001421,USR_016954,78.93,CRYPTO,IN,0.439,1,0
TXN_00001422,USR_038139,60.01,HOTEL,BR,0.046,1,0
TXN_00001423,USR_047681,226.01,GAMING,AU,0.91,1,1
TXN_00001424,USR_019893,83.02,ELECTRONICS,CA,0.277,1,0
TXN_00001425,USR_032776,15.53,RESTAURANT,FR,0.472,1,0
TXN_00001426,USR_036822,171.1,HOTEL,IN,0.94,1,1
TXN_00001427,USR_013639,62.26,AIRLINE,GB,0.052,1,0
TXN_00001428,USR_032688,5.49,ELECTRONICS,DE,0.165,1,0
TXN_00001429,USR_030882,211.18,ELECTRONICS,IN,0.352,1,0
TXN_00001430,USR_045861,204.41,RETAIL,IN,0.843,1,0
TXN_00001431,USR_040382,105.45,RESTAURANT,GB,0.909,1,1
TXN_00001432,USR_023281,157.48,RESTAURANT,DE,0.837,1,0
TXN_00001433,USR_048794,86.17,GAMING,DE,0.422,1,0
TXN_00001434,USR_023595,68.91,RESTAURANT,US,0.49,0,0
TXN_00001435,USR_016852,10.54,HOTEL,GB,0.107,1,1
TXN_00001436,USR_009967,147.85,GAMING,AU,0.147,1,0
TXN_00001437,USR_012032,43.25,ELECTRONICS,GB,0.775,1,0
TXN_00001438,USR_017297,20.6,RETAIL,GB,0.749,1,0
TXN_00001439,USR_012947,75.08,GROCERY,FR,0.467,1,0
TXN_00001440,USR_017907,15.21,HOTEL,BR,0.983,1,1
TXN_00001441,USR_034347,102.5,CRYPTO,BR,0.135,1,0
TXN_00001442,USR_033685,22.75,GAMING,CA,0.603,1,0
TXN_00001443,USR_039645,100.73,ELECTRONICS,GB,0.192,1,0
TXN_00001444,USR_015329,69.09,HOTEL,IN,0.644,1,0
TXN_00001445,USR_023747,5.67,ELECTRONICS,AU,0.804,1,0
TXN_00001446,USR_002434,108.51,GROCERY,GB,0.4,1,0
TXN_00001447,USR_043526,143.88,AIRLINE,CA,0.58,1,1
TXN_00001448,USR_045521,46.93,HOTEL,BR,0.985,1,1
TXN_00001449,USR_022042,177.01,RESTAURANT,JP,0.648,1,0
TXN_00001450,USR_009513,92.91,RETAIL,GB,0.348,1,0
TXN_00001451,USR_028071,181.82,GAMING,SG,0.912,1,1
TXN_00001452,USR_015456,227.2,CRYPTO,GB,0.72,1,0
TXN_00001453,USR_013637,42.68,ELECTRONICS,JP,0.227,1,0
TXN_00001454,USR_043615,95.63,AIRLINE,CA,0.25,1,0
TXN_00001455,USR_002835,11.77,RESTAURANT,AU,0.713,1,0
TXN_00001456,USR_046931,6.48,HOTEL,BR,0.323,1,0
TXN_00001457,USR_035963,84.17,AIRLINE,AU,0.275,1,0
TXN_00001458,USR_014770,207.82,RETAIL,BR,0.832,1,0
TXN_00001459,USR_024215,9.27,CRYPTO,IN,0.975,1,1
TXN_00001460,USR_037188,34.76,CRYPTO,AU,0.905,1,1
TXN_00001461,USR_025320,365.98,ELECTRONICS,JP,0.088,1,0
TXN_00001462,USR_001083,67.55,RESTAURANT,JP,0.214,1,0
TXN_00001463,USR_017539,9.6,AIRLINE,SG,0.908,1,1
TXN_00001464,USR_049233,408.34,RESTAURANT,AU,0.065,1,0
TXN_00001465,USR_040329,14.9,GROCERY,AU,0.226,1,0
TXN_00001466,USR_007883,51.36,AIRLINE,US,0.196,0,0
TXN_00001467,USR_022827,40.54,RETAIL,US,0.459,0,0
TXN_00001468,USR_025159,28.28,HOTEL,IN,0.262,1,0
TXN_00001469,USR_039346,86.88,RETAIL,SG,0.601,1,0
TXN_00001470,USR_004121,66.04,ELECTRONICS,AU,0.654,1,0
TXN_00001471,USR_011090,7.27,ELECTRONICS,BR,0.88,1,1
TXN_00001472,USR_008089,208.92,RETAIL,FR,0.832,1,0
TXN_00001473,USR_006614,153.51,GROCERY,FR,0.241,1,0
TXN_00001474,USR_015570,87.05,HOTEL,BR,0.508,1,0
TXN_00001475,USR_032129,49.6,ELECTRONICS,US,0.876,0,1
TXN_00001476,USR_033706,203.11,RESTAURANT,IN,0.544,1,0
TXN_00001477,USR_012381,53.85,HOTEL,AU,0.113,1,0
TXN_00001478,USR_014199,348.26,GROCERY,SG,0.521,1,0
TXN_00001479,USR_003128,66.03,AIRLINE,BR,0.488,1,0
TXN_00001480,USR_004436,48.61,GAMING,GB,0.47,1,0
TXN_00001481,USR_047436,70.93,AIRLINE,FR,0.539,1,0
TXN_00001482,USR_041799,361.85,GROCERY,GB,0.644,1,0
TXN_00001483,USR_015461,29.38,GAMING,AU,0.252,1,1
TXN_00001484,USR_025500,54.14,GROCERY,CA,0.13,1,0
TXN_00001485,USR_016170,229.49,RETAIL,JP,0.784,1,0
TXN_00001486,USR_011851,115.18,GROCERY,US,0.326,0,0
TXN_00001487,USR_021852,37.45,HOTEL,SG,0.622,1,0
TXN_00001488,USR_014193,83.7,HOTEL,US,0.378,0,0
TXN_00001489,USR_030419,47.42,ELECTRONICS,FR,0.33,1,0
TXN_00001490,USR_035215,222.9,CRYPTO,BR,0.915,1,1
TXN_00001491,USR_015281,137.92,GAMING,SG,0.692,1,0
TXN_00001492,USR_010521,127.35,GROCERY,BR,0.95,1,1
TXN_00001493,USR_017550,87.39,GAMING,JP,0.496,1,0
TXN_00001494,USR_025400,49.81,CRYPTO,IN,0.746,1,0
TXN_00001495,USR_004655,71.64,GAMING,GB,0.926,1,1
TXN_00001496,USR_008625,5.14,RETAIL,US,0.438,0,0
TXN_00001497,USR_021836,88.12,GROCERY,GB,0.564,1,0
TXN_00001498,USR_042739,442.93,HOTEL,JP,0.499,1,0
TXN_00001499,USR_030753,12.24,ELECTRONICS,DE,0.08,1,0
TXN_00001500,USR_038967,28.91,RETAIL,DE,0.033,1,0
TXN_00001501,USR_004948,23.23,AIRLINE,CA,0.467,1,0
TXN_00001502,USR_027591,75.19,AIRLINE,US,0.032,0,0
TXN_00001503,USR_016530,371.75,GROCERY,JP,0.263,1,0
TXN_00001504,USR_036812,481.25,RETAIL,BR,0.29,1,0
TXN_00001505,USR_025964,56.26,AIRLINE,SG,0.336,1,0
TXN_00001506,USR_015719,29.87,RESTAURANT,AU,0.511,1,0
TXN_00001507,USR_018844,200.69,GAMING,FR,0.656,1,0
TXN_00001508,USR_017166,31.34,AIRLINE,BR,0.147,1,0
TXN_00001509,USR_030252,6.77,GAMING,JP,0.702,1,0
TXN_00001510,USR_026637,11.92,HOTEL,BR,0.357,1,0
TXN_00001511,USR_018348,53.59,AIRLINE,GB,0.063,1,0
TXN_00001512,USR_041793,259.49,RETAIL,AU,0.742,1,0
TXN_00001513,USR_005992,67.14,CRYPTO,FR,0.929,1,1
TXN_00001514,USR_001506,88.9,CRYPTO,BR,0.552,1,0
TXN_00001515,USR_047666,63.23,ELECTRONICS,AU,0.974,1,1
TXN_00001516,USR_012795,17.56,RETAIL,IN,0.845,1,0
TXN_00001517,USR_021412,394.08,CRYPTO,IN,0.606,1,0
TXN_00001518,USR_032230,89.27,HOTEL,IN,0.582,1,0
TXN_00001519,USR_021974,121.36,RESTAURANT,DE,0.806,1,0
TXN_00001520,USR_046363,26.74,ELECTRONICS,JP,0.459,1,0
TXN_00001521,USR_007597,87.92,RESTAURANT,CA,0.944,1,1
TXN_00001522,USR_007835,20.13,RESTAURANT,IN,0.894,1,1
TXN_00001523,USR_018965,29.56,CRYPTO,FR,0.924,1,1
TXN_00001524,USR_004926,124.12,HOTEL,FR,0.099,1,0
TXN_00001525,USR_011973,276.43,CRYPTO,DE,0.615,1,0
TXN_00001526,USR_049715,205.31,RETAIL,AU,0.153,1,0
TXN_00001527,USR_032416,102.27,GROCERY,DE,0.867,1,1
TXN_00001528,USR_032630,214.54,RESTAURANT,DE,0.229,1,0
TXN_00001529,USR_014968,39.01,ELECTRONICS,AU,0.451,1,0
TXN_00001530,USR_014594,19.33,RETAIL,FR,0.622,1,0
TXN_00001531,USR_021519,97.31,GROCERY,BR,0.141,1,0
TXN_00001532,USR_033816,158.75,ELECTRONICS,GB,0.34,1,0
TXN_00001533,USR_035088,31.86,RESTAURANT,JP,0.379,1,0
TXN_00001534,USR_036398,64.51,GROCERY,IN,0.061,1,0
TXN_00001535,USR_009940,29.09,ELECTRONICS,BR,0.921,1,1
TXN_00001536,USR_038191,103.55,GROCERY,US,0.822,0,1
TXN_00001537,USR_031778,22.43,RETAIL,BR,0.623,1,0
TXN_00001538,USR_019598,113.75,RETAIL,CA,0.848,1,0
TXN_00001539,USR_006659,59.28,RESTAURANT,FR,0.22,1,0
TXN_00001540,USR_021691,17.79,RESTAURANT,CA,0.09,1,0
TXN_00001541,USR_010309,137.15,HOTEL,JP,0.781,1,0
TXN_00001542,USR_020943,106.52,RESTAURANT,IN,0.223,1,0
TXN_00001543,USR_009644,32.52,RESTAURANT,FR,0.6,1,0
TXN_00001544,USR_006961,15.8,ELECTRONICS,IN,0.293,1,0
TXN_00001545,USR_046811,10.57,GAMING,BR,0.563,1,0
TXN_00001546,USR_022007,5.59,RESTAURANT,SG,0.269,1,0
TXN_00001547,USR_034454,158.83,RETAIL,SG,0.962,1,1
TXN_00001548,USR_009374,38.33,HOTEL,DE,0.312,1,0
TXN_00001549,USR_017623,15.56,CRYPTO,BR,0.974,1,1
TXN_00001550,USR_024378,81.12,AIRLINE,BR,0.176,1,0
TXN_00001551,USR_032243,105.13,GAMING,US,0.777,0,0
TXN_00001552,USR_024593,20.26,HOTEL,CA,0.721,1,0
TXN_00001553,USR_024873,259.55,RESTAURANT,AU,0.027,1,0
TXN_00001554,USR_015244,481.62,ELECTRONICS,CA,0.067,1,0
TXN_00001555,USR_026452,118.19,RESTAURANT,GB,0.1,1,0
TXN_00001556,USR_034742,43.65,GAMING,DE,0.598,1,0
TXN_00001557,USR_018186,66.46,GAMING,SG,0.087,1,0
TXN_00001558,USR_007814,71.63,ELECTRONICS,JP,0.799,1,0
TXN_00001559,USR_009750,23.34,CRYPTO,DE,0.083,1,0
TXN_00001560,USR_041377,100.83,GROCERY,CA,0.357,1,0
TXN_00001561,USR_036012,16.64,GAMING,DE,0.705,1,0
TXN_00001562,USR_033520,17.77,GROCERY,US,0.498,0,0
TXN_00001563,USR_033038,8.76,ELECTRONICS,CA,0.042,1,0
TXN_00001564,USR_001504,213.75,GAMING,US,0.337,0,0
TXN_00001565,USR_003964,82.96,RESTAURANT,SG,0.692,1,0
TXN_00001566,USR_021146,366.98,CRYPTO,FR,0.721,1,0
TXN_00001567,USR_026765,10.59,AIRLINE,IN,0.441,1,0
TXN_00001568,USR_021653,91.01,HOTEL,IN,0.362,1,0
TXN_00001569,USR_011771,14.89,CRYPTO,JP,0.778,1,0
TXN_00001570,USR_037472,66.69,RETAIL,JP,0.525,1,0
TXN_00001571,USR_042167,66.35,GAMING,GB,0.736,1,0
TXN_00001572,USR_025138,10.58,GAMING,JP,0.072,1,0
TXN_00001573,USR_007733,7.76,GAMING,IN,0.519,1,0
TXN_00001574,USR_024168,120.28,GROCERY,FR,0.871,1,1
TXN_00001575,USR_028121,32.3,ELECTRONICS,IN,0.172,1,0
TXN_00001576,USR_008697,61.34,RETAIL,DE,0.168,1,0
TXN_00001577,USR_041906,63.48,CRYPTO,FR,0.7,1,0
TXN_00001578,USR_033185,36.12,GAMING,DE,0.02,1,0
TXN_00001579,USR_003076,23.57,GAMING,US,0.954,0,1
TXN_00001580,USR_011746,25.77,AIRLINE,AU,0.635,1,0
TXN_00001581,USR_046271,49.94,GAMING,IN,0.646,1,0
TXN_00001582,USR_027630,61.78,ELECTRONICS,CA,0.036,1,0
TXN_00001583,USR_024679,38.83,ELECTRONICS,BR,0.763,1,0
TXN_00001584,USR_004759,153.71,RESTAURANT,SG,0.542,1,0
TXN_00001585,USR_025218,80.64,GROCERY,CA,0.588,1,0
TXN_00001586,USR_004446,30.94,GROCERY,JP,0.951,1,1
TXN_00001587,USR_027399,92.36,HOTEL,FR,0.084,1,0
TXN_00001588,USR_032523,367.1,AIRLINE,SG,0.938,1,1
TXN_00001589,USR_034380,19.18,HOTEL,DE,0.571,1,0
TXN_00001590,USR_040197,276.84,CRYPTO,JP,0.679,1,0
TXN_00001591,USR_035872,36.92,ELECTRONICS,AU,0.488,1,0
TXN_00001592,USR_049227,271.91,GAMING,IN,0.356,1,0
TXN_00001593,USR_048497,606.64,CRYPTO,CA,0.828,1,0
TXN_00001594,USR_048201,83.93,AIRLINE,GB,0.146,1,0
TXN_00001595,USR_006321,199.68,HOTEL,DE,0.027,1,0
TXN_00001596,USR_031511,29.52,RESTAURANT,GB,0.153,1,0
TXN_00001597,USR_047019,228.35,AIRLINE,FR,0.061,1,0
TXN_00001598,USR_011336,27.13,HOTEL,IN,0.729,1,0
TXN_00001599,USR_009377,162.07,RESTAURANT,JP,0.875,1,1
TXN_00001600,USR_027253,354.33,CRYPTO,BR,0.042,1,0
TXN_00001601,USR_046995,131.96,CRYPTO,FR,0.519,1,0
TXN_00001602,USR_004339,117.98,HOTEL,FR,0.653,1,0
TXN_00001603,USR_048936,37.78,GAMING,CA,0.783,1,0
TXN_00001604,USR_010995,9.06,AIRLINE,BR,0.477,1,0
TXN_00001605,USR_026675,33.91,HOTEL,JP,0.447,1,0
TXN_00001606,USR_029974,229.56,HOTEL,GB,0.064,1,0
TXN_00001607,USR_027520,320.2,GROCERY,AU,0.06,1,0
TXN_00001608,USR_026346,95.2,AIRLINE,US,0.845,0,0
TXN_00001609,USR_027583,106.63,ELECTRONICS,JP,0.82,1,0
TXN_00001610,USR_023705,120.06,RESTAURANT,IN,0.812,1,0
TXN_00001611,USR_021941,67.31,RETAIL,SG,0.873,1,1
TXN_00001612,USR_008129,285.98,RETAIL,JP,0.107,1,0
TXN_00001613,USR_012582,40.86,RETAIL,AU,0.421,1,0
TXN_00001614,USR_023914,6.26,RESTAURANT,DE,0.415,1,0
TXN_00001615,USR_017815,189.89,ELECTRONICS,DE,0.106,1,0
TXN_00001616,USR_001833,6.58,RETAIL,GB,0.869,1,1
TXN_00001617,USR_022487,19.08,GROCERY,JP,0.441,1,0
TXN_00001618,USR_036686,98.96,HOTEL,CA,0.294,1,0
TXN_00001619,USR_032991,113.57,AIRLINE,SG,0.926,1,1
TXN_00001620,USR_006517,32.97,AIRLINE,SG,0.31,1,0
TXN_00001621,USR_010003,20.3,GAMING,AU,0.814,1,0
TXN_00001622,USR_049807,141.38,GROCERY,GB,0.685,1,0
TXN_00001623,USR_011235,873.12,HOTEL,AU,0.285,1,0
TXN_00001624,USR_048100,277.88,ELECTRONICS,FR,0.52,1,0
TXN_00001625,USR_047861,128.32,CRYPTO,GB,0.306,1,0
TXN_00001626,USR_034945,40.58,RESTAURANT,JP,0.09,1,0
TXN_00001627,USR_005076,5.34,ELECTRONICS,CA,0.059,1,0
TXN_00001628,USR_026290,71.78,AIRLINE,DE,0.655,1,0
TXN_00001629,USR_002324,265.85,GROCERY,SG,0.143,1,0
TXN_00001630,USR_016728,11.12,GAMING,IN,0.792,1,0
TXN_00001631,USR_001488,211.89,GAMING,BR,0.797,1,0
TXN_00001632,USR_014648,21.15,RESTAURANT,US,0.039,0,0
TXN_00001633,USR_029099,25.71,CRYPTO,US,0.694,0,0
TXN_00001634,USR_008366,6.45,CRYPTO,BR,0.257,1,0
TXN_00001635,USR_030442,39.97,AIRLINE,BR,0.299,1,0
TXN_00001636,USR_028973,127.58,RESTAURANT,JP,0.458,1,0
TXN_00001637,USR_005988,143.34,CRYPTO,IN,0.624,1,0
TXN_00001638,USR_013036,42.61,RESTAURANT,AU,0.278,1,0
TXN_00001639,USR_043423,21.05,ELECTRONICS,CA,0.953,1,1
TXN_00001640,USR_002831,65.29,CRYPTO,US,0.739,0,0
TXN_00001641,USR_021411,49.24,CRYPTO,BR,0.457,1,0
TXN_00001642,USR_043896,264.23,ELECTRONICS,FR,0.709,1,0
TXN_00001643,USR_024190,100.3,HOTEL,BR,0.724,1,0
TXN_00001644,USR_027728,140.75,GROCERY,FR,0.146,1,0
TXN_00001645,USR_035345,77.82,GAMING,US,0.935,0,1
TXN_00001646,USR_010053,70.34,HOTEL,DE,0.689,1,0
TXN_00001647,USR_041192,82.91,RETAIL,CA,0.414,1,0
TXN_00001648,USR_019835,74.46,GROCERY,FR,0.214,1,0
TXN_00001649,USR_005450,15.9,HOTEL,FR,0.678,1,0
TXN_00001650,USR_026576,13.5,ELECTRONICS,IN,0.607,1,0
TXN_00001651,USR_040111,120.37,AIRLINE,GB,0.113,1,0
TXN_00001652,USR_031056,221.6,ELECTRONICS,AU,0.459,1,0
TXN_00001653,USR_032251,45.22,GROCERY,SG,0.905,1,1
TXN_00001654,USR_045124,126.59,RESTAURANT,CA,0.804,1,0
TXN_00001655,USR_017840,183.99,ELECTRONICS,GB,0.08,1,0
TXN_00001656,USR_043787,17.63,CRYPTO,US,0.517,0,0
TXN_00001657,USR_047400,21.52,RESTAURANT,AU,0.215,1,0
TXN_00001658,USR_015533,99.19,GROCERY,US,0.047,0,0
TXN_00001659,USR_015546,62.71,RESTAURANT,SG,0.412,1,0
TXN_00001660,USR_029815,94.31,AIRLINE,SG,0.61,1,0
TXN_00001661,USR_029131,95.69,HOTEL,US,0.32,0,0
TXN_00001662,USR_031305,104.91,AIRLINE,FR,0.781,1,0
TXN_00001663,USR_031143,172.61,CRYPTO,SG,0.772,1,0
TXN_00001664,USR_030210,74.47,GROCERY,DE,0.793,1,0
TXN_00001665,USR_024476,223.67,ELECTRONICS,SG,0.389,1,0
TXN_00001666,USR_007493,219.45,GROCERY,SG,0.932,1,1
TXN_00001667,USR_049711,16.16,AIRLINE,IN,0.674,1,0
TXN_00001668,USR_012329,311.94,RESTAURANT,BR,0.037,1,0
TXN_00001669,USR_031393,31.46,RESTAURANT,US,0.673,0,0
TXN_00001670,USR_022243,73.96,AIRLINE,DE,0.499,1,0
TXN_00001671,USR_018371,29.53,ELECTRONICS,BR,0.933,1,1
TXN_00001672,USR_034507,59.44,CRYPTO,AU,0.91,1,1
TXN_00001673,USR_029845,32.78,AIRLINE,CA,0.103,1,0
TXN_00001674,USR_004237,107.75,AIRLINE,FR,0.553,1,0
TXN_00001675,USR_004889,46.87,GAMING,FR,0.019,1,0
TXN_00001676,USR_008957,50.81,AIRLINE,JP,0.98,1,1
TXN_00001677,USR_011688,21.01,RETAIL,AU,0.924,1,1
TXN_00001678,USR_047564,56.54,HOTEL,SG,0.263,1,0
TXN_00001679,USR_013618,145.29,AIRLINE,JP,0.247,1,0
TXN_00001680,USR_016364,10.84,RETAIL,CA,0.43,1,0
TXN_00001681,USR_044963,6.26,GROCERY,FR,0.103,1,0
TXN_00001682,USR_036936,15.24,CRYPTO,JP,0.736,1,0
TXN_00001683,USR_044476,146.75,RETAIL,JP,0.305,1,0
TXN_00001684,USR_034608,30.21,HOTEL,BR,0.409,1,0
TXN_00001685,USR_038109,40.25,GROCERY,DE,0.593,1,0
TXN_00001686,USR_039301,170.43,ELECTRONICS,CA,0.943,1,1
TXN_00001687,USR_039053,198.96,CRYPTO,BR,0.392,1,0
TXN_00001688,USR_019762,86.27,CRYPTO,AU,0.535,1,0
TXN_00001689,USR_027802,98.91,CRYPTO,US,0.705,0,0
TXN_00001690,USR_044956,25.35,CRYPTO,GB,0.135,1,0
TXN_00001691,USR_013173,78.06,RESTAURANT,CA,0.634,1,0
TXN_00001692,USR_048509,78.6,GROCERY,IN,0.617,1,0
TXN_00001693,USR_029991,16.04,GAMING,BR,0.362,1,0
TXN_00001694,USR_034529,14.28,CRYPTO,JP,0.556,1,0
TXN_00001695,USR_045821,38.27,RETAIL,JP,0.051,1,0
TXN_00001696,USR_024433,11.01,CRYPTO,JP,0.635,1,0
TXN_00001697,USR_033586,88.07,ELECTRONICS,JP,0.72,1,0
TXN_00001698,USR_005385,134.68,RESTAURANT,SG,0.657,1,0
TXN_00001699,USR_034097,77.33,GAMING,CA,0.19,1,0
TXN_00001700,USR_034881,43.02,GAMING,IN,0.688,1,0
TXN_00001701,USR_034058,100.83,GAMING,JP,0.637,1,0
TXN_00001702,USR_038085,183.05,AIRLINE,AU,0.346,1,0
TXN_00001703,USR_016909,20.39,GAMING,FR,0.055,1,0
TXN_00001704,USR_042313,14.57,HOTEL,CA,0.652,1,0
TXN_00001705,USR_044849,206.84,GAMING,SG,0.801,1,0
TXN_00001706,USR_033145,10.86,GROCERY,AU,0.804,1,0
TXN_00001707,USR_024789,176.35,HOTEL,FR,0.154,1,0
TXN_00001708,USR_038242,150.71,RESTAURANT,FR,0.113,1,0
TXN_00001709,USR_037805,24.06,AIRLINE,SG,0.173,1,0
TXN_00001710,USR_022622,23.12,HOTEL,GB,0.201,1,0
TXN_00001711,USR_035710,389.26,GROCERY,DE,0.492,1,0
TXN_00001712,USR_032212,96.56,GAMING,IN,0.221,1,0
TXN_00001713,USR_017006,5.81,AIRLINE,IN,0.884,1,1
TXN_00001714,USR_011384,21.75,HOTEL,GB,0.977,1,1
TXN_00001715,USR_039503,30.46,HOTEL,GB,0.253,1,0
TXN_00001716,USR_007215,71.52,HOTEL,GB,0.711,1,0
TXN_00001717,USR_043412,20.26,RETAIL,IN,0.462,1,0
TXN_00001718,USR_048479,223.19,AIRLINE,FR,0.171,1,0
TXN_00001719,USR_049931,164.43,GROCERY,CA,0.101,1,0
TXN_00001720,USR_004275,98.94,RESTAURANT,BR,0.218,1,0
TXN_00001721,USR_013678,26.78,GAMING,CA,0.858,1,1
TXN_00001722,USR_004911,53.52,GROCERY,JP,0.891,1,1
TXN_00001723,USR_015393,66.18,AIRLINE,GB,0.683,1,0
TXN_00001724,USR_021167,122.74,RETAIL,CA,0.79,1,0
TXN_00001725,USR_020481,161.59,GROCERY,BR,0.154,1,0
TXN_00001726,USR_010973,66.97,GAMING,DE,0.283,1,0
TXN_00001727,USR_006271,33.64,RESTAURANT,DE,0.729,1,0
TXN_00001728,USR_001493,104.97,GROCERY,CA,0.276,1,0
TXN_00001729,USR_036448,152.61,RETAIL,BR,0.815,1,0
TXN_00001730,USR_009051,115.34,RESTAURANT,GB,0.191,1,0
TXN_00001731,USR_043955,25.97,AIRLINE,US,0.298,0,0
TXN_00001732,USR_013529,61.02,RETAIL,JP,0.336,1,0
TXN_00001733,USR_043320,50.3,HOTEL,FR,0.185,1,0
TXN_00001734,USR_019089,33.63,GAMING,IN,0.675,1,0
TXN_00001735,USR_008838,59.08,GAMING,FR,0.7,1,0
TXN_00001736,USR_007148,200.37,RETAIL,DE,0.767,1,0
TXN_00001737,USR_034518,90.14,GAMING,IN,0.666,1,0
TXN_00001738,USR_025458,154.63,AIRLINE,JP,0.113,1,0
TXN_00001739,USR_021621,17.8,RETAIL,SG,0.751,1,0
TXN_00001740,USR_014239,11.2,HOTEL,BR,0.65,1,0
TXN_00001741,USR_030002,100.4,AIRLINE,AU,0.83,1,0
TXN_00001742,USR_012198,40.99,ELECTRONICS,US,0.155,0,0
TXN_00001743,USR_046749,20.5,RETAIL,US,0.095,0,0
TXN_00001744,USR_014054,12.15,GROCERY,BR,0.285,1,0
TXN_00001745,USR_039806,165.93,GAMING,SG,0.735,1,0
TXN_00001746,USR_027701,42.55,RESTAURANT,US,0.328,0,0
TXN_00001747,USR_023657,410.23,GAMING,CA,0.898,1,1
TXN_00001748,USR_033797,26.44,RETAIL,AU,0.285,1,0
TXN_00001749,USR_011028,41.71,HOTEL,AU,0.062,1,0
TXN_00001750,USR_003702,86.1,ELECTRONICS,DE,0.877,1,1
TXN_00001751,USR_006416,128.77,RETAIL,GB,0.859,1,1
TXN_00001752,USR_047624,113.04,HOTEL,JP,0.031,1,0
TXN_00001753,USR_038002,211.8,ELECTRONICS,AU,0.154,1,0
TXN_00001754,USR_042059,30.63,GROCERY,CA,0.445,1,0
TXN_00001755,USR_049311,21.63,GROCERY,US,0.417,0,0
TXN_00001756,USR_038169,77.46,CRYPTO,SG,0.263,1,0
TXN_00001757,USR_047976,108.95,HOTEL,FR,0.537,1,0
TXN_00001758,USR_045762,210.98,GAMING,GB,0.882,1,1
TXN_00001759,USR_010795,88.15,AIRLINE,DE,0.873,1,1
TXN_00001760,USR_038485,82.82,GROCERY,SG,0.685,1,0
TXN_00001761,USR_015749,120.69,CRYPTO,CA,0.564,1,0
TXN_00001762,USR_030866,18.17,CRYPTO,AU,0.741,1,0
TXN_00001763,USR_047642,121.26,RESTAURANT,JP,0.638,1,0
TXN_00001764,USR_008122,31.54,GROCERY,FR,0.964,1,1
TXN_00001765,USR_001136,153.35,HOTEL,AU,0.434,1,0
TXN_00001766,USR_049064,35.95,GAMING,AU,0.505,1,0
TXN_00001767,USR_005652,118.09,RESTAURANT,US,0.935,0,1
TXN_00001768,USR_028256,17.24,ELECTRONICS,IN,0.743,1,0
TXN_00001769,USR_015346,101.02,CRYPTO,AU,0.412,1,0
TXN_00001770,USR_001148,74.23,AIRLINE,IN,0.686,1,0
TXN_00001771,USR_047262,49.75,HOTEL,SG,0.713,1,0
TXN_00001772,USR_047548,137.33,RESTAURANT,SG,0.03,1,0
TXN_00001773,USR_030840,45.24,GAMING,DE,0.663,1,0
TXN_00001774,USR_045760,70.73,GAMING,JP,0.634,1,0
TXN_00001775,USR_028020,57.69,GAMING,BR,0.03,1,0
TXN_00001776,USR_048597,9.85,AIRLINE,SG,0.57,1,0
TXN_00001777,USR_026192,199.84,ELECTRONICS,CA,0.954,1,1
TXN_00001778,USR_033504,15.41,GAMING,US,0.745,0,0
TXN_00001779,USR_036309,32.19,GAMING,IN,0.791,1,0
TXN_00001780,USR_040619,381.03,GROCERY,AU,0.177,1,0
TXN_00001781,USR_010536,104.77,RETAIL,FR,0.16,1,0
TXN_00001782,USR_033946,165.66,GROCERY,BR,0.755,1,0
TXN_00001783,USR_012878,43.8,GAMING,BR,0.863,1,1
TXN_00001784,USR_035087,73.81,RETAIL,CA,0.235,1,0
TXN_00001785,USR_036604,47.72,GAMING,JP,0.356,1,0
TXN_00001786,USR_013654,10.12,GAMING,CA,0.281,1,0
TXN_00001787,USR_003528,8.05,RETAIL,CA,0.253,1,0
TXN_00001788,USR_012241,93.46,AIRLINE,IN,0.026,1,0
TXN_00001789,USR_001732,144.17,AIRLINE,AU,0.44,1,0
TXN_00001790,USR_005821,24.05,RESTAURANT,JP,0.352,1,0
TXN_00001791,USR_015138,397.82,GAMING,DE,0.639,1,0
TXN_00001792,USR_045385,72.99,ELECTRONICS,SG,0.962,1,1
TXN_00001793,USR_001184,39.59,GROCERY,BR,0.742,1,0
TXN_00001794,USR_011863,33.12,ELECTRONICS,JP,0.156,1,0
TXN_00001795,USR_010081,42.04,GAMING,DE,0.191,1,1
TXN_00001796,USR_026487,174.95,HOTEL,US,0.559,0,1
TXN_00001797,USR_006387,79.6,GROCERY,SG,0.432,1,0
TXN_00001798,USR_016461,332.12,GROCERY,SG,0.52,1,0
TXN_00001799,USR_043600,181.03,RETAIL,US,0.569,0,0
TXN_00001800,USR_048498,55.17,HOTEL,BR,0.558,1,0
TXN_00001801,USR_045422,154.23,HOTEL,JP,0.694,1,0
TXN_00001802,USR_045496,28.58,RETAIL,SG,0.682,1,0
TXN_00001803,USR_033182,32.92,CRYPTO,AU,0.809,1,0
TXN_00001804,USR_047524,30.6,GROCERY,FR,0.021,1,0
TXN_00001805,USR_035337,80.0,GROCERY,US,0.952,0,1
TXN_00001806,USR_043193,40.35,ELECTRONICS,DE,0.031,1,0
TXN_00001807,USR_010063,13.07,ELECTRONICS,IN,0.887,1,1
TXN_00001808,USR_043534,42.95,RESTAURANT,IN,0.424,1,0
TXN_00001809,USR_026231,36.5,HOTEL,JP,0.267,1,0
TXN_00001810,USR_011367,105.99,ELECTRONICS,SG,0.063,1,0
TXN_00001811,USR_026269,271.06,ELECTRONICS,AU,0.034,1,0
TXN_00001812,USR_043981,71.64,HOTEL,CA,0.209,1,0
TXN_00001813,USR_041981,45.91,GROCERY,AU,0.254,1,0
TXN_00001814,USR_022692,89.55,GAMING,DE,0.341,1,0
TXN_00001815,USR_029318,339.16,HOTEL,US,0.757,0,0
TXN_00001816,USR_029674,94.04,AIRLINE,SG,0.018,1,0
TXN_00001817,USR_015833,65.53,AIRLINE,CA,0.847,1,0
TXN_00001818,USR_022214,26.08,HOTEL,GB,0.604,1,0
TXN_00001819,USR_043903,17.46,GAMING,GB,0.397,1,0
TXN_00001820,USR_034905,68.17,CRYPTO,SG,0.773,1,0
TXN_00001821,USR_018620,62.79,AIRLINE,SG,0.917,1,1
TXN_00001822,USR_034514,198.78,ELECTRONICS,JP,0.735,1,0
TXN_00001823,USR_022563,160.59,HOTEL,IN,0.019,1,0
TXN_00001824,USR_035861,65.69,CRYPTO,AU,0.584,1,0
TXN_00001825,USR_048825,30.07,RETAIL,CA,0.172,1,0
TXN_00001826,USR_020324,64.85,RETAIL,US,0.39,0,0
TXN_00001827,USR_028815,266.47,ELECTRONICS,SG,0.327,1,0
TXN_00001828,USR_011300,287.32,GROCERY,BR,0.515,1,0
TXN_00001829,USR_036218,123.11,GROCERY,US,0.394,0,0
TXN_00001830,USR_007011,289.97,ELECTRONICS,JP,0.827,1,0
TXN_00001831,USR_039624,43.83,AIRLINE,BR,0.575,1,1
TXN_00001832,USR_013823,213.1,HOTEL,JP,0.153,1,0
TXN_00001833,USR_007267,167.77,RETAIL,SG,0.088,1,0
TXN_00001834,USR_026543,15.77,CRYPTO,AU,0.258,1,0
TXN_00001835,USR_017254,29.4,GROCERY,IN,0.519,1,0
TXN_00001836,USR_003362,46.34,AIRLINE,IN,0.355,1,0
TXN_00001837,USR_035566,120.82,ELECTRONICS,GB,0.79,1,0
TXN_00001838,USR_042559,164.7,RESTAURANT,CA,0.319,1,0
TXN_00001839,USR_041634,73.14,GAMING,FR,0.043,1,0
TXN_00001840,USR_033478,82.96,ELECTRONICS,SG,0.067,1,0
TXN_00001841,USR_021626,136.93,AIRLINE,CA,0.389,1,0
TXN_00001842,USR_027839,120.61,RETAIL,FR,0.188,1,0
TXN_00001843,USR_023661,21.26,GROCERY,JP,0.408,1,0
TXN_00001844,USR_035583,9.43,AIRLINE,GB,0.832,1,1
TXN_00001845,USR_047805,40.79,RETAIL,AU,0.342,1,0
TXN_00001846,USR_024345,5.75,GROCERY,JP,0.036,1,0
TXN_00001847,USR_046609,46.84,GAMING,JP,0.496,1,0
TXN_00001848,USR_002475,94.66,CRYPTO,IN,0.768,1,0
TXN_00001849,USR_030244,15.55,GROCERY,US,0.182,0,0
TXN_00001850,USR_030513,131.38,HOTEL,SG,0.533,1,0
TXN_00001851,USR_029103,111.85,GAMING,SG,0.524,1,0
TXN_00001852,USR_008577,51.9,ELECTRONICS,JP,0.5,1,0
TXN_00001853,USR_018245,12.94,RETAIL,BR,0.946,1,1
TXN_00001854,USR_027178,21.63,GAMING,AU,0.264,1,0
TXN_00001855,USR_006597,104.58,HOTEL,US,0.764,0,0
TXN_00001856,USR_047852,101.15,CRYPTO,US,0.059,0,0
TXN_00001857,USR_019035,216.12,AIRLINE,JP,0.851,1,1
TXN_00001858,USR_020723,381.21,GAMING,CA,0.502,1,1
TXN_00001859,USR_016411,123.37,ELECTRONICS,SG,0.221,1,0
TXN_00001860,USR_022932,32.88,CRYPTO,JP,0.612,1,0
TXN_00001861,USR_048223,23.94,ELECTRONICS,DE,0.189,1,0
TXN_00001862,USR_004278,44.57,CRYPTO,SG,0.715,1,0
TXN_00001863,USR_024472,18.54,HOTEL,IN,0.613,1,0
TXN_00001864,USR_036671,47.11,GAMING,CA,0.016,1,0
TXN_00001865,USR_036380,35.38,RESTAURANT,BR,0.042,1,0
TXN_00001866,USR_029619,47.46,CRYPTO,FR,0.017,1,0
TXN_00001867,USR_029443,184.6,GAMING,JP,0.325,1,0
TXN_00001868,USR_020006,20.22,GAMING,FR,0.485,1,0
TXN_00001869,USR_047178,362.56,GAMING,BR,0.451,1,0
TXN_00001870,USR_018016,198.32,RETAIL,JP,0.715,1,1
TXN_00001871,USR_002636,168.26,GROCERY,GB,0.956,1,1
TXN_00001872,USR_030276,79.14,ELECTRONICS,AU,0.628,1,0
TXN_00001873,USR_013705,201.58,CRYPTO,CA,0.254,1,0
TXN_00001874,USR_044451,155.59,RETAIL,IN,0.251,1,0
TXN_00001875,USR_028755,169.5,RETAIL,GB,0.825,1,0
TXN_00001876,USR_023059,171.31,HOTEL,DE,0.822,1,0
TXN_00001877,USR_010678,17.28,HOTEL,DE,0.788,1,0
TXN_00001878,USR_015298,31.92,AIRLINE,SG,0.686,1,0
TXN_00001879,USR_013014,86.62,GAMING,JP,0.321,1,0
TXN_00001880,USR_042261,101.01,GAMING,AU,0.967,1,1
TXN_00001881,USR_020165,71.9,ELECTRONICS,SG,0.621,1,0
TXN_00001882,USR_039995,29.29,RESTAURANT,SG,0.219,1,0
TXN_00001883,USR_019569,145.58,GROCERY,CA,0.385,1,0
TXN_00001884,USR_018053,392.07,GROCERY,SG,0.333,1,0
TXN_00001885,USR_009468,21.8,GAMING,AU,0.828,1,0
TXN_00001886,USR_040187,9.0,ELECTRONICS,JP,0.417,1,0
TXN_00001887,USR_029720,263.62,HOTEL,GB,0.258,1,0
TXN_00001888,USR_016904,18.07,AIRLINE,DE,0.602,1,0
TXN_00001889,USR_022376,24.69,ELECTRONICS,CA,0.174,1,0
TXN_00001890,USR_018106,84.64,GAMING,FR,0.577,1,0
TXN_00001891,USR_042307,257.18,CRYPTO,JP,0.74,1,0
TXN_00001892,USR_047882,138.74,RETAIL,US,0.942,0,1
TXN_00001893,USR_011728,33.05,AIRLINE,FR,0.954,1,1
TXN_00001894,USR_015010,56.97,GAMING,US,0.715,0,0
TXN_00001895,USR_025449,41.79,ELECTRONICS,FR,0.123,1,0
TXN_00001896,USR_033823,103.42,CRYPTO,JP,0.848,1,0
TXN_00001897,USR_039354,123.93,RETAIL,SG,0.464,1,0
TXN_00001898,USR_015669,154.44,GROCERY,FR,0.855,1,1
TXN_00001899,USR_027418,48.39,GAMING,SG,0.393,1,0
TXN_00001900,USR_003435,58.88,ELECTRONICS,FR,0.683,1,0
TXN_00001901,USR_019348,327.73,RETAIL,SG,0.236,1,0
TXN_00001902,USR_042906,37.78,HOTEL,CA,0.8,1,0
TXN_00001903,USR_049394,107.54,RESTAURANT,BR,0.817,1,0
TXN_00001904,USR_038077,52.32,AIRLINE,SG,0.902,1,1
TXN_00001905,USR_031613,374.58,AIRLINE,CA,0.699,1,0
TXN_00001906,USR_025912,53.89,GROCERY,JP,0.949,1,1
TXN_00001907,USR_029617,24.67,GAMING,US,0.795,0,0
TXN_00001908,USR_020889,71.47,RESTAURANT,SG,0.874,1,1
TXN_00001909,USR_049386,118.4,RETAIL,AU,0.442,1,0
TXN_00001910,USR_001118,319.76,GAMING,FR,0.634,1,0
TXN_00001911,USR_045281,123.1,CRYPTO,DE,0.508,1,0
TXN_00001912,USR_049327,27.82,CRYPTO,BR,0.163,1,0
TXN_00001913,USR_033355,179.58,AIRLINE,BR,0.406,1,0
TXN_00001914,USR_001205,10.72,RETAIL,FR,0.619,1,0
TXN_00001915,USR_026895,42.85,CRYPTO,GB,0.41,1,0
TXN_00001916,USR_021079,138.48,RESTAURANT,FR,0.424,1,0
TXN_00001917,USR_019911,174.53,ELECTRONICS,BR,0.974,1,1
TXN_00001918,USR_028160,47.46,ELECTRONICS,AU,0.518,1,0
TXN_00001919,USR_034600,20.05,HOTEL,AU,0.865,1,1
TXN_00001920,USR_048130,320.81,AIRLINE,US,0.128,0,0
TXN_00001921,USR_031482,14.45,GAMING,IN,0.381,1,0
TXN_00001922,USR_046229,55.76,RETAIL,DE,0.92,1,1
TXN_00001923,USR_005295,223.38,ELECTRONICS,JP,0.801,1,0
TXN_00001924,USR_008043,19.55,GROCERY,SG,0.06,1,0
TXN_00001925,USR_029438,141.28,HOTEL,AU,0.72,1,0
TXN_00001926,USR_004374,120.79,GAMING,CA,0.548,1,0
TXN_00001927,USR_036776,190.93,RETAIL,CA,0.511,1,0
TXN_00001928,USR_048746,14.56,RESTAURANT,IN,0.176,1,0
TXN_00001929,USR_014348,89.88,CRYPTO,FR,0.484,1,0
TXN_00001930,USR_041488,7.8,AIRLINE,AU,0.946,1,1
TXN_00001931,USR_020044,10.25,GROCERY,IN,0.724,1,0
TXN_00001932,USR_031038,64.63,HOTEL,JP,0.341,1,0
TXN_00001933,USR_023445,139.8,RETAIL,CA,0.325,1,0
TXN_00001934,USR_022142,140.03,ELECTRONICS,US,0.382,0,0
TXN_00001935,USR_027083,37.13,RESTAURANT,GB,0.304,1,0
TXN_00001936,USR_012737,112.21,ELECTRONICS,IN,0.868,1,1
TXN_00001937,USR_046041,185.43,AIRLINE,FR,0.738,1,1
TXN_00001938,USR_036298,20.05,CRYPTO,US,0.046,0,0
TXN_00001939,USR_005568,154.82,RESTAURANT,BR,0.948,1,1
TXN_00001940,USR_003858,12.95,GAMING,US,0.502,0,0
TXN_00001941,USR_022667,278.74,GAMING,SG,0.164,1,0
TXN_00001942,USR_043581,41.01,CRYPTO,GB,0.585,1,0
TXN_00001943,USR_046770,63.8,CRYPTO,IN,0.249,1,0
TXN_00001944,USR_032017,67.98,RESTAURANT,BR,0.498,1,0
TXN_00001945,USR_002075,160.65,ELECTRONICS,JP,0.164,1,0
TXN_00001946,USR_009660,107.07,ELECTRONICS,FR,0.162,1,0
TXN_00001947,USR_012318,6.59,GROCERY,BR,0.531,1,0
TXN_00001948,USR_042946,77.59,AIRLINE,AU,0.463,1,0
TXN_00001949,USR_001267,193.82,ELECTRONICS,BR,0.033,1,0
TXN_00001950,USR_020582,75.24,ELECTRONICS,JP,0.377,1,0
TXN_00001951,USR_009694,145.41,RETAIL,SG,0.985,1,1
TXN_00001952,USR_015104,19.46,CRYPTO,GB,0.563,1,0
TXN_00001953,USR_033396,114.22,AIRLINE,US,0.686,0,0
TXN_00001954,USR_044358,56.86,RESTAURANT,DE,0.055,1,0
TXN_00001955,USR_039507,27.13,RETAIL,SG,0.861,1,1
TXN_00001956,USR_033302,48.19,CRYPTO,GB,0.348,1,0
TXN_00001957,USR_027243,165.8,GROCERY,IN,0.117,1,0
TXN_00001958,USR_048996,7.77,HOTEL,DE,0.617,1,0
TXN_00001959,USR_035501,167.96,HOTEL,AU,0.516,1,0
TXN_00001960,USR_047266,11.51,AIRLINE,DE,0.971,1,1
TXN_00001961,USR_003213,209.49,HOTEL,SG,0.679,1,0
TXN_00001962,USR_030843,220.38,GROCERY,CA,0.278,1,0
TXN_00001963,USR_026089,111.58,GAMING,CA,0.405,1,0
TXN_00001964,USR_049591,79.89,AIRLINE,AU,0.042,1,0
TXN_00001965,USR_037572,51.73,GAMING,DE,0.695,1,0
TXN_00001966,USR_010447,255.11,HOTEL,US,0.882,0,1
TXN_00001967,USR_014054,21.38,CRYPTO,FR,0.314,1,0
TXN_00001968,USR_013745,50.52,HOTEL,FR,0.757,1,0
TXN_00001969,USR_032327,44.78,CRYPTO,US,0.936,0,1
TXN_00001970,USR_028128,19.45,RETAIL,FR,0.433,1,0
TXN_00001971,USR_004100,181.78,GROCERY,SG,0.544,1,0
TXN_00001972,USR_001041,113.58,RETAIL,DE,0.331,1,0
TXN_00001973,USR_014267,78.72,CRYPTO,SG,0.505,1,0
TXN_00001974,USR_037836,32.87,HOTEL,US,0.781,0,0
TXN_00001975,USR_001947,48.36,HOTEL,FR,0.65,1,0
TXN_00001976,USR_049465,50.88,RETAIL,GB,0.549,1,0
TXN_00001977,USR_049698,67.3,ELECTRONICS,JP,0.853,1,1
TXN_00001978,USR_003419,236.66,GAMING,IN,0.731,1,0
TXN_00001979,USR_009252,158.48,GROCERY,FR,0.682,1,0
TXN_00001980,USR_026211,28.61,HOTEL,FR,0.63,1,0
TXN_00001981,USR_030299,219.64,AIRLINE,IN,0.739,1,0
TXN_00001982,USR_010832,201.61,RESTAURANT,JP,0.33,1,0
TXN_00001983,USR_009175,30.02,GAMING,BR,0.276,1,0
TXN_00001984,USR_020036,78.53,RETAIL,DE,0.965,1,1
TXN_00001985,USR_013087,350.7,ELECTRONICS,DE,0.277,1,0
TXN_00001986,USR_043162,187.6,HOTEL,CA,0.399,1,0
TXN_00001987,USR_038715,51.34,GROCERY,GB,0.38,1,0
TXN_00001988,USR_033633,85.62,HOTEL,AU,0.147,1,0
TXN_00001989,USR_047812,29.53,GROCERY,JP,0.494,1,0
TXN_00001990,USR_044951,196.04,RESTAURANT,SG,0.449,1,0
TXN_00001991,USR_005854,128.62,AIRLINE,GB,0.255,1,0
TXN_00001992,USR_036049,85.38,AIRLINE,BR,0.987,1,1
TXN_00001993,USR_017831,384.41,GAMING,BR,0.118,1,0
TXN_00001994,USR_001404,107.14,CRYPTO,US,0.306,0,0
TXN_00001995,USR_018003,26.33,RESTAURANT,DE,0.759,1,0
TXN_00001996,USR_047572,314.03,HOTEL,FR,0.619,1,0
TXN_00001997,USR_034851,117.57,AIRLINE,AU,0.14,1,0
TXN_00001998,USR_046825,49.43,HOTEL,US,0.439,0,0
TXN_00001999,USR_013440,50.25,CRYPTO,IN,0.501,1,0
TXN_00002000,USR_013264,63.66,RESTAURANT,AU,0.573,1,0
TXN_00002001,USR_002586,104.65,HOTEL,CA,0.81,1,0
TXN_00002002,USR_002682,44.13,CRYPTO,AU,0.851,1,1
TXN_00002003,USR_049764,49.36,ELECTRONICS,AU,0.145,1,0
TXN_00002004,USR_039656,49.17,ELECTRONICS,FR,0.792,1,0
TXN_00002005,USR_022950,198.47,RETAIL,SG,0.896,1,1
TXN_00002006,USR_020149,7.38,HOTEL,AU,0.475,1,0
TXN_00002007,USR_011041,25.66,RESTAURANT,FR,0.933,1,1
TXN_00002008,USR_005548,35.68,CRYPTO,GB,0.526,1,0
TXN_00002009,USR_040279,73.63,RETAIL,DE,0.589,1,0
TXN_00002010,USR_034547,24.58,RESTAURANT,BR,0.29,1,0
TXN_00002011,USR_028677,55.32,GROCERY,FR,0.271,1,0
TXN_00002012,USR_003693,102.58,CRYPTO,FR,0.641,1,0
TXN_00002013,USR_031696,18.86,AIRLINE,IN,0.014,1,0
TXN_00002014,USR_018417,136.65,GAMING,GB,0.387,1,0
TXN_00002015,USR_017633,50.4,CRYPTO,FR,0.717,1,0
TXN_00002016,USR_006768,254.39,RETAIL,IN,0.378,1,0
TXN_00002017,USR_013360,29.15,GROCERY,DE,0.232,1,0
TXN_00002018,USR_004751,36.99,CRYPTO,AU,0.724,1,0
TXN_00002019,USR_028779,135.04,RETAIL,FR,0.928,1,1
TXN_00002020,USR_042850,191.09,GROCERY,BR,0.354,1,0
TXN_00002021,USR_046343,124.52,GAMING,JP,0.896,1,1
TXN_00002022,USR_043835,61.89,CRYPTO,DE,0.552,1,0
TXN_00002023,USR_026781,5.7,RESTAURANT,JP,0.528,1,0
TXN_00002024,USR_004497,44.56,CRYPTO,IN,0.435,1,0
TXN_00002025,USR_035635,68.62,GROCERY,US,0.315,0,0
TXN_00002026,USR_028734,14.36,RESTAURANT,IN,0.147,1,0
TXN_00002027,USR_031754,71.73,RESTAURANT,GB,0.743,1,0
TXN_00002028,USR_010127,61.33,RESTAURANT,SG,0.189,1,0
TXN_00002029,USR_036162,91.99,GROCERY,DE,0.662,1,0
TXN_00002030,USR_022379,63.23,GAMING,GB,0.57,1,0
TXN_00002031,USR_046995,29.81,CRYPTO,SG,0.653,1,0
TXN_00002032,USR_046035,57.74,ELECTRONICS,BR,0.752,1,0
TXN_00002033,USR_041737,18.04,ELECTRONICS,US,0.153,0,0
TXN_00002034,USR_010946,33.03,HOTEL,US,0.42,0,0
TXN_00002035,USR_044374,24.05,AIRLINE,DE,0.307,1,0
TXN_00002036,USR_039066,44.52,CRYPTO,DE,0.159,1,0
TXN_00002037,USR_020192,27.77,GROCERY,SG,0.674,1,0
TXN_00002038,USR_004829,80.38,GAMING,CA,0.963,1,1
TXN_00002039,USR_039483,110.47,HOTEL,JP,0.619,1,0
TXN_00002040,USR_030520,56.82,ELECTRONICS,JP,0.31,1,0
TXN_00002041,USR_047795,28.79,GAMING,CA,0.079,1,0
TXN_00002042,USR_011510,168.85,AIRLINE,AU,0.204,1,0
TXN_00002043,USR_024626,118.54,RESTAURANT,GB,0.41,1,0
TXN_00002044,USR_049254,44.91,AIRLINE,IN,0.249,1,0
TXN_00002045,USR_029625,47.3,GROCERY,IN,0.28,1,0
TXN_00002046,USR_013019,61.0,GROCERY,DE,0.337,1,0
TXN_00002047,USR_029809,23.65,CRYPTO,DE,0.312,1,0
TXN_00002048,USR_023443,85.19,RESTAURANT,AU,0.77,1,0
TXN_00002049,USR_023450,70.96,HOTEL,DE,0.595,1,1
TXN_00002050,USR_031880,98.26,ELECTRONICS,JP,0.283,1,0
TXN_00002051,USR_006515,80.62,GAMING,IN,0.77,1,0
TXN_00002052,USR_011622,32.11,RESTAURANT,SG,0.875,1,1
TXN_00002053,USR_035520,153.49,GAMING,SG,0.087,1,0
TXN_00002054,USR_045780,345.56,ELECTRONICS,CA,0.858,1,1
TXN_00002055,USR_020920,135.08,RESTAURANT,AU,0.474,1,0
TXN_00002056,USR_026220,62.42,AIRLINE,US,0.085,0,0
TXN_00002057,USR_007583,119.65,ELECTRONICS,US,0.963,0,1
TXN_00002058,USR_019190,329.36,ELECTRONICS,CA,0.936,1,1
TXN_00002059,USR_026519,38.71,AIRLINE,GB,0.059,1,0
TXN_00002060,USR_045734,173.01,CRYPTO,JP,0.732,1,0
TXN_00002061,USR_013190,22.12,ELECTRONICS,DE,0.402,1,0
TXN_00002062,USR_037756,47.49,ELECTRONICS,AU,0.574,1,0
TXN_00002063,USR_032898,108.55,AIRLINE,JP,0.7,1,0
TXN_00002064,USR_021206,13.53,HOTEL,JP,0.851,1,1
TXN_00002065,USR_011388,232.52,RESTAURANT,CA,0.95,1,1
TXN_00002066,USR_043145,5.51,ELECTRONICS,IN,0.965,1,1
TXN_00002067,USR_016891,25.23,RESTAURANT,GB,0.057,1,0
TXN_00002068,USR_023691,5.3,ELECTRONICS,JP,0.887,1,1
TXN_00002069,USR_035369,118.89,GROCERY,GB,0.742,1,0
TXN_00002070,USR_007552,19.83,ELECTRONICS,DE,0.791,1,0
TXN_00002071,USR_038672,112.34,RESTAURANT,IN,0.456,1,0
TXN_00002072,USR_025882,68.26,AIRLINE,BR,0.522,1,0
TXN_00002073,USR_035110,26.84,RESTAURANT,CA,0.121,1,0
TXN_00002074,USR_038234,163.92,CRYPTO,US,0.651,0,0
TXN_00002075,USR_024439,115.16,GAMING,BR,0.362,1,0
TXN_00002076,USR_049350,46.53,RESTAURANT,FR,0.648,1,0
TXN_00002077,USR_028417,195.56,RESTAURANT,IN,0.202,1,0
TXN_00002078,USR_036730,37.95,GAMING,AU,0.303,1,0
TXN_00002079,USR_037989,58.62,ELECTRONICS,US,0.245,0,0
TXN_00002080,USR_011910,85.6,AIRLINE,DE,0.302,1,0
TXN_00002081,USR_025081,209.34,GROCERY,JP,0.453,1,0
TXN_00002082,USR_038098,15.8,HOTEL,BR,0.948,1,1
TXN_00002083,USR_047455,20.79,CRYPTO,GB,0.363,1,0
TXN_00002084,USR_008556,51.56,GROCERY,GB,0.741,1,0
TXN_00002085,USR_047018,255.92,HOTEL,IN,0.059,1,0
TXN_00002086,USR_022887,51.29,RETAIL,CA,0.852,1,1
TXN_00002087,USR_016300,13.23,RETAIL,GB,0.166,1,0
TXN_00002088,USR_006292,39.31,AIRLINE,SG,0.912,1,1
TXN_00002089,USR_019359,35.66,RESTAURANT,GB,0.546,1,0
TXN_00002090,USR_031559,5.5,GAMING,IN,0.95,1,1
TXN_00002091,USR_026348,36.32,RETAIL,DE,0.937,1,1
TXN_00002092,USR_044474,64.91,CRYPTO,CA,0.893,1,1
TXN_00002093,USR_015521,31.99,AIRLINE,AU,0.16,1,0
TXN_00002094,USR_020997,44.79,ELECTRONICS,JP,0.97,1,1
TXN_00002095,USR_018438,104.33,ELECTRONICS,BR,0.301,1,0
TXN_00002096,USR_017476,18.3,RESTAURANT,FR,0.972,1,1
TXN_00002097,USR_047035,83.46,RESTAURANT,DE,0.752,1,0
TXN_00002098,USR_038798,15.24,AIRLINE,GB,0.09,1,0
TXN_00002099,USR_012275,27.36,CRYPTO,BR,0.906,1,1
TXN_00002100,USR_017154,133.63,GAMING,CA,0.408,1,0
TXN_00002101,USR_020406,46.49,HOTEL,AU,0.759,1,0
TXN_00002102,USR_011970,51.88,CRYPTO,FR,0.7,1,0
TXN_00002103,USR_049383,88.44,HOTEL,IN,0.097,1,0
TXN_00002104,USR_042649,118.84,ELECTRONICS,CA,0.173,1,0
TXN_00002105,USR_001632,150.01,GROCERY,AU,0.432,1,0
TXN_00002106,USR_021482,61.34,GROCERY,CA,0.735,1,0
TXN_00002107,USR_042728,96.71,GROCERY,SG,0.206,1,0
TXN_00002108,USR_042251,23.41,GROCERY,DE,0.877,1,1
TXN_00002109,USR_039121,19.62,ELECTRONICS,CA,0.346,1,1
TXN_00002110,USR_031978,105.14,RETAIL,SG,0.228,1,0
TXN_00002111,USR_025333,27.23,GROCERY,FR,0.06,1,1
TXN_00002112,USR_041748,15.19,RETAIL,AU,0.479,1,0
TXN_00002113,USR_022787,214.28,AIRLINE,IN,0.593,1,0
TXN_00002114,USR_038885,82.23,CRYPTO,AU,0.101,1,0
TXN_00002115,USR_044481,136.29,HOTEL,US,0.801,0,0
TXN_00002116,USR_040740,31.78,HOTEL,IN,0.38,1,0
TXN_00002117,USR_046814,77.29,GROCERY,JP,0.937,1,1
TXN_00002118,USR_017474,163.86,ELECTRONICS,JP,0.396,1,0
TXN_00002119,USR_020952,22.88,HOTEL,AU,0.843,1,1
TXN_00002120,USR_021727,294.96,CRYPTO,US,0.762,0,0
TXN_00002121,USR_027184,297.05,ELECTRONICS,BR,0.039,1,0
TXN_00002122,USR_024781,173.16,GAMING,BR,0.414,1,0
TXN_00002123,USR_014340,50.67,AIRLINE,CA,0.357,1,0
TXN_00002124,USR_004463,78.54,RETAIL,SG,0.357,1,0
TXN_00002125,USR_046641,50.66,RETAIL,DE,0.148,1,0
TXN_00002126,USR_013999,216.14,GAMING,JP,0.836,1,0
TXN_00002127,USR_038731,13.39,GROCERY,AU,0.923,1,1
TXN_00002128,USR_033025,81.36,AIRLINE,AU,0.548,1,0
TXN_00002129,USR_013205,45.98,HOTEL,JP,0.196,1,0
TXN_00002130,USR_010849,15.6,GAMING,BR,0.602,1,0
TXN_00002131,USR_034293,175.0,CRYPTO,SG,0.663,1,0
TXN_00002132,USR_033820,22.69,AIRLINE,SG,0.708,1,0
TXN_00002133,USR_036151,172.94,ELECTRONICS,IN,0.487,1,0
TXN_00002134,USR_030706,51.75,GROCERY,US,0.686,0,0
TXN_00002135,USR_021555,8.53,CRYPTO,GB,0.818,1,0
TXN_00002136,USR_031891,174.0,RESTAURANT,GB,0.223,1,0
TXN_00002137,USR_023701,122.85,HOTEL,SG,0.09,1,0
TXN_00002138,USR_047481,123.14,AIRLINE,JP,0.798,1,0
TXN_00002139,USR_021210,22.34,HOTEL,BR,0.512,1,0
TXN_00002140,USR_005928,399.21,RETAIL,DE,0.727,1,0
TXN_00002141,USR_007102,131.7,GAMING,IN,0.952,1,1
TXN_00002142,USR_030626,227.8,AIRLINE,DE,0.751,1,0
TXN_00002143,USR_028265,51.09,RESTAURANT,DE,0.498,1,0
TXN_00002144,USR_037992,360.34,RETAIL,AU,0.14,1,0
TXN_00002145,USR_009039,155.03,GROCERY,DE,0.218,1,0
TXN_00002146,USR_013384,142.29,GAMING,JP,0.686,1,0
TXN_00002147,USR_022117,14.05,RETAIL,AU,0.042,1,0
TXN_00002148,USR_037568,46.93,AIRLINE,BR,0.204,1,0
TXN_00002149,USR_005086,46.76,ELECTRONICS,DE,0.034,1,0
TXN_00002150,USR_026708,171.86,GROCERY,AU,0.015,1,0
TXN_00002151,USR_015208,18.56,AIRLINE,US,0.103,0,0
TXN_00002152,USR_027311,30.88,GAMING,US,0.364,0,0
TXN_00002153,USR_049467,145.54,CRYPTO,SG,0.455,1,0
TXN_00002154,USR_007146,12.93,CRYPTO,FR,0.546,1,0
TXN_00002155,USR_006815,31.72,CRYPTO,SG,0.603,1,0
TXN_00002156,USR_002129,77.67,GAMING,FR,0.472,1,0
TXN_00002157,USR_035250,40.93,RESTAURANT,DE,0.551,1,0
TXN_00002158,USR_009603,123.02,ELECTRONICS,FR,0.78,1,0
TXN_00002159,USR_035431,16.94,RETAIL,DE,0.712,1,0
TXN_00002160,USR_041843,177.67,RETAIL,BR,0.539,1,0
TXN_00002161,USR_024364,31.8,ELECTRONICS,US,0.815,0,0
TXN_00002162,USR_048673,101.53,AIRLINE,FR,0.598,1,0
TXN_00002163,USR_011049,12.62,GROCERY,SG,0.52,1,0
TXN_00002164,USR_016664,75.4,GROCERY,SG,0.113,1,0
TXN_00002165,USR_001707,134.45,HOTEL,CA,0.537,1,0
TXN_00002166,USR_006465,268.85,GROCERY,SG,0.308,1,0
TXN_00002167,USR_003919,66.87,HOTEL,JP,0.857,1,1
TXN_00002168,USR_009816,55.26,GAMING,US,0.892,0,1
TXN_00002169,USR_040701,359.03,HOTEL,BR,0.173,1,0
TXN_00002170,USR_028123,162.2,GROCERY,SG,0.66,1,0
TXN_00002171,USR_043702,18.97,HOTEL,BR,0.293,1,0
TXN_00002172,USR_005795,12.31,RETAIL,DE,0.463,1,0
TXN_00002173,USR_008825,10.14,GROCERY,IN,0.631,1,0
TXN_00002174,USR_042791,197.59,CRYPTO,SG,0.392,1,0
TXN_00002175,USR_021594,18.13,GAMING,GB,0.765,1,0
TXN_00002176,USR_031116,64.45,CRYPTO,IN,0.726,1,0
TXN_00002177,USR_023276,5.49,AIRLINE,US,0.787,0,0
TXN_00002178,USR_006729,21.08,AIRLINE,SG,0.442,1,0
TXN_00002179,USR_005738,60.76,ELECTRONICS,FR,0.589,1,0
TXN_00002180,USR_029010,67.07,GROCERY,IN,0.799,1,0
TXN_00002181,USR_031779,23.08,GROCERY,US,0.642,0,0
TXN_00002182,USR_001873,60.0,HOTEL,CA,0.755,1,0
TXN_00002183,USR_013637,31.68,AIRLINE,SG,0.9,1,1
TXN_00002184,USR_009698,43.89,HOTEL,FR,0.039,1,0
TXN_00002185,USR_013639,159.62,RETAIL,DE,0.905,1,1
TXN_00002186,USR_023983,22.37,ELECTRONICS,JP,0.27,1,0
TXN_00002187,USR_038544,74.91,GAMING,DE,0.752,1,0
TXN_00002188,USR_045244,55.92,RESTAURANT,GB,0.055,1,0
TXN_00002189,USR_010156,62.22,ELECTRONICS,BR,0.521,1,0
TXN_00002190,USR_043586,25.87,GROCERY,JP,0.713,1,0
TXN_00002191,USR_021398,256.12,RETAIL,GB,0.888,1,1
TXN_00002192,USR_036251,169.35,GAMING,BR,0.598,1,0
TXN_00002193,USR_004384,107.88,CRYPTO,SG,0.307,1,0
TXN_00002194,USR_013664,154.54,CRYPTO,JP,0.118,1,0
TXN_00002195,USR_014511,216.85,HOTEL,SG,0.806,1,0
TXN_00002196,USR_046538,314.03,ELECTRONICS,CA,0.108,1,0
TXN_00002197,USR_016218,17.67,RESTAURANT,DE,0.416,1,0
TXN_00002198,USR_026476,197.15,HOTEL,FR,0.855,1,1
TXN_00002199,USR_011986,196.89,CRYPTO,US,0.108,0,0
TXN_00002200,USR_043344,34.66,HOTEL,GB,0.886,1,1
TXN_00002201,USR_023829,43.01,GROCERY,IN,0.402,1,0
TXN_00002202,USR_011031,14.43,RESTAURANT,SG,0.362,1,0
TXN_00002203,USR_049375,331.88,AIRLINE,GB,0.104,1,0
TXN_00002204,USR_036472,206.75,GROCERY,AU,0.768,1,0
TXN_00002205,USR_029607,20.89,GROCERY,SG,0.974,1,1
TXN_00002206,USR_007088,95.47,RESTAURANT,JP,0.156,1,0
TXN_00002207,USR_037243,70.63,RETAIL,BR,0.363,1,0
TXN_00002208,USR_013539,122.05,CRYPTO,BR,0.85,1,0
TXN_00002209,USR_031120,28.71,HOTEL,SG,0.926,1,1
TXN_00002210,USR_027849,66.67,HOTEL,JP,0.319,1,0
TXN_00002211,USR_004077,25.84,HOTEL,FR,0.176,1,0
TXN_00002212,USR_048279,56.06,GAMING,BR,0.861,1,1
TXN_00002213,USR_009399,288.03,CRYPTO,US,0.881,0,1
TXN_00002214,USR_040613,90.17,GAMING,AU,0.561,1,0
TXN_00002215,USR_039745,443.04,GROCERY,GB,0.353,1,0
TXN_00002216,USR_017958,419.6,GROCERY,SG,0.54,1,0
TXN_00002217,USR_037592,217.76,HOTEL,US,0.338,0,0
TXN_00002218,USR_004853,119.46,ELECTRONICS,SG,0.352,1,0
TXN_00002219,USR_042850,47.46,GROCERY,DE,0.939,1,1
TXN_00002220,USR_013042,50.45,HOTEL,IN,0.034,1,0
TXN_00002221,USR_011927,121.86,GAMING,BR,0.048,1,0
TXN_00002222,USR_046724,45.28,GROCERY,IN,0.306,1,0
TXN_00002223,USR_011927,7.21,AIRLINE,SG,0.571,1,0
TXN_00002224,USR_002456,140.11,ELECTRONICS,IN,0.837,1,0
TXN_00002225,USR_001666,80.74,AIRLINE,JP,0.094,1,0
TXN_00002226,USR_043432,38.71,GROCERY,US,0.544,0,0
TXN_00002227,USR_007514,81.21,AIRLINE,FR,0.129,1,0
TXN_00002228,USR_047250,359.87,HOTEL,AU,0.108,1,0
TXN_00002229,USR_007502,162.84,GAMING,JP,0.062,1,0
TXN_00002230,USR_016087,31.36,GAMING,IN,0.221,1,0
TXN_00002231,USR_023025,30.67,AIRLINE,DE,0.597,1,0
TXN_00002232,USR_037424,5.63,ELECTRONICS,SG,0.334,1,0
TXN_00002233,USR_046752,76.85,RESTAURANT,CA,0.194,1,0
TXN_00002234,USR_034721,107.53,RETAIL,SG,0.402,1,0
TXN_00002235,USR_024616,95.93,AIRLINE,AU,0.186,1,0
TXN_00002236,USR_023192,21.98,RETAIL,BR,0.983,1,1
TXN_00002237,USR_004018,165.12,AIRLINE,IN,0.075,1,0
TXN_00002238,USR_045621,171.14,GROCERY,BR,0.568,1,0
TXN_00002239,USR_010697,80.9,RETAIL,GB,0.595,1,0
TXN_00002240,USR_007400,87.91,AIRLINE,FR,0.655,1,0
TXN_00002241,USR_032385,7.22,GROCERY,US,0.871,0,1
TXN_00002242,USR_029928,8.81,GROCERY,IN,0.581,1,0
TXN_00002243,USR_014424,93.77,ELECTRONICS,DE,0.364,1,0
TXN_00002244,USR_042287,134.81,GAMING,US,0.628,0,0
TXN_00002245,USR_019930,121.81,GROCERY,AU,0.217,1,0
TXN_00002246,USR_031314,48.45,ELECTRONICS,US,0.471,0,0
TXN_00002247,USR_049690,66.5,GAMING,AU,0.079,1,0
TXN_00002248,USR_002219,340.58,CRYPTO,AU,0.385,1,0
TXN_00002249,USR_032882,177.33,GROCERY,BR,0.326,1,0
TXN_00002250,USR_031548,71.87,HOTEL,BR,0.551,1,0
TXN_00002251,USR_006994,47.66,RETAIL,AU,0.806,1,0
TXN_00002252,USR_010611,42.41,AIRLINE,BR,0.304,1,0
TXN_00002253,USR_007928,134.32,HOTEL,IN,0.947,1,1
TXN_00002254,USR_035323,558.22,RETAIL,JP,0.108,1,0
TXN_00002255,USR_004307,58.63,GAMING,IN,0.316,1,0
TXN_00002256,USR_002017,66.92,GROCERY,CA,0.714,1,0
TXN_00002257,USR_049871,17.26,HOTEL,CA,0.876,1,1
TXN_00002258,USR_042085,70.05,HOTEL,US,0.045,0,0
TXN_00002259,USR_027397,179.38,CRYPTO,BR,0.251,1,0
TXN_00002260,USR_033836,540.98,CRYPTO,DE,0.955,1,1
TXN_00002261,USR_018800,97.58,GROCERY,AU,0.592,1,0
TXN_00002262,USR_026994,34.47,HOTEL,SG,0.687,1,0
TXN_00002263,USR_024527,267.83,RETAIL,US,0.929,0,1
TXN_00002264,USR_017663,23.33,GAMING,JP,0.989,1,1
TXN_00002265,USR_020566,44.75,RESTAURANT,GB,0.184,1,0
TXN_00002266,USR_044569,322.91,GAMING,SG,0.834,1,0
TXN_00002267,USR_049187,182.7,GROCERY,BR,0.33,1,0
TXN_00002268,USR_047444,150.03,CRYPTO,SG,0.435,1,0
TXN_00002269,USR_032730,143.98,AIRLINE,SG,0.51,1,0
TXN_00002270,USR_035500,118.13,HOTEL,BR,0.089,1,0
TXN_00002271,USR_011572,15.18,GROCERY,GB,0.505,1,0
TXN_00002272,USR_049793,163.41,GAMING,CA,0.33,1,0
TXN_00002273,USR_026550,46.75,GROCERY,IN,0.089,1,0
TXN_00002274,USR_014415,96.52,HOTEL,IN,0.848,1,0
TXN_00002275,USR_019607,105.02,CRYPTO,IN,0.903,1,1
TXN_00002276,USR_024001,13.86,GROCERY,IN,0.017,1,0
TXN_00002277,USR_046017,279.72,RETAIL,SG,0.147,1,0
TXN_00002278,USR_011726,37.99,GROCERY,SG,0.671,1,0
TXN_00002279,USR_033188,14.66,RESTAURANT,BR,0.258,1,0
TXN_00002280,USR_042172,111.24,ELECTRONICS,BR,0.843,1,0
TXN_00002281,USR_030038,69.46,AIRLINE,DE,0.16,1,0
TXN_00002282,USR_017041,115.97,RESTAURANT,GB,0.631,1,0
TXN_00002283,USR_022825,80.23,AIRLINE,FR,0.223,1,0
TXN_00002284,USR_047619,30.09,GAMING,IN,0.746,1,0
TXN_00002285,USR_024107,131.18,GAMING,CA,0.107,1,0
TXN_00002286,USR_015837,150.87,HOTEL,JP,0.682,1,0
TXN_00002287,USR_047771,7.78,HOTEL,US,0.106,0,0
TXN_00002288,USR_018495,81.07,RESTAURANT,DE,0.199,1,0
TXN_00002289,USR_048110,91.96,GROCERY,US,0.905,0,1
TXN_00002290,USR_002779,10.14,HOTEL,AU,0.941,1,1
TXN_00002291,USR_022417,182.99,CRYPTO,DE,0.307,1,0
TXN_00002292,USR_045624,127.17,CRYPTO,CA,0.543,1,0
TXN_00002293,USR_034444,99.12,ELECTRONICS,CA,0.684,1,0
TXN_00002294,USR_041286,85.31,RETAIL,IN,0.769,1,0
TXN_00002295,USR_049335,42.43,AIRLINE,BR,0.701,1,0
TXN_00002296,USR_039447,168.51,HOTEL,AU,0.525,1,0
TXN_00002297,USR_016466,26.5,GAMING,SG,0.96,1,1
TXN_00002298,USR_004554,132.53,HOTEL,DE,0.948,1,1
TXN_00002299,USR_020841,13.91,AIRLINE,AU,0.59,1,0
TXN_00002300,USR_038824,10.83,GROCERY,SG,0.64,1,0
TXN_00002301,USR_017070,60.38,RESTAURANT,SG,0.833,1,0
TXN_00002302,USR_030293,286.52,RETAIL,DE,0.588,1,0
TXN_00002303,USR_007184,206.85,GAMING,JP,0.754,1,0
TXN_00002304,USR_045115,191.68,AIRLINE,FR,0.521,1,0
TXN_00002305,USR_049196,65.59,AIRLINE,DE,0.703,1,0
TXN_00002306,USR_010121,94.1,RESTAURANT,JP,0.741,1,0
TXN_00002307,USR_036344,379.12,GAMING,US,0.19,0,0
TXN_00002308,USR_048102,35.17,HOTEL,BR,0.347,1,0
TXN_00002309,USR_022947,144.43,HOTEL,JP,0.341,1,0
TXN_00002310,USR_019302,16.72,GAMING,AU,0.189,1,0
TXN_00002311,USR_048165,39.63,HOTEL,GB,0.202,1,0
TXN_00002312,USR_043191,33.61,CRYPTO,IN,0.233,1,0
TXN_00002313,USR_041949,65.76,HOTEL,JP,0.609,1,0
TXN_00002314,USR_033929,12.4,CRYPTO,US,0.836,0,0
TXN_00002315,USR_028830,94.62,CRYPTO,BR,0.353,1,0
TXN_00002316,USR_041246,99.55,HOTEL,DE,0.309,1,0
TXN_00002317,USR_035848,167.14,AIRLINE,AU,0.705,1,0
TXN_00002318,USR_018018,56.02,AIRLINE,FR,0.714,1,0
TXN_00002319,USR_043667,372.89,AIRLINE,JP,0.977,1,1
TXN_00002320,USR_037523,16.85,RESTAURANT,GB,0.704,1,0
TXN_00002321,USR_032721,24.28,GAMING,CA,0.628,1,0
TXN_00002322,USR_036944,49.55,CRYPTO,CA,0.246,1,1
TXN_00002323,USR_027845,109.24,HOTEL,JP,0.223,1,0
TXN_00002324,USR_015651,36.93,CRYPTO,DE,0.609,1,0
TXN_00002325,USR_001985,159.38,RETAIL,AU,0.394,1,0
TXN_00002326,USR_005336,363.09,GROCERY,CA,0.602,1,0
TXN_00002327,USR_009418,108.94,GROCERY,DE,0.322,1,0
TXN_00002328,USR_037430,148.28,GAMING,SG,0.198,1,0
TXN_00002329,USR_001263,29.74,CRYPTO,GB,0.185,1,0
TXN_00002330,USR_045307,223.87,GAMING,BR,0.053,1,0
TXN_00002331,USR_047964,62.05,CRYPTO,BR,0.919,1,1
TXN_00002332,USR_011536,131.36,RESTAURANT,DE,0.843,1,0
TXN_00002333,USR_007207,69.06,GROCERY,IN,0.043,1,0
TXN_00002334,USR_040224,64.67,ELECTRONICS,IN,0.745,1,0
TXN_00002335,USR_037484,95.18,RETAIL,US,0.028,0,0
TXN_00002336,USR_022209,16.11,GROCERY,DE,0.089,1,0
TXN_00002337,USR_029814,93.4,RESTAURANT,JP,0.897,1,1
TXN_00002338,USR_011909,22.39,ELECTRONICS,FR,0.116,1,0
TXN_00002339,USR_048227,96.94,AIRLINE,JP,0.349,1,0
TXN_00002340,USR_015904,39.72,RESTAURANT,FR,0.531,1,0
TXN_00002341,USR_019294,55.32,GROCERY,BR,0.339,1,0
TXN_00002342,USR_021805,7.1,AIRLINE,IN,0.338,1,0
TXN_00002343,USR_042192,136.19,RESTAURANT,IN,0.692,1,0
TXN_00002344,USR_037127,581.98,GAMING,US,0.243,0,0
TXN_00002345,USR_032615,604.09,RESTAURANT,US,0.914,0,1
TXN_00002346,USR_003938,24.72,RESTAURANT,SG,0.193,1,0
TXN_00002347,USR_032310,10.2,GROCERY,DE,0.844,1,0
TXN_00002348,USR_005684,32.75,GAMING,AU,0.289,1,0
TXN_00002349,USR_013801,75.44,GROCERY,FR,0.114,1,0
TXN_00002350,USR_017392,47.31,CRYPTO,SG,0.827,1,0
TXN_00002351,USR_038566,63.26,CRYPTO,GB,0.689,1,0
TXN_00002352,USR_028846,70.87,RESTAURANT,SG,0.391,1,0
TXN_00002353,USR_033962,259.33,ELECTRONICS,GB,0.708,1,0
TXN_00002354,USR_034457,50.61,HOTEL,DE,0.017,1,0
TXN_00002355,USR_024722,8.67,AIRLINE,AU,0.618,1,0
TXN_00002356,USR_041151,83.5,GROCERY,JP,0.783,1,0
TXN_00002357,USR_034656,122.21,RESTAURANT,IN,0.95,1,1
TXN_00002358,USR_034771,95.22,CRYPTO,BR,0.394,1,0
TXN_00002359,USR_012891,81.68,GROCERY,GB,0.681,1,0
TXN_00002360,USR_015627,125.17,ELECTRONICS,AU,0.798,1,0
TXN_00002361,USR_011066,17.6,HOTEL,US,0.367,0,0
TXN_00002362,USR_045140,6.84,GAMING,FR,0.096,1,0
TXN_00002363,USR_034377,230.68,RETAIL,CA,0.559,1,0
TXN_00002364,USR_039566,45.69,GAMING,BR,0.412,1,0
TXN_00002365,USR_033034,84.75,RETAIL,US,0.988,0,1
TXN_00002366,USR_009113,37.55,ELECTRONICS,BR,0.685,1,0
TXN_00002367,USR_008184,66.06,GAMING,FR,0.985,1,1
TXN_00002368,USR_008589,6.62,RETAIL,JP,0.447,1,0
TXN_00002369,USR_027732,214.03,RETAIL,US,0.041,0,0
TXN_00002370,USR_040328,67.83,ELECTRONICS,GB,0.037,1,0
TXN_00002371,USR_038052,16.27,CRYPTO,BR,0.193,1,0
TXN_00002372,USR_002986,37.08,HOTEL,DE,0.502,1,0
TXN_00002373,USR_027616,179.71,ELECTRONICS,CA,0.283,1,0
TXN_00002374,USR_009886,168.64,RESTAURANT,DE,0.848,1,0
TXN_00002375,USR_012274,41.68,GAMING,US,0.263,0,0
TXN_00002376,USR_047092,26.16,AIRLINE,AU,0.61,1,0
TXN_00002377,USR_009893,190.48,CRYPTO,BR,0.938,1,1
TXN_00002378,USR_012903,38.76,HOTEL,US,0.776,0,0
TXN_00002379,USR_033804,19.87,GROCERY,IN,0.654,1,0
TXN_00002380,USR_016642,34.51,RESTAURANT,GB,0.986,1,1
TXN_00002381,USR_013937,43.55,RESTAURANT,GB,0.88,1,1
TXN_00002382,USR_045286,183.07,HOTEL,SG,0.511,1,0
TXN_00002383,USR_027571,252.61,GAMING,FR,0.747,1,0
TXN_00002384,USR_035700,19.3,ELECTRONICS,JP,0.87,1,1
TXN_00002385,USR_027431,220.25,CRYPTO,IN,0.012,1,0
TXN_00002386,USR_017698,249.96,RETAIL,JP,0.865,1,1
TXN_00002387,USR_027496,166.19,GROCERY,BR,0.574,1,0
TXN_00002388,USR_043624,210.18,HOTEL,GB,0.186,1,0
TXN_00002389,USR_047650,184.66,ELECTRONICS,AU,0.399,1,0
TXN_00002390,USR_035521,71.54,GAMING,IN,0.79,1,0
TXN_00002391,USR_016730,25.94,ELECTRONICS,IN,0.318,1,1
TXN_00002392,USR_048790,50.95,RESTAURANT,FR,0.901,1,1
TXN_00002393,USR_018250,53.39,ELECTRONICS,IN,0.798,1,0
TXN_00002394,USR_028188,47.62,ELECTRONICS,BR,0.669,1,1
TXN_00002395,USR_048595,465.34,RETAIL,GB,0.785,1,0
TXN_00002396,USR_040562,89.99,AIRLINE,DE,0.83,1,0
TXN_00002397,USR_012959,183.25,GROCERY,DE,0.565,1,0
TXN_00002398,USR_014713,43.37,AIRLINE,BR,0.499,1,0
TXN_00002399,USR_042839,236.32,ELECTRONICS,AU,0.734,1,0
TXN_00002400,USR_011885,243.65,GROCERY,AU,0.474,1,0
TXN_00002401,USR_031416,64.14,HOTEL,SG,0.752,1,0
TXN_00002402,USR_027785,24.28,RESTAURANT,US,0.236,0,0
TXN_00002403,USR_024747,41.7,GAMING,GB,0.015,1,0
TXN_00002404,USR_004184,47.16,AIRLINE,GB,0.42,1,0
TXN_00002405,USR_044865,28.1,RETAIL,US,0.177,0,0
TXN_00002406,USR_005650,116.96,CRYPTO,CA,0.194,1,0
TXN_00002407,USR_023403,89.16,RETAIL,AU,0.426,1,0
TXN_00002408,USR_010862,31.39,ELECTRONICS,CA,0.313,1,0
TXN_00002409,USR_035813,46.71,RETAIL,CA,0.231,1,0
TXN_00002410,USR_019968,18.61,ELECTRONICS,IN,0.881,1,1
TXN_00002411,USR_014593,40.09,GAMING,AU,0.918,1,1
TXN_00002412,USR_035045,135.75,RESTAURANT,AU,0.957,1,1
TXN_00002413,USR_023663,58.06,CRYPTO,US,0.856,0,1
TXN_00002414,USR_015817,62.16,RETAIL,IN,0.96,1,1
TXN_00002415,USR_031216,31.13,AIRLINE,CA,0.43,1,0
TXN_00002416,USR_001988,47.99,CRYPTO,JP,0.227,1,0
TXN_00002417,USR_004998,42.12,RETAIL,US,0.211,0,0
TXN_00002418,USR_005667,29.56,ELECTRONICS,FR,0.84,1,0
TXN_00002419,USR_018817,130.86,AIRLINE,FR,0.222,1,0
TXN_00002420,USR_003955,128.34,RETAIL,IN,0.875,1,1
TXN_00002421,USR_021871,10.99,GAMING,US,0.617,0,0
TXN_00002422,USR_025467,43.57,ELECTRONICS,FR,0.284,1,0
TXN_00002423,USR_045051,59.74,HOTEL,CA,0.646,1,0
TXN_00002424,USR_019332,67.18,RESTAURANT,US,0.524,0,0
TXN_00002425,USR_035314,269.93,ELECTRONICS,SG,0.027,1,0
TXN_00002426,USR_034793,31.17,GROCERY,GB,0.179,1,0
TXN_00002427,USR_026265,307.34,HOTEL,JP,0.395,1,0
TXN_00002428,USR_016119,47.89,AIRLINE,IN,0.985,1,1
TXN_00002429,USR_025910,210.64,GROCERY,JP,0.597,1,0
TXN_00002430,USR_045093,33.53,GAMING,DE,0.476,1,0
TXN_00002431,USR_042741,164.41,HOTEL,JP,0.878,1,1
TXN_00002432,USR_045741,22.38,CRYPTO,IN,0.725,1,0
TXN_00002433,USR_009055,49.54,GROCERY,JP,0.058,1,0
TXN_00002434,USR_031570,37.05,RETAIL,GB,0.47,1,0
TXN_00002435,USR_032348,71.85,HOTEL,DE,0.023,1,0
TXN_00002436,USR_007513,119.34,RESTAURANT,US,0.355,0,0
TXN_00002437,USR_023429,203.81,HOTEL,SG,0.24,1,0
TXN_00002438,USR_046762,307.25,GAMING,CA,0.354,1,0
TXN_00002439,USR_021709,399.49,GROCERY,IN,0.642,1,0
TXN_00002440,USR_002784,384.43,RESTAURANT,IN,0.576,1,0
TXN_00002441,USR_006742,96.92,HOTEL,FR,0.538,1,0
TXN_00002442,USR_012736,102.76,HOTEL,GB,0.812,1,1
TXN_00002443,USR_030402,101.19,GAMING,GB,0.038,1,0
TXN_00002444,USR_024678,75.59,HOTEL,GB,0.019,1,0
TXN_00002445,USR_032883,246.47,CRYPTO,CA,0.762,1,0
TXN_00002446,USR_048154,6.34,AIRLINE,JP,0.516,1,0
TXN_00002447,USR_011651,301.44,RETAIL,AU,0.78,1,0
TXN_00002448,USR_017894,36.79,RESTAURANT,CA,0.106,1,0
TXN_00002449,USR_024088,48.79,CRYPTO,AU,0.039,1,0
TXN_00002450,USR_007625,62.86,GROCERY,FR,0.262,1,0
TXN_00002451,USR_042973,194.07,CRYPTO,IN,0.834,1,0
TXN_00002452,USR_010490,22.46,RESTAURANT,BR,0.626,1,0
TXN_00002453,USR_023693,7.26,HOTEL,SG,0.823,1,0
TXN_00002454,USR_049084,38.69,GAMING,AU,0.339,1,0
TXN_00002455,USR_012097,19.58,ELECTRONICS,IN,0.437,1,0
TXN_00002456,USR_029920,106.06,ELECTRONICS,IN,0.879,1,1
TXN_00002457,USR_003918,194.29,AIRLINE,AU,0.603,1,0
TXN_00002458,USR_033277,64.69,AIRLINE,IN,0.014,1,0
TXN_00002459,USR_034887,32.45,ELECTRONICS,IN,0.557,1,0
TXN_00002460,USR_043305,29.33,RETAIL,IN,0.524,1,0
TXN_00002461,USR_022909,44.46,GROCERY,SG,0.245,1,0
TXN_00002462,USR_039801,167.25,GROCERY,DE,0.453,1,0
TXN_00002463,USR_017656,319.54,GROCERY,US,0.343,0,0
TXN_00002464,USR_026430,20.05,RETAIL,IN,0.613,1,0
TXN_00002465,USR_042496,55.21,GAMING,SG,0.931,1,1
TXN_00002466,USR_008849,217.29,GAMING,FR,0.694,1,0
TXN_00002467,USR_045808,33.62,AIRLINE,FR,0.835,1,0
TXN_00002468,USR_001813,26.21,GAMING,SG,0.422,1,0
TXN_00002469,USR_048510,122.93,RETAIL,IN,0.494,1,0
TXN_00002470,USR_026520,129.98,AIRLINE,SG,0.2,1,0
TXN_00002471,USR_030418,18.23,GAMING,BR,0.921,1,1
TXN_00002472,USR_028672,16.58,ELECTRONICS,BR,0.228,1,0
TXN_00002473,USR_043695,32.92,CRYPTO,DE,0.494,1,0
TXN_00002474,USR_010210,35.74,GROCERY,FR,0.225,1,0
TXN_00002475,USR_022695,222.55,HOTEL,CA,0.935,1,1
TXN_00002476,USR_020789,22.11,RETAIL,AU,0.134,1,0
TXN_00002477,USR_004363,18.35,GAMING,BR,0.444,1,0
TXN_00002478,USR_043503,238.25,AIRLINE,FR,0.309,1,0
TXN_00002479,USR_011201,307.36,GAMING,IN,0.368,1,0
TXN_00002480,USR_013704,142.78,CRYPTO,SG,0.545,1,0
TXN_00002481,USR_013763,151.27,RETAIL,JP,0.585,1,0
TXN_00002482,USR_030319,37.13,RESTAURANT,GB,0.775,1,0
TXN_00002483,USR_011990,26.96,AIRLINE,GB,0.165,1,0
TXN_00002484,USR_035462,10.95,HOTEL,FR,0.761,1,0
TXN_00002485,USR_043744,37.8,GROCERY,AU,0.495,1,0
TXN_00002486,USR_049743,25.66,HOTEL,JP,0.28,1,0
TXN_00002487,USR_038799,186.24,RETAIL,JP,0.157,1,0
TXN_00002488,USR_023107,170.71,GROCERY,SG,0.458,1,0
TXN_00002489,USR_022794,501.37,AIRLINE,AU,0.322,1,0
TXN_00002490,USR_031665,45.74,CRYPTO,IN,0.201,1,0
TXN_00002491,USR_006649,35.31,GROCERY,GB,0.643,1,0
TXN_00002492,USR_046110,129.48,HOTEL,IN,0.678,1,0
TXN_00002493,USR_043754,267.86,RETAIL,BR,0.305,1,0
TXN_00002494,USR_034588,79.04,CRYPTO,JP,0.518,1,0
TXN_00002495,USR_007819,91.77,GAMING,US,0.137,0,0
TXN_00002496,USR_037419,50.96,AIRLINE,US,0.088,0,0
TXN_00002497,USR_010710,150.91,AIRLINE,SG,0.359,1,0
TXN_00002498,USR_033393,63.43,ELECTRONICS,DE,0.426,1,0
TXN_00002499,USR_019116,160.67,AIRLINE,GB,0.417,1,0
TXN_00002500,USR_025991,37.5,ELECTRONICS,DE,0.1,1,0
TXN_00002501,USR_027601,16.28,GAMING,BR,0.242,1,0
TXN_00002502,USR_010139,11.93,RESTAURANT,JP,0.589,1,0
TXN_00002503,USR_020278,53.74,GAMING,FR,0.321,1,0
TXN_00002504,USR_003087,34.04,ELECTRONICS,GB,0.173,1,0
TXN_00002505,USR_027451,39.19,HOTEL,JP,0.783,1,0
TXN_00002506,USR_037041,22.75,HOTEL,US,0.663,0,0
TXN_00002507,USR_004722,13.45,HOTEL,DE,0.012,1,0
TXN_00002508,USR_033715,167.71,RETAIL,JP,0.18,1,0
TXN_00002509,USR_019900,282.46,GROCERY,DE,0.509,1,0
TXN_00002510,USR_011882,10.12,RESTAURANT,JP,0.344,1,1
TXN_00002511,USR_036607,252.84,RETAIL,FR,0.023,1,0
TXN_00002512,USR_001449,439.36,HOTEL,SG,0.109,1,0
TXN_00002513,USR_049419,67.51,ELECTRONICS,AU,0.556,1,0
TXN_00002514,USR_035058,108.87,RESTAURANT,FR,0.772,1,0
TXN_00002515,USR_008093,10.78,GROCERY,FR,0.828,1,0
TXN_00002516,USR_004063,398.56,CRYPTO,JP,0.918,1,1
TXN_00002517,USR_029008,38.02,RESTAURANT,BR,0.949,1,1
TXN_00002518,USR_048077,64.81,CRYPTO,CA,0.765,1,0
TXN_00002519,USR_029488,64.31,AIRLINE,IN,0.618,1,0
TXN_00002520,USR_027151,184.08,RETAIL,CA,0.058,1,0
TXN_00002521,USR_027239,10.67,CRYPTO,GB,0.011,1,0
TXN_00002522,USR_006195,63.7,ELECTRONICS,FR,0.288,1,1
TXN_00002523,USR_012369,82.18,GROCERY,DE,0.203,1,0
TXN_00002524,USR_007004,170.19,ELECTRONICS,DE,0.386,1,0
TXN_00002525,USR_038344,61.02,ELECTRONICS,DE,0.633,1,0
TXN_00002526,USR_025592,68.1,GROCERY,JP,0.78,1,0
TXN_00002527,USR_024888,21.64,AIRLINE,DE,0.718,1,0
TXN_00002528,USR_017214,9.57,GROCERY,FR,0.988,1,1
TXN_00002529,USR_018290,29.53,RESTAURANT,GB,0.62,1,0
TXN_00002530,USR_003923,136.82,RESTAURANT,GB,0.367,1,0
TXN_00002531,USR_044104,107.08,ELECTRONICS,DE,0.858,1,1
TXN_00002532,USR_039530,78.86,RESTAURANT,US,0.87,0,1
TXN_00002533,USR_005427,107.06,GROCERY,SG,0.852,1,1
TXN_00002534,USR_022006,35.34,HOTEL,FR,0.779,1,0
TXN_00002535,USR_024215,8.95,RESTAURANT,AU,0.596,1,0
TXN_00002536,USR_004288,8.85,GAMING,BR,0.815,1,0
TXN_00002537,USR_005188,25.81,CRYPTO,SG,0.066,1,0
TXN_00002538,USR_041721,154.38,RETAIL,FR,0.716,1,0
TXN_00002539,USR_005119,54.97,RESTAURANT,GB,0.642,1,0
TXN_00002540,USR_045491,154.12,CRYPTO,IN,0.353,1,0
TXN_00002541,USR_009381,8.64,HOTEL,CA,0.124,1,0
TXN_00002542,USR_002834,209.79,HOTEL,JP,0.582,1,0
TXN_00002543,USR_020959,87.67,RETAIL,JP,0.078,1,0
TXN_00002544,USR_023999,293.52,ELECTRONICS,GB,0.218,1,0
TXN_00002545,USR_017981,36.61,AIRLINE,US,0.972,0,1
TXN_00002546,USR_048321,68.46,HOTEL,AU,0.131,1,0
TXN_00002547,USR_029969,58.7,GROCERY,CA,0.071,1,0
TXN_00002548,USR_020002,107.12,GAMING,DE,0.437,1,0
TXN_00002549,USR_019642,187.61,AIRLINE,AU,0.098,1,0
TXN_00002550,USR_032000,102.54,ELECTRONICS,CA,0.378,1,0
TXN_00002551,USR_011028,17.82,RESTAURANT,AU,0.643,1,0
TXN_00002552,USR_007321,88.19,AIRLINE,SG,0.617,1,0
TXN_00002553,USR_043996,95.4,GAMING,IN,0.181,1,0
TXN_00002554,USR_002289,16.33,RETAIL,GB,0.944,1,1
TXN_00002555,USR_008344,106.08,RESTAURANT,BR,0.569,1,0
TXN_00002556,USR_021883,69.4,HOTEL,JP,0.697,1,0
TXN_00002557,USR_049098,114.88,CRYPTO,FR,0.704,1,0
TXN_00002558,USR_023417,52.11,AIRLINE,US,0.68,0,0
TXN_00002559,USR_021104,137.78,RETAIL,IN,0.617,1,0
TXN_00002560,USR_025991,92.68,AIRLINE,GB,0.198,1,0
TXN_00002561,USR_044509,7.82,AIRLINE,IN,0.026,1,0
TXN_00002562,USR_013153,21.65,ELECTRONICS,SG,0.61,1,0
TXN_00002563,USR_022481,32.12,HOTEL,BR,0.04,1,0
TXN_00002564,USR_049527,183.94,GAMING,GB,0.032,1,0
TXN_00002565,USR_016626,148.44,RETAIL,GB,0.392,1,0
TXN_00002566,USR_043902,115.66,GAMING,CA,0.704,1,0
TXN_00002567,USR_031466,9.32,CRYPTO,SG,0.062,1,0
TXN_00002568,USR_047408,29.31,GAMING,DE,0.658,1,0
TXN_00002569,USR_003974,83.01,RETAIL,JP,0.814,1,0
TXN_00002570,USR_021586,79.7,ELECTRONICS,CA,0.782,1,0
TXN_00002571,USR_003712,198.89,CRYPTO,SG,0.02,1,0
TXN_00002572,USR_017657,66.92,RESTAURANT,US,0.271,0,0
TXN_00002573,USR_009512,110.15,GAMING,BR,0.68,1,0
TXN_00002574,USR_046642,136.95,AIRLINE,AU,0.964,1,1
TXN_00002575,USR_045895,13.33,RETAIL,JP,0.602,1,0
TXN_00002576,USR_008342,203.86,HOTEL,AU,0.704,1,0
TXN_00002577,USR_035678,320.27,GROCERY,CA,0.424,1,0
TXN_00002578,USR_044993,173.71,RETAIL,GB,0.186,1,0
TXN_00002579,USR_007265,243.01,GROCERY,US,0.606,0,0
TXN_00002580,USR_023564,32.34,RETAIL,AU,0.209,1,0
TXN_00002581,USR_024120,22.35,AIRLINE,BR,0.074,1,0
TXN_00002582,USR_022186,67.31,GROCERY,SG,0.639,1,0
TXN_00002583,USR_047385,80.23,RETAIL,FR,0.706,1,0
TXN_00002584,USR_017081,128.17,GROCERY,GB,0.658,1,0
TXN_00002585,USR_029347,49.33,RETAIL,CA,0.256,1,0
TXN_00002586,USR_007892,32.87,RETAIL,US,0.149,0,0
TXN_00002587,USR_016194,20.67,ELECTRONICS,GB,0.989,1,1
TXN_00002588,USR_049307,99.45,ELECTRONICS,US,0.255,0,0
TXN_00002589,USR_045173,79.57,GAMING,FR,0.714,1,0
TXN_00002590,USR_002874,160.76,GROCERY,BR,0.138,1,0
TXN_00002591,USR_008896,88.79,RETAIL,DE,0.369,1,0
TXN_00002592,USR_030225,247.89,RESTAURANT,SG,0.125,1,0
TXN_00002593,USR_043340,49.2,ELECTRONICS,BR,0.953,1,1
TXN_00002594,USR_035863,33.96,AIRLINE,AU,0.553,1,0
TXN_00002595,USR_045197,6.35,ELECTRONICS,DE,0.325,1,0
TXN_00002596,USR_021945,135.06,AIRLINE,CA,0.162,1,0
TXN_00002597,USR_031278,41.74,GROCERY,JP,0.473,1,0
TXN_00002598,USR_024985,114.16,ELECTRONICS,BR,0.187,1,0
TXN_00002599,USR_035048,29.51,RESTAURANT,US,0.457,0,0
TXN_00002600,USR_022493,239.84,RESTAURANT,AU,0.717,1,0
TXN_00002601,USR_008975,219.79,ELECTRONICS,AU,0.72,1,0
TXN_00002602,USR_017071,18.8,ELECTRONICS,JP,0.696,1,0
TXN_00002603,USR_003265,166.76,GAMING,DE,0.871,1,1
TXN_00002604,USR_019483,44.23,RETAIL,CA,0.514,1,0
TXN_00002605,USR_019262,49.99,GAMING,IN,0.489,1,0
TXN_00002606,USR_038759,249.73,GAMING,GB,0.629,1,0
TXN_00002607,USR_030454,30.53,AIRLINE,FR,0.098,1,0
TXN_00002608,USR_013310,22.4,GROCERY,AU,0.883,1,1
TXN_00002609,USR_007967,116.65,GAMING,FR,0.579,1,0
TXN_00002610,USR_031484,156.82,GROCERY,JP,0.938,1,1
TXN_00002611,USR_025319,57.07,ELECTRONICS,US,0.707,0,0
TXN_00002612,USR_003451,84.77,RESTAURANT,SG,0.675,1,0
TXN_00002613,USR_022917,77.81,ELECTRONICS,SG,0.314,1,0
TXN_00002614,USR_017502,128.81,AIRLINE,DE,0.434,1,0
TXN_00002615,USR_031155,57.74,CRYPTO,FR,0.41,1,0
TXN_00002616,USR_029306,69.75,GAMING,SG,0.767,1,0
TXN_00002617,USR_041270,190.3,RESTAURANT,DE,0.852,1,1
TXN_00002618,USR_005950,50.7,GAMING,GB,0.595,1,0
TXN_00002619,USR_008419,340.57,CRYPTO,AU,0.893,1,1
TXN_00002620,USR_035362,243.42,CRYPTO,US,0.354,0,0
TXN_00002621,USR_011513,22.97,HOTEL,AU,0.67,1,0
TXN_00002622,USR_003221,276.12,ELECTRONICS,AU,0.125,1,0
TXN_00002623,USR_026519,27.24,RESTAURANT,DE,0.943,1,1
TXN_00002624,USR_039103,45.69,GROCERY,DE,0.705,1,0
TXN_00002625,USR_022972,198.55,ELECTRONICS,AU,0.45,1,0
TXN_00002626,USR_007855,17.73,CRYPTO,SG,0.472,1,0
TXN_00002627,USR_029407,112.56,GAMING,SG,0.765,1,0
TXN_00002628,USR_034918,155.85,CRYPTO,DE,0.777,1,0
TXN_00002629,USR_022239,189.18,RETAIL,FR,0.339,1,0
TXN_00002630,USR_025742,183.28,AIRLINE,SG,0.257,1,0
TXN_00002631,USR_036896,28.96,CRYPTO,BR,0.907,1,1
TXN_00002632,USR_048385,107.61,GROCERY,IN,0.33,1,0
TXN_00002633,USR_040811,87.03,HOTEL,IN,0.163,1,0
TXN_00002634,USR_043759,171.35,RESTAURANT,BR,0.752,1,0
TXN_00002635,USR_036230,120.99,GAMING,GB,0.619,1,0
TXN_00002636,USR_018055,79.97,GROCERY,DE,0.634,1,0
TXN_00002637,USR_026524,106.99,AIRLINE,DE,0.868,1,1
TXN_00002638,USR_048134,190.63,GAMING,JP,0.608,1,0
TXN_00002639,USR_048816,6.64,HOTEL,BR,0.24,1,0
TXN_00002640,USR_037062,9.13,ELECTRONICS,AU,0.045,1,0
TXN_00002641,USR_004843,5.68,AIRLINE,GB,0.82,1,0
TXN_00002642,USR_022424,283.39,RESTAURANT,US,0.201,0,0
TXN_00002643,USR_023252,43.24,RESTAURANT,IN,0.272,1,0
TXN_00002644,USR_040006,82.97,HOTEL,AU,0.638,1,0
TXN_00002645,USR_014222,14.93,AIRLINE,BR,0.108,1,0
TXN_00002646,USR_001311,39.51,CRYPTO,CA,0.935,1,1
TXN_00002647,USR_018753,502.15,GROCERY,AU,0.852,1,1
TXN_00002648,USR_009566,15.39,AIRLINE,GB,0.393,1,0
TXN_00002649,USR_016921,142.61,ELECTRONICS,CA,0.033,1,0
TXN_00002650,USR_001512,396.64,GAMING,JP,0.557,1,0
TXN_00002651,USR_017290,100.82,CRYPTO,IN,0.875,1,1
TXN_00002652,USR_037126,7.33,HOTEL,DE,0.812,1,0
TXN_00002653,USR_027406,76.89,HOTEL,FR,0.688,1,0
TXN_00002654,USR_013335,62.36,GROCERY,JP,0.502,1,1
TXN_00002655,USR_037335,32.67,HOTEL,US,0.154,0,0
TXN_00002656,USR_015545,57.13,ELECTRONICS,IN,0.761,1,0
TXN_00002657,USR_042064,80.72,GROCERY,JP,0.516,1,0
TXN_00002658,USR_017404,117.35,HOTEL,GB,0.119,1,0
TXN_00002659,USR_030872,13.41,HOTEL,FR,0.707,1,0
TXN_00002660,USR_040653,76.2,GROCERY,FR,0.383,1,0
TXN_00002661,USR_035758,281.53,AIRLINE,SG,0.76,1,0
TXN_00002662,USR_022317,79.64,CRYPTO,DE,0.041,1,0
TXN_00002663,USR_046827,83.5,HOTEL,IN,0.746,1,0
TXN_00002664,USR_016400,62.54,CRYPTO,FR,0.768,1,0
TXN_00002665,USR_031088,130.87,ELECTRONICS,DE,0.454,1,0
TXN_00002666,USR_029235,118.1,CRYPTO,IN,0.801,1,0
TXN_00002667,USR_034734,75.35,GAMING,JP,0.928,1,1
TXN_00002668,USR_048591,32.37,RETAIL,FR,0.838,1,0
TXN_00002669,USR_040839,23.19,GAMING,GB,0.428,1,0
TXN_00002670,USR_033462,87.46,GAMING,DE,0.866,1,1
TXN_00002671,USR_021454,192.38,GROCERY,BR,0.702,1,0
TXN_00002672,USR_001913,280.29,AIRLINE,IN,0.095,1,0
TXN_00002673,USR_026293,78.99,AIRLINE,CA,0.988,1,1
TXN_00002674,USR_009983,37.86,HOTEL,SG,0.362,1,0
TXN_00002675,USR_047390,108.93,CRYPTO,JP,0.363,1,0
TXN_00002676,USR_016127,85.8,ELECTRONICS,IN,0.537,1,0
TXN_00002677,USR_035739,149.18,CRYPTO,DE,0.512,1,0
TXN_00002678,USR_025335,17.65,AIRLINE,IN,0.022,1,0
TXN_00002679,USR_037262,51.7,ELECTRONICS,DE,0.261,1,0
TXN_00002680,USR_014787,136.28,AIRLINE,JP,0.327,1,0
TXN_00002681,USR_024776,18.72,GROCERY,IN,0.119,1,0
TXN_00002682,USR_022468,242.0,GROCERY,GB,0.487,1,0
TXN_00002683,USR_035605,41.5,RETAIL,IN,0.707,1,0
TXN_00002684,USR_047761,21.5,GROCERY,GB,0.847,1,0
TXN_00002685,USR_035083,82.94,AIRLINE,FR,0.848,1,0
TXN_00002686,USR_038785,256.78,ELECTRONICS,AU,0.707,1,0
TXN_00002687,USR_035942,9.91,HOTEL,BR,0.691,1,0
TXN_00002688,USR_029132,24.35,AIRLINE,CA,0.151,1,0
TXN_00002689,USR_024280,17.39,GAMING,US,0.113,0,0
TXN_00002690,USR_030224,74.15,RESTAURANT,CA,0.749,1,0
TXN_00002691,USR_040296,61.22,HOTEL,BR,0.594,1,0
TXN_00002692,USR_036216,130.03,GAMING,IN,0.431,1,0
TXN_00002693,USR_026433,105.41,GAMING,IN,0.32,1,0
TXN_00002694,USR_022569,41.48,CRYPTO,SG,0.288,1,0
TXN_00002695,USR_043397,69.6,GAMING,AU,0.97,1,1
TXN_00002696,USR_019181,12.96,AIRLINE,BR,0.207,1,0
TXN_00002697,USR_037983,44.11,GROCERY,AU,0.653,1,0
TXN_00002698,USR_045781,79.83,GROCERY,JP,0.239,1,0
TXN_00002699,USR_044672,47.84,RETAIL,SG,0.231,1,0
TXN_00002700,USR_025740,44.02,RESTAURANT,IN,0.248,1,0
TXN_00002701,USR_034143,15.12,GAMING,IN,0.246,1,0
TXN_00002702,USR_040394,6.47,CRYPTO,AU,0.294,1,0
TXN_00002703,USR_009796,333.72,HOTEL,US,0.396,0,0
TXN_00002704,USR_035553,55.07,HOTEL,SG,0.073,1,0
TXN_00002705,USR_034258,149.29,GROCERY,FR,0.242,1,0
TXN_00002706,USR_044875,82.65,RETAIL,DE,0.768,1,0
TXN_00002707,USR_032817,35.66,RESTAURANT,IN,0.872,1,1
TXN_00002708,USR_034970,36.33,GAMING,CA,0.228,1,0
TXN_00002709,USR_023087,33.94,AIRLINE,IN,0.397,1,0
TXN_00002710,USR_012101,65.81,ELECTRONICS,IN,0.065,1,0
TXN_00002711,USR_034237,75.51,CRYPTO,US,0.059,0,0
TXN_00002712,USR_023405,210.38,CRYPTO,DE,0.613,1,0
TXN_00002713,USR_010420,105.37,GROCERY,AU,0.254,1,0
TXN_00002714,USR_039580,65.11,GROCERY,GB,0.812,1,0
TXN_00002715,USR_004955,6.27,CRYPTO,FR,0.841,1,0
TXN_00002716,USR_019760,150.18,RETAIL,CA,0.045,1,0
TXN_00002717,USR_023732,10.48,ELECTRONICS,AU,0.416,1,0
TXN_00002718,USR_005260,49.94,GROCERY,US,0.561,0,0
TXN_00002719,USR_010825,222.67,RESTAURANT,SG,0.908,1,1
TXN_00002720,USR_036436,32.99,AIRLINE,FR,0.06,1,0
TXN_00002721,USR_020983,9.88,GROCERY,GB,0.836,1,0
TXN_00002722,USR_006525,17.4,RESTAURANT,JP,0.984,1,1
TXN_00002723,USR_034753,39.98,CRYPTO,US,0.982,0,1
TXN_00002724,USR_019446,119.03,RESTAURANT,GB,0.634,1,0
TXN_00002725,USR_016991,141.34,GROCERY,IN,0.719,1,0
TXN_00002726,USR_043861,96.6,RESTAURANT,BR,0.925,1,1
TXN_00002727,USR_018552,53.68,ELECTRONICS,SG,0.355,1,0
TXN_00002728,USR_040511,528.41,GAMING,AU,0.793,1,0
TXN_00002729,USR_044789,54.51,GROCERY,SG,0.775,1,0
TXN_00002730,USR_034428,78.17,GROCERY,BR,0.341,1,0
TXN_00002731,USR_014233,26.37,AIRLINE,DE,0.599,1,0
TXN_00002732,USR_044802,244.36,GROCERY,DE,0.228,1,0
TXN_00002733,USR_048992,27.55,RESTAURANT,BR,0.808,1,0
TXN_00002734,USR_036219,127.71,GAMING,AU,0.535,1,0
TXN_00002735,USR_027771,59.81,RESTAURANT,FR,0.702,1,0
TXN_00002736,USR_023035,52.68,RESTAURANT,AU,0.331,1,0
TXN_00002737,USR_001299,21.58,RETAIL,BR,0.155,1,0
TXN_00002738,USR_006333,140.8,AIRLINE,JP,0.547,1,0
TXN_00002739,USR_003704,261.87,AIRLINE,SG,0.275,1,0
TXN_00002740,USR_049869,5.11,ELECTRONICS,JP,0.01,1,0
TXN_00002741,USR_007983,60.14,GROCERY,DE,0.015,1,0
TXN_00002742,USR_025668,58.98,AIRLINE,CA,0.83,1,0
TXN_00002743,USR_045589,99.01,AIRLINE,CA,0.331,1,0
TXN_00002744,USR_042832,264.07,GROCERY,DE,0.584,1,0
TXN_00002745,USR_016710,8.46,CRYPTO,IN,0.39,1,0
TXN_00002746,USR_021910,59.53,AIRLINE,AU,0.77,1,0
TXN_00002747,USR_035659,34.43,ELECTRONICS,CA,0.029,1,0
TXN_00002748,USR_009697,31.4,GROCERY,GB,0.908,1,1
TXN_00002749,USR_042370,181.22,CRYPTO,IN,0.022,1,0
TXN_00002750,USR_010025,57.73,RESTAURANT,JP,0.566,1,0
TXN_00002751,USR_039971,44.71,AIRLINE,GB,0.569,1,0
TXN_00002752,USR_011270,196.51,ELECTRONICS,BR,0.228,1,0
TXN_00002753,USR_023673,132.69,GROCERY,IN,0.7,1,0
TXN_00002754,USR_009427,58.72,HOTEL,FR,0.13,1,0
TXN_00002755,USR_039161,73.01,RETAIL,IN,0.361,1,0
TXN_00002756,USR_030636,101.26,RESTAURANT,US,0.369,0,0
TXN_00002757,USR_038772,36.56,GAMING,BR,0.704,1,0
TXN_00002758,USR_048013,17.05,RETAIL,US,0.419,0,0
TXN_00002759,USR_007990,224.43,AIRLINE,IN,0.508,1,0
TXN_00002760,USR_048563,127.56,ELECTRONICS,FR,0.391,1,0
TXN_00002761,USR_027438,76.94,GAMING,AU,0.091,1,0
TXN_00002762,USR_004380,59.71,GAMING,DE,0.31,1,0
TXN_00002763,USR_035409,14.66,CRYPTO,US,0.513,0,0
TXN_00002764,USR_027115,44.02,RESTAURANT,DE,0.698,1,0
TXN_00002765,USR_039093,58.59,GROCERY,FR,0.787,1,0
TXN_00002766,USR_035627,46.38,GROCERY,FR,0.424,1,0
TXN_00002767,USR_031258,214.89,CRYPTO,IN,0.58,1,0
TXN_00002768,USR_001185,50.72,AIRLINE,AU,0.5,1,0
TXN_00002769,USR_003129,81.01,GROCERY,GB,0.756,1,1
TXN_00002770,USR_015072,105.92,CRYPTO,IN,0.668,1,0
TXN_00002771,USR_014433,192.49,GAMING,AU,0.056,1,0
TXN_00002772,USR_010253,58.47,ELECTRONICS,IN,0.823,1,0
TXN_00002773,USR_011900,42.82,HOTEL,JP,0.62,1,0
TXN_00002774,USR_047331,36.5,RESTAURANT,SG,0.969,1,1
TXN_00002775,USR_046342,36.6,GROCERY,BR,0.575,1,0
TXN_00002776,USR_030171,52.96,HOTEL,SG,0.782,1,0
TXN_00002777,USR_023540,275.72,RESTAURANT,JP,0.415,1,0
TXN_00002778,USR_027521,33.04,RETAIL,IN,0.301,1,0
TXN_00002779,USR_024720,23.85,GROCERY,CA,0.043,1,0
TXN_00002780,USR_031358,19.39,RETAIL,AU,0.481,1,0
TXN_00002781,USR_022371,115.3,AIRLINE,IN,0.072,1,0
TXN_00002782,USR_035755,8.23,CRYPTO,SG,0.714,1,0
TXN_00002783,USR_011747,106.17,HOTEL,US,0.853,0,1
TXN_00002784,USR_035953,407.78,AIRLINE,BR,0.895,1,1
TXN_00002785,USR_043363,17.75,GROCERY,BR,0.305,1,0
TXN_00002786,USR_004098,11.31,AIRLINE,SG,0.302,1,0
TXN_00002787,USR_012752,41.04,RETAIL,DE,0.033,1,0
TXN_00002788,USR_013785,184.6,RESTAURANT,US,0.161,0,0
TXN_00002789,USR_039117,28.5,GROCERY,FR,0.646,1,0
TXN_00002790,USR_022105,41.19,RESTAURANT,JP,0.142,1,0
TXN_00002791,USR_013207,64.05,GAMING,US,0.412,0,0
TXN_00002792,USR_016993,62.2,HOTEL,AU,0.386,1,0
TXN_00002793,USR_001470,19.29,GROCERY,GB,0.953,1,1
TXN_00002794,USR_025669,24.08,GAMING,DE,0.15,1,0
TXN_00002795,USR_017054,27.85,CRYPTO,US,0.497,0,0
TXN_00002796,USR_008143,139.88,GROCERY,SG,0.341,1,0
TXN_00002797,USR_034229,48.92,RESTAURANT,JP,0.286,1,0
TXN_00002798,USR_005102,65.06,HOTEL,FR,0.706,1,0
TXN_00002799,USR_010416,147.48,AIRLINE,BR,0.835,1,0
TXN_00002800,USR_015518,6.87,HOTEL,SG,0.254,1,0
TXN_00002801,USR_048589,10.94,RESTAURANT,JP,0.556,1,0
TXN_00002802,USR_012109,36.12,AIRLINE,US,0.473,0,0
TXN_00002803,USR_040394,202.57,ELECTRONICS,JP,0.482,1,0
TXN_00002804,USR_027129,18.93,AIRLINE,JP,0.795,1,0
TXN_00002805,USR_017556,10.05,ELECTRONICS,SG,0.472,1,0
TXN_00002806,USR_018872,7.41,GAMING,BR,0.974,1,1
TXN_00002807,USR_017461,64.26,GROCERY,JP,0.405,1,0
TXN_00002808,USR_027261,19.42,RETAIL,BR,0.957,1,1
TXN_00002809,USR_046421,83.79,RESTAURANT,JP,0.801,1,0
TXN_00002810,USR_049390,7.95,GAMING,JP,0.516,1,0
TXN_00002811,USR_018875,107.53,GROCERY,SG,0.651,1,0
TXN_00002812,USR_009856,56.4,ELECTRONICS,FR,0.155,1,0
TXN_00002813,USR_029449,204.59,CRYPTO,SG,0.045,1,0
TXN_00002814,USR_010602,125.0,CRYPTO,GB,0.753,1,0
TXN_00002815,USR_004110,35.27,RESTAURANT,IN,0.81,1,0
TXN_00002816,USR_027347,9.54,ELECTRONICS,GB,0.288,1,0
TXN_00002817,USR_002884,15.14,RESTAURANT,GB,0.222,1,0
TXN_00002818,USR_018498,716.37,HOTEL,CA,0.974,1,1
TXN_00002819,USR_049627,216.15,RETAIL,GB,0.24,1,0
TXN_00002820,USR_007106,164.47,RETAIL,AU,0.73,1,0
TXN_00002821,USR_030914,196.18,CRYPTO,US,0.12,0,0
TXN_00002822,USR_004961,59.82,ELECTRONICS,GB,0.578,1,1
TXN_00002823,USR_037006,27.84,AIRLINE,US,0.837,0,0
TXN_00002824,USR_009886,90.13,RESTAURANT,AU,0.767,1,0
TXN_00002825,USR_022802,324.29,GROCERY,JP,0.592,1,0
TXN_00002826,USR_011612,82.74,RETAIL,BR,0.463,1,0
TXN_00002827,USR_016142,272.73,AIRLINE,GB,0.453,1,0
TXN_00002828,USR_022373,291.79,RETAIL,SG,0.088,1,0
TXN_00002829,USR_010294,70.5,GAMING,SG,0.507,1,0
TXN_00002830,USR_021309,63.29,HOTEL,CA,0.085,1,0
TXN_00002831,USR_011435,16.07,CRYPTO,SG,0.845,1,0
TXN_00002832,USR_043721,42.26,CRYPTO,BR,0.658,1,0
TXN_00002833,USR_004887,22.35,RETAIL,IN,0.467,1,0
TXN_00002834,USR_021403,214.76,CRYPTO,AU,0.176,1,0
TXN_00002835,USR_049201,108.64,GAMING,GB,0.646,1,0
TXN_00002836,USR_019351,60.65,RESTAURANT,US,0.42,0,0
TXN_00002837,USR_006983,118.57,RESTAURANT,AU,0.628,1,0
TXN_00002838,USR_007416,74.11,CRYPTO,GB,0.638,1,0
TXN_00002839,USR_002656,10.97,GROCERY,IN,0.115,1,0
TXN_00002840,USR_027084,91.77,HOTEL,CA,0.752,1,0
TXN_00002841,USR_037913,14.88,GROCERY,US,0.879,0,1
TXN_00002842,USR_021630,61.79,GROCERY,IN,0.029,1,0
TXN_00002843,USR_035454,145.08,CRYPTO,FR,0.249,1,0
TXN_00002844,USR_008265,55.76,GROCERY,FR,0.528,1,0
TXN_00002845,USR_033866,649.12,HOTEL,JP,0.489,1,0
TXN_00002846,USR_047497,325.18,ELECTRONICS,SG,0.438,1,0
TXN_00002847,USR_022207,113.1,CRYPTO,GB,0.792,1,0
TXN_00002848,USR_042653,54.25,GAMING,IN,0.958,1,1
TXN_00002849,USR_009452,229.11,GROCERY,JP,0.794,1,0
TXN_00002850,USR_006975,177.66,RESTAURANT,US,0.953,0,1
TXN_00002851,USR_016008,63.68,AIRLINE,US,0.81,0,0
TXN_00002852,USR_047461,27.57,AIRLINE,GB,0.787,1,0
TXN_00002853,USR_037574,65.11,RETAIL,CA,0.109,1,0
TXN_00002854,USR_012028,149.95,RETAIL,JP,0.974,1,1
TXN_00002855,USR_028770,73.46,RETAIL,FR,0.371,1,0
TXN_00002856,USR_005800,107.16,CRYPTO,JP,0.112,1,0
TXN_00002857,USR_019448,13.51,RETAIL,CA,0.361,1,0
TXN_00002858,USR_030724,125.78,GROCERY,SG,0.846,1,0
TXN_00002859,USR_011738,40.87,CRYPTO,CA,0.142,1,0
TXN_00002860,USR_024856,50.99,RETAIL,JP,0.045,1,0
TXN_00002861,USR_026678,300.74,ELECTRONICS,GB,0.369,1,0
TXN_00002862,USR_013554,233.97,ELECTRONICS,SG,0.206,1,0
TXN_00002863,USR_024040,93.94,GAMING,AU,0.13,1,0
TXN_00002864,USR_017825,82.31,RESTAURANT,JP,0.648,1,0
TXN_00002865,USR_018950,26.27,AIRLINE,AU,0.058,1,0
TXN_00002866,USR_039645,197.03,ELECTRONICS,BR,0.906,1,1
TXN_00002867,USR_024537,40.83,RESTAURANT,SG,0.78,1,0
TXN_00002868,USR_027137,223.38,RESTAURANT,DE,0.974,1,1
TXN_00002869,USR_048019,86.04,RESTAURANT,US,0.691,0,0
TXN_00002870,USR_049243,57.67,AIRLINE,JP,0.7,1,0
TXN_00002871,USR_022781,41.93,ELECTRONICS,CA,0.072,1,0
TXN_00002872,USR_002962,36.51,AIRLINE,BR,0.869,1,1
TXN_00002873,USR_040508,165.05,ELECTRONICS,FR,0.965,1,1
TXN_00002874,USR_011862,76.27,GROCERY,BR,0.838,1,0
TXN_00002875,USR_025871,116.63,GROCERY,CA,0.747,1,0
TXN_00002876,USR_047688,47.19,GROCERY,BR,0.798,1,0
TXN_00002877,USR_044129,268.47,AIRLINE,US,0.021,0,0
TXN_00002878,USR_009801,73.61,ELECTRONICS,GB,0.118,1,0
TXN_00002879,USR_003406,366.3,RETAIL,BR,0.374,1,0
TXN_00002880,USR_028005,377.99,HOTEL,JP,0.52,1,0
TXN_00002881,USR_026195,109.67,RESTAURANT,FR,0.158,1,0
TXN_00002882,USR_048410,32.09,RETAIL,JP,0.135,1,0
TXN_00002883,USR_046266,99.87,ELECTRONICS,AU,0.068,1,0
TXN_00002884,USR_024268,188.7,CRYPTO,US,0.677,0,0
TXN_00002885,USR_006899,18.76,CRYPTO,BR,0.772,1,0
TXN_00002886,USR_017322,17.54,CRYPTO,AU,0.752,1,0
TXN_00002887,USR_038122,50.86,RESTAURANT,CA,0.11,1,0
TXN_00002888,USR_023474,19.64,ELECTRONICS,GB,0.669,1,0
TXN_00002889,USR_004101,204.52,RETAIL,US,0.876,0,1
TXN_00002890,USR_034258,59.56,ELECTRONICS,BR,0.514,1,0
TXN_00002891,USR_023828,93.63,CRYPTO,GB,0.65,1,0
TXN_00002892,USR_037172,352.22,GROCERY,CA,0.264,1,0
TXN_00002893,USR_045213,5.66,HOTEL,GB,0.705,1,0
TXN_00002894,USR_043191,30.49,CRYPTO,SG,0.2,1,0
TXN_00002895,USR_049000,57.97,ELECTRONICS,CA,0.908,1,1
TXN_00002896,USR_014805,10.88,RETAIL,SG,0.766,1,0
TXN_00002897,USR_040424,28.2,GAMING,AU,0.441,1,0
TXN_00002898,USR_021304,10.1,AIRLINE,FR,0.617,1,0
TXN_00002899,USR_003571,25.3,RETAIL,CA,0.323,1,0
TXN_00002900,USR_007036,165.48,CRYPTO,JP,0.752,1,0
TXN_00002901,USR_026894,133.78,RESTAURANT,DE,0.16,1,0
TXN_00002902,USR_023686,214.3,RETAIL,US,0.46,0,0
TXN_00002903,USR_045289,8.75,HOTEL,GB,0.576,1,0
TXN_00002904,USR_025021,82.02,RESTAURANT,GB,0.861,1,1
TXN_00002905,USR_008438,59.74,GAMING,JP,0.423,1,0
TXN_00002906,USR_011562,203.64,GROCERY,FR,0.638,1,0
TXN_00002907,USR_006029,41.2,ELECTRONICS,JP,0.621,1,0
TXN_00002908,USR_041583,121.39,HOTEL,GB,0.026,1,0
TXN_00002909,USR_011552,174.05,RETAIL,FR,0.482,1,0
TXN_00002910,USR_044255,99.36,RETAIL,US,0.753,0,0
TXN_00002911,USR_005426,123.2,RESTAURANT,FR,0.211,1,0
TXN_00002912,USR_027541,75.4,HOTEL,US,0.018,0,0
TXN_00002913,USR_008452,67.76,ELECTRONICS,IN,0.021,1,0
TXN_00002914,USR_008091,51.21,ELECTRONICS,DE,0.739,1,0
TXN_00002915,USR_038129,256.6,AIRLINE,AU,0.883,1,1
TXN_00002916,USR_034784,552.53,RESTAURANT,FR,0.652,1,0
TXN_00002917,USR_001130,14.87,RESTAURANT,GB,0.03,1,0
TXN_00002918,USR_021547,137.8,RETAIL,FR,0.51,1,0
TXN_00002919,USR_013336,51.51,CRYPTO,GB,0.765,1,0
TXN_00002920,USR_024581,128.54,GROCERY,AU,0.158,1,0
TXN_00002921,USR_020687,388.14,CRYPTO,GB,0.669,1,0
TXN_00002922,USR_032082,91.07,RETAIL,FR,0.859,1,1
TXN_00002923,USR_016176,126.24,CRYPTO,IN,0.175,1,0
TXN_00002924,USR_045574,12.03,CRYPTO,DE,0.379,1,0
TXN_00002925,USR_037119,15.47,RETAIL,US,0.498,0,0
TXN_00002926,USR_021820,16.65,HOTEL,SG,0.565,1,0
TXN_00002927,USR_024574,77.92,ELECTRONICS,CA,0.1,1,0
TXN_00002928,USR_016579,25.44,RESTAURANT,FR,0.035,1,0
TXN_00002929,USR_032411,290.36,RETAIL,IN,0.803,1,0
TXN_00002930,USR_032173,54.48,HOTEL,GB,0.955,1,1
TXN_00002931,USR_011682,376.98,HOTEL,BR,0.832,1,0
TXN_00002932,USR_043799,418.46,RETAIL,IN,0.938,1,1
TXN_00002933,USR_007257,87.11,ELECTRONICS,US,0.051,0,0
TXN_00002934,USR_048496,20.34,RESTAURANT,GB,0.426,1,1
TXN_00002935,USR_037343,187.72,RESTAURANT,AU,0.342,1,0
TXN_00002936,USR_020339,30.22,CRYPTO,IN,0.316,1,0
TXN_00002937,USR_015649,8.4,RESTAURANT,AU,0.96,1,1
TXN_00002938,USR_017869,27.04,GROCERY,SG,0.99,1,1
TXN_00002939,USR_011812,21.26,RESTAURANT,AU,0.688,1,0
TXN_00002940,USR_044039,266.11,GAMING,JP,0.451,1,0
TXN_00002941,USR_039792,330.21,RESTAURANT,GB,0.556,1,0
TXN_00002942,USR_002241,111.76,GAMING,DE,0.219,1,0
TXN_00002943,USR_021926,79.1,ELECTRONICS,IN,0.819,1,0
TXN_00002944,USR_021150,341.15,CRYPTO,AU,0.346,1,0
TXN_00002945,USR_044210,7.47,RESTAURANT,AU,0.397,1,1
TXN_00002946,USR_019067,258.77,ELECTRONICS,FR,0.737,1,0
TXN_00002947,USR_008603,25.42,GAMING,JP,0.948,1,1
TXN_00002948,USR_046368,19.8,HOTEL,CA,0.557,1,0
TXN_00002949,USR_032534,17.42,HOTEL,AU,0.792,1,0
TXN_00002950,USR_010721,19.45,AIRLINE,BR,0.731,1,0
TXN_00002951,USR_043418,27.21,GROCERY,FR,0.425,1,0
TXN_00002952,USR_045993,151.97,HOTEL,IN,0.305,1,0
TXN_00002953,USR_013260,47.36,GROCERY,IN,0.395,1,0
TXN_00002954,USR_042489,367.17,CRYPTO,SG,0.577,1,0
TXN_00002955,USR_046764,131.63,RESTAURANT,GB,0.701,1,0
TXN_00002956,USR_044600,26.41,CRYPTO,GB,0.635,1,0
TXN_00002957,USR_020465,7.5,GAMING,FR,0.091,1,0
TXN_00002958,USR_033956,165.87,GROCERY,FR,0.097,1,0
TXN_00002959,USR_048635,106.13,GROCERY,GB,0.031,1,0
TXN_00002960,USR_036456,77.21,GAMING,IN,0.388,1,0
TXN_00002961,USR_026676,10.01,HOTEL,AU,0.509,1,0
TXN_00002962,USR_021451,18.48,RESTAURANT,IN,0.594,1,0
TXN_00002963,USR_014408,43.35,RETAIL,SG,0.266,1,0
TXN_00002964,USR_047686,92.9,HOTEL,CA,0.279,1,0
TXN_00002965,USR_006286,92.53,CRYPTO,DE,0.53,1,0
TXN_00002966,USR_017878,10.52,GAMING,DE,0.422,1,0
TXN_00002967,USR_011960,27.19,AIRLINE,US,0.841,0,0
TXN_00002968,USR_045010,64.88,RESTAURANT,FR,0.956,1,1
TXN_00002969,USR_028831,39.49,ELECTRONICS,FR,0.372,1,0
TXN_00002970,USR_007155,11.43,AIRLINE,FR,0.932,1,1
TXN_00002971,USR_020311,52.09,CRYPTO,JP,0.821,1,0
TXN_00002972,USR_027344,31.6,CRYPTO,FR,0.078,1,0
TXN_00002973,USR_016932,300.68,ELECTRONICS,AU,0.069,1,0
TXN_00002974,USR_031769,133.43,CRYPTO,GB,0.308,1,0
TXN_00002975,USR_047636,11.04,CRYPTO,DE,0.169,1,0
TXN_00002976,USR_029275,127.09,RESTAURANT,DE,0.423,1,0
TXN_00002977,USR_043600,8.77,CRYPTO,GB,0.43,1,0
TXN_00002978,USR_021793,197.49,RESTAURANT,US,0.536,0,0
TXN_00002979,USR_016273,38.4,GAMING,GB,0.188,1,0
TXN_00002980,USR_025141,15.53,HOTEL,GB,0.44,1,0
TXN_00002981,USR_026749,50.5,RETAIL,BR,0.28,1,0
TXN_00002982,USR_020911,164.55,CRYPTO,GB,0.601,1,0
TXN_00002983,USR_049646,16.65,GAMING,US,0.235,0,0
TXN_00002984,USR_037470,160.45,RESTAURANT,DE,0.169,1,0
TXN_00002985,USR_047352,35.88,GROCERY,BR,0.929,1,1
TXN_00002986,USR_015891,188.59,HOTEL,JP,0.417,1,0
TXN_00002987,USR_018544,133.05,AIRLINE,IN,0.205,1,0
TXN_00002988,USR_013772,24.56,AIRLINE,US,0.905,0,1
TXN_00002989,USR_003134,101.38,HOTEL,JP,0.356,1,0
TXN_00002990,USR_034174,22.27,RESTAURANT,FR,0.122,1,0
TXN_00002991,USR_024391,64.82,RESTAURANT,FR,0.774,1,0
TXN_00002992,USR_026285,51.35,ELECTRONICS,SG,0.358,1,0
TXN_00002993,USR_022627,6.53,AIRLINE,JP,0.543,1,1
TXN_00002994,USR_045318,41.44,ELECTRONICS,US,0.86,0,1
TXN_00002995,USR_021058,11.13,RESTAURANT,GB,0.426,1,0
TXN_00002996,USR_046077,23.71,RESTAURANT,BR,0.835,1,0
TXN_00002997,USR_048526,16.16,GROCERY,FR,0.652,1,0
TXN_00002998,USR_034227,26.28,RESTAURANT,GB,0.092,1,0
TXN_00002999,USR_025706,81.16,RESTAURANT,CA,0.632,1,0
TXN_00003000,USR_022380,23.14,GAMING,DE,0.936,1,1
TXN_00003001,USR_012542,25.87,GAMING,IN,0.052,1,0
TXN_00003002,USR_007951,47.11,GROCERY,IN,0.144,1,0
TXN_00003003,USR_049626,39.87,GAMING,US,0.147,0,0
TXN_00003004,USR_021333,329.36,GAMING,DE,0.285,1,0
TXN_00003005,USR_023465,125.51,RESTAURANT,AU,0.478,1,0
TXN_00003006,USR_006182,65.54,GAMING,AU,0.434,1,0
TXN_00003007,USR_009286,137.89,GROCERY,GB,0.197,1,0
TXN_00003008,USR_022012,6.93,RESTAURANT,CA,0.29,1,0
TXN_00003009,USR_004669,27.29,GROCERY,AU,0.067,1,0
TXN_00003010,USR_016347,22.36,RESTAURANT,FR,0.551,1,0
TXN_00003011,USR_044763,64.04,RETAIL,FR,0.473,1,0
TXN_00003012,USR_015417,129.42,GAMING,CA,0.519,1,0
TXN_00003013,USR_003169,223.27,CRYPTO,CA,0.466,1,0
TXN_00003014,USR_001095,13.65,ELECTRONICS,BR,0.019,1,0
TXN_00003015,USR_025574,49.62,GAMING,SG,0.403,1,0
TXN_00003016,USR_049838,12.19,AIRLINE,FR,0.356,1,0
TXN_00003017,USR_042747,125.76,ELECTRONICS,FR,0.372,1,0
TXN_00003018,USR_036415,198.2,ELECTRONICS,US,0.085,0,0
TXN_00003019,USR_047274,184.64,RETAIL,DE,0.493,1,0
TXN_00003020,USR_033445,138.26,GROCERY,DE,0.338,1,0
TXN_00003021,USR_022574,105.01,GROCERY,AU,0.912,1,1
TXN_00003022,USR_011120,117.87,RETAIL,FR,0.874,1,1
TXN_00003023,USR_033470,272.5,HOTEL,GB,0.347,1,0
TXN_00003024,USR_039526,56.67,HOTEL,FR,0.815,1,0
TXN_00003025,USR_025688,238.78,GROCERY,JP,0.565,1,0
TXN_00003026,USR_017117,34.05,AIRLINE,SG,0.877,1,1
TXN_00003027,USR_032659,10.16,AIRLINE,IN,0.982,1,1
TXN_00003028,USR_027308,782.91,AIRLINE,GB,0.294,1,0
TXN_00003029,USR_028022,153.57,GAMING,IN,0.249,1,0
TXN_00003030,USR_038455,88.57,ELECTRONICS,BR,0.819,1,0
TXN_00003031,USR_033949,22.79,HOTEL,DE,0.957,1,1
TXN_00003032,USR_026111,29.43,CRYPTO,CA,0.153,1,0
TXN_00003033,USR_039015,50.04,GROCERY,FR,0.177,1,0
TXN_00003034,USR_047708,16.87,RESTAURANT,SG,0.143,1,0
TXN_00003035,USR_037335,66.95,GROCERY,CA,0.587,1,0
TXN_00003036,USR_021784,6.91,RESTAURANT,FR,0.629,1,0
TXN_00003037,USR_013742,24.61,RETAIL,GB,0.901,1,1
TXN_00003038,USR_046587,15.39,GAMING,GB,0.026,1,0
TXN_00003039,USR_021357,31.53,ELECTRONICS,BR,0.446,1,0
TXN_00003040,USR_035773,132.25,HOTEL,BR,0.408,1,0
TXN_00003041,USR_013631,16.53,CRYPTO,JP,0.134,1,0
TXN_00003042,USR_020036,218.64,RETAIL,IN,0.868,1,1
TXN_00003043,USR_049263,31.92,AIRLINE,US,0.453,0,0
TXN_00003044,USR_032053,239.01,GROCERY,GB,0.183,1,0
TXN_00003045,USR_035846,12.0,HOTEL,FR,0.786,1,0
TXN_00003046,USR_026302,28.55,HOTEL,US,0.885,0,1
TXN_00003047,USR_010393,363.63,ELECTRONICS,AU,0.24,1,0
TXN_00003048,USR_018068,161.84,GAMING,SG,0.59,1,0
TXN_00003049,USR_042762,56.95,HOTEL,CA,0.745,1,0
TXN_00003050,USR_011163,47.67,RETAIL,BR,0.025,1,0
TXN_00003051,USR_041147,72.93,GROCERY,JP,0.51,1,0
TXN_00003052,USR_023796,44.26,CRYPTO,CA,0.876,1,1
TXN_00003053,USR_030533,41.82,CRYPTO,IN,0.887,1,1
TXN_00003054,USR_015712,122.14,CRYPTO,IN,0.025,1,0
TXN_00003055,USR_028377,60.54,RETAIL,US,0.985,0,1
TXN_00003056,USR_003069,100.81,AIRLINE,IN,0.211,1,0
TXN_00003057,USR_032426,249.26,RESTAURANT,GB,0.334,1,0
TXN_00003058,USR_026573,33.09,ELECTRONICS,US,0.927,0,1
TXN_00003059,USR_002054,12.42,GAMING,BR,0.724,1,0
TXN_00003060,USR_035391,97.37,CRYPTO,US,0.212,0,0
TXN_00003061,USR_032109,200.67,CRYPTO,BR,0.622,1,0
TXN_00003062,USR_032804,216.76,ELECTRONICS,AU,0.757,1,0
TXN_00003063,USR_048829,197.35,HOTEL,BR,0.636,1,0
TXN_00003064,USR_017290,86.32,HOTEL,US,0.99,0,1
TXN_00003065,USR_031666,68.54,GROCERY,JP,0.535,1,0
TXN_00003066,USR_033552,166.95,RETAIL,CA,0.824,1,0
TXN_00003067,USR_041771,9.3,RESTAURANT,GB,0.498,1,0
TXN_00003068,USR_004328,178.42,GAMING,JP,0.17,1,0
TXN_00003069,USR_018925,54.21,HOTEL,GB,0.567,1,0
TXN_00003070,USR_027250,322.89,GROCERY,AU,0.2,1,0
TXN_00003071,USR_025629,438.4,RESTAURANT,IN,0.486,1,0
TXN_00003072,USR_024832,36.05,HOTEL,IN,0.811,1,0
TXN_00003073,USR_049424,19.73,ELECTRONICS,CA,0.065,1,0
TXN_00003074,USR_011317,133.23,AIRLINE,SG,0.882,1,1
TXN_00003075,USR_006619,16.91,RETAIL,FR,0.186,1,0
TXN_00003076,USR_044947,127.08,GAMING,DE,0.063,1,0
TXN_00003077,USR_032236,36.65,ELECTRONICS,BR,0.216,1,0
TXN_00003078,USR_001352,73.61,RETAIL,JP,0.802,1,1
TXN_00003079,USR_018623,28.4,GROCERY,US,0.881,0,1
TXN_00003080,USR_018624,8.76,AIRLINE,JP,0.163,1,0
TXN_00003081,USR_011982,42.77,RETAIL,JP,0.228,1,0
TXN_00003082,USR_044220,149.12,ELECTRONICS,BR,0.556,1,0
TXN_00003083,USR_046779,118.9,AIRLINE,FR,0.642,1,1
TXN_00003084,USR_028081,32.2,GAMING,SG,0.404,1,0
TXN_00003085,USR_013617,104.25,RETAIL,IN,0.801,1,0
TXN_00003086,USR_012496,80.14,GAMING,SG,0.845,1,0
TXN_00003087,USR_018933,61.94,RESTAURANT,BR,0.131,1,0
TXN_00003088,USR_001090,62.52,RESTAURANT,JP,0.018,1,0
TXN_00003089,USR_005522,251.13,RESTAURANT,JP,0.342,1,0
TXN_00003090,USR_042822,130.7,ELECTRONICS,CA,0.958,1,1
TXN_00003091,USR_020935,305.55,ELECTRONICS,CA,0.525,1,0
TXN_00003092,USR_016642,310.69,CRYPTO,FR,0.784,1,0
TXN_00003093,USR_004737,47.12,AIRLINE,US,0.58,0,0
TXN_00003094,USR_043254,19.5,GROCERY,BR,0.068,1,0
TXN_00003095,USR_001305,117.18,HOTEL,FR,0.146,1,0
TXN_00003096,USR_016256,117.46,GROCERY,CA,0.593,1,0
TXN_00003097,USR_040313,24.29,HOTEL,AU,0.591,1,0
TXN_00003098,USR_047555,31.57,GAMING,GB,0.425,1,0
TXN_00003099,USR_048755,207.69,CRYPTO,AU,0.679,1,0
TXN_00003100,USR_013644,65.87,RESTAURANT,IN,0.69,1,0
TXN_00003101,USR_046567,6.4,RESTAURANT,US,0.555,0,0
TXN_00003102,USR_017564,21.46,ELECTRONICS,US,0.881,0,1
TXN_00003103,USR_010871,5.93,HOTEL,BR,0.266,1,0
TXN_00003104,USR_041144,71.97,RESTAURANT,IN,0.448,1,0
TXN_00003105,USR_049548,26.18,AIRLINE,IN,0.248,1,0
TXN_00003106,USR_038241,5.58,RETAIL,FR,0.513,1,0
TXN_00003107,USR_010570,27.14,RESTAURANT,AU,0.56,1,0
TXN_00003108,USR_019184,220.69,HOTEL,CA,0.102,1,1
TXN_00003109,USR_048726,210.33,HOTEL,JP,0.147,1,0
TXN_00003110,USR_026174,178.61,GAMING,AU,0.262,1,0
TXN_00003111,USR_038827,11.32,CRYPTO,IN,0.047,1,0
TXN_00003112,USR_025790,90.76,CRYPTO,CA,0.495,1,0
TXN_00003113,USR_013907,56.68,AIRLINE,GB,0.836,1,0
TXN_00003114,USR_036310,13.84,GAMING,DE,0.597,1,0
TXN_00003115,USR_014812,60.55,RETAIL,DE,0.547,1,0
TXN_00003116,USR_006023,32.27,AIRLINE,BR,0.628,1,0
TXN_00003117,USR_046645,357.39,ELECTRONICS,SG,0.628,1,0
TXN_00003118,USR_044120,58.34,HOTEL,IN,0.074,1,0
TXN_00003119,USR_040364,64.1,RESTAURANT,SG,0.19,1,0
TXN_00003120,USR_025413,85.33,GROCERY,AU,0.012,1,0
TXN_00003121,USR_047180,183.06,RESTAURANT,GB,0.151,1,0
TXN_00003122,USR_048565,50.83,GAMING,SG,0.548,1,0
TXN_00003123,USR_016707,10.79,RESTAURANT,JP,0.602,1,0
TXN_00003124,USR_035194,40.49,CRYPTO,US,0.762,0,0
TXN_00003125,USR_014984,96.98,AIRLINE,CA,0.418,1,0
TXN_00003126,USR_007044,31.61,RETAIL,IN,0.14,1,0
TXN_00003127,USR_046469,56.17,CRYPTO,DE,0.982,1,1
TXN_00003128,USR_002781,38.39,HOTEL,US,0.83,0,0
TXN_00003129,USR_004189,296.25,RETAIL,US,0.382,0,0
TXN_00003130,USR_038592,212.22,GAMING,US,0.478,0,0
TXN_00003131,USR_014552,165.72,RETAIL,BR,0.176,1,0
TXN_00003132,USR_048223,5.05,GAMING,DE,0.268,1,0
TXN_00003133,USR_014672,86.02,GROCERY,JP,0.938,1,1
TXN_00003134,USR_044765,16.56,GROCERY,CA,0.06,1,0
TXN_00003135,USR_040098,18.03,GAMING,BR,0.736,1,0
TXN_00003136,USR_035962,47.11,GROCERY,FR,0.851,1,1
TXN_00003137,USR_038401,123.53,GROCERY,DE,0.428,1,0
TXN_00003138,USR_013272,73.61,HOTEL,BR,0.234,1,0
TXN_00003139,USR_009250,149.42,ELECTRONICS,SG,0.358,1,0
TXN_00003140,USR_006232,264.65,RETAIL,US,0.17,0,0
TXN_00003141,USR_017188,72.33,GROCERY,SG,0.012,1,0
TXN_00003142,USR_006154,285.54,HOTEL,GB,0.237,1,0
TXN_00003143,USR_018672,50.21,ELECTRONICS,AU,0.765,1,0
TXN_00003144,USR_015012,131.85,AIRLINE,CA,0.455,1,0
TXN_00003145,USR_034356,128.7,CRYPTO,AU,0.231,1,0
TXN_00003146,USR_003057,5.17,AIRLINE,DE,0.937,1,1
TXN_00003147,USR_003347,82.47,GROCERY,AU,0.337,1,0
TXN_00003148,USR_032445,135.73,CRYPTO,IN,0.207,1,0
TXN_00003149,USR_002326,149.53,ELECTRONICS,DE,0.811,1,0
TXN_00003150,USR_045650,182.46,RESTAURANT,AU,0.624,1,0
TXN_00003151,USR_035857,28.86,RESTAURANT,FR,0.041,1,0
TXN_00003152,USR_049455,39.5,GAMING,CA,0.185,1,0
TXN_00003153,USR_036062,59.33,ELECTRONICS,FR,0.254,1,0
TXN_00003154,USR_029416,26.29,HOTEL,AU,0.99,1,1
TXN_00003155,USR_041551,96.08,GAMING,JP,0.948,1,1
TXN_00003156,USR_038072,53.64,HOTEL,BR,0.835,1,0
TXN_00003157,USR_004245,65.17,GROCERY,BR,0.246,1,0
TXN_00003158,USR_035458,5.53,CRYPTO,GB,0.272,1,0
TXN_00003159,USR_037330,189.44,GROCERY,JP,0.364,1,0
TXN_00003160,USR_046217,46.85,HOTEL,BR,0.254,1,0
TXN_00003161,USR_046495,59.66,HOTEL,SG,0.133,1,0
TXN_00003162,USR_011324,131.86,GROCERY,JP,0.267,1,0
TXN_00003163,USR_029959,46.68,GROCERY,CA,0.767,1,0
TXN_00003164,USR_028745,110.97,RESTAURANT,AU,0.68,1,0
TXN_00003165,USR_036060,68.63,RETAIL,FR,0.387,1,0
TXN_00003166,USR_021041,130.62,RETAIL,GB,0.817,1,0
TXN_00003167,USR_009254,46.18,RETAIL,FR,0.154,1,0
TXN_00003168,USR_004060,48.34,RESTAURANT,CA,0.366,1,0
TXN_00003169,USR_017911,184.81,RESTAURANT,FR,0.951,1,1
TXN_00003170,USR_043869,142.0,AIRLINE,CA,0.802,1,0
TXN_00003171,USR_043188,367.11,GROCERY,BR,0.084,1,0
TXN_00003172,USR_038934,27.75,RESTAURANT,AU,0.555,1,0
TXN_00003173,USR_045189,51.96,RESTAURANT,SG,0.825,1,0
TXN_00003174,USR_025090,14.39,AIRLINE,FR,0.359,1,0
TXN_00003175,USR_030426,121.77,CRYPTO,CA,0.692,1,0
TXN_00003176,USR_036928,128.18,RETAIL,CA,0.072,1,0
TXN_00003177,USR_037543,8.36,HOTEL,GB,0.036,1,0
TXN_00003178,USR_040051,60.74,CRYPTO,JP,0.465,1,0
TXN_00003179,USR_036539,211.62,GAMING,JP,0.034,1,0
TXN_00003180,USR_005369,150.93,AIRLINE,DE,0.24,1,0
TXN_00003181,USR_008838,232.76,CRYPTO,JP,0.951,1,1
TXN_00003182,USR_018792,176.33,HOTEL,FR,0.447,1,0
TXN_00003183,USR_027431,85.76,GROCERY,GB,0.063,1,0
TXN_00003184,USR_011476,92.1,RESTAURANT,JP,0.44,1,0
TXN_00003185,USR_023588,117.98,ELECTRONICS,CA,0.736,1,0
TXN_00003186,USR_016998,97.04,ELECTRONICS,FR,0.853,1,1
TXN_00003187,USR_037134,178.8,GAMING,AU,0.747,1,0
TXN_00003188,USR_008491,305.56,RETAIL,CA,0.083,1,0
TXN_00003189,USR_028979,18.16,AIRLINE,IN,0.118,1,0
TXN_00003190,USR_005818,82.47,RESTAURANT,IN,0.164,1,0
TXN_00003191,USR_026153,122.17,GROCERY,FR,0.406,1,0
TXN_00003192,USR_009987,350.04,RESTAURANT,DE,0.58,1,0
TXN_00003193,USR_012508,24.35,ELECTRONICS,BR,0.142,1,0
TXN_00003194,USR_015063,235.07,GROCERY,IN,0.905,1,1
TXN_00003195,USR_033476,604.89,ELECTRONICS,US,0.618,0,0
TXN_00003196,USR_033490,151.1,ELECTRONICS,IN,0.688,1,0
TXN_00003197,USR_014434,171.04,CRYPTO,US,0.909,0,1
TXN_00003198,USR_004809,22.84,GROCERY,FR,0.093,1,0
TXN_00003199,USR_019498,80.43,CRYPTO,FR,0.577,1,0
TXN_00003200,USR_027854,264.95,AIRLINE,FR,0.925,1,1
TXN_00003201,USR_041973,7.88,ELECTRONICS,GB,0.769,1,0
TXN_00003202,USR_021495,96.74,GAMING,IN,0.519,1,0
TXN_00003203,USR_008274,470.77,GAMING,BR,0.506,1,0
TXN_00003204,USR_049181,61.35,ELECTRONICS,BR,0.151,1,0
TXN_00003205,USR_008947,15.45,RESTAURANT,GB,0.38,1,0
TXN_00003206,USR_031182,42.09,CRYPTO,DE,0.65,1,0
TXN_00003207,USR_010960,132.3,GROCERY,CA,0.243,1,0
TXN_00003208,USR_032976,164.95,HOTEL,FR,0.258,1,0
TXN_00003209,USR_013386,6.22,GROCERY,JP,0.17,1,0
TXN_00003210,USR_003277,88.52,RETAIL,DE,0.947,1,1
TXN_00003211,USR_047387,29.02,CRYPTO,JP,0.442,1,0
TXN_00003212,USR_045168,92.97,ELECTRONICS,FR,0.059,1,0
TXN_00003213,USR_024760,212.37,HOTEL,SG,0.265,1,0
TXN_00003214,USR_035524,36.02,AIRLINE,JP,0.645,1,0
TXN_00003215,USR_049528,118.72,GAMING,IN,0.386,1,0
TXN_00003216,USR_021809,436.72,ELECTRONICS,BR,0.593,1,0
TXN_00003217,USR_045384,54.05,HOTEL,DE,0.745,1,0
TXN_00003218,USR_036481,126.47,GAMING,GB,0.058,1,0
TXN_00003219,USR_007506,59.13,HOTEL,JP,0.44,1,0
TXN_00003220,USR_020159,55.91,GROCERY,IN,0.71,1,0
TXN_00003221,USR_019804,265.84,ELECTRONICS,IN,0.161,1,0
TXN_00003222,USR_044859,49.27,GAMING,BR,0.861,1,1
TXN_00003223,USR_045990,106.1,HOTEL,US,0.667,0,0
TXN_00003224,USR_027482,58.67,ELECTRONICS,CA,0.345,1,0
TXN_00003225,USR_024607,8.75,HOTEL,IN,0.284,1,0
TXN_00003226,USR_011046,96.31,RESTAURANT,DE,0.847,1,0
TXN_00003227,USR_019290,132.25,CRYPTO,FR,0.119,1,0
TXN_00003228,USR_014388,19.51,RETAIL,IN,0.9,1,1
TXN_00003229,USR_009663,54.53,RESTAURANT,DE,0.708,1,0
TXN_00003230,USR_037716,66.95,HOTEL,FR,0.57,1,0
TXN_00003231,USR_016577,41.77,AIRLINE,JP,0.295,1,0
TXN_00003232,USR_023203,158.1,CRYPTO,SG,0.353,1,0
TXN_00003233,USR_044555,6.08,AIRLINE,IN,0.869,1,1
TXN_00003234,USR_028203,19.94,RESTAURANT,JP,0.895,1,1
TXN_00003235,USR_039322,131.91,ELECTRONICS,DE,0.337,1,0
TXN_00003236,USR_028521,198.9,GAMING,DE,0.057,1,0
TXN_00003237,USR_022800,44.79,HOTEL,DE,0.151,1,0
TXN_00003238,USR_049923,555.1,GAMING,IN,0.496,1,0
TXN_00003239,USR_038157,143.54,RETAIL,CA,0.146,1,0
TXN_00003240,USR_043306,43.47,HOTEL,SG,0.092,1,0
TXN_00003241,USR_005301,98.26,AIRLINE,AU,0.553,1,0
TXN_00003242,USR_039569,5.2,HOTEL,IN,0.441,1,0
TXN_00003243,USR_010901,304.13,CRYPTO,IN,0.145,1,0
TXN_00003244,USR_046717,21.51,RETAIL,JP,0.034,1,0
TXN_00003245,USR_040726,10.08,AIRLINE,BR,0.971,1,1
TXN_00003246,USR_009287,119.27,CRYPTO,IN,0.455,1,0
TXN_00003247,USR_030637,48.55,GAMING,JP,0.126,1,0
TXN_00003248,USR_030312,41.25,HOTEL,IN,0.567,1,0
TXN_00003249,USR_031687,184.18,CRYPTO,JP,0.13,1,0
TXN_00003250,USR_016289,101.37,ELECTRONICS,DE,0.284,1,0
TXN_00003251,USR_047162,8.73,ELECTRONICS,IN,0.643,1,0
TXN_00003252,USR_027338,30.45,ELECTRONICS,GB,0.434,1,0
TXN_00003253,USR_037526,33.02,CRYPTO,IN,0.657,1,0
TXN_00003254,USR_020412,62.59,RETAIL,SG,0.131,1,0
TXN_00003255,USR_034436,12.78,GAMING,AU,0.873,1,1
TXN_00003256,USR_045914,86.23,CRYPTO,BR,0.825,1,0
TXN_00003257,USR_026576,10.21,AIRLINE,AU,0.115,1,0
TXN_00003258,USR_024943,9.4,HOTEL,DE,0.115,1,0
TXN_00003259,USR_006988,104.48,HOTEL,US,0.263,0,0
TXN_00003260,USR_037684,337.65,GAMING,SG,0.324,1,0
TXN_00003261,USR_007547,86.11,RETAIL,GB,0.961,1,1
TXN_00003262,USR_046350,25.76,CRYPTO,US,0.64,0,1
TXN_00003263,USR_021791,481.69,AIRLINE,FR,0.318,1,0
TXN_00003264,USR_002489,73.47,ELECTRONICS,CA,0.819,1,0
TXN_00003265,USR_010519,84.77,GAMING,FR,0.42,1,1
TXN_00003266,USR_019990,20.23,RESTAURANT,BR,0.384,1,0
TXN_00003267,USR_005557,43.9,CRYPTO,JP,0.188,1,0
TXN_00003268,USR_032379,116.72,GROCERY,DE,0.671,1,0
TXN_00003269,USR_037058,103.33,AIRLINE,US,0.72,0,0
TXN_00003270,USR_023139,53.29,ELECTRONICS,CA,0.372,1,0
TXN_00003271,USR_043299,240.09,AIRLINE,CA,0.575,1,0
TXN_00003272,USR_040661,143.77,RESTAURANT,DE,0.822,1,0
TXN_00003273,USR_026082,149.92,GAMING,AU,0.149,1,0
TXN_00003274,USR_020423,73.5,HOTEL,AU,0.696,1,0
TXN_00003275,USR_009048,251.89,AIRLINE,GB,0.445,1,0
TXN_00003276,USR_024362,67.29,ELECTRONICS,DE,0.378,1,0
TXN_00003277,USR_031517,122.34,AIRLINE,BR,0.181,1,0
TXN_00003278,USR_026126,80.42,ELECTRONICS,SG,0.295,1,0
TXN_00003279,USR_023099,32.9,GROCERY,IN,0.085,1,0
TXN_00003280,USR_024247,22.55,HOTEL,FR,0.432,1,0
TXN_00003281,USR_038946,62.48,GAMING,IN,0.863,1,1
TXN_00003282,USR_046096,134.13,CRYPTO,GB,0.679,1,0
TXN_00003283,USR_013584,20.21,CRYPTO,JP,0.849,1,0
TXN_00003284,USR_015533,97.93,ELECTRONICS,BR,0.825,1,0
TXN_00003285,USR_047860,25.4,CRYPTO,CA,0.499,1,0
TXN_00003286,USR_026299,40.09,GROCERY,CA,0.266,1,0
TXN_00003287,USR_041725,116.11,CRYPTO,CA,0.694,1,0
TXN_00003288,USR_032245,33.76,GAMING,US,0.94,0,1
TXN_00003289,USR_011810,37.8,ELECTRONICS,CA,0.867,1,1
TXN_00003290,USR_026607,6.62,RESTAURANT,AU,0.582,1,0
TXN_00003291,USR_020004,45.06,RESTAURANT,SG,0.446,1,0
TXN_00003292,USR_025415,118.4,HOTEL,IN,0.233,1,0
TXN_00003293,USR_044731,38.47,GAMING,JP,0.956,1,1
TXN_00003294,USR_020475,24.42,GAMING,CA,0.05,1,1
TXN_00003295,USR_018202,55.24,GROCERY,DE,0.867,1,1
TXN_00003296,USR_047635,67.2,AIRLINE,DE,0.356,1,0
TXN_00003297,USR_027890,12.79,ELECTRONICS,JP,0.109,1,0
TXN_00003298,USR_048185,43.95,CRYPTO,IN,0.103,1,0
TXN_00003299,USR_017768,69.89,RETAIL,AU,0.23,1,0
TXN_00003300,USR_043596,200.3,GAMING,BR,0.77,1,0
TXN_00003301,USR_019515,45.36,RESTAURANT,FR,0.602,1,0
TXN_00003302,USR_002158,88.32,RESTAURANT,AU,0.583,1,0
TXN_00003303,USR_041314,354.08,RETAIL,DE,0.935,1,1
TXN_00003304,USR_049462,38.66,HOTEL,IN,0.303,1,0
TXN_00003305,USR_001330,47.85,GAMING,DE,0.788,1,0
TXN_00003306,USR_018970,221.54,CRYPTO,US,0.858,0,1
TXN_00003307,USR_033636,59.58,RETAIL,SG,0.536,1,0
TXN_00003308,USR_024341,64.18,GAMING,FR,0.434,1,0
TXN_00003309,USR_016513,7.5,ELECTRONICS,IN,0.512,1,1
TXN_00003310,USR_048929,16.97,AIRLINE,DE,0.62,1,0
TXN_00003311,USR_040009,45.5,GAMING,AU,0.478,1,0
TXN_00003312,USR_028955,148.17,RESTAURANT,SG,0.623,1,0
TXN_00003313,USR_036704,11.67,RETAIL,US,0.194,0,0
TXN_00003314,USR_031157,87.13,AIRLINE,US,0.072,0,0
TXN_00003315,USR_049323,5.95,RETAIL,SG,0.486,1,0
TXN_00003316,USR_001115,23.12,GROCERY,CA,0.804,1,0
TXN_00003317,USR_047943,132.02,CRYPTO,DE,0.902,1,1
TXN_00003318,USR_013904,120.32,HOTEL,BR,0.544,1,0
TXN_00003319,USR_026576,38.79,AIRLINE,DE,0.467,1,0
TXN_00003320,USR_036632,31.84,HOTEL,BR,0.083,1,0
TXN_00003321,USR_025316,264.35,GROCERY,IN,0.453,1,0
TXN_00003322,USR_032826,24.07,RESTAURANT,CA,0.955,1,1
TXN_00003323,USR_001975,11.55,HOTEL,IN,0.432,1,0
TXN_00003324,USR_045801,36.94,CRYPTO,JP,0.562,1,0
TXN_00003325,USR_014375,321.75,CRYPTO,US,0.565,0,0
TXN_00003326,USR_023664,122.21,GAMING,DE,0.344,1,0
TXN_00003327,USR_049711,242.67,RESTAURANT,DE,0.377,1,0
TXN_00003328,USR_031526,205.24,ELECTRONICS,FR,0.091,1,0
TXN_00003329,USR_004270,120.74,GROCERY,FR,0.543,1,0
TXN_00003330,USR_024445,57.75,RESTAURANT,GB,0.662,1,0
TXN_00003331,USR_005618,80.24,AIRLINE,AU,0.141,1,0
TXN_00003332,USR_002889,201.93,HOTEL,CA,0.284,1,0
TXN_00003333,USR_025578,20.16,ELECTRONICS,US,0.976,0,1
TXN_00003334,USR_038333,61.09,RETAIL,AU,0.93,1,1
TXN_00003335,USR_006917,209.32,AIRLINE,BR,0.787,1,1
TXN_00003336,USR_036937,49.31,RETAIL,BR,0.437,1,0
TXN_00003337,USR_025260,68.61,ELECTRONICS,US,0.365,0,0
TXN_00003338,USR_047002,24.37,GROCERY,US,0.641,0,0
TXN_00003339,USR_045660,17.49,AIRLINE,SG,0.249,1,0
TXN_00003340,USR_039058,44.96,RETAIL,AU,0.052,1,0
TXN_00003341,USR_043248,110.47,GAMING,CA,0.737,1,0
TXN_00003342,USR_038226,304.09,GAMING,DE,0.674,1,0
TXN_00003343,USR_014570,37.45,GROCERY,IN,0.507,1,0
TXN_00003344,USR_028258,44.65,RESTAURANT,CA,0.736,1,0
TXN_00003345,USR_040200,664.3,RETAIL,BR,0.512,1,0
TXN_00003346,USR_047360,165.4,ELECTRONICS,CA,0.685,1,0
TXN_00003347,USR_036791,267.42,AIRLINE,BR,0.665,1,0
TXN_00003348,USR_013317,60.78,GAMING,IN,0.402,1,0
TXN_00003349,USR_030073,6.02,RESTAURANT,GB,0.9,1,1
TXN_00003350,USR_014469,123.51,RETAIL,CA,0.704,1,0
TXN_00003351,USR_002695,49.76,CRYPTO,FR,0.983,1,1
TXN_00003352,USR_029492,13.48,RETAIL,IN,0.369,1,0
TXN_00003353,USR_040256,21.09,HOTEL,CA,0.967,1,1
TXN_00003354,USR_024847,254.07,GROCERY,SG,0.285,1,0
TXN_00003355,USR_039240,57.82,CRYPTO,JP,0.556,1,0
TXN_00003356,USR_009094,94.06,GAMING,DE,0.044,1,0
TXN_00003357,USR_039478,63.98,RETAIL,US,0.339,0,0
TXN_00003358,USR_047185,42.22,AIRLINE,BR,0.063,1,0
TXN_00003359,USR_042071,30.4,AIRLINE,BR,0.752,1,0
TXN_00003360,USR_023117,248.88,CRYPTO,BR,0.558,1,0
TXN_00003361,USR_047435,636.68,ELECTRONICS,US,0.066,0,0
TXN_00003362,USR_027761,133.92,GAMING,IN,0.739,1,0
TXN_00003363,USR_042198,138.01,RETAIL,JP,0.383,1,0
TXN_00003364,USR_001942,108.21,CRYPTO,JP,0.143,1,0
TXN_00003365,USR_030069,117.71,AIRLINE,US,0.615,0,1
TXN_00003366,USR_032119,40.23,CRYPTO,US,0.381,0,0
TXN_00003367,USR_041219,101.81,CRYPTO,CA,0.575,1,0
TXN_00003368,USR_017413,116.82,ELECTRONICS,CA,0.152,1,0
TXN_00003369,USR_009142,505.32,RESTAURANT,US,0.958,0,1
TXN_00003370,USR_015279,226.59,CRYPTO,GB,0.437,1,0
TXN_00003371,USR_019580,20.4,AIRLINE,CA,0.549,1,0
TXN_00003372,USR_038786,83.28,GROCERY,CA,0.535,1,0
TXN_00003373,USR_034054,68.65,AIRLINE,CA,0.841,1,0
TXN_00003374,USR_034927,25.6,RETAIL,US,0.063,0,0
TXN_00003375,USR_014849,35.79,AIRLINE,AU,0.801,1,0
TXN_00003376,USR_034672,187.95,ELECTRONICS,GB,0.902,1,1
TXN_00003377,USR_020403,136.49,CRYPTO,AU,0.538,1,0
TXN_00003378,USR_025800,64.15,GROCERY,DE,0.117,1,0
TXN_00003379,USR_019275,58.12,RETAIL,JP,0.929,1,1
TXN_00003380,USR_045612,98.31,CRYPTO,BR,0.923,1,1
TXN_00003381,USR_035703,22.24,GROCERY,AU,0.529,1,0
TXN_00003382,USR_009302,77.08,CRYPTO,BR,0.725,1,0
TXN_00003383,USR_014820,18.16,CRYPTO,CA,0.31,1,0
TXN_00003384,USR_013392,52.99,AIRLINE,JP,0.442,1,0
TXN_00003385,USR_018196,30.09,RESTAURANT,IN,0.688,1,0
TXN_00003386,USR_040683,469.09,HOTEL,CA,0.618,1,0
TXN_00003387,USR_006629,63.21,ELECTRONICS,SG,0.176,1,0
TXN_00003388,USR_030272,356.2,CRYPTO,GB,0.112,1,0
TXN_00003389,USR_033866,24.63,AIRLINE,SG,0.869,1,1
TXN_00003390,USR_037021,87.77,RETAIL,FR,0.272,1,0
TXN_00003391,USR_018792,43.53,GROCERY,FR,0.697,1,0
TXN_00003392,USR_019571,236.12,CRYPTO,BR,0.881,1,1
TXN_00003393,USR_043416,154.28,ELECTRONICS,US,0.553,0,0
TXN_00003394,USR_044033,20.78,GROCERY,DE,0.332,1,0
TXN_00003395,USR_001251,127.79,GROCERY,IN,0.499,1,0
TXN_00003396,USR_022524,181.95,AIRLINE,IN,0.797,1,0
TXN_00003397,USR_020531,28.92,RESTAURANT,IN,0.932,1,1
TXN_00003398,USR_008757,13.02,HOTEL,FR,0.621,1,0
TXN_00003399,USR_036249,40.21,GAMING,FR,0.372,1,0
TXN_00003400,USR_039151,12.23,CRYPTO,IN,0.121,1,0
TXN_00003401,USR_040184,33.68,AIRLINE,CA,0.383,1,0
TXN_00003402,USR_016168,246.76,ELECTRONICS,IN,0.482,1,0
TXN_00003403,USR_007852,165.82,RESTAURANT,GB,0.166,1,0
TXN_00003404,USR_016835,6.0,ELECTRONICS,DE,0.583,1,0
TXN_00003405,USR_047363,126.25,RETAIL,IN,0.353,1,0
TXN_00003406,USR_014646,50.93,RESTAURANT,IN,0.881,1,1
TXN_00003407,USR_024160,101.45,CRYPTO,JP,0.57,1,0
TXN_00003408,USR_032321,93.76,RETAIL,JP,0.487,1,0
TXN_00003409,USR_028791,64.68,RETAIL,GB,0.798,1,0
TXN_00003410,USR_011439,37.15,GAMING,CA,0.105,1,0
TXN_00003411,USR_008145,62.88,RETAIL,GB,0.297,1,0
TXN_00003412,USR_009595,231.95,CRYPTO,BR,0.532,1,0
TXN_00003413,USR_023362,513.4,HOTEL,FR,0.247,1,0
TXN_00003414,USR_022065,126.23,CRYPTO,GB,0.272,1,0
TXN_00003415,USR_004454,57.41,ELECTRONICS,FR,0.7,1,0
TXN_00003416,USR_041146,87.42,RETAIL,DE,0.552,1,0
TXN_00003417,USR_032500,129.02,CRYPTO,AU,0.594,1,0
TXN_00003418,USR_040615,58.53,ELECTRONICS,AU,0.223,1,0
TXN_00003419,USR_003227,56.49,RESTAURANT,AU,0.735,1,0
TXN_00003420,USR_043444,80.08,ELECTRONICS,DE,0.524,1,0
TXN_00003421,USR_031727,15.84,HOTEL,IN,0.88,1,1
TXN_00003422,USR_012023,130.47,HOTEL,GB,0.48,1,0
TXN_00003423,USR_021625,217.07,AIRLINE,AU,0.057,1,0
TXN_00003424,USR_007961,449.27,GROCERY,CA,0.929,1,1
TXN_00003425,USR_021919,260.6,GROCERY,US,0.579,0,0
TXN_00003426,USR_025363,85.8,GAMING,IN,0.276,1,0
TXN_00003427,USR_015845,28.9,GAMING,AU,0.363,1,0
TXN_00003428,USR_003301,111.8,GAMING,DE,0.323,1,0
TXN_00003429,USR_003358,180.58,RESTAURANT,US,0.098,0,0
TXN_00003430,USR_028351,133.53,GAMING,DE,0.174,1,0
TXN_00003431,USR_026059,293.81,RETAIL,FR,0.774,1,0
TXN_00003432,USR_032827,35.21,ELECTRONICS,BR,0.959,1,1
TXN_00003433,USR_047497,10.77,HOTEL,BR,0.062,1,0
TXN_00003434,USR_008734,80.41,CRYPTO,BR,0.612,1,0
TXN_00003435,USR_031884,237.07,RETAIL,AU,0.236,1,0
TXN_00003436,USR_028480,168.03,GROCERY,BR,0.407,1,0
TXN_00003437,USR_021378,44.54,ELECTRONICS,FR,0.258,1,0
TXN_00003438,USR_002664,163.21,ELECTRONICS,FR,0.748,1,0
TXN_00003439,USR_023033,30.52,ELECTRONICS,IN,0.716,1,0
TXN_00003440,USR_039681,33.7,AIRLINE,IN,0.108,1,0
TXN_00003441,USR_021638,64.9,GROCERY,CA,0.184,1,0
TXN_00003442,USR_017824,172.17,GROCERY,JP,0.228,1,0
TXN_00003443,USR_043161,50.59,GAMING,GB,0.107,1,0
TXN_00003444,USR_025720,72.5,CRYPTO,SG,0.936,1,1
TXN_00003445,USR_034320,120.91,RETAIL,BR,0.666,1,0
TXN_00003446,USR_046889,251.11,HOTEL,DE,0.297,1,0
TXN_00003447,USR_038402,32.66,GROCERY,JP,0.487,1,0
TXN_00003448,USR_016249,49.02,GAMING,US,0.742,0,0
TXN_00003449,USR_038893,31.5,ELECTRONICS,SG,0.95,1,1
TXN_00003450,USR_029188,102.5,GROCERY,DE,0.324,1,0
TXN_00003451,USR_033804,319.17,ELECTRONICS,BR,0.55,1,0
TXN_00003452,USR_048846,41.93,RESTAURANT,US,0.788,0,0
TXN_00003453,USR_015441,77.91,CRYPTO,US,0.399,0,0
TXN_00003454,USR_037174,221.84,AIRLINE,SG,0.581,1,0
TXN_00003455,USR_039386,171.38,CRYPTO,US,0.072,0,0
TXN_00003456,USR_016978,171.84,CRYPTO,JP,0.912,1,1
TXN_00003457,USR_036285,98.37,RESTAURANT,CA,0.264,1,0
TXN_00003458,USR_042991,154.08,RETAIL,AU,0.069,1,0
TXN_00003459,USR_047152,26.65,CRYPTO,IN,0.089,1,0
TXN_00003460,USR_016438,20.23,RESTAURANT,BR,0.302,1,0
TXN_00003461,USR_028540,73.52,RETAIL,AU,0.98,1,1
TXN_00003462,USR_010469,74.12,RESTAURANT,CA,0.988,1,1
TXN_00003463,USR_016013,6.01,GROCERY,AU,0.684,1,0
TXN_00003464,USR_022660,60.31,GROCERY,IN,0.677,1,0
TXN_00003465,USR_022835,13.15,GROCERY,SG,0.912,1,1
TXN_00003466,USR_029635,307.2,RETAIL,AU,0.369,1,0
TXN_00003467,USR_003343,65.27,RETAIL,FR,0.634,1,0
TXN_00003468,USR_045784,450.56,AIRLINE,US,0.721,0,0
TXN_00003469,USR_040202,71.8,GROCERY,GB,0.863,1,1
TXN_00003470,USR_004404,17.24,RETAIL,US,0.952,0,1
TXN_00003471,USR_037888,60.05,HOTEL,US,0.236,0,0
TXN_00003472,USR_040823,7.33,RETAIL,JP,0.862,1,1
TXN_00003473,USR_022205,80.15,RETAIL,DE,0.124,1,0
TXN_00003474,USR_004707,89.35,RETAIL,GB,0.325,1,0
TXN_00003475,USR_026550,21.31,RETAIL,US,0.474,0,0
TXN_00003476,USR_023961,14.46,GROCERY,AU,0.132,1,0
TXN_00003477,USR_011319,290.39,RESTAURANT,BR,0.577,1,0
TXN_00003478,USR_025585,13.22,AIRLINE,JP,0.407,1,0
TXN_00003479,USR_048479,13.39,RETAIL,BR,0.05,1,0
TXN_00003480,USR_049108,299.05,GROCERY,US,0.748,0,0
TXN_00003481,USR_003568,31.14,AIRLINE,GB,0.285,1,0
TXN_00003482,USR_024461,31.78,HOTEL,AU,0.823,1,0
TXN_00003483,USR_024103,50.93,GROCERY,CA,0.399,1,0
TXN_00003484,USR_042474,101.1,RESTAURANT,IN,0.869,1,1
TXN_00003485,USR_041906,33.72,HOTEL,FR,0.174,1,0
TXN_00003486,USR_006657,245.93,AIRLINE,US,0.687,0,0
TXN_00003487,USR_012405,85.34,GAMING,SG,0.282,1,0
TXN_00003488,USR_048477,216.29,GROCERY,FR,0.882,1,1
TXN_00003489,USR_037784,148.76,RETAIL,DE,0.194,1,0
TXN_00003490,USR_036725,521.88,GROCERY,GB,0.686,1,0
TXN_00003491,USR_008114,55.52,HOTEL,BR,0.348,1,0
TXN_00003492,USR_027296,30.43,GROCERY,SG,0.532,1,0
TXN_00003493,USR_030996,86.89,HOTEL,JP,0.338,1,0
TXN_00003494,USR_014199,47.63,CRYPTO,CA,0.712,1,0
TXN_00003495,USR_047493,31.3,ELECTRONICS,US,0.179,0,0
TXN_00003496,USR_023576,10.48,AIRLINE,US,0.688,0,0
TXN_00003497,USR_037298,136.11,RESTAURANT,FR,0.363,1,0
TXN_00003498,USR_038787,20.31,AIRLINE,BR,0.115,1,0
TXN_00003499,USR_029555,57.29,RESTAURANT,GB,0.539,1,0
TXN_00003500,USR_034720,318.65,HOTEL,FR,0.414,1,0
TXN_00003501,USR_015813,10.49,RESTAURANT,JP,0.641,1,0
TXN_00003502,USR_049198,102.87,RESTAURANT,AU,0.663,1,0
TXN_00003503,USR_008350,55.26,HOTEL,DE,0.685,1,0
TXN_00003504,USR_006564,52.35,RETAIL,FR,0.587,1,0
TXN_00003505,USR_043570,136.35,RETAIL,DE,0.657,1,0
TXN_00003506,USR_049807,232.19,AIRLINE,US,0.805,0,0
TXN_00003507,USR_038256,45.14,ELECTRONICS,GB,0.465,1,0
TXN_00003508,USR_025813,118.72,HOTEL,FR,0.924,1,1
TXN_00003509,USR_025240,5.53,RESTAURANT,BR,0.594,1,0
TXN_00003510,USR_011287,26.02,HOTEL,FR,0.124,1,0
TXN_00003511,USR_027966,21.0,AIRLINE,DE,0.592,1,0
TXN_00003512,USR_034287,652.11,RETAIL,IN,0.782,1,0
TXN_00003513,USR_042254,172.38,CRYPTO,IN,0.446,1,0
TXN_00003514,USR_023724,34.4,CRYPTO,JP,0.74,1,0
TXN_00003515,USR_033840,211.99,CRYPTO,BR,0.475,1,0
TXN_00003516,USR_044956,29.04,AIRLINE,US,0.102,0,0
TXN_00003517,USR_028394,128.1,GROCERY,AU,0.341,1,0
TXN_00003518,USR_014572,64.31,AIRLINE,DE,0.399,1,0
TXN_00003519,USR_024355,147.97,ELECTRONICS,GB,0.962,1,1
TXN_00003520,USR_046972,400.86,CRYPTO,FR,0.859,1,1
TXN_00003521,USR_046729,267.98,HOTEL,CA,0.941,1,1
TXN_00003522,USR_033722,6.88,RETAIL,IN,0.329,1,0
TXN_00003523,USR_001728,8.13,CRYPTO,SG,0.09,1,0
TXN_00003524,USR_004902,136.63,HOTEL,AU,0.986,1,1
TXN_00003525,USR_041223,188.45,AIRLINE,US,0.656,0,0
TXN_00003526,USR_013566,61.97,AIRLINE,GB,0.081,1,0
TXN_00003527,USR_021960,32.56,AIRLINE,CA,0.852,1,1
TXN_00003528,USR_015942,6.15,RETAIL,FR,0.526,1,0
TXN_00003529,USR_008082,21.55,CRYPTO,FR,0.539,1,0
TXN_00003530,USR_042345,32.93,RESTAURANT,AU,0.217,1,0
TXN_00003531,USR_043076,295.61,GROCERY,CA,0.136,1,0
TXN_00003532,USR_005389,145.34,AIRLINE,SG,0.483,1,0
TXN_00003533,USR_027766,70.28,AIRLINE,DE,0.544,1,0
TXN_00003534,USR_027646,9.28,HOTEL,BR,0.635,1,0
TXN_00003535,USR_044068,100.19,GAMING,IN,0.017,1,0
TXN_00003536,USR_025818,74.11,RESTAURANT,US,0.866,0,1
TXN_00003537,USR_027895,25.1,AIRLINE,JP,0.098,1,0
TXN_00003538,USR_005671,35.29,RETAIL,CA,0.128,1,0
TXN_00003539,USR_022239,405.37,ELECTRONICS,DE,0.261,1,0
TXN_00003540,USR_003736,145.78,RESTAURANT,JP,0.552,1,0
TXN_00003541,USR_005227,34.39,RETAIL,GB,0.064,1,0
TXN_00003542,USR_009185,19.18,AIRLINE,JP,0.097,1,0
TXN_00003543,USR_022351,98.01,CRYPTO,AU,0.695,1,0
TXN_00003544,USR_003324,92.57,RESTAURANT,SG,0.307,1,0
TXN_00003545,USR_023361,51.03,ELECTRONICS,AU,0.641,1,0
TXN_00003546,USR_030264,32.86,HOTEL,US,0.556,0,0
TXN_00003547,USR_038392,10.68,RETAIL,BR,0.159,1,0
TXN_00003548,USR_040606,9.39,RESTAURANT,FR,0.021,1,0
TXN_00003549,USR_047539,98.96,HOTEL,US,0.639,0,0
TXN_00003550,USR_026315,8.38,ELECTRONICS,JP,0.872,1,1
TXN_00003551,USR_007941,19.16,RESTAURANT,US,0.364,0,0
TXN_00003552,USR_049828,11.07,RETAIL,FR,0.814,1,0
TXN_00003553,USR_043820,174.65,CRYPTO,JP,0.608,1,0
TXN_00003554,USR_018530,17.77,ELECTRONICS,CA,0.511,1,0
TXN_00003555,USR_044811,44.02,CRYPTO,FR,0.276,1,0
TXN_00003556,USR_038763,63.95,HOTEL,DE,0.142,1,0
TXN_00003557,USR_040647,49.44,GAMING,FR,0.239,1,0
TXN_00003558,USR_007371,133.92,HOTEL,GB,0.925,1,1
TXN_00003559,USR_036582,60.23,CRYPTO,JP,0.776,1,0
TXN_00003560,USR_028143,121.65,ELECTRONICS,FR,0.292,1,0
TXN_00003561,USR_046335,9.8,GAMING,BR,0.908,1,1
TXN_00003562,USR_020520,7.99,CRYPTO,DE,0.037,1,0
TXN_00003563,USR_010230,162.1,ELECTRONICS,BR,0.492,1,0
TXN_00003564,USR_002693,291.3,HOTEL,SG,0.61,1,0
TXN_00003565,USR_048034,36.74,GROCERY,FR,0.77,1,0
TXN_00003566,USR_012972,8.65,RESTAURANT,IN,0.895,1,1
TXN_00003567,USR_006353,182.47,HOTEL,US,0.045,0,0
TXN_00003568,USR_042734,92.88,GROCERY,DE,0.38,1,0
TXN_00003569,USR_022135,506.3,CRYPTO,SG,0.02,1,0
TXN_00003570,USR_001678,23.09,CRYPTO,GB,0.164,1,0
TXN_00003571,USR_041301,11.7,GROCERY,JP,0.799,1,0
TXN_00003572,USR_045178,225.34,CRYPTO,FR,0.069,1,1
TXN_00003573,USR_034687,178.91,GAMING,CA,0.516,1,0
TXN_00003574,USR_028534,147.14,RESTAURANT,AU,0.88,1,1
TXN_00003575,USR_031304,260.81,ELECTRONICS,AU,0.673,1,0
TXN_00003576,USR_001371,250.05,HOTEL,AU,0.025,1,0
TXN_00003577,USR_032612,89.0,RESTAURANT,GB,0.114,1,0
TXN_00003578,USR_014122,91.05,GROCERY,GB,0.973,1,1
TXN_00003579,USR_011734,94.91,GROCERY,GB,0.581,1,0
TXN_00003580,USR_013753,152.84,CRYPTO,JP,0.195,1,0
TXN_00003581,USR_044206,51.0,AIRLINE,US,0.382,0,0
TXN_00003582,USR_024859,66.75,GROCERY,DE,0.411,1,0
TXN_00003583,USR_036929,243.93,RETAIL,FR,0.981,1,1
TXN_00003584,USR_009568,25.24,CRYPTO,AU,0.807,1,0
TXN_00003585,USR_034612,96.3,GAMING,SG,0.593,1,0
TXN_00003586,USR_034433,90.97,ELECTRONICS,IN,0.471,1,0
TXN_00003587,USR_033112,172.59,ELECTRONICS,CA,0.49,1,0
TXN_00003588,USR_006299,61.38,ELECTRONICS,JP,0.047,1,0
TXN_00003589,USR_016564,9.29,GAMING,GB,0.766,1,0
TXN_00003590,USR_040925,5.74,CRYPTO,AU,0.163,1,0
TXN_00003591,USR_049554,75.63,ELECTRONICS,IN,0.712,1,0
TXN_00003592,USR_008285,37.12,GAMING,AU,0.846,1,0
TXN_00003593,USR_008768,23.74,AIRLINE,AU,0.835,1,0
TXN_00003594,USR_028747,32.28,GROCERY,JP,0.088,1,0
TXN_00003595,USR_038335,54.95,GROCERY,AU,0.88,1,1
TXN_00003596,USR_043406,186.96,RESTAURANT,GB,0.661,1,0
TXN_00003597,USR_025466,11.92,GAMING,BR,0.251,1,0
TXN_00003598,USR_013109,62.95,AIRLINE,AU,0.759,1,0
TXN_00003599,USR_048300,72.69,RETAIL,IN,0.949,1,1
TXN_00003600,USR_022397,437.96,ELECTRONICS,GB,0.607,1,0
TXN_00003601,USR_033175,6.37,CRYPTO,SG,0.571,1,0
TXN_00003602,USR_031504,68.66,GROCERY,SG,0.763,1,0
TXN_00003603,USR_033412,169.55,GAMING,AU,0.07,1,0
TXN_00003604,USR_024554,30.43,ELECTRONICS,BR,0.681,1,0
TXN_00003605,USR_047457,120.06,GAMING,CA,0.707,1,0
TXN_00003606,USR_044143,116.1,AIRLINE,IN,0.258,1,0
TXN_00003607,USR_008055,36.32,HOTEL,DE,0.297,1,0
TXN_00003608,USR_016811,49.27,CRYPTO,JP,0.059,1,0
TXN_00003609,USR_047243,119.19,GROCERY,SG,0.617,1,0
TXN_00003610,USR_029341,14.74,AIRLINE,CA,0.428,1,0
TXN_00003611,USR_038403,138.7,AIRLINE,JP,0.641,1,0
TXN_00003612,USR_006961,144.27,ELECTRONICS,SG,0.981,1,1
TXN_00003613,USR_010958,54.15,ELECTRONICS,CA,0.08,1,0
TXN_00003614,USR_019738,25.02,RESTAURANT,FR,0.082,1,0
TXN_00003615,USR_028614,29.49,RESTAURANT,US,0.685,0,0
TXN_00003616,USR_004457,35.08,HOTEL,CA,0.809,1,0
TXN_00003617,USR_040519,6.12,HOTEL,SG,0.6,1,0
TXN_00003618,USR_032204,46.8,ELECTRONICS,FR,0.813,1,0
TXN_00003619,USR_042906,33.2,CRYPTO,BR,0.28,1,0
TXN_00003620,USR_013762,36.67,ELECTRONICS,FR,0.572,1,0
TXN_00003621,USR_007156,24.04,CRYPTO,JP,0.06,1,0
TXN_00003622,USR_007306,34.61,HOTEL,FR,0.266,1,0
TXN_00003623,USR_043166,61.46,RESTAURANT,FR,0.53,1,0
TXN_00003624,USR_007187,105.02,HOTEL,SG,0.797,1,0
TXN_00003625,USR_035705,56.62,RETAIL,FR,0.692,1,0
TXN_00003626,USR_030951,573.54,RESTAURANT,JP,0.078,1,0
TXN_00003627,USR_028435,91.11,RESTAURANT,BR,0.356,1,0
TXN_00003628,USR_007323,94.43,CRYPTO,SG,0.031,1,0
TXN_00003629,USR_031305,11.87,CRYPTO,GB,0.201,1,0
TXN_00003630,USR_022341,26.07,RETAIL,GB,0.233,1,0
TXN_00003631,USR_044853,153.33,GAMING,US,0.105,0,0
TXN_00003632,USR_032795,120.06,ELECTRONICS,SG,0.611,1,0
TXN_00003633,USR_023916,11.74,RETAIL,AU,0.732,1,0
TXN_00003634,USR_039110,19.3,GAMING,JP,0.946,1,1
TXN_00003635,USR_020262,119.09,AIRLINE,CA,0.516,1,0
TXN_00003636,USR_034735,76.35,HOTEL,SG,0.467,1,0
TXN_00003637,USR_002134,18.88,HOTEL,IN,0.062,1,0
TXN_00003638,USR_037210,113.37,RESTAURANT,SG,0.688,1,0
TXN_00003639,USR_032875,209.6,CRYPTO,US,0.759,0,0
TXN_00003640,USR_017814,19.3,RETAIL,BR,0.62,1,0
TXN_00003641,USR_014165,6.95,RESTAURANT,US,0.854,0,1
TXN_00003642,USR_011585,16.64,CRYPTO,AU,0.303,1,0
TXN_00003643,USR_025037,25.37,HOTEL,IN,0.163,1,0
TXN_00003644,USR_037358,32.08,RESTAURANT,DE,0.767,1,0
TXN_00003645,USR_039550,158.21,HOTEL,SG,0.61,1,0
TXN_00003646,USR_020993,288.03,RETAIL,BR,0.675,1,0
TXN_00003647,USR_026919,514.0,GROCERY,FR,0.843,1,0
TXN_00003648,USR_003876,59.66,RETAIL,SG,0.58,1,0
TXN_00003649,USR_016268,158.5,RETAIL,IN,0.673,1,0
TXN_00003650,USR_012529,75.36,AIRLINE,IN,0.783,1,0
TXN_00003651,USR_005215,183.55,RESTAURANT,BR,0.961,1,1
TXN_00003652,USR_033013,44.01,CRYPTO,US,0.442,0,0
TXN_00003653,USR_017439,26.06,GAMING,IN,0.028,1,0
TXN_00003654,USR_007275,316.29,GAMING,CA,0.479,1,0
TXN_00003655,USR_027817,227.77,HOTEL,SG,0.927,1,1
TXN_00003656,USR_006299,72.15,AIRLINE,DE,0.243,1,0
TXN_00003657,USR_045044,74.04,ELECTRONICS,IN,0.974,1,1
TXN_00003658,USR_032025,89.16,CRYPTO,IN,0.202,1,0
TXN_00003659,USR_033923,92.93,HOTEL,JP,0.126,1,0
TXN_00003660,USR_012335,371.65,RETAIL,AU,0.918,1,1
TXN_00003661,USR_033631,20.17,GROCERY,AU,0.236,1,0
TXN_00003662,USR_006122,58.06,GROCERY,CA,0.147,1,0
TXN_00003663,USR_019053,99.08,RESTAURANT,SG,0.921,1,1
TXN_00003664,USR_032640,18.23,GAMING,CA,0.271,1,0
TXN_00003665,USR_016502,173.35,HOTEL,JP,0.556,1,0
TXN_00003666,USR_026789,21.44,GAMING,JP,0.869,1,1
TXN_00003667,USR_015219,31.74,HOTEL,SG,0.217,1,0
TXN_00003668,USR_024665,30.71,RETAIL,CA,0.516,1,0
TXN_00003669,USR_014977,41.18,CRYPTO,DE,0.938,1,1
TXN_00003670,USR_006550,28.18,HOTEL,IN,0.669,1,0
TXN_00003671,USR_015568,91.23,GROCERY,CA,0.282,1,0
TXN_00003672,USR_033794,70.46,AIRLINE,FR,0.301,1,0
TXN_00003673,USR_006033,413.42,HOTEL,GB,0.781,1,0
TXN_00003674,USR_048682,120.79,AIRLINE,AU,0.811,1,0
TXN_00003675,USR_038213,215.04,CRYPTO,FR,0.432,1,0
TXN_00003676,USR_007709,235.69,GAMING,CA,0.728,1,0
TXN_00003677,USR_047865,117.8,HOTEL,BR,0.805,1,0
TXN_00003678,USR_021608,55.46,GROCERY,BR,0.232,1,0
TXN_00003679,USR_043684,23.19,RESTAURANT,SG,0.191,1,0
TXN_00003680,USR_025272,93.92,HOTEL,US,0.551,0,0
TXN_00003681,USR_017161,15.82,RETAIL,CA,0.381,1,0
TXN_00003682,USR_025171,10.68,GAMING,JP,0.884,1,1
TXN_00003683,USR_005346,80.11,CRYPTO,FR,0.103,1,0
TXN_00003684,USR_027672,249.03,HOTEL,BR,0.525,1,0
TXN_00003685,USR_029570,167.26,CRYPTO,GB,0.698,1,0
TXN_00003686,USR_040783,34.34,ELECTRONICS,CA,0.057,1,0
TXN_00003687,USR_035279,104.27,CRYPTO,DE,0.968,1,1
TXN_00003688,USR_024470,226.18,RETAIL,IN,0.696,1,0
TXN_00003689,USR_003685,105.91,ELECTRONICS,BR,0.387,1,0
TXN_00003690,USR_022877,34.62,HOTEL,DE,0.063,1,0
TXN_00003691,USR_012664,79.85,RESTAURANT,AU,0.518,1,0
TXN_00003692,USR_016852,7.69,AIRLINE,CA,0.413,1,0
TXN_00003693,USR_041628,51.47,ELECTRONICS,AU,0.967,1,1
TXN_00003694,USR_047897,10.48,GROCERY,BR,0.597,1,0
TXN_00003695,USR_016596,96.79,RETAIL,SG,0.729,1,1
TXN_00003696,USR_047317,281.01,HOTEL,GB,0.154,1,0
TXN_00003697,USR_003884,151.55,RESTAURANT,JP,0.534,1,0
TXN_00003698,USR_044590,377.33,ELECTRONICS,AU,0.972,1,1
TXN_00003699,USR_049596,117.41,GAMING,BR,0.955,1,1
TXN_00003700,USR_045956,7.07,RETAIL,US,0.283,0,0
TXN_00003701,USR_023147,6.5,RESTAURANT,AU,0.572,1,0
TXN_00003702,USR_045730,70.33,GAMING,IN,0.435,1,0
TXN_00003703,USR_033121,31.01,CRYPTO,IN,0.091,1,0
TXN_00003704,USR_019999,205.83,GROCERY,DE,0.686,1,0
TXN_00003705,USR_035383,43.27,AIRLINE,IN,0.61,1,0
TXN_00003706,USR_018517,16.78,GROCERY,BR,0.71,1,0
TXN_00003707,USR_041712,201.72,GROCERY,FR,0.539,1,0
TXN_00003708,USR_045193,303.27,ELECTRONICS,US,0.409,0,0
TXN_00003709,USR_006494,56.26,ELECTRONICS,US,0.56,0,0
TXN_00003710,USR_033915,78.89,RETAIL,AU,0.346,1,0
TXN_00003711,USR_006562,77.4,HOTEL,IN,0.103,1,0
TXN_00003712,USR_003695,5.81,CRYPTO,BR,0.406,1,0
TXN_00003713,USR_019023,25.27,ELECTRONICS,SG,0.278,1,0
TXN_00003714,USR_013209,67.73,HOTEL,AU,0.016,1,0
TXN_00003715,USR_008230,25.88,GAMING,IN,0.966,1,1
TXN_00003716,USR_011305,64.89,GAMING,GB,0.168,1,0
TXN_00003717,USR_002516,91.28,AIRLINE,US,0.655,0,0
TXN_00003718,USR_037741,21.27,RESTAURANT,FR,0.978,1,1
TXN_00003719,USR_030244,21.65,HOTEL,JP,0.431,1,0
TXN_00003720,USR_017838,116.11,AIRLINE,SG,0.117,1,0
TXN_00003721,USR_043453,83.05,GROCERY,DE,0.379,1,0
TXN_00003722,USR_019635,10.72,GROCERY,SG,0.093,1,0
TXN_00003723,USR_042126,16.6,CRYPTO,CA,0.986,1,1
TXN_00003724,USR_025109,7.04,CRYPTO,FR,0.227,1,0
TXN_00003725,USR_002926,9.74,CRYPTO,JP,0.177,1,0
TXN_00003726,USR_045863,42.84,HOTEL,SG,0.649,1,0
TXN_00003727,USR_027668,8.18,ELECTRONICS,SG,0.54,1,0
TXN_00003728,USR_016683,68.37,RETAIL,GB,0.263,1,0
TXN_00003729,USR_035347,20.8,AIRLINE,AU,0.08,1,0
TXN_00003730,USR_035631,40.01,ELECTRONICS,AU,0.765,1,0
TXN_00003731,USR_008397,179.35,RESTAURANT,IN,0.634,1,0
TXN_00003732,USR_043761,125.32,HOTEL,DE,0.583,1,0
TXN_00003733,USR_024458,14.14,HOTEL,DE,0.77,1,0
TXN_00003734,USR_012838,63.28,RESTAURANT,BR,0.396,1,0
TXN_00003735,USR_036294,109.81,ELECTRONICS,AU,0.527,1,0
TXN_00003736,USR_030332,91.14,HOTEL,JP,0.626,1,0
TXN_00003737,USR_010342,60.47,GROCERY,CA,0.846,1,0
TXN_00003738,USR_044783,85.28,CRYPTO,JP,0.708,1,0
TXN_00003739,USR_001175,174.44,AIRLINE,SG,0.218,1,0
TXN_00003740,USR_043794,187.4,GROCERY,SG,0.204,1,0
TXN_00003741,USR_029512,69.45,HOTEL,DE,0.32,1,0
TXN_00003742,USR_022036,28.96,RETAIL,AU,0.89,1,1
TXN_00003743,USR_042615,18.48,HOTEL,AU,0.91,1,1
TXN_00003744,USR_028300,81.99,RETAIL,IN,0.888,1,1
TXN_00003745,USR_017342,187.17,ELECTRONICS,IN,0.884,1,1
TXN_00003746,USR_034278,26.17,AIRLINE,DE,0.19,1,0
TXN_00003747,USR_017882,120.71,HOTEL,GB,0.589,1,0
TXN_00003748,USR_046641,118.84,CRYPTO,SG,0.709,1,0
TXN_00003749,USR_024991,161.34,RETAIL,SG,0.162,1,0
TXN_00003750,USR_006733,49.74,RETAIL,IN,0.771,1,0
TXN_00003751,USR_016563,14.13,HOTEL,IN,0.308,1,0
TXN_00003752,USR_008282,38.59,GROCERY,AU,0.895,1,1
TXN_00003753,USR_017242,41.93,RESTAURANT,GB,0.181,1,0
TXN_00003754,USR_048584,64.35,HOTEL,GB,0.687,1,0
TXN_00003755,USR_042130,76.79,RETAIL,SG,0.787,1,0
TXN_00003756,USR_037695,184.99,HOTEL,AU,0.547,1,0
TXN_00003757,USR_030519,148.19,GAMING,SG,0.388,1,0
TXN_00003758,USR_005146,174.13,GROCERY,US,0.03,0,0
TXN_00003759,USR_011826,76.3,RESTAURANT,GB,0.02,1,0
TXN_00003760,USR_046095,15.55,RESTAURANT,US,0.848,0,0
TXN_00003761,USR_027822,188.7,RESTAURANT,BR,0.838,1,0
TXN_00003762,USR_036552,27.08,AIRLINE,BR,0.134,1,0
TXN_00003763,USR_032928,217.12,GROCERY,SG,0.944,1,1
TXN_00003764,USR_033259,112.98,RESTAURANT,BR,0.967,1,1
TXN_00003765,USR_003335,10.73,AIRLINE,JP,0.391,1,0
TXN_00003766,USR_023040,51.21,AIRLINE,US,0.753,0,0
TXN_00003767,USR_041226,30.55,HOTEL,BR,0.808,1,0
TXN_00003768,USR_025330,36.25,HOTEL,BR,0.046,1,0
TXN_00003769,USR_006773,158.51,HOTEL,FR,0.193,1,0
TXN_00003770,USR_028593,70.43,ELECTRONICS,SG,0.437,1,0
TXN_00003771,USR_024124,174.5,ELECTRONICS,IN,0.192,1,0
TXN_00003772,USR_004273,64.73,AIRLINE,AU,0.17,1,0
TXN_00003773,USR_003757,124.22,CRYPTO,AU,0.44,1,0
TXN_00003774,USR_009059,33.98,GAMING,DE,0.396,1,0
TXN_00003775,USR_006304,273.67,RESTAURANT,DE,0.152,1,0
TXN_00003776,USR_014403,72.67,RESTAURANT,DE,0.308,1,0
TXN_00003777,USR_015686,158.82,HOTEL,US,0.944,0,1
TXN_00003778,USR_018055,503.69,ELECTRONICS,SG,0.957,1,1
TXN_00003779,USR_049844,67.28,HOTEL,US,0.691,0,0
TXN_00003780,USR_021775,129.83,ELECTRONICS,FR,0.138,1,0
TXN_00003781,USR_045489,122.62,GAMING,JP,0.685,1,0
TXN_00003782,USR_026496,128.68,CRYPTO,FR,0.659,1,0
TXN_00003783,USR_001811,390.71,GAMING,FR,0.177,1,0
TXN_00003784,USR_012819,59.97,AIRLINE,FR,0.511,1,0
TXN_00003785,USR_027705,210.03,RETAIL,US,0.732,0,0
TXN_00003786,USR_011645,110.14,CRYPTO,GB,0.02,1,0
TXN_00003787,USR_012625,43.0,RESTAURANT,CA,0.917,1,1
TXN_00003788,USR_044180,656.04,GROCERY,SG,0.556,1,0
TXN_00003789,USR_018333,54.4,GROCERY,IN,0.935,1,1
TXN_00003790,USR_016698,170.48,HOTEL,AU,0.908,1,1
TXN_00003791,USR_048834,29.91,GAMING,DE,0.873,1,1
TXN_00003792,USR_003711,96.97,AIRLINE,FR,0.188,1,0
TXN_00003793,USR_029032,22.38,GAMING,JP,0.545,1,0
TXN_00003794,USR_022365,328.01,CRYPTO,GB,0.743,1,0
TXN_00003795,USR_011758,61.0,AIRLINE,DE,0.948,1,1
TXN_00003796,USR_009871,329.14,RETAIL,US,0.78,0,0
TXN_00003797,USR_031876,63.91,HOTEL,AU,0.971,1,1
TXN_00003798,USR_034939,409.35,AIRLINE,BR,0.2,1,0
TXN_00003799,USR_018041,42.92,HOTEL,IN,0.277,1,0
TXN_00003800,USR_033861,74.84,GAMING,JP,0.772,1,0
TXN_00003801,USR_043010,101.79,ELECTRONICS,JP,0.789,1,0
TXN_00003802,USR_026403,175.59,ELECTRONICS,JP,0.138,1,0
TXN_00003803,USR_043717,391.79,HOTEL,IN,0.565,1,0
TXN_00003804,USR_011177,66.91,RESTAURANT,IN,0.463,1,0
TXN_00003805,USR_017415,55.49,RETAIL,US,0.176,0,0
TXN_00003806,USR_024292,13.14,RETAIL,GB,0.804,1,0
TXN_00003807,USR_036577,186.43,GAMING,BR,0.339,1,0
TXN_00003808,USR_031654,169.85,AIRLINE,FR,0.824,1,0
TXN_00003809,USR_005437,131.91,RETAIL,GB,0.871,1,1
TXN_00003810,USR_049392,24.22,GAMING,JP,0.336,1,0
TXN_00003811,USR_033568,50.89,HOTEL,SG,0.295,1,0
TXN_00003812,USR_028169,130.91,RETAIL,FR,0.16,1,0
TXN_00003813,USR_022169,81.38,ELECTRONICS,JP,0.477,1,0
TXN_00003814,USR_042015,66.7,AIRLINE,JP,0.604,1,0
TXN_00003815,USR_038959,16.58,GROCERY,CA,0.55,1,0
TXN_00003816,USR_046129,44.01,AIRLINE,GB,0.913,1,1
TXN_00003817,USR_014592,112.33,CRYPTO,US,0.113,0,0
TXN_00003818,USR_026538,105.19,GROCERY,GB,0.712,1,0
TXN_00003819,USR_044335,59.89,HOTEL,US,0.046,0,0
TXN_00003820,USR_040749,11.89,GAMING,JP,0.986,1,1
TXN_00003821,USR_042106,116.66,RETAIL,JP,0.058,1,0
TXN_00003822,USR_006952,56.65,RESTAURANT,SG,0.106,1,0
TXN_00003823,USR_028127,101.55,CRYPTO,GB,0.128,1,0
TXN_00003824,USR_032822,15.7,RETAIL,US,0.16,0,0
TXN_00003825,USR_045416,6.45,HOTEL,US,0.939,0,1
TXN_00003826,USR_034786,10.95,RETAIL,FR,0.08,1,0
TXN_00003827,USR_025857,99.05,AIRLINE,IN,0.552,1,0
TXN_00003828,USR_029795,48.6,GROCERY,US,0.086,0,0
TXN_00003829,USR_004665,11.59,GAMING,JP,0.252,1,0
TXN_00003830,USR_002351,84.76,GAMING,BR,0.846,1,0
TXN_00003831,USR_008036,8.43,GAMING,CA,0.26,1,0
TXN_00003832,USR_019452,21.32,AIRLINE,FR,0.917,1,1
TXN_00003833,USR_011674,94.34,HOTEL,US,0.606,0,0
TXN_00003834,USR_020690,71.86,GAMING,SG,0.123,1,0
TXN_00003835,USR_016991,175.93,RESTAURANT,AU,0.695,1,0
TXN_00003836,USR_010337,109.95,HOTEL,IN,0.697,1,0
TXN_00003837,USR_002439,322.63,RETAIL,FR,0.947,1,1
TXN_00003838,USR_005647,37.38,HOTEL,FR,0.795,1,0
TXN_00003839,USR_015463,50.75,HOTEL,BR,0.509,1,0
TXN_00003840,USR_043194,61.95,GAMING,BR,0.475,1,0
TXN_00003841,USR_034862,97.25,GROCERY,FR,0.157,1,0
TXN_00003842,USR_049632,321.82,RESTAURANT,DE,0.724,1,0
TXN_00003843,USR_049360,229.1,AIRLINE,CA,0.911,1,1
TXN_00003844,USR_004079,13.88,GAMING,FR,0.188,1,0
TXN_00003845,USR_023704,193.42,RETAIL,SG,0.518,1,0
TXN_00003846,USR_016003,64.81,AIRLINE,GB,0.059,1,0
TXN_00003847,USR_012115,55.06,GROCERY,US,0.57,0,0
TXN_00003848,USR_045250,19.56,ELECTRONICS,CA,0.087,1,1
TXN_00003849,USR_009328,444.49,GAMING,DE,0.192,1,0
TXN_00003850,USR_026451,12.48,RESTAURANT,GB,0.501,1,0
TXN_00003851,USR_038167,31.73,GAMING,SG,0.874,1,1
TXN_00003852,USR_045727,9.6,GAMING,CA,0.451,1,0
TXN_00003853,USR_010562,46.83,ELECTRONICS,FR,0.701,1,0
TXN_00003854,USR_015141,50.82,GROCERY,CA,0.428,1,1
TXN_00003855,USR_003171,11.73,RESTAURANT,AU,0.199,1,0
TXN_00003856,USR_033820,29.51,RESTAURANT,AU,0.083,1,0
TXN_00003857,USR_037943,43.52,RESTAURANT,JP,0.786,1,0
TXN_00003858,USR_035997,142.27,HOTEL,US,0.336,0,0
TXN_00003859,USR_007080,33.94,RETAIL,GB,0.874,1,1
TXN_00003860,USR_037174,88.9,AIRLINE,IN,0.107,1,0
TXN_00003861,USR_039326,78.57,GAMING,FR,0.477,1,0
TXN_00003862,USR_032566,75.85,ELECTRONICS,AU,0.856,1,1
TXN_00003863,USR_022372,89.27,ELECTRONICS,DE,0.932,1,1
TXN_00003864,USR_046339,69.39,GROCERY,IN,0.059,1,1
TXN_00003865,USR_008301,78.33,RETAIL,CA,0.88,1,1
TXN_00003866,USR_029789,193.39,RETAIL,BR,0.951,1,1
TXN_00003867,USR_009613,126.49,RETAIL,JP,0.585,1,0
TXN_00003868,USR_035348,374.57,ELECTRONICS,AU,0.514,1,0
TXN_00003869,USR_015362,494.06,GROCERY,FR,0.762,1,0
TXN_00003870,USR_012484,40.7,GAMING,BR,0.767,1,0
TXN_00003871,USR_034090,100.84,CRYPTO,CA,0.492,1,0
TXN_00003872,USR_030452,34.15,AIRLINE,IN,0.549,1,0
TXN_00003873,USR_027044,162.98,CRYPTO,CA,0.361,1,0
TXN_00003874,USR_029585,46.29,RESTAURANT,DE,0.546,1,0
TXN_00003875,USR_038156,205.56,ELECTRONICS,IN,0.18,1,0
TXN_00003876,USR_032769,246.01,AIRLINE,DE,0.163,1,0
TXN_00003877,USR_035665,506.26,AIRLINE,SG,0.329,1,0
TXN_00003878,USR_007750,428.97,ELECTRONICS,IN,0.264,1,0
TXN_00003879,USR_014219,21.56,RESTAURANT,AU,0.942,1,1
TXN_00003880,USR_005285,43.78,CRYPTO,FR,0.57,1,0
TXN_00003881,USR_035564,11.69,HOTEL,AU,0.655,1,0
TXN_00003882,USR_046815,25.85,GROCERY,GB,0.734,1,0
TXN_00003883,USR_043532,6.07,ELECTRONICS,GB,0.226,1,0
TXN_00003884,USR_045035,122.67,CRYPTO,IN,0.203,1,0
TXN_00003885,USR_040350,37.01,CRYPTO,SG,0.684,1,0
TXN_00003886,USR_015032,116.62,RESTAURANT,JP,0.841,1,0
TXN_00003887,USR_011545,70.2,GROCERY,US,0.542,0,0
TXN_00003888,USR_002941,34.89,RETAIL,FR,0.611,1,0
TXN_00003889,USR_020790,10.97,CRYPTO,GB,0.732,1,0
TXN_00003890,USR_003536,429.42,RETAIL,IN,0.106,1,0
TXN_00003891,USR_044189,61.33,GROCERY,IN,0.378,1,0
TXN_00003892,USR_003405,223.21,GAMING,IN,0.863,1,1
TXN_00003893,USR_045671,31.69,CRYPTO,CA,0.116,1,0
TXN_00003894,USR_037324,12.16,ELECTRONICS,US,0.547,0,1
TXN_00003895,USR_044174,25.85,AIRLINE,JP,0.375,1,0
TXN_00003896,USR_026330,96.41,GAMING,GB,0.88,1,1
TXN_00003897,USR_023012,16.54,RESTAURANT,GB,0.489,1,0
TXN_00003898,USR_027920,297.29,CRYPTO,AU,0.97,1,1
TXN_00003899,USR_034999,232.45,CRYPTO,SG,0.479,1,0
TXN_00003900,USR_008720,25.35,ELECTRONICS,CA,0.419,1,0
TXN_00003901,USR_003368,24.94,GAMING,JP,0.622,1,0
TXN_00003902,USR_029826,262.01,RESTAURANT,BR,0.686,1,0
TXN_00003903,USR_035262,31.86,CRYPTO,GB,0.668,1,0
TXN_00003904,USR_008881,47.01,RETAIL,GB,0.391,1,0
TXN_00003905,USR_044647,21.13,GAMING,GB,0.481,1,0
TXN_00003906,USR_025557,192.45,GAMING,CA,0.225,1,0
TXN_00003907,USR_026602,130.67,GROCERY,US,0.536,0,0
TXN_00003908,USR_005530,278.29,RETAIL,SG,0.598,1,0
TXN_00003909,USR_044377,9.56,RETAIL,IN,0.953,1,1
TXN_00003910,USR_035541,183.43,RETAIL,JP,0.085,1,0
TXN_00003911,USR_008804,104.62,GAMING,DE,0.804,1,0
TXN_00003912,USR_016094,187.6,ELECTRONICS,SG,0.631,1,0
TXN_00003913,USR_025022,24.31,ELECTRONICS,JP,0.066,1,0
TXN_00003914,USR_033548,169.58,AIRLINE,AU,0.324,1,0
TXN_00003915,USR_005054,535.4,CRYPTO,BR,0.384,1,0
TXN_00003916,USR_032655,15.87,GAMING,IN,0.527,1,0
TXN_00003917,USR_001624,44.61,GAMING,IN,0.081,1,0
TXN_00003918,USR_016457,78.55,RETAIL,IN,0.683,1,0
TXN_00003919,USR_017492,135.61,RESTAURANT,US,0.14,0,0
TXN_00003920,USR_038365,145.02,RETAIL,SG,0.816,1,0
TXN_00003921,USR_011647,24.74,GAMING,AU,0.8,1,0
TXN_00003922,USR_032071,116.44,AIRLINE,JP,0.884,1,1
TXN_00003923,USR_033451,58.26,CRYPTO,AU,0.981,1,1
TXN_00003924,USR_024595,56.71,ELECTRONICS,FR,0.063,1,0
TXN_00003925,USR_043244,177.18,CRYPTO,IN,0.33,1,0
TXN_00003926,USR_001713,9.37,RESTAURANT,DE,0.947,1,1
TXN_00003927,USR_019995,37.12,GAMING,CA,0.245,1,0
TXN_00003928,USR_003207,205.12,GROCERY,GB,0.737,1,0
TXN_00003929,USR_022448,12.67,HOTEL,AU,0.75,1,0
TXN_00003930,USR_008984,12.61,RETAIL,US,0.969,0,1
TXN_00003931,USR_024602,62.34,CRYPTO,SG,0.491,1,0
TXN_00003932,USR_049873,238.02,RETAIL,GB,0.591,1,0
TXN_00003933,USR_028139,131.39,RESTAURANT,BR,0.447,1,0
TXN_00003934,USR_047719,38.01,RESTAURANT,DE,0.119,1,0
TXN_00003935,USR_013573,71.41,CRYPTO,SG,0.853,1,1
TXN_00003936,USR_031878,36.2,RESTAURANT,CA,0.386,1,0
TXN_00003937,USR_038169,116.71,HOTEL,JP,0.13,1,0
TXN_00003938,USR_037296,48.47,GAMING,US,0.744,0,0
TXN_00003939,USR_043815,210.03,HOTEL,CA,0.401,1,0
TXN_00003940,USR_002638,52.42,CRYPTO,DE,0.399,1,0
TXN_00003941,USR_004942,6.87,AIRLINE,JP,0.311,1,0
TXN_00003942,USR_046496,46.88,HOTEL,CA,0.319,1,0
TXN_00003943,USR_001976,6.16,CRYPTO,GB,0.376,1,0
TXN_00003944,USR_033073,149.99,ELECTRONICS,US,0.721,0,0
TXN_00003945,USR_031226,87.45,HOTEL,US,0.451,0,0
TXN_00003946,USR_048571,43.68,HOTEL,IN,0.797,1,0
TXN_00003947,USR_013638,6.71,GAMING,GB,0.513,1,0
TXN_00003948,USR_011627,29.98,GROCERY,US,0.933,0,1
TXN_00003949,USR_046053,53.72,ELECTRONICS,AU,0.858,1,1
TXN_00003950,USR_042182,27.48,RETAIL,CA,0.724,1,0
TXN_00003951,USR_033745,88.3,GAMING,US,0.409,0,0
TXN_00003952,USR_043529,73.58,CRYPTO,FR,0.287,1,0
TXN_00003953,USR_004505,173.61,RESTAURANT,SG,0.916,1,1
TXN_00003954,USR_022797,8.26,RESTAURANT,GB,0.653,1,0
TXN_00003955,USR_019727,25.95,CRYPTO,FR,0.198,1,0
TXN_00003956,USR_036714,18.63,RESTAURANT,IN,0.346,1,0
TXN_00003957,USR_044610,287.45,GROCERY,AU,0.153,1,0
TXN_00003958,USR_003733,145.34,GROCERY,DE,0.722,1,0
TXN_00003959,USR_040191,20.72,RETAIL,CA,0.338,1,0
TXN_00003960,USR_019327,200.48,ELECTRONICS,SG,0.45,1,0
TXN_00003961,USR_028731,79.96,ELECTRONICS,AU,0.456,1,0
TXN_00003962,USR_028144,55.87,AIRLINE,GB,0.057,1,0
TXN_00003963,USR_007572,6.97,ELECTRONICS,DE,0.394,1,0
TXN_00003964,USR_031702,90.2,AIRLINE,IN,0.08,1,0
TXN_00003965,USR_036437,35.07,ELECTRONICS,CA,0.16,1,0
TXN_00003966,USR_031965,531.0,AIRLINE,IN,0.978,1,1
TXN_00003967,USR_033124,155.75,CRYPTO,BR,0.813,1,0
TXN_00003968,USR_012714,18.52,CRYPTO,FR,0.409,1,0
TXN_00003969,USR_037296,41.45,HOTEL,FR,0.348,1,0
TXN_00003970,USR_032477,26.1,GAMING,GB,0.608,1,0
TXN_00003971,USR_044630,47.16,HOTEL,GB,0.885,1,1
TXN_00003972,USR_022385,5.08,RESTAURANT,AU,0.484,1,0
TXN_00003973,USR_001309,233.5,RETAIL,JP,0.149,1,0
TXN_00003974,USR_013897,30.36,HOTEL,BR,0.581,1,0
TXN_00003975,USR_036244,147.85,AIRLINE,JP,0.939,1,1
TXN_00003976,USR_024691,129.25,GROCERY,GB,0.583,1,0
TXN_00003977,USR_043100,37.61,ELECTRONICS,SG,0.378,1,0
TXN_00003978,USR_032953,69.01,GROCERY,CA,0.786,1,0
TXN_00003979,USR_021095,26.61,GROCERY,CA,0.278,1,1
TXN_00003980,USR_017742,35.57,ELECTRONICS,SG,0.233,1,0
TXN_00003981,USR_026462,134.38,GROCERY,BR,0.856,1,1
TXN_00003982,USR_010983,65.91,HOTEL,BR,0.464,1,0
TXN_00003983,USR_017991,180.43,CRYPTO,CA,0.768,1,0
TXN_00003984,USR_047156,27.23,GROCERY,SG,0.383,1,0
TXN_00003985,USR_006778,113.83,ELECTRONICS,US,0.628,0,0
TXN_00003986,USR_048258,96.75,GAMING,FR,0.931,1,1
TXN_00003987,USR_011535,52.39,RESTAURANT,AU,0.827,1,1
TXN_00003988,USR_020912,33.33,RETAIL,DE,0.388,1,0
TXN_00003989,USR_037769,76.88,RESTAURANT,FR,0.066,1,0
TXN_00003990,USR_025483,40.85,GAMING,GB,0.409,1,0
TXN_00003991,USR_021086,140.53,AIRLINE,IN,0.332,1,0
TXN_00003992,USR_029092,88.33,GAMING,BR,0.83,1,0
TXN_00003993,USR_026010,140.34,RETAIL,US,0.057,0,0
TXN_00003994,USR_037063,24.32,ELECTRONICS,SG,0.776,1,0
TXN_00003995,USR_021669,77.41,RETAIL,IN,0.442,1,0
TXN_00003996,USR_036436,92.43,AIRLINE,CA,0.773,1,0
TXN_00003997,USR_007008,150.05,CRYPTO,US,0.135,0,0
TXN_00003998,USR_020708,182.08,ELECTRONICS,GB,0.915,1,1
TXN_00003999,USR_048124,120.17,GROCERY,DE,0.025,1,0
TXN_00004000,USR_031426,177.3,HOTEL,GB,0.214,1,0
TXN_00004001,USR_041950,137.32,RETAIL,SG,0.428,1,0
TXN_00004002,USR_025260,123.51,RESTAURANT,FR,0.126,1,0
TXN_00004003,USR_049243,267.9,GAMING,US,0.162,0,0
TXN_00004004,USR_020930,81.73,AIRLINE,DE,0.638,1,0
TXN_00004005,USR_038581,15.88,GROCERY,AU,0.244,1,0
TXN_00004006,USR_016484,204.88,RESTAURANT,AU,0.266,1,0
TXN_00004007,USR_040444,109.6,GROCERY,US,0.073,0,0
TXN_00004008,USR_031222,66.39,CRYPTO,GB,0.575,1,0
TXN_00004009,USR_029448,389.67,HOTEL,CA,0.149,1,0
TXN_00004010,USR_027715,7.24,CRYPTO,BR,0.279,1,0
TXN_00004011,USR_020531,148.06,RESTAURANT,IN,0.532,1,0
TXN_00004012,USR_005750,190.92,RETAIL,GB,0.352,1,0
TXN_00004013,USR_005657,200.39,GROCERY,BR,0.84,1,0
TXN_00004014,USR_038261,40.7,ELECTRONICS,US,0.6,0,0
TXN_00004015,USR_018479,23.8,GROCERY,US,0.666,0,0
TXN_00004016,USR_039732,45.69,RETAIL,FR,0.644,1,0
TXN_00004017,USR_039358,42.41,RETAIL,AU,0.311,1,0
TXN_00004018,USR_039120,17.39,AIRLINE,SG,0.335,1,0
TXN_00004019,USR_026613,94.1,AIRLINE,CA,0.041,1,0
TXN_00004020,USR_039087,52.31,RETAIL,DE,0.915,1,1
TXN_00004021,USR_015052,16.59,CRYPTO,DE,0.732,1,0
TXN_00004022,USR_033291,10.69,GAMING,CA,0.186,1,0
TXN_00004023,USR_024478,32.65,GROCERY,SG,0.978,1,1
TXN_00004024,USR_008770,120.35,CRYPTO,BR,0.927,1,1
TXN_00004025,USR_027294,72.35,CRYPTO,IN,0.333,1,0
TXN_00004026,USR_014408,46.21,CRYPTO,CA,0.771,1,0
TXN_00004027,USR_017640,145.95,GAMING,US,0.635,0,0
TXN_00004028,USR_025072,84.7,AIRLINE,SG,0.253,1,0
TXN_00004029,USR_049766,32.99,CRYPTO,US,0.329,0,0
TXN_00004030,USR_048160,194.05,RESTAURANT,CA,0.256,1,0
TXN_00004031,USR_021610,53.0,RETAIL,DE,0.37,1,0
TXN_00004032,USR_042857,70.73,GAMING,IN,0.673,1,0
TXN_00004033,USR_011941,19.88,GAMING,US,0.27,0,0
TXN_00004034,USR_049436,19.54,CRYPTO,JP,0.201,1,0
TXN_00004035,USR_002030,17.66,RETAIL,GB,0.044,1,0
TXN_00004036,USR_019157,206.03,AIRLINE,SG,0.075,1,0
TXN_00004037,USR_026285,41.1,AIRLINE,DE,0.045,1,0
TXN_00004038,USR_014479,17.31,GROCERY,IN,0.276,1,0
TXN_00004039,USR_013682,40.98,AIRLINE,CA,0.525,1,0
TXN_00004040,USR_009391,92.2,GAMING,CA,0.776,1,0
TXN_00004041,USR_024191,348.72,GAMING,AU,0.083,1,0
TXN_00004042,USR_024291,21.56,ELECTRONICS,DE,0.796,1,0
TXN_00004043,USR_010781,74.93,GAMING,FR,0.339,1,0
TXN_00004044,USR_034037,67.93,AIRLINE,BR,0.199,1,0
TXN_00004045,USR_040744,96.06,RESTAURANT,GB,0.922,1,1
TXN_00004046,USR_003698,27.4,ELECTRONICS,AU,0.758,1,0
TXN_00004047,USR_026239,9.81,HOTEL,SG,0.531,1,0
TXN_00004048,USR_028715,34.91,CRYPTO,JP,0.608,1,0
TXN_00004049,USR_038385,349.47,AIRLINE,IN,0.634,1,0
TXN_00004050,USR_039885,124.86,RETAIL,GB,0.525,1,0
TXN_00004051,USR_025671,175.95,GAMING,BR,0.752,1,0
TXN_00004052,USR_049137,94.68,CRYPTO,CA,0.443,1,0
TXN_00004053,USR_044856,16.39,GROCERY,GB,0.639,1,0
TXN_00004054,USR_011725,193.41,RESTAURANT,BR,0.498,1,0
TXN_00004055,USR_005134,10.33,CRYPTO,DE,0.572,1,0
TXN_00004056,USR_009427,65.14,ELECTRONICS,FR,0.102,1,0
TXN_00004057,USR_009697,108.07,RESTAURANT,CA,0.122,1,0
TXN_00004058,USR_044969,107.28,AIRLINE,FR,0.382,1,0
TXN_00004059,USR_042370,55.54,RESTAURANT,IN,0.37,1,0
TXN_00004060,USR_035937,38.31,RETAIL,CA,0.932,1,1
TXN_00004061,USR_018390,39.95,RETAIL,AU,0.55,1,0
TXN_00004062,USR_026577,42.49,GAMING,US,0.818,0,0
TXN_00004063,USR_025061,103.57,RESTAURANT,BR,0.255,1,0
TXN_00004064,USR_035375,74.37,RETAIL,AU,0.08,1,0
TXN_00004065,USR_016025,186.25,AIRLINE,JP,0.372,1,0
TXN_00004066,USR_043656,35.12,AIRLINE,AU,0.85,1,0
TXN_00004067,USR_030184,334.58,GROCERY,BR,0.543,1,1
TXN_00004068,USR_040884,150.49,GROCERY,BR,0.936,1,1
TXN_00004069,USR_007417,303.25,GAMING,DE,0.205,1,0
TXN_00004070,USR_007000,146.26,GROCERY,IN,0.656,1,0
TXN_00004071,USR_027021,226.21,GAMING,US,0.704,0,0
TXN_00004072,USR_009895,65.3,AIRLINE,JP,0.929,1,1
TXN_00004073,USR_048696,74.57,GROCERY,AU,0.749,1,0
TXN_00004074,USR_040571,52.42,CRYPTO,IN,0.914,1,1
TXN_00004075,USR_014821,128.3,RETAIL,CA,0.125,1,0
TXN_00004076,USR_043386,35.0,GAMING,FR,0.499,1,0
TXN_00004077,USR_017760,75.36,CRYPTO,IN,0.655,1,0
TXN_00004078,USR_001545,60.22,ELECTRONICS,AU,0.167,1,0
TXN_00004079,USR_008752,275.14,GAMING,DE,0.272,1,0
TXN_00004080,USR_030706,170.83,AIRLINE,DE,0.769,1,0
TXN_00004081,USR_028275,213.97,RESTAURANT,FR,0.396,1,0
TXN_00004082,USR_030509,85.61,GAMING,JP,0.552,1,0
TXN_00004083,USR_039216,17.7,GROCERY,FR,0.505,1,0
TXN_00004084,USR_021907,168.12,GAMING,SG,0.067,1,0
TXN_00004085,USR_009726,35.57,RETAIL,AU,0.89,1,1
TXN_00004086,USR_050000,255.49,RESTAURANT,GB,0.059,1,0
TXN_00004087,USR_006359,89.92,RESTAURANT,FR,0.627,1,0
TXN_00004088,USR_016818,6.08,GAMING,SG,0.982,1,1
TXN_00004089,USR_012100,131.81,GROCERY,JP,0.735,1,0
TXN_00004090,USR_007782,294.4,RETAIL,GB,0.341,1,0
TXN_00004091,USR_028424,9.5,GROCERY,FR,0.772,1,0
TXN_00004092,USR_004469,134.87,GROCERY,CA,0.599,1,0
TXN_00004093,USR_027311,6.63,RESTAURANT,BR,0.832,1,0
TXN_00004094,USR_023070,472.64,AIRLINE,AU,0.671,1,0
TXN_00004095,USR_028233,60.68,HOTEL,SG,0.308,1,0
TXN_00004096,USR_019914,99.97,GROCERY,IN,0.457,1,0
TXN_00004097,USR_034001,452.5,RESTAURANT,SG,0.688,1,0
TXN_00004098,USR_001294,182.51,RETAIL,US,0.085,0,0
TXN_00004099,USR_034039,15.88,ELECTRONICS,FR,0.441,1,1
TXN_00004100,USR_021873,108.55,GAMING,FR,0.389,1,0
TXN_00004101,USR_017605,76.79,HOTEL,IN,0.64,1,0
TXN_00004102,USR_014465,175.41,HOTEL,JP,0.597,1,0
TXN_00004103,USR_010089,26.45,AIRLINE,FR,0.322,1,0
TXN_00004104,USR_013824,89.96,RESTAURANT,GB,0.884,1,1
TXN_00004105,USR_031591,11.1,CRYPTO,DE,0.065,1,0
TXN_00004106,USR_023044,29.48,RETAIL,BR,0.071,1,0
TXN_00004107,USR_049396,36.0,RESTAURANT,JP,0.866,1,1
TXN_00004108,USR_017044,200.15,CRYPTO,CA,0.174,1,0
TXN_00004109,USR_009509,90.3,RETAIL,US,0.647,0,0
TXN_00004110,USR_047273,170.5,GAMING,SG,0.17,1,0
TXN_00004111,USR_002804,102.23,CRYPTO,CA,0.438,1,0
TXN_00004112,USR_027063,257.45,AIRLINE,SG,0.287,1,0
TXN_00004113,USR_032731,50.94,CRYPTO,JP,0.107,1,0
TXN_00004114,USR_001875,145.81,CRYPTO,BR,0.782,1,0
TXN_00004115,USR_022434,110.7,AIRLINE,IN,0.541,1,0
TXN_00004116,USR_032130,54.34,ELECTRONICS,FR,0.475,1,0
TXN_00004117,USR_048039,33.01,RESTAURANT,FR,0.361,1,0
TXN_00004118,USR_026967,124.59,CRYPTO,US,0.367,0,0
TXN_00004119,USR_023437,13.8,RESTAURANT,AU,0.762,1,0
TXN_00004120,USR_039688,277.45,GROCERY,GB,0.965,1,1
TXN_00004121,USR_044163,32.58,AIRLINE,GB,0.123,1,0
TXN_00004122,USR_027460,356.27,RETAIL,FR,0.631,1,0
TXN_00004123,USR_046323,275.6,AIRLINE,GB,0.711,1,1
TXN_00004124,USR_009072,648.38,RETAIL,IN,0.422,1,0
TXN_00004125,USR_042494,275.38,GAMING,IN,0.229,1,0
TXN_00004126,USR_032279,25.31,AIRLINE,CA,0.417,1,0
TXN_00004127,USR_027487,92.98,GAMING,GB,0.593,1,0
TXN_00004128,USR_019626,39.74,HOTEL,US,0.741,0,0
TXN_00004129,USR_020183,6.45,AIRLINE,BR,0.328,1,0
TXN_00004130,USR_006053,74.71,AIRLINE,IN,0.145,1,0
TXN_00004131,USR_005805,133.74,ELECTRONICS,US,0.864,0,1
TXN_00004132,USR_006972,164.22,GAMING,FR,0.043,1,0
TXN_00004133,USR_023931,51.66,ELECTRONICS,SG,0.595,1,0
TXN_00004134,USR_022847,213.69,HOTEL,IN,0.904,1,1
TXN_00004135,USR_009192,10.76,HOTEL,CA,0.084,1,0
TXN_00004136,USR_014642,78.32,HOTEL,DE,0.144,1,0
TXN_00004137,USR_031273,48.04,HOTEL,IN,0.066,1,0
TXN_00004138,USR_035143,18.26,GAMING,DE,0.305,1,0
TXN_00004139,USR_012283,541.15,HOTEL,CA,0.592,1,0
TXN_00004140,USR_049428,78.8,RETAIL,AU,0.577,1,0
TXN_00004141,USR_034404,93.2,RETAIL,SG,0.37,1,0
TXN_00004142,USR_018559,323.93,RESTAURANT,US,0.241,0,0
TXN_00004143,USR_003413,103.91,ELECTRONICS,AU,0.121,1,0
TXN_00004144,USR_004247,14.5,AIRLINE,BR,0.078,1,0
TXN_00004145,USR_040561,90.49,ELECTRONICS,DE,0.806,1,0
TXN_00004146,USR_014918,33.01,HOTEL,CA,0.247,1,0
TXN_00004147,USR_037266,90.93,GROCERY,GB,0.308,1,0
TXN_00004148,USR_015091,174.87,RESTAURANT,IN,0.223,1,0
TXN_00004149,USR_034311,146.57,AIRLINE,GB,0.757,1,0
TXN_00004150,USR_030939,269.22,AIRLINE,JP,0.575,1,0
TXN_00004151,USR_029503,135.01,RETAIL,FR,0.947,1,1
TXN_00004152,USR_002476,73.02,GAMING,FR,0.14,1,0
TXN_00004153,USR_036273,58.4,RESTAURANT,FR,0.703,1,0
TXN_00004154,USR_004042,85.73,GROCERY,AU,0.04,1,0
TXN_00004155,USR_017539,7.4,AIRLINE,US,0.105,0,0
TXN_00004156,USR_006945,176.32,ELECTRONICS,FR,0.077,1,0
TXN_00004157,USR_001845,98.69,CRYPTO,FR,0.604,1,0
TXN_00004158,USR_038956,64.01,CRYPTO,AU,0.06,1,0
TXN_00004159,USR_006664,69.35,RESTAURANT,JP,0.113,1,0
TXN_00004160,USR_028134,15.48,GAMING,GB,0.181,1,0
TXN_00004161,USR_004979,208.5,GAMING,SG,0.218,1,0
TXN_00004162,USR_045519,85.74,CRYPTO,SG,0.246,1,0
TXN_00004163,USR_021401,230.83,GAMING,IN,0.558,1,0
TXN_00004164,USR_020263,50.17,GROCERY,US,0.55,0,0
TXN_00004165,USR_031816,37.86,CRYPTO,AU,0.398,1,0
TXN_00004166,USR_014151,8.66,RESTAURANT,IN,0.028,1,0
TXN_00004167,USR_021657,100.03,RETAIL,BR,0.604,1,0
TXN_00004168,USR_021578,277.11,RETAIL,IN,0.858,1,1
TXN_00004169,USR_043389,226.56,GAMING,GB,0.73,1,0
TXN_00004170,USR_023136,113.57,AIRLINE,DE,0.512,1,0
TXN_00004171,USR_014569,84.17,GAMING,AU,0.442,1,0
TXN_00004172,USR_044212,29.91,RETAIL,JP,0.976,1,1
TXN_00004173,USR_006993,61.62,GROCERY,AU,0.967,1,1
TXN_00004174,USR_006926,122.2,AIRLINE,IN,0.867,1,1
TXN_00004175,USR_007339,130.32,RETAIL,GB,0.535,1,0
TXN_00004176,USR_046780,202.3,RETAIL,FR,0.433,1,0
TXN_00004177,USR_030211,359.5,RETAIL,IN,0.711,1,0
TXN_00004178,USR_031558,109.49,ELECTRONICS,GB,0.484,1,0
TXN_00004179,USR_047269,130.21,RESTAURANT,FR,0.187,1,0
TXN_00004180,USR_034632,10.19,AIRLINE,BR,0.206,1,0
TXN_00004181,USR_019230,71.45,CRYPTO,GB,0.549,1,0
TXN_00004182,USR_023411,10.89,GAMING,GB,0.34,1,0
TXN_00004183,USR_039449,98.14,RESTAURANT,US,0.886,0,1
TXN_00004184,USR_015567,17.79,HOTEL,SG,0.121,1,0
TXN_00004185,USR_012079,155.73,AIRLINE,GB,0.885,1,1
TXN_00004186,USR_007875,206.46,GAMING,CA,0.093,1,0
TXN_00004187,USR_046060,210.2,GROCERY,SG,0.86,1,1
TXN_00004188,USR_049937,39.5,HOTEL,US,0.973,0,1
TXN_00004189,USR_010356,28.92,GAMING,IN,0.102,1,0
TXN_00004190,USR_029027,109.51,GAMING,FR,0.328,1,0
TXN_00004191,USR_021129,69.9,GAMING,BR,0.272,1,0
TXN_00004192,USR_042005,159.03,RETAIL,DE,0.711,1,0
TXN_00004193,USR_030610,448.15,GAMING,BR,0.774,1,0
TXN_00004194,USR_026237,50.67,AIRLINE,CA,0.439,1,0
TXN_00004195,USR_021330,156.97,AIRLINE,SG,0.902,1,1
TXN_00004196,USR_037608,9.48,HOTEL,FR,0.568,1,0
TXN_00004197,USR_012831,24.49,GROCERY,CA,0.918,1,1
TXN_00004198,USR_019075,324.77,GROCERY,IN,0.066,1,0
TXN_00004199,USR_037385,137.84,CRYPTO,US,0.795,0,0
TXN_00004200,USR_034532,70.02,ELECTRONICS,US,0.306,0,0
TXN_00004201,USR_019357,115.64,CRYPTO,DE,0.495,1,0
TXN_00004202,USR_031750,138.47,HOTEL,JP,0.908,1,1
TXN_00004203,USR_033849,123.79,GROCERY,SG,0.568,1,0
TXN_00004204,USR_009725,247.44,HOTEL,GB,0.218,1,0
TXN_00004205,USR_046953,79.59,RESTAURANT,US,0.769,0,0
TXN_00004206,USR_007198,6.8,GROCERY,AU,0.934,1,1
TXN_00004207,USR_028643,77.24,HOTEL,GB,0.517,1,0
TXN_00004208,USR_007188,11.21,AIRLINE,SG,0.37,1,0
TXN_00004209,USR_036721,60.5,RESTAURANT,JP,0.461,1,0
TXN_00004210,USR_048452,69.06,AIRLINE,DE,0.674,1,0
TXN_00004211,USR_043882,146.64,HOTEL,JP,0.938,1,1
TXN_00004212,USR_010536,26.37,RETAIL,AU,0.459,1,0
TXN_00004213,USR_014334,37.9,ELECTRONICS,AU,0.438,1,0
TXN_00004214,USR_043569,22.48,GAMING,SG,0.343,1,0
TXN_00004215,USR_047295,266.88,RESTAURANT,IN,0.472,1,0
TXN_00004216,USR_002998,141.35,RETAIL,DE,0.332,1,0
TXN_00004217,USR_037254,213.69,RESTAURANT,GB,0.903,1,1
TXN_00004218,USR_025279,311.64,RETAIL,DE,0.625,1,0
TXN_00004219,USR_001610,49.28,CRYPTO,FR,0.533,1,0
TXN_00004220,USR_030617,41.96,RETAIL,US,0.082,0,0
TXN_00004221,USR_043439,137.02,ELECTRONICS,DE,0.13,1,0
TXN_00004222,USR_013315,268.4,RETAIL,BR,0.015,1,0
TXN_00004223,USR_039860,90.58,GROCERY,IN,0.089,1,0
TXN_00004224,USR_037992,112.01,RESTAURANT,AU,0.644,1,0
TXN_00004225,USR_002590,252.63,ELECTRONICS,FR,0.645,1,0
TXN_00004226,USR_008897,191.53,ELECTRONICS,DE,0.178,1,0
TXN_00004227,USR_030209,19.4,GROCERY,JP,0.097,1,0
TXN_00004228,USR_033945,388.93,AIRLINE,DE,0.342,1,0
TXN_00004229,USR_032228,20.21,GROCERY,BR,0.084,1,0
TXN_00004230,USR_016908,67.47,RESTAURANT,SG,0.164,1,0
TXN_00004231,USR_010343,313.21,CRYPTO,GB,0.303,1,0
TXN_00004232,USR_004168,44.26,CRYPTO,JP,0.773,1,0
TXN_00004233,USR_043612,31.58,RETAIL,US,0.273,0,0
TXN_00004234,USR_034340,181.05,CRYPTO,AU,0.803,1,0
TXN_00004235,USR_023480,46.95,GROCERY,CA,0.467,1,0
TXN_00004236,USR_006764,114.0,ELECTRONICS,CA,0.526,1,0
TXN_00004237,USR_043970,70.84,ELECTRONICS,GB,0.785,1,0
TXN_00004238,USR_007605,156.77,AIRLINE,DE,0.745,1,0
TXN_00004239,USR_016442,178.65,GROCERY,SG,0.252,1,0
TXN_00004240,USR_048580,45.61,RESTAURANT,IN,0.947,1,1
TXN_00004241,USR_027982,11.33,GROCERY,AU,0.104,1,0
TXN_00004242,USR_029096,17.7,AIRLINE,CA,0.965,1,1
TXN_00004243,USR_048284,91.64,HOTEL,JP,0.352,1,0
TXN_00004244,USR_002669,8.15,AIRLINE,DE,0.211,1,0
TXN_00004245,USR_010730,129.98,RETAIL,BR,0.466,1,0
TXN_00004246,USR_017123,21.72,RETAIL,AU,0.927,1,1
TXN_00004247,USR_008673,111.18,HOTEL,BR,0.361,1,0
TXN_00004248,USR_037675,346.91,RESTAURANT,SG,0.682,1,0
TXN_00004249,USR_049859,224.02,GAMING,AU,0.969,1,1
TXN_00004250,USR_049105,152.94,CRYPTO,GB,0.623,1,0
TXN_00004251,USR_004386,62.7,AIRLINE,GB,0.522,1,0
TXN_00004252,USR_018094,18.95,HOTEL,JP,0.92,1,1
TXN_00004253,USR_024737,64.98,GROCERY,SG,0.692,1,0
TXN_00004254,USR_046669,49.83,ELECTRONICS,FR,0.361,1,0
TXN_00004255,USR_028671,176.91,GROCERY,CA,0.547,1,0
TXN_00004256,USR_019158,28.14,HOTEL,JP,0.769,1,0
TXN_00004257,USR_026806,222.93,RESTAURANT,FR,0.791,1,0
TXN_00004258,USR_039203,87.44,RESTAURANT,IN,0.447,1,0
TXN_00004259,USR_018497,39.68,RESTAURANT,GB,0.637,1,0
TXN_00004260,USR_027683,9.33,RETAIL,BR,0.964,1,1
TXN_00004261,USR_025246,46.1,GAMING,IN,0.133,1,0
TXN_00004262,USR_043420,35.69,RESTAURANT,FR,0.8,1,0
TXN_00004263,USR_047708,114.38,RESTAURANT,GB,0.464,1,0
TXN_00004264,USR_027901,37.94,AIRLINE,CA,0.909,1,1
TXN_00004265,USR_007245,386.75,HOTEL,SG,0.134,1,0
TXN_00004266,USR_046050,76.39,ELECTRONICS,SG,0.472,1,0
TXN_00004267,USR_043216,8.17,RESTAURANT,DE,0.498,1,0
TXN_00004268,USR_048373,308.38,CRYPTO,GB,0.17,1,0
TXN_00004269,USR_011351,100.46,RETAIL,IN,0.569,1,0
TXN_00004270,USR_039293,354.79,CRYPTO,SG,0.318,1,0
TXN_00004271,USR_029633,36.13,GAMING,BR,0.101,1,0
TXN_00004272,USR_022715,197.62,RESTAURANT,AU,0.684,1,0
TXN_00004273,USR_025712,8.74,ELECTRONICS,BR,0.52,1,0
TXN_00004274,USR_034272,12.78,RETAIL,US,0.89,0,1
TXN_00004275,USR_033965,229.06,RESTAURANT,IN,0.92,1,1
TXN_00004276,USR_017088,18.57,ELECTRONICS,BR,0.741,1,0
TXN_00004277,USR_043648,152.75,AIRLINE,BR,0.77,1,0
TXN_00004278,USR_016277,100.06,CRYPTO,DE,0.203,1,0
TXN_00004279,USR_043222,99.84,ELECTRONICS,DE,0.273,1,0
TXN_00004280,USR_005137,121.28,AIRLINE,US,0.09,0,0
TXN_00004281,USR_021769,11.61,CRYPTO,BR,0.472,1,0
TXN_00004282,USR_036398,59.84,CRYPTO,JP,0.274,1,0
TXN_00004283,USR_032394,38.53,GAMING,IN,0.635,1,0
TXN_00004284,USR_003020,272.39,AIRLINE,SG,0.43,1,0
TXN_00004285,USR_031726,23.27,GROCERY,US,0.466,0,0
TXN_00004286,USR_038039,9.79,ELECTRONICS,AU,0.51,1,0
TXN_00004287,USR_030782,120.96,HOTEL,SG,0.974,1,1
TXN_00004288,USR_014128,358.14,RETAIL,US,0.337,0,0
TXN_00004289,USR_036256,32.62,ELECTRONICS,DE,0.954,1,1
TXN_00004290,USR_028759,134.99,CRYPTO,FR,0.021,1,0
TXN_00004291,USR_015664,98.88,GROCERY,IN,0.076,1,0
TXN_00004292,USR_029300,199.0,GROCERY,DE,0.983,1,1
TXN_00004293,USR_019628,6.21,RESTAURANT,AU,0.924,1,1
TXN_00004294,USR_027626,55.85,AIRLINE,JP,0.029,1,0
TXN_00004295,USR_009248,135.39,CRYPTO,DE,0.184,1,0
TXN_00004296,USR_016398,151.96,CRYPTO,IN,0.913,1,1
TXN_00004297,USR_038961,110.2,RETAIL,CA,0.734,1,0
TXN_00004298,USR_040429,60.89,ELECTRONICS,SG,0.473,1,0
TXN_00004299,USR_039090,182.67,AIRLINE,IN,0.944,1,1
TXN_00004300,USR_016509,136.48,CRYPTO,SG,0.855,1,1
TXN_00004301,USR_037312,8.85,HOTEL,US,0.043,0,0
TXN_00004302,USR_020922,203.01,RESTAURANT,IN,0.26,1,0
TXN_00004303,USR_026580,79.78,RETAIL,FR,0.048,1,0
TXN_00004304,USR_024725,55.55,HOTEL,BR,0.482,1,1
TXN_00004305,USR_047329,52.74,AIRLINE,US,0.331,0,0
TXN_00004306,USR_038654,28.88,RETAIL,AU,0.013,1,0
TXN_00004307,USR_024286,47.8,ELECTRONICS,SG,0.031,1,0
TXN_00004308,USR_045625,6.01,GROCERY,DE,0.417,1,0
TXN_00004309,USR_010730,156.33,RESTAURANT,IN,0.114,1,0
TXN_00004310,USR_030920,33.36,GAMING,US,0.424,0,0
TXN_00004311,USR_022472,78.95,HOTEL,CA,0.242,1,0
TXN_00004312,USR_012225,109.19,RESTAURANT,JP,0.77,1,0
TXN_00004313,USR_049367,116.44,ELECTRONICS,IN,0.016,1,0
TXN_00004314,USR_003861,788.12,RETAIL,JP,0.094,1,0
TXN_00004315,USR_047893,102.44,ELECTRONICS,CA,0.963,1,1
TXN_00004316,USR_001597,86.43,ELECTRONICS,IN,0.235,1,0
TXN_00004317,USR_017799,183.61,AIRLINE,DE,0.201,1,0
TXN_00004318,USR_043891,40.46,RESTAURANT,CA,0.53,1,0
TXN_00004319,USR_037983,151.57,AIRLINE,FR,0.455,1,0
TXN_00004320,USR_008262,124.32,RESTAURANT,FR,0.599,1,0
TXN_00004321,USR_033114,173.74,ELECTRONICS,DE,0.17,1,0
TXN_00004322,USR_024362,168.41,AIRLINE,FR,0.778,1,0
TXN_00004323,USR_008715,92.57,ELECTRONICS,SG,0.783,1,0
TXN_00004324,USR_021537,48.15,GAMING,JP,0.219,1,0
TXN_00004325,USR_008171,135.11,GAMING,IN,0.403,1,0
TXN_00004326,USR_025313,55.84,CRYPTO,SG,0.702,1,0
TXN_00004327,USR_021348,78.78,GROCERY,FR,0.151,1,0
TXN_00004328,USR_039577,195.2,CRYPTO,GB,0.889,1,1
TXN_00004329,USR_022778,32.8,GAMING,CA,0.564,1,0
TXN_00004330,USR_012060,20.93,RESTAURANT,SG,0.867,1,1
TXN_00004331,USR_041508,6.56,RETAIL,SG,0.311,1,0
TXN_00004332,USR_008338,17.08,GAMING,DE,0.871,1,1
TXN_00004333,USR_029495,170.01,AIRLINE,FR,0.636,1,0
TXN_00004334,USR_021123,149.26,GAMING,US,0.308,0,0
TXN_00004335,USR_035745,109.71,CRYPTO,BR,0.387,1,0
TXN_00004336,USR_033096,28.25,CRYPTO,BR,0.745,1,0
TXN_00004337,USR_032898,60.89,HOTEL,GB,0.119,1,0
TXN_00004338,USR_038842,7.37,AIRLINE,GB,0.616,1,0
TXN_00004339,USR_002322,138.82,GROCERY,GB,0.618,1,0
TXN_00004340,USR_048467,136.01,RESTAURANT,FR,0.128,1,0
TXN_00004341,USR_038849,195.14,GROCERY,CA,0.867,1,1
TXN_00004342,USR_049077,93.52,GROCERY,FR,0.519,1,0
TXN_00004343,USR_019700,59.67,HOTEL,CA,0.776,1,1
TXN_00004344,USR_032138,130.32,RETAIL,US,0.55,0,0
TXN_00004345,USR_030695,310.23,GAMING,IN,0.043,1,0
TXN_00004346,USR_031965,5.57,AIRLINE,DE,0.934,1,1
TXN_00004347,USR_031902,27.28,ELECTRONICS,IN,0.211,1,0
TXN_00004348,USR_018614,66.25,RETAIL,SG,0.355,1,0
TXN_00004349,USR_007288,53.78,GAMING,CA,0.292,1,0
TXN_00004350,USR_025303,150.27,ELECTRONICS,CA,0.942,1,1
TXN_00004351,USR_026876,77.68,HOTEL,FR,0.231,1,0
TXN_00004352,USR_033156,27.53,ELECTRONICS,AU,0.431,1,0
TXN_00004353,USR_045528,51.05,HOTEL,US,0.013,0,0
TXN_00004354,USR_043422,18.55,HOTEL,US,0.88,0,1
TXN_00004355,USR_001229,87.05,GAMING,AU,0.694,1,0
TXN_00004356,USR_041236,56.55,GAMING,GB,0.954,1,1
TXN_00004357,USR_045674,191.95,RESTAURANT,FR,0.485,1,0
TXN_00004358,USR_039991,43.36,ELECTRONICS,FR,0.22,1,0
TXN_00004359,USR_022021,30.14,ELECTRONICS,GB,0.168,1,0
TXN_00004360,USR_030463,67.23,HOTEL,AU,0.129,1,0
TXN_00004361,USR_020779,250.15,GAMING,BR,0.785,1,0
TXN_00004362,USR_046292,55.55,HOTEL,SG,0.334,1,0
TXN_00004363,USR_041044,138.98,AIRLINE,IN,0.1,1,0
TXN_00004364,USR_033119,266.92,GROCERY,AU,0.066,1,0
TXN_00004365,USR_048703,78.78,RESTAURANT,SG,0.634,1,0
TXN_00004366,USR_047007,57.97,CRYPTO,CA,0.175,1,0
TXN_00004367,USR_029106,151.0,CRYPTO,US,0.932,0,1
TXN_00004368,USR_027264,51.2,AIRLINE,AU,0.496,1,0
TXN_00004369,USR_043352,166.24,GROCERY,AU,0.626,1,0
TXN_00004370,USR_044967,9.71,RETAIL,JP,0.61,1,0
TXN_00004371,USR_013033,40.52,RESTAURANT,IN,0.912,1,1
TXN_00004372,USR_019083,29.25,RESTAURANT,IN,0.675,1,0
TXN_00004373,USR_005151,132.49,RETAIL,AU,0.313,1,0
TXN_00004374,USR_017429,235.0,AIRLINE,IN,0.438,1,0
TXN_00004375,USR_025418,71.13,GROCERY,IN,0.167,1,0
TXN_00004376,USR_012515,34.77,GAMING,BR,0.717,1,1
TXN_00004377,USR_027918,22.63,GAMING,GB,0.328,1,0
TXN_00004378,USR_003624,286.98,RESTAURANT,IN,0.014,1,0
TXN_00004379,USR_017441,7.75,GROCERY,BR,0.706,1,0
TXN_00004380,USR_028802,35.86,CRYPTO,AU,0.386,1,0
TXN_00004381,USR_026996,88.68,RESTAURANT,CA,0.228,1,0
TXN_00004382,USR_014505,330.88,GROCERY,CA,0.181,1,0
TXN_00004383,USR_013658,60.07,HOTEL,GB,0.282,1,0
TXN_00004384,USR_003341,34.64,HOTEL,FR,0.956,1,1
TXN_00004385,USR_024088,12.17,AIRLINE,BR,0.888,1,1
TXN_00004386,USR_007159,57.43,GROCERY,SG,0.802,1,0
TXN_00004387,USR_010499,21.69,CRYPTO,SG,0.678,1,0
TXN_00004388,USR_016852,75.22,AIRLINE,FR,0.578,1,0
TXN_00004389,USR_012275,34.01,AIRLINE,BR,0.88,1,1
TXN_00004390,USR_021511,39.39,GROCERY,AU,0.37,1,0
TXN_00004391,USR_032682,22.83,CRYPTO,CA,0.568,1,0
TXN_00004392,USR_019333,135.3,GAMING,DE,0.057,1,0
TXN_00004393,USR_046873,39.52,CRYPTO,US,0.064,0,0
TXN_00004394,USR_012247,54.06,RETAIL,BR,0.446,1,0
TXN_00004395,USR_044897,88.28,HOTEL,FR,0.697,1,0
TXN_00004396,USR_047000,157.22,RETAIL,JP,0.673,1,0
TXN_00004397,USR_027520,147.8,GROCERY,IN,0.091,1,0
TXN_00004398,USR_011655,41.56,GROCERY,AU,0.401,1,0
TXN_00004399,USR_019345,610.4,HOTEL,JP,0.541,1,0
TXN_00004400,USR_022508,116.31,RESTAURANT,IN,0.488,1,0
TXN_00004401,USR_031110,66.75,HOTEL,CA,0.593,1,0
TXN_00004402,USR_037944,94.82,GAMING,JP,0.913,1,1
TXN_00004403,USR_002121,20.71,RESTAURANT,AU,0.379,1,0
TXN_00004404,USR_001609,123.36,AIRLINE,DE,0.842,1,0
TXN_00004405,USR_025123,222.39,AIRLINE,FR,0.862,1,1
TXN_00004406,USR_001345,353.05,HOTEL,JP,0.762,1,0
TXN_00004407,USR_035540,241.07,GAMING,GB,0.619,1,0
TXN_00004408,USR_026901,149.24,CRYPTO,CA,0.951,1,1
TXN_00004409,USR_031824,73.45,GROCERY,DE,0.747,1,0
TXN_00004410,USR_030330,8.55,AIRLINE,JP,0.029,1,0
TXN_00004411,USR_003234,151.99,AIRLINE,FR,0.78,1,0
TXN_00004412,USR_021642,61.81,AIRLINE,JP,0.498,1,0
TXN_00004413,USR_036979,135.81,GROCERY,BR,0.511,1,0
TXN_00004414,USR_031428,50.48,CRYPTO,SG,0.182,1,0
TXN_00004415,USR_047897,170.16,RETAIL,US,0.161,0,0
TXN_00004416,USR_023683,99.56,GAMING,CA,0.587,1,0
TXN_00004417,USR_009653,168.48,CRYPTO,CA,0.313,1,0
TXN_00004418,USR_020816,279.78,RETAIL,BR,0.178,1,0
TXN_00004419,USR_010169,104.22,GROCERY,IN,0.571,1,0
TXN_00004420,USR_038750,243.89,CRYPTO,IN,0.543,1,0
TXN_00004421,USR_035954,17.65,GAMING,US,0.148,0,0
TXN_00004422,USR_038000,87.72,AIRLINE,GB,0.312,1,0
TXN_00004423,USR_042608,183.9,AIRLINE,GB,0.368,1,0
TXN_00004424,USR_024964,367.06,ELECTRONICS,CA,0.946,1,1
TXN_00004425,USR_032246,140.57,GAMING,GB,0.367,1,0
TXN_00004426,USR_041769,276.29,AIRLINE,CA,0.424,1,0
TXN_00004427,USR_016162,207.7,GAMING,BR,0.782,1,0
TXN_00004428,USR_019035,72.45,RESTAURANT,SG,0.383,1,0
TXN_00004429,USR_003603,5.33,RETAIL,CA,0.184,1,0
TXN_00004430,USR_002913,26.76,RETAIL,BR,0.108,1,0
TXN_00004431,USR_001394,64.52,CRYPTO,BR,0.508,1,0
TXN_00004432,USR_044967,87.52,RETAIL,JP,0.6,1,0
TXN_00004433,USR_011685,225.34,RETAIL,JP,0.765,1,0
TXN_00004434,USR_042544,246.02,RETAIL,BR,0.533,1,0
TXN_00004435,USR_045081,41.23,HOTEL,IN,0.982,1,1
TXN_00004436,USR_028583,33.77,GROCERY,JP,0.477,1,0
TXN_00004437,USR_044430,415.1,RESTAURANT,US,0.369,0,0
TXN_00004438,USR_012423,70.19,GAMING,AU,0.198,1,0
TXN_00004439,USR_020610,30.85,GROCERY,JP,0.299,1,0
TXN_00004440,USR_035368,76.38,GAMING,IN,0.015,1,0
TXN_00004441,USR_037943,56.88,HOTEL,BR,0.672,1,0
TXN_00004442,USR_032463,13.4,GROCERY,AU,0.367,1,0
TXN_00004443,USR_028220,387.85,GAMING,BR,0.58,1,0
TXN_00004444,USR_044006,11.09,CRYPTO,GB,0.288,1,0
TXN_00004445,USR_036587,88.04,RETAIL,IN,0.528,1,0
TXN_00004446,USR_031083,57.65,RESTAURANT,BR,0.82,1,0
TXN_00004447,USR_041038,408.7,ELECTRONICS,CA,0.652,1,0
TXN_00004448,USR_001244,153.03,CRYPTO,AU,0.333,1,0
TXN_00004449,USR_028132,41.58,GAMING,BR,0.642,1,0
TXN_00004450,USR_046907,410.73,RESTAURANT,GB,0.841,1,0
TXN_00004451,USR_032536,68.29,RETAIL,IN,0.612,1,0
TXN_00004452,USR_029707,28.82,AIRLINE,BR,0.041,1,0
TXN_00004453,USR_002567,12.64,RETAIL,GB,0.095,1,0
TXN_00004454,USR_048058,19.28,GROCERY,SG,0.988,1,1
TXN_00004455,USR_048722,26.03,ELECTRONICS,CA,0.18,1,0
TXN_00004456,USR_024165,103.37,GAMING,SG,0.775,1,0
TXN_00004457,USR_043211,6.02,CRYPTO,DE,0.045,1,0
TXN_00004458,USR_031273,92.74,RESTAURANT,IN,0.939,1,1
TXN_00004459,USR_002898,133.06,AIRLINE,GB,0.826,1,0
TXN_00004460,USR_031668,9.77,AIRLINE,JP,0.816,1,0
TXN_00004461,USR_026381,44.32,CRYPTO,DE,0.065,1,0
TXN_00004462,USR_028531,149.13,RESTAURANT,US,0.63,0,0
TXN_00004463,USR_015720,43.9,RESTAURANT,JP,0.142,1,0
TXN_00004464,USR_022594,30.1,GAMING,US,0.262,0,0
TXN_00004465,USR_027648,71.73,ELECTRONICS,CA,0.858,1,1
TXN_00004466,USR_036030,178.43,CRYPTO,FR,0.608,1,0
TXN_00004467,USR_024386,174.78,GAMING,GB,0.26,1,0
TXN_00004468,USR_014836,18.28,ELECTRONICS,DE,0.716,1,0
TXN_00004469,USR_024801,26.09,RESTAURANT,IN,0.383,1,0
TXN_00004470,USR_037531,130.76,RESTAURANT,GB,0.161,1,0
TXN_00004471,USR_047627,19.68,AIRLINE,IN,0.257,1,0
TXN_00004472,USR_039462,91.94,GAMING,BR,0.366,1,0
TXN_00004473,USR_018747,7.79,RETAIL,CA,0.642,1,0
TXN_00004474,USR_007218,339.4,CRYPTO,DE,0.962,1,1
TXN_00004475,USR_020858,65.53,GROCERY,AU,0.904,1,1
TXN_00004476,USR_012182,20.76,ELECTRONICS,FR,0.05,1,0
TXN_00004477,USR_037419,64.53,RESTAURANT,GB,0.801,1,0
TXN_00004478,USR_004772,171.81,AIRLINE,IN,0.529,1,0
TXN_00004479,USR_033616,78.99,RESTAURANT,IN,0.772,1,0
TXN_00004480,USR_007622,83.24,HOTEL,IN,0.583,1,0
TXN_00004481,USR_001909,10.24,GROCERY,CA,0.322,1,0
TXN_00004482,USR_028736,19.19,GROCERY,IN,0.342,1,0
TXN_00004483,USR_001007,48.73,AIRLINE,AU,0.07,1,0
TXN_00004484,USR_041509,62.09,HOTEL,SG,0.702,1,0
TXN_00004485,USR_021127,46.04,RETAIL,AU,0.336,1,0
TXN_00004486,USR_044469,106.56,CRYPTO,CA,0.413,1,0
TXN_00004487,USR_048400,25.24,RETAIL,BR,0.935,1,1
TXN_00004488,USR_048498,7.73,AIRLINE,CA,0.178,1,0
TXN_00004489,USR_017740,56.41,ELECTRONICS,US,0.17,0,0
TXN_00004490,USR_015949,264.7,RESTAURANT,CA,0.224,1,0
TXN_00004491,USR_009102,157.37,ELECTRONICS,BR,0.265,1,0
TXN_00004492,USR_018165,235.55,ELECTRONICS,FR,0.093,1,0
TXN_00004493,USR_012237,27.99,ELECTRONICS,IN,0.716,1,0
TXN_00004494,USR_013001,47.71,RETAIL,JP,0.784,1,0
TXN_00004495,USR_039038,14.73,RETAIL,AU,0.171,1,0
TXN_00004496,USR_020354,64.96,RETAIL,GB,0.468,1,0
TXN_00004497,USR_037421,32.17,RESTAURANT,AU,0.855,1,1
TXN_00004498,USR_014678,50.68,RETAIL,JP,0.108,1,0
TXN_00004499,USR_043394,32.35,AIRLINE,GB,0.985,1,1
TXN_00004500,USR_031325,79.84,GAMING,BR,0.896,1,1
TXN_00004501,USR_030994,128.42,ELECTRONICS,CA,0.482,1,0
TXN_00004502,USR_049397,28.48,AIRLINE,DE,0.913,1,1
TXN_00004503,USR_002154,54.79,GAMING,FR,0.027,1,0
TXN_00004504,USR_030527,158.14,GAMING,GB,0.575,1,0
TXN_00004505,USR_026990,303.5,CRYPTO,FR,0.114,1,0
TXN_00004506,USR_010963,55.2,RETAIL,GB,0.582,1,0
TXN_00004507,USR_029071,15.08,ELECTRONICS,US,0.2,0,0
TXN_00004508,USR_001699,13.66,GAMING,FR,0.235,1,0
TXN_00004509,USR_011528,10.77,GROCERY,GB,0.186,1,1
TXN_00004510,USR_009873,279.48,ELECTRONICS,AU,0.102,1,0
TXN_00004511,USR_011035,102.63,CRYPTO,BR,0.784,1,0
TXN_00004512,USR_045883,53.75,GAMING,FR,0.085,1,0
TXN_00004513,USR_004680,12.66,RETAIL,SG,0.066,1,0
TXN_00004514,USR_031598,356.26,AIRLINE,CA,0.618,1,0
TXN_00004515,USR_001675,10.71,RESTAURANT,JP,0.091,1,0
TXN_00004516,USR_012372,20.19,GROCERY,AU,0.252,1,0
TXN_00004517,USR_030767,216.66,GROCERY,GB,0.805,1,0
TXN_00004518,USR_016421,13.4,ELECTRONICS,BR,0.362,1,0
TXN_00004519,USR_027085,86.99,AIRLINE,CA,0.845,1,0
TXN_00004520,USR_036117,11.4,RESTAURANT,IN,0.206,1,0
TXN_00004521,USR_048174,57.78,GROCERY,AU,0.098,1,0
TXN_00004522,USR_017874,29.72,RESTAURANT,US,0.517,0,0
TXN_00004523,USR_045913,21.18,ELECTRONICS,CA,0.34,1,0
TXN_00004524,USR_043842,246.67,HOTEL,AU,0.056,1,0
TXN_00004525,USR_017552,119.78,CRYPTO,JP,0.721,1,0
TXN_00004526,USR_048611,100.29,CRYPTO,FR,0.2,1,0
TXN_00004527,USR_036130,85.88,GAMING,GB,0.284,1,0
TXN_00004528,USR_026293,18.32,CRYPTO,US,0.729,0,0
TXN_00004529,USR_006637,292.45,ELECTRONICS,US,0.421,0,0
TXN_00004530,USR_032761,132.59,GROCERY,SG,0.873,1,1
TXN_00004531,USR_044669,35.28,RETAIL,DE,0.671,1,0
TXN_00004532,USR_049751,370.4,HOTEL,JP,0.366,1,0
TXN_00004533,USR_048776,226.54,GROCERY,FR,0.417,1,0
TXN_00004534,USR_035422,51.79,ELECTRONICS,CA,0.011,1,0
TXN_00004535,USR_016275,339.72,HOTEL,JP,0.44,1,1
TXN_00004536,USR_022675,183.46,RETAIL,IN,0.011,1,0
TXN_00004537,USR_006238,19.48,CRYPTO,BR,0.847,1,0
TXN_00004538,USR_006364,21.38,GAMING,AU,0.59,1,0
TXN_00004539,USR_003554,58.63,RESTAURANT,FR,0.807,1,0
TXN_00004540,USR_011551,41.57,HOTEL,JP,0.824,1,0
TXN_00004541,USR_021391,24.5,RETAIL,CA,0.441,1,0
TXN_00004542,USR_043788,155.44,AIRLINE,BR,0.578,1,0
TXN_00004543,USR_043941,54.53,CRYPTO,BR,0.673,1,0
TXN_00004544,USR_028230,156.82,HOTEL,US,0.415,0,0
TXN_00004545,USR_028309,128.33,CRYPTO,SG,0.295,1,0
TXN_00004546,USR_029624,12.22,CRYPTO,SG,0.297,1,0
TXN_00004547,USR_004337,29.42,RESTAURANT,GB,0.527,1,0
TXN_00004548,USR_005583,55.83,AIRLINE,CA,0.564,1,0
TXN_00004549,USR_035411,86.72,GROCERY,CA,0.011,1,0
TXN_00004550,USR_011261,428.6,GAMING,US,0.215,0,0
TXN_00004551,USR_002107,183.97,HOTEL,DE,0.699,1,0
TXN_00004552,USR_049355,47.82,RETAIL,JP,0.243,1,0
TXN_00004553,USR_014726,81.92,RETAIL,AU,0.199,1,0
TXN_00004554,USR_039324,93.84,ELECTRONICS,IN,0.543,1,0
TXN_00004555,USR_040900,195.2,RETAIL,IN,0.281,1,0
TXN_00004556,USR_047872,35.16,CRYPTO,US,0.924,0,1
TXN_00004557,USR_016264,13.56,HOTEL,AU,0.16,1,0
TXN_00004558,USR_029204,147.87,RETAIL,DE,0.328,1,0
TXN_00004559,USR_045339,45.97,GAMING,JP,0.406,1,0
TXN_00004560,USR_018503,26.09,GAMING,IN,0.247,1,0
TXN_00004561,USR_011471,135.88,CRYPTO,SG,0.473,1,0
TXN_00004562,USR_007979,257.59,RESTAURANT,GB,0.169,1,0
TXN_00004563,USR_035798,236.39,RETAIL,FR,0.674,1,0
TXN_00004564,USR_044421,83.17,ELECTRONICS,IN,0.8,1,0
TXN_00004565,USR_011208,61.81,HOTEL,SG,0.676,1,0
TXN_00004566,USR_040970,88.75,RESTAURANT,JP,0.874,1,1
TXN_00004567,USR_014357,28.18,HOTEL,CA,0.537,1,0
TXN_00004568,USR_026225,87.13,ELECTRONICS,AU,0.087,1,0
TXN_00004569,USR_010107,104.11,ELECTRONICS,GB,0.609,1,0
TXN_00004570,USR_025102,141.23,RESTAURANT,US,0.081,0,0
TXN_00004571,USR_046762,87.72,ELECTRONICS,IN,0.775,1,0
TXN_00004572,USR_025397,34.55,RESTAURANT,JP,0.354,1,0
TXN_00004573,USR_031838,97.62,ELECTRONICS,IN,0.951,1,1
TXN_00004574,USR_025879,74.58,AIRLINE,JP,0.34,1,0
TXN_00004575,USR_001300,386.93,ELECTRONICS,IN,0.888,1,1
TXN_00004576,USR_028078,60.85,RETAIL,US,0.552,0,0
TXN_00004577,USR_035551,20.66,GROCERY,AU,0.036,1,0
TXN_00004578,USR_003963,163.87,HOTEL,BR,0.4,1,0
TXN_00004579,USR_009542,73.96,AIRLINE,BR,0.816,1,0
TXN_00004580,USR_043411,34.26,RESTAURANT,AU,0.247,1,0
TXN_00004581,USR_032875,75.0,GROCERY,BR,0.169,1,0
TXN_00004582,USR_006528,345.0,AIRLINE,CA,0.506,1,0
TXN_00004583,USR_027357,181.27,HOTEL,GB,0.086,1,0
TXN_00004584,USR_032625,379.64,HOTEL,DE,0.564,1,0
TXN_00004585,USR_031850,262.87,RESTAURANT,US,0.661,0,0
TXN_00004586,USR_008014,98.89,CRYPTO,BR,0.713,1,0
TXN_00004587,USR_046871,42.93,RESTAURANT,CA,0.897,1,1
TXN_00004588,USR_018739,195.33,GROCERY,FR,0.358,1,0
TXN_00004589,USR_035684,80.64,ELECTRONICS,DE,0.406,1,0
TXN_00004590,USR_018437,27.11,RETAIL,FR,0.628,1,0
TXN_00004591,USR_027478,97.0,RESTAURANT,DE,0.208,1,0
TXN_00004592,USR_037495,274.05,AIRLINE,JP,0.825,1,0
TXN_00004593,USR_002791,117.1,RETAIL,IN,0.01,1,0
TXN_00004594,USR_029838,11.01,CRYPTO,BR,0.639,1,0
TXN_00004595,USR_031550,11.56,RESTAURANT,US,0.238,0,0
TXN_00004596,USR_035414,186.43,AIRLINE,DE,0.049,1,0
TXN_00004597,USR_022865,22.07,HOTEL,BR,0.368,1,0
TXN_00004598,USR_007546,21.66,CRYPTO,US,0.332,0,0
TXN_00004599,USR_006652,88.4,RETAIL,IN,0.987,1,1
TXN_00004600,USR_028865,176.69,CRYPTO,JP,0.112,1,0
TXN_00004601,USR_033761,196.95,HOTEL,IN,0.449,1,0
TXN_00004602,USR_036793,278.57,GAMING,DE,0.566,1,0
TXN_00004603,USR_022233,9.39,RETAIL,JP,0.827,1,0
TXN_00004604,USR_033442,282.77,GROCERY,FR,0.79,1,0
TXN_00004605,USR_023745,209.16,CRYPTO,IN,0.031,1,0
TXN_00004606,USR_019571,17.4,AIRLINE,US,0.74,0,0
TXN_00004607,USR_011828,105.71,GAMING,JP,0.428,1,0
TXN_00004608,USR_022709,33.79,GROCERY,GB,0.295,1,0
TXN_00004609,USR_022407,302.74,GAMING,CA,0.468,1,0
TXN_00004610,USR_032130,113.07,GAMING,AU,0.093,1,0
TXN_00004611,USR_026281,86.23,HOTEL,JP,0.158,1,0
TXN_00004612,USR_039108,252.49,HOTEL,CA,0.702,1,0
TXN_00004613,USR_022943,115.86,AIRLINE,AU,0.966,1,1
TXN_00004614,USR_045849,77.59,RETAIL,BR,0.414,1,0
TXN_00004615,USR_045744,5.17,ELECTRONICS,AU,0.798,1,0
TXN_00004616,USR_048582,358.62,CRYPTO,IN,0.974,1,1
TXN_00004617,USR_025610,717.76,RESTAURANT,BR,0.691,1,0
TXN_00004618,USR_013396,108.06,GROCERY,AU,0.859,1,1
TXN_00004619,USR_016142,41.95,RETAIL,FR,0.619,1,0
TXN_00004620,USR_013194,80.17,AIRLINE,DE,0.333,1,0
TXN_00004621,USR_033956,40.4,ELECTRONICS,SG,0.469,1,0
TXN_00004622,USR_033636,156.58,ELECTRONICS,AU,0.898,1,1
TXN_00004623,USR_043215,41.48,HOTEL,IN,0.414,1,0
TXN_00004624,USR_043899,45.3,ELECTRONICS,SG,0.246,1,0
TXN_00004625,USR_011778,6.66,GROCERY,AU,0.164,1,0
TXN_00004626,USR_019041,172.79,GAMING,AU,0.766,1,0
TXN_00004627,USR_013720,240.59,HOTEL,SG,0.921,1,1
TXN_00004628,USR_034344,73.94,RESTAURANT,DE,0.367,1,0
TXN_00004629,USR_037581,10.62,HOTEL,JP,0.487,1,0
TXN_00004630,USR_005281,28.33,RESTAURANT,US,0.482,0,0
TXN_00004631,USR_023856,211.56,GAMING,GB,0.431,1,0
TXN_00004632,USR_043548,212.3,RESTAURANT,US,0.563,0,0
TXN_00004633,USR_006995,49.35,HOTEL,BR,0.567,1,0
TXN_00004634,USR_018572,49.75,AIRLINE,IN,0.445,1,0
TXN_00004635,USR_019762,57.76,CRYPTO,CA,0.399,1,0
TXN_00004636,USR_017380,57.3,RESTAURANT,DE,0.445,1,0
TXN_00004637,USR_033423,175.03,CRYPTO,JP,0.143,1,0
TXN_00004638,USR_041218,87.21,GROCERY,DE,0.864,1,1
TXN_00004639,USR_045988,60.9,GAMING,BR,0.204,1,0
TXN_00004640,USR_018689,38.99,ELECTRONICS,CA,0.673,1,0
TXN_00004641,USR_003119,67.4,RESTAURANT,BR,0.525,1,0
TXN_00004642,USR_023966,49.42,HOTEL,AU,0.041,1,0
TXN_00004643,USR_046485,110.49,CRYPTO,IN,0.455,1,0
TXN_00004644,USR_042746,74.7,GROCERY,CA,0.052,1,0
TXN_00004645,USR_021814,41.11,HOTEL,FR,0.097,1,0
TXN_00004646,USR_006179,154.5,ELECTRONICS,CA,0.18,1,0
TXN_00004647,USR_022351,43.03,CRYPTO,DE,0.906,1,1
TXN_00004648,USR_027315,91.3,GAMING,FR,0.365,1,0
TXN_00004649,USR_035176,15.5,HOTEL,BR,0.874,1,1
TXN_00004650,USR_041542,37.06,RETAIL,JP,0.323,1,0
TXN_00004651,USR_027877,7.86,HOTEL,FR,0.565,1,0
TXN_00004652,USR_043341,175.59,HOTEL,JP,0.746,1,0
TXN_00004653,USR_037359,37.81,RESTAURANT,JP,0.979,1,1
TXN_00004654,USR_014621,197.65,AIRLINE,CA,0.986,1,1
TXN_00004655,USR_005009,87.29,AIRLINE,AU,0.891,1,1
TXN_00004656,USR_036282,337.42,ELECTRONICS,IN,0.189,1,0
TXN_00004657,USR_032197,43.76,HOTEL,IN,0.201,1,0
TXN_00004658,USR_038513,65.0,ELECTRONICS,US,0.482,0,0
TXN_00004659,USR_028685,76.21,RESTAURANT,AU,0.339,1,0
TXN_00004660,USR_018540,26.08,GAMING,FR,0.777,1,0
TXN_00004661,USR_035687,175.22,CRYPTO,AU,0.77,1,0
TXN_00004662,USR_047300,150.28,RETAIL,IN,0.081,1,0
TXN_00004663,USR_031120,258.69,HOTEL,SG,0.943,1,1
TXN_00004664,USR_036512,89.21,CRYPTO,GB,0.529,1,0
TXN_00004665,USR_039286,68.47,RETAIL,AU,0.24,1,0
TXN_00004666,USR_005465,39.41,GAMING,DE,0.465,1,0
TXN_00004667,USR_029696,43.45,GROCERY,AU,0.265,1,0
TXN_00004668,USR_004560,76.59,HOTEL,FR,0.146,1,0
TXN_00004669,USR_011313,97.0,HOTEL,JP,0.201,1,0
TXN_00004670,USR_012768,224.95,HOTEL,GB,0.874,1,1
TXN_00004671,USR_032444,13.75,RETAIL,SG,0.834,1,0
TXN_00004672,USR_047221,18.89,ELECTRONICS,JP,0.52,1,0
TXN_00004673,USR_005698,191.23,AIRLINE,SG,0.088,1,0
TXN_00004674,USR_017737,83.14,AIRLINE,US,0.433,0,0
TXN_00004675,USR_001159,93.3,GAMING,GB,0.025,1,0
TXN_00004676,USR_019296,152.65,CRYPTO,JP,0.626,1,0
TXN_00004677,USR_012854,83.44,RETAIL,US,0.645,0,0
TXN_00004678,USR_022508,18.5,RETAIL,DE,0.202,1,0
TXN_00004679,USR_042500,286.75,HOTEL,US,0.288,0,0
TXN_00004680,USR_018566,201.89,AIRLINE,DE,0.509,1,0
TXN_00004681,USR_019014,52.35,GAMING,CA,0.385,1,0
TXN_00004682,USR_041373,18.58,RETAIL,US,0.495,0,0
TXN_00004683,USR_031994,186.25,HOTEL,BR,0.288,1,0
TXN_00004684,USR_001665,47.03,RESTAURANT,SG,0.207,1,0
TXN_00004685,USR_002579,175.36,GAMING,FR,0.406,1,0
TXN_00004686,USR_006458,122.14,AIRLINE,DE,0.088,1,0
TXN_00004687,USR_024338,197.62,HOTEL,US,0.78,0,0
TXN_00004688,USR_040551,9.18,ELECTRONICS,US,0.819,0,0
TXN_00004689,USR_030833,233.93,CRYPTO,FR,0.596,1,0
TXN_00004690,USR_044842,72.13,RESTAURANT,IN,0.293,1,0
TXN_00004691,USR_015045,234.31,GAMING,CA,0.468,1,0
TXN_00004692,USR_045191,30.54,GROCERY,AU,0.504,1,0
TXN_00004693,USR_007759,121.02,CRYPTO,GB,0.167,1,0
TXN_00004694,USR_019500,172.13,ELECTRONICS,US,0.678,0,0
TXN_00004695,USR_024921,254.29,GAMING,IN,0.187,1,0
TXN_00004696,USR_004228,184.19,GAMING,DE,0.045,1,0
TXN_00004697,USR_040363,62.99,GROCERY,GB,0.389,1,0
TXN_00004698,USR_001545,61.33,AIRLINE,JP,0.736,1,0
TXN_00004699,USR_023046,215.73,AIRLINE,SG,0.65,1,0
TXN_00004700,USR_028267,128.58,GROCERY,CA,0.399,1,0
TXN_00004701,USR_045309,87.58,HOTEL,JP,0.943,1,1
TXN_00004702,USR_032009,114.95,ELECTRONICS,AU,0.74,1,0
TXN_00004703,USR_042989,161.72,CRYPTO,SG,0.225,1,0
TXN_00004704,USR_038044,10.16,HOTEL,IN,0.141,1,0
TXN_00004705,USR_031941,10.49,HOTEL,DE,0.483,1,0
TXN_00004706,USR_049238,640.64,HOTEL,IN,0.026,1,0
TXN_00004707,USR_017617,104.38,GAMING,IN,0.304,1,0
TXN_00004708,USR_001076,42.35,GAMING,US,0.447,0,0
TXN_00004709,USR_023934,39.73,HOTEL,BR,0.506,1,0
TXN_00004710,USR_009688,16.12,RESTAURANT,IN,0.975,1,1
TXN_00004711,USR_010287,205.81,ELECTRONICS,GB,0.205,1,0
TXN_00004712,USR_017340,23.72,HOTEL,IN,0.42,1,0
TXN_00004713,USR_046718,126.48,ELECTRONICS,CA,0.924,1,1
TXN_00004714,USR_038435,154.47,HOTEL,DE,0.804,1,0
TXN_00004715,USR_026520,23.05,AIRLINE,DE,0.136,1,0
TXN_00004716,USR_049682,25.97,RETAIL,DE,0.03,1,0
TXN_00004717,USR_024353,34.71,RETAIL,AU,0.812,1,0
TXN_00004718,USR_014839,196.41,HOTEL,IN,0.551,1,0
TXN_00004719,USR_013120,23.05,CRYPTO,CA,0.73,1,0
TXN_00004720,USR_019858,40.18,RETAIL,CA,0.242,1,0
TXN_00004721,USR_044635,179.27,GROCERY,DE,0.464,1,0
TXN_00004722,USR_043302,48.15,GROCERY,FR,0.902,1,1
TXN_00004723,USR_044780,61.67,CRYPTO,US,0.805,0,0
TXN_00004724,USR_010467,67.3,RESTAURANT,AU,0.352,1,0
TXN_00004725,USR_035001,94.28,RESTAURANT,IN,0.336,1,0
TXN_00004726,USR_016885,522.05,RETAIL,FR,0.696,1,0
TXN_00004727,USR_012484,53.14,RETAIL,CA,0.535,1,0
TXN_00004728,USR_010441,63.83,GAMING,IN,0.577,1,0
TXN_00004729,USR_018357,258.65,RETAIL,BR,0.313,1,0
TXN_00004730,USR_042174,76.05,GAMING,IN,0.573,1,0
TXN_00004731,USR_002071,70.36,GROCERY,GB,0.439,1,0
TXN_00004732,USR_038966,7.62,GAMING,DE,0.602,1,0
TXN_00004733,USR_002540,41.72,AIRLINE,FR,0.015,1,0
TXN_00004734,USR_035924,157.48,ELECTRONICS,AU,0.61,1,0
TXN_00004735,USR_003687,142.28,AIRLINE,US,0.126,0,0
TXN_00004736,USR_012408,112.83,AIRLINE,JP,0.573,1,0
TXN_00004737,USR_020506,13.2,HOTEL,SG,0.86,1,1
TXN_00004738,USR_028081,34.39,GROCERY,US,0.499,0,0
TXN_00004739,USR_005886,124.7,GAMING,JP,0.619,1,0
TXN_00004740,USR_029865,105.75,CRYPTO,US,0.168,0,0
TXN_00004741,USR_039305,72.54,ELECTRONICS,CA,0.426,1,0
TXN_00004742,USR_027349,19.87,HOTEL,SG,0.059,1,0
TXN_00004743,USR_021549,179.53,GAMING,JP,0.22,1,0
TXN_00004744,USR_015626,18.71,HOTEL,IN,0.909,1,1
TXN_00004745,USR_047042,35.13,GROCERY,DE,0.831,1,0
TXN_00004746,USR_022856,162.0,RETAIL,CA,0.178,1,0
TXN_00004747,USR_026925,10.58,ELECTRONICS,CA,0.959,1,1
TXN_00004748,USR_048404,22.49,GAMING,US,0.308,0,0
TXN_00004749,USR_014306,189.15,ELECTRONICS,IN,0.572,1,0
TXN_00004750,USR_013403,56.74,GROCERY,GB,0.053,1,0
TXN_00004751,USR_014797,21.41,ELECTRONICS,SG,0.684,1,0
TXN_00004752,USR_006965,10.49,RETAIL,CA,0.89,1,1
TXN_00004753,USR_030238,51.81,ELECTRONICS,BR,0.061,1,0
TXN_00004754,USR_008612,55.0,CRYPTO,JP,0.398,1,0
TXN_00004755,USR_032676,219.92,GAMING,CA,0.306,1,0
TXN_00004756,USR_018029,18.16,ELECTRONICS,DE,0.059,1,0
TXN_00004757,USR_016555,64.06,AIRLINE,GB,0.672,1,0
TXN_00004758,USR_021435,65.9,GROCERY,DE,0.069,1,0
TXN_00004759,USR_042559,11.53,RETAIL,FR,0.632,1,0
TXN_00004760,USR_045318,191.0,AIRLINE,AU,0.757,1,0
TXN_00004761,USR_011260,50.06,CRYPTO,IN,0.046,1,0
TXN_00004762,USR_001642,41.75,GROCERY,AU,0.025,1,0
TXN_00004763,USR_023212,37.22,CRYPTO,JP,0.797,1,0
TXN_00004764,USR_033478,10.5,RETAIL,AU,0.923,1,1
TXN_00004765,USR_031242,178.39,ELECTRONICS,BR,0.985,1,1
TXN_00004766,USR_014013,151.79,ELECTRONICS,FR,0.378,1,0
TXN_00004767,USR_049583,44.61,ELECTRONICS,IN,0.013,1,0
TXN_00004768,USR_034084,30.47,GAMING,GB,0.44,1,0
TXN_00004769,USR_023584,84.77,GAMING,SG,0.471,1,0
TXN_00004770,USR_037283,130.57,HOTEL,IN,0.833,1,0
TXN_00004771,USR_001825,105.28,AIRLINE,AU,0.683,1,0
TXN_00004772,USR_030438,72.79,RESTAURANT,US,0.313,0,0
TXN_00004773,USR_046886,154.73,GROCERY,FR,0.552,1,0
TXN_00004774,USR_033310,283.12,GAMING,US,0.686,0,0
TXN_00004775,USR_025887,264.94,GAMING,JP,0.362,1,0
TXN_00004776,USR_023664,164.0,GROCERY,JP,0.281,1,0
TXN_00004777,USR_046550,70.59,ELECTRONICS,US,0.169,0,0
TXN_00004778,USR_032631,179.29,CRYPTO,CA,0.162,1,0
TXN_00004779,USR_021367,31.8,AIRLINE,AU,0.682,1,0
TXN_00004780,USR_002151,300.75,ELECTRONICS,FR,0.355,1,0
TXN_00004781,USR_017501,172.93,ELECTRONICS,AU,0.042,1,0
TXN_00004782,USR_028476,132.55,RESTAURANT,AU,0.58,1,0
TXN_00004783,USR_043002,79.83,RESTAURANT,IN,0.693,1,0
TXN_00004784,USR_039249,51.78,GAMING,GB,0.04,1,0
TXN_00004785,USR_049960,10.88,CRYPTO,DE,0.632,1,0
TXN_00004786,USR_046105,154.27,CRYPTO,GB,0.2,1,0
TXN_00004787,USR_044473,255.64,ELECTRONICS,FR,0.298,1,0
TXN_00004788,USR_031453,37.08,GAMING,DE,0.55,1,0
TXN_00004789,USR_040190,184.93,GROCERY,JP,0.175,1,0
TXN_00004790,USR_049212,33.26,AIRLINE,CA,0.816,1,0
TXN_00004791,USR_025191,136.68,RESTAURANT,SG,0.217,1,0
TXN_00004792,USR_035849,78.44,HOTEL,SG,0.753,1,0
TXN_00004793,USR_029826,96.21,CRYPTO,AU,0.488,1,0
TXN_00004794,USR_019234,109.84,CRYPTO,AU,0.61,1,0
TXN_00004795,USR_039098,170.38,RETAIL,CA,0.293,1,0
TXN_00004796,USR_033663,21.08,CRYPTO,IN,0.572,1,0
TXN_00004797,USR_043882,70.54,AIRLINE,IN,0.04,1,0
TXN_00004798,USR_038861,30.41,HOTEL,FR,0.296,1,0
TXN_00004799,USR_041452,8.81,HOTEL,DE,0.037,1,0
TXN_00004800,USR_022723,134.71,AIRLINE,FR,0.551,1,0
TXN_00004801,USR_012079,51.21,ELECTRONICS,FR,0.12,1,0
TXN_00004802,USR_007071,45.04,RETAIL,JP,0.214,1,0
TXN_00004803,USR_041938,119.16,RESTAURANT,CA,0.919,1,1
TXN_00004804,USR_031022,144.08,GROCERY,IN,0.299,1,0
TXN_00004805,USR_010070,70.93,GROCERY,BR,0.973,1,1
TXN_00004806,USR_020990,314.19,GROCERY,JP,0.618,1,0
TXN_00004807,USR_020575,35.59,GAMING,BR,0.748,1,0
TXN_00004808,USR_011405,35.21,ELECTRONICS,AU,0.54,1,0
TXN_00004809,USR_046436,233.48,CRYPTO,DE,0.333,1,0
TXN_00004810,USR_044287,136.3,GROCERY,US,0.416,0,0
TXN_00004811,USR_031895,31.55,ELECTRONICS,IN,0.023,1,0
TXN_00004812,USR_049718,17.41,GROCERY,DE,0.308,1,0
TXN_00004813,USR_038226,23.91,RETAIL,DE,0.135,1,0
TXN_00004814,USR_045578,328.29,AIRLINE,GB,0.356,1,0
TXN_00004815,USR_040446,174.7,ELECTRONICS,JP,0.438,1,0
TXN_00004816,USR_036647,58.27,GROCERY,DE,0.592,1,0
TXN_00004817,USR_008332,9.0,GAMING,FR,0.122,1,0
TXN_00004818,USR_007129,125.04,CRYPTO,CA,0.586,1,0
TXN_00004819,USR_040644,428.18,HOTEL,DE,0.214,1,0
TXN_00004820,USR_008042,169.12,AIRLINE,DE,0.687,1,0
TXN_00004821,USR_025017,65.68,ELECTRONICS,IN,0.063,1,0
TXN_00004822,USR_012912,50.02,RETAIL,GB,0.978,1,1
TXN_00004823,USR_047142,73.13,HOTEL,CA,0.832,1,0
TXN_00004824,USR_002628,48.06,GAMING,BR,0.1,1,0
TXN_00004825,USR_047089,97.94,CRYPTO,IN,0.497,1,0
TXN_00004826,USR_020739,115.84,ELECTRONICS,FR,0.468,1,0
TXN_00004827,USR_030643,12.56,GROCERY,AU,0.384,1,0
TXN_00004828,USR_005971,65.37,CRYPTO,IN,0.614,1,0
TXN_00004829,USR_010615,89.82,GROCERY,DE,0.569,1,0
TXN_00004830,USR_031754,21.23,AIRLINE,BR,0.619,1,0
TXN_00004831,USR_006922,29.57,AIRLINE,SG,0.912,1,1
TXN_00004832,USR_041733,62.07,AIRLINE,IN,0.851,1,1
TXN_00004833,USR_039623,44.73,RETAIL,GB,0.298,1,0
TXN_00004834,USR_010413,93.99,GROCERY,CA,0.752,1,0
TXN_00004835,USR_047980,10.34,RESTAURANT,US,0.626,0,0
TXN_00004836,USR_034964,29.56,HOTEL,AU,0.059,1,0
TXN_00004837,USR_024556,43.92,ELECTRONICS,JP,0.523,1,0
TXN_00004838,USR_015137,100.6,CRYPTO,GB,0.245,1,0
TXN_00004839,USR_035177,50.05,GAMING,DE,0.434,1,0
TXN_00004840,USR_014055,42.46,GAMING,CA,0.585,1,0
TXN_00004841,USR_030642,40.39,HOTEL,FR,0.598,1,0
TXN_00004842,USR_016718,198.56,HOTEL,CA,0.573,1,0
TXN_00004843,USR_007109,627.89,CRYPTO,JP,0.2,1,0
TXN_00004844,USR_047185,19.2,AIRLINE,IN,0.168,1,0
TXN_00004845,USR_019961,33.23,RESTAURANT,IN,0.62,1,0
TXN_00004846,USR_007085,116.85,AIRLINE,CA,0.258,1,0
TXN_00004847,USR_027838,74.24,CRYPTO,US,0.131,0,0
TXN_00004848,USR_037698,65.09,CRYPTO,SG,0.519,1,0
TXN_00004849,USR_029955,485.18,GROCERY,AU,0.278,1,0
TXN_00004850,USR_014551,27.39,RETAIL,AU,0.968,1,1
TXN_00004851,USR_010191,42.65,HOTEL,GB,0.934,1,1
TXN_00004852,USR_006572,12.8,ELECTRONICS,US,0.662,0,0
TXN_00004853,USR_008821,93.8,AIRLINE,GB,0.134,1,0
TXN_00004854,USR_036902,41.27,GROCERY,BR,0.977,1,1
TXN_00004855,USR_018538,117.94,GAMING,SG,0.981,1,1
TXN_00004856,USR_023530,141.07,GROCERY,SG,0.649,1,0
TXN_00004857,USR_010004,19.64,RETAIL,SG,0.909,1,1
TXN_00004858,USR_035994,306.17,AIRLINE,US,0.652,0,0
TXN_00004859,USR_011051,22.92,ELECTRONICS,AU,0.122,1,0
TXN_00004860,USR_018623,90.43,HOTEL,GB,0.144,1,0
TXN_00004861,USR_013071,32.94,RETAIL,AU,0.976,1,1
TXN_00004862,USR_008318,15.32,AIRLINE,CA,0.133,1,0
TXN_00004863,USR_044821,26.16,AIRLINE,SG,0.383,1,0
TXN_00004864,USR_049017,181.97,RESTAURANT,AU,0.071,1,0
TXN_00004865,USR_047029,202.72,CRYPTO,DE,0.386,1,0
TXN_00004866,USR_007780,80.16,ELECTRONICS,JP,0.751,1,0
TXN_00004867,USR_043963,215.29,RETAIL,BR,0.176,1,0
TXN_00004868,USR_030476,52.69,RETAIL,AU,0.142,1,0
TXN_00004869,USR_004972,19.21,HOTEL,SG,0.144,1,0
TXN_00004870,USR_020766,97.81,AIRLINE,JP,0.511,1,0
TXN_00004871,USR_025200,26.63,AIRLINE,CA,0.977,1,1
TXN_00004872,USR_026866,217.45,AIRLINE,CA,0.176,1,0
TXN_00004873,USR_024003,281.75,ELECTRONICS,US,0.079,0,0
TXN_00004874,USR_004760,160.71,CRYPTO,IN,0.931,1,1
TXN_00004875,USR_018100,286.28,RETAIL,DE,0.8,1,0
TXN_00004876,USR_011151,231.83,GROCERY,AU,0.818,1,0
TXN_00004877,USR_049912,16.62,RETAIL,BR,0.639,1,0
TXN_00004878,USR_003683,101.37,AIRLINE,FR,0.247,1,0
TXN_00004879,USR_009876,189.23,RETAIL,BR,0.769,1,0
TXN_00004880,USR_027686,124.45,RESTAURANT,US,0.415,0,0
TXN_00004881,USR_031509,171.37,GAMING,CA,0.595,1,0
TXN_00004882,USR_023196,127.73,RESTAURANT,CA,0.183,1,0
TXN_00004883,USR_019025,82.4,HOTEL,DE,0.778,1,0
TXN_00004884,USR_048332,83.24,ELECTRONICS,BR,0.916,1,1
TXN_00004885,USR_014498,49.99,CRYPTO,GB,0.199,1,0
TXN_00004886,USR_006056,8.72,GAMING,US,0.965,0,1
TXN_00004887,USR_010178,12.58,GAMING,JP,0.506,1,0
TXN_00004888,USR_034376,78.61,RETAIL,CA,0.763,1,0
TXN_00004889,USR_024084,150.41,GAMING,CA,0.928,1,1
TXN_00004890,USR_012579,30.71,RETAIL,GB,0.375,1,0
TXN_00004891,USR_010765,419.52,HOTEL,IN,0.478,1,0
TXN_00004892,USR_022725,53.43,RESTAURANT,CA,0.443,1,0
TXN_00004893,USR_020527,8.57,GAMING,JP,0.626,1,0
TXN_00004894,USR_033125,43.84,GROCERY,IN,0.671,1,0
TXN_00004895,USR_037891,69.01,AIRLINE,IN,0.462,1,0
TXN_00004896,USR_038334,180.2,CRYPTO,GB,0.543,1,0
TXN_00004897,USR_001777,44.96,GAMING,AU,0.614,1,0
TXN_00004898,USR_007641,71.43,ELECTRONICS,JP,0.104,1,0
TXN_00004899,USR_049419,126.21,AIRLINE,FR,0.201,1,0
TXN_00004900,USR_023408,10.02,RETAIL,JP,0.767,1,0
TXN_00004901,USR_042377,117.21,CRYPTO,JP,0.185,1,0
TXN_00004902,USR_013047,150.97,HOTEL,US,0.5,0,0
TXN_00004903,USR_023748,367.95,CRYPTO,JP,0.189,1,0
TXN_00004904,USR_033833,18.1,HOTEL,AU,0.641,1,0
TXN_00004905,USR_048414,22.71,GROCERY,US,0.056,0,0
TXN_00004906,USR_003340,218.09,HOTEL,US,0.295,0,0
TXN_00004907,USR_031909,79.54,RESTAURANT,GB,0.6,1,0
TXN_00004908,USR_031463,31.66,AIRLINE,GB,0.388,1,0
TXN_00004909,USR_015695,235.18,GAMING,SG,0.96,1,1
TXN_00004910,USR_024800,112.32,ELECTRONICS,AU,0.887,1,1
TXN_00004911,USR_015289,54.24,CRYPTO,US,0.421,0,0
TXN_00004912,USR_016358,280.21,ELECTRONICS,IN,0.642,1,0
TXN_00004913,USR_035771,188.03,GAMING,FR,0.287,1,0
TXN_00004914,USR_011651,146.66,GROCERY,IN,0.823,1,0
TXN_00004915,USR_037963,251.47,RESTAURANT,DE,0.334,1,0
TXN_00004916,USR_012388,272.73,RETAIL,FR,0.335,1,0
TXN_00004917,USR_020567,37.21,CRYPTO,US,0.462,0,0
TXN_00004918,USR_047102,58.13,RETAIL,DE,0.771,1,0
TXN_00004919,USR_012122,8.01,GAMING,SG,0.989,1,1
TXN_00004920,USR_021067,20.53,GAMING,CA,0.725,1,0
TXN_00004921,USR_006285,148.11,ELECTRONICS,DE,0.584,1,0
TXN_00004922,USR_006868,41.46,GROCERY,JP,0.459,1,0
TXN_00004923,USR_034450,124.39,CRYPTO,AU,0.08,1,0
TXN_00004924,USR_016073,71.36,GROCERY,US,0.402,0,0
TXN_00004925,USR_042695,130.55,RETAIL,CA,0.635,1,0
TXN_00004926,USR_036765,62.8,GAMING,SG,0.625,1,0
TXN_00004927,USR_021303,20.84,CRYPTO,SG,0.59,1,0
TXN_00004928,USR_008231,14.66,CRYPTO,CA,0.823,1,0
TXN_00004929,USR_006860,73.91,CRYPTO,DE,0.032,1,0
TXN_00004930,USR_006734,365.73,AIRLINE,SG,0.389,1,0
TXN_00004931,USR_024927,154.24,HOTEL,CA,0.173,1,0
TXN_00004932,USR_034371,177.51,CRYPTO,CA,0.854,1,1
TXN_00004933,USR_007637,7.02,ELECTRONICS,BR,0.316,1,0
TXN_00004934,USR_008361,31.07,CRYPTO,JP,0.907,1,1
TXN_00004935,USR_009230,48.36,CRYPTO,DE,0.958,1,1
TXN_00004936,USR_033570,9.2,RESTAURANT,DE,0.039,1,0
TXN_00004937,USR_008565,172.56,HOTEL,GB,0.815,1,0
TXN_00004938,USR_032546,69.27,GAMING,CA,0.806,1,0
TXN_00004939,USR_043961,52.57,GAMING,AU,0.129,1,0
TXN_00004940,USR_016755,38.84,AIRLINE,FR,0.217,1,0
TXN_00004941,USR_024209,182.5,GROCERY,CA,0.128,1,0
TXN_00004942,USR_010495,71.85,CRYPTO,SG,0.153,1,0
TXN_00004943,USR_043480,27.73,HOTEL,SG,0.168,1,0
TXN_00004944,USR_030259,229.86,GAMING,FR,0.988,1,1
TXN_00004945,USR_015973,218.99,AIRLINE,GB,0.816,1,0
TXN_00004946,USR_034329,98.09,RESTAURANT,DE,0.205,1,0
TXN_00004947,USR_027793,303.35,HOTEL,FR,0.752,1,0
TXN_00004948,USR_027069,43.25,ELECTRONICS,FR,0.173,1,0
TXN_00004949,USR_027050,53.77,RETAIL,DE,0.77,1,0
TXN_00004950,USR_007583,20.8,RESTAURANT,BR,0.321,1,0
TXN_00004951,USR_001796,239.19,GROCERY,DE,0.641,1,0
TXN_00004952,USR_008248,81.08,RETAIL,AU,0.363,1,0
TXN_00004953,USR_025053,60.38,HOTEL,AU,0.499,1,0
TXN_00004954,USR_037427,217.1,RETAIL,IN,0.282,1,0
TXN_00004955,USR_018061,7.54,CRYPTO,SG,0.856,1,1
TXN_00004956,USR_006124,34.64,RESTAURANT,SG,0.607,1,0
TXN_00004957,USR_008549,65.68,AIRLINE,IN,0.618,1,0
TXN_00004958,USR_048480,13.6,ELECTRONICS,SG,0.038,1,0
TXN_00004959,USR_002950,45.24,AIRLINE,CA,0.975,1,1
TXN_00004960,USR_004446,148.43,GAMING,GB,0.481,1,0
TXN_00004961,USR_038043,18.15,CRYPTO,CA,0.834,1,0
TXN_00004962,USR_047984,6.34,CRYPTO,GB,0.062,1,0
TXN_00004963,USR_030783,213.27,GROCERY,DE,0.231,1,0
TXN_00004964,USR_008615,126.06,RESTAURANT,SG,0.623,1,0
TXN_00004965,USR_040690,277.12,ELECTRONICS,AU,0.169,1,0
TXN_00004966,USR_030047,158.02,CRYPTO,US,0.55,0,0
TXN_00004967,USR_015360,79.39,RETAIL,GB,0.422,1,0
TXN_00004968,USR_020859,68.44,HOTEL,FR,0.978,1,1
TXN_00004969,USR_027883,29.09,GAMING,BR,0.296,1,0
TXN_00004970,USR_046363,57.02,ELECTRONICS,DE,0.555,1,0
TXN_00004971,USR_020692,88.61,RESTAURANT,DE,0.771,1,0
TXN_00004972,USR_046160,351.63,GROCERY,CA,0.125,1,0
TXN_00004973,USR_034062,445.48,CRYPTO,FR,0.205,1,0
TXN_00004974,USR_006104,252.39,HOTEL,IN,0.607,1,0
TXN_00004975,USR_036338,416.19,HOTEL,JP,0.985,1,1
TXN_00004976,USR_017161,128.35,ELECTRONICS,GB,0.347,1,0
TXN_00004977,USR_011372,47.45,GAMING,JP,0.791,1,0
TXN_00004978,USR_040558,30.09,GROCERY,AU,0.518,1,0
TXN_00004979,USR_008478,46.77,CRYPTO,IN,0.244,1,0
TXN_00004980,USR_022158,18.16,AIRLINE,CA,0.349,1,0
TXN_00004981,USR_043157,18.55,AIRLINE,US,0.407,0,0
TXN_00004982,USR_007660,209.81,GROCERY,BR,0.361,1,0
TXN_00004983,USR_043970,63.05,AIRLINE,FR,0.581,1,0
TXN_00004984,USR_029923,150.33,AIRLINE,AU,0.8,1,0
TXN_00004985,USR_038425,43.85,HOTEL,SG,0.1,1,0
TXN_00004986,USR_002345,209.22,HOTEL,AU,0.417,1,0
TXN_00004987,USR_036718,20.39,AIRLINE,SG,0.524,1,0
TXN_00004988,USR_025286,116.52,CRYPTO,GB,0.117,1,0
TXN_00004989,USR_049770,102.42,RETAIL,SG,0.908,1,1
TXN_00004990,USR_009464,68.31,AIRLINE,GB,0.484,1,0
TXN_00004991,USR_003579,175.62,CRYPTO,CA,0.946,1,1
TXN_00004992,USR_032172,28.45,RETAIL,CA,0.692,1,0
TXN_00004993,USR_022561,209.73,RETAIL,US,0.697,0,0
TXN_00004994,USR_004743,224.61,GAMING,DE,0.69,1,0
TXN_00004995,USR_026967,318.35,CRYPTO,SG,0.708,1,0
TXN_00004996,USR_028592,210.94,GROCERY,BR,0.666,1,0
TXN_00004997,USR_004741,167.62,RESTAURANT,US,0.391,0,0
TXN_00004998,USR_016471,67.5,CRYPTO,SG,0.456,1,0
TXN_00004999,USR_047803,120.61,ELECTRONICS,FR,0.413,1,0
TXN_00005000,USR_022629,95.0,RESTAURANT,GB,0.653,1,0
TXN_00005001,USR_024458,34.59,ELECTRONICS,FR,0.859,1,1
TXN_00005002,USR_049544,274.62,CRYPTO,IN,0.33,1,0
TXN_00005003,USR_001199,351.74,HOTEL,SG,0.764,1,0
TXN_00005004,USR_031254,157.32,RESTAURANT,SG,0.214,1,0
TXN_00005005,USR_042091,87.27,HOTEL,FR,0.746,1,0
TXN_00005006,USR_034727,303.24,RESTAURANT,FR,0.308,1,1
TXN_00005007,USR_045377,382.64,RETAIL,SG,0.705,1,0
TXN_00005008,USR_029492,6.0,CRYPTO,DE,0.935,1,1
TXN_00005009,USR_008448,66.65,AIRLINE,DE,0.629,1,0
TXN_00005010,USR_027896,5.03,CRYPTO,SG,0.373,1,0
TXN_00005011,USR_042819,159.1,AIRLINE,DE,0.629,1,0
TXN_00005012,USR_043499,58.23,AIRLINE,AU,0.761,1,0
TXN_00005013,USR_041757,228.4,GROCERY,CA,0.096,1,0
TXN_00005014,USR_010675,406.4,RESTAURANT,CA,0.012,1,0
TXN_00005015,USR_038800,96.59,ELECTRONICS,FR,0.644,1,0
TXN_00005016,USR_029830,61.58,ELECTRONICS,FR,0.443,1,0
TXN_00005017,USR_037231,50.98,GROCERY,JP,0.235,1,0
TXN_00005018,USR_010383,138.57,GROCERY,DE,0.221,1,0
TXN_00005019,USR_011953,495.25,RESTAURANT,BR,0.415,1,0
TXN_00005020,USR_035250,38.63,RESTAURANT,IN,0.565,1,0
TXN_00005021,USR_009004,32.81,HOTEL,AU,0.227,1,0
TXN_00005022,USR_027805,22.53,RESTAURANT,CA,0.304,1,0
TXN_00005023,USR_011843,135.69,RESTAURANT,FR,0.574,1,0
TXN_00005024,USR_029505,91.8,GROCERY,US,0.79,0,0
TXN_00005025,USR_041536,63.51,GAMING,AU,0.569,1,0
TXN_00005026,USR_036537,103.68,RESTAURANT,FR,0.44,1,0
TXN_00005027,USR_007823,33.88,ELECTRONICS,AU,0.365,1,0
TXN_00005028,USR_025885,59.52,RESTAURANT,IN,0.861,1,1
TXN_00005029,USR_040534,56.55,HOTEL,IN,0.325,1,0
TXN_00005030,USR_005532,76.05,AIRLINE,DE,0.785,1,0
TXN_00005031,USR_022546,42.99,RESTAURANT,JP,0.931,1,1
TXN_00005032,USR_028262,53.51,GROCERY,AU,0.21,1,0
TXN_00005033,USR_026392,17.57,RESTAURANT,GB,0.909,1,1
TXN_00005034,USR_027959,160.73,ELECTRONICS,DE,0.46,1,0
TXN_00005035,USR_001415,237.42,AIRLINE,DE,0.248,1,0
TXN_00005036,USR_024178,116.2,ELECTRONICS,US,0.848,0,0
TXN_00005037,USR_033510,46.93,AIRLINE,DE,0.979,1,1
TXN_00005038,USR_002116,114.5,RETAIL,SG,0.941,1,1
TXN_00005039,USR_027428,179.92,GAMING,CA,0.72,1,0
TXN_00005040,USR_048023,137.51,HOTEL,AU,0.873,1,1
TXN_00005041,USR_031413,52.19,RETAIL,AU,0.381,1,0
TXN_00005042,USR_006308,47.44,RETAIL,JP,0.253,1,0
TXN_00005043,USR_014848,124.58,ELECTRONICS,BR,0.663,1,0
TXN_00005044,USR_008505,282.69,GROCERY,BR,0.19,1,0
TXN_00005045,USR_038118,106.53,GAMING,CA,0.617,1,0
TXN_00005046,USR_045614,179.46,GROCERY,DE,0.768,1,0
TXN_00005047,USR_005863,53.02,GROCERY,AU,0.24,1,0
TXN_00005048,USR_018399,8.62,CRYPTO,IN,0.023,1,0
TXN_00005049,USR_039036,76.8,ELECTRONICS,BR,0.502,1,0
TXN_00005050,USR_037888,70.65,CRYPTO,BR,0.422,1,0
TXN_00005051,USR_005185,23.87,RESTAURANT,BR,0.431,1,0
TXN_00005052,USR_009881,44.7,CRYPTO,JP,0.762,1,0
TXN_00005053,USR_033021,168.0,RESTAURANT,IN,0.142,1,0
TXN_00005054,USR_040864,228.89,ELECTRONICS,IN,0.02,1,0
TXN_00005055,USR_047706,104.01,CRYPTO,BR,0.423,1,0
TXN_00005056,USR_027644,103.77,GROCERY,FR,0.141,1,0
TXN_00005057,USR_031723,338.92,ELECTRONICS,AU,0.874,1,1
TXN_00005058,USR_017002,37.43,AIRLINE,SG,0.726,1,0
TXN_00005059,USR_010794,97.26,RESTAURANT,BR,0.149,1,0
TXN_00005060,USR_019346,59.97,HOTEL,SG,0.07,1,0
TXN_00005061,USR_015271,10.79,RESTAURANT,SG,0.788,1,0
TXN_00005062,USR_046409,103.13,ELECTRONICS,FR,0.875,1,1
TXN_00005063,USR_021982,19.56,ELECTRONICS,DE,0.726,1,0
TXN_00005064,USR_010321,186.66,GAMING,FR,0.825,1,0
TXN_00005065,USR_029819,256.75,CRYPTO,DE,0.481,1,0
TXN_00005066,USR_042112,124.61,GROCERY,CA,0.339,1,0
TXN_00005067,USR_039928,63.1,HOTEL,AU,0.712,1,0
TXN_00005068,USR_007313,116.99,GROCERY,US,0.658,0,0
TXN_00005069,USR_033681,24.76,AIRLINE,AU,0.988,1,1
TXN_00005070,USR_027853,295.2,ELECTRONICS,BR,0.304,1,1
TXN_00005071,USR_047782,24.92,RETAIL,BR,0.185,1,0
TXN_00005072,USR_030479,45.32,RETAIL,CA,0.418,1,0
TXN_00005073,USR_015099,356.38,GROCERY,JP,0.292,1,0
TXN_00005074,USR_005110,16.56,RETAIL,IN,0.565,1,0
TXN_00005075,USR_023413,58.25,AIRLINE,FR,0.24,1,0
TXN_00005076,USR_036960,74.71,RESTAURANT,JP,0.775,1,0
TXN_00005077,USR_008378,15.77,GROCERY,IN,0.299,1,0
TXN_00005078,USR_014903,18.86,AIRLINE,AU,0.751,1,0
TXN_00005079,USR_041987,205.38,HOTEL,FR,0.052,1,0
TXN_00005080,USR_024241,65.22,RETAIL,DE,0.587,1,0
TXN_00005081,USR_047734,105.72,ELECTRONICS,GB,0.92,1,1
TXN_00005082,USR_027452,565.91,GROCERY,IN,0.734,1,0
TXN_00005083,USR_025017,41.53,GROCERY,US,0.455,0,0
TXN_00005084,USR_047288,36.64,RESTAURANT,SG,0.649,1,0
TXN_00005085,USR_036444,145.52,RESTAURANT,DE,0.087,1,0
TXN_00005086,USR_038135,28.77,ELECTRONICS,GB,0.758,1,0
TXN_00005087,USR_006422,61.28,CRYPTO,CA,0.422,1,0
TXN_00005088,USR_032329,36.12,AIRLINE,GB,0.979,1,1
TXN_00005089,USR_042678,21.04,AIRLINE,BR,0.19,1,0
TXN_00005090,USR_017717,133.47,HOTEL,AU,0.775,1,0
TXN_00005091,USR_041233,54.65,RETAIL,IN,0.736,1,0
TXN_00005092,USR_027176,94.13,AIRLINE,JP,0.876,1,1
TXN_00005093,USR_046080,82.45,AIRLINE,BR,0.961,1,1
TXN_00005094,USR_036470,17.56,RESTAURANT,BR,0.47,1,0
TXN_00005095,USR_002179,29.15,RESTAURANT,SG,0.026,1,0
TXN_00005096,USR_037823,7.27,GROCERY,JP,0.305,1,0
TXN_00005097,USR_047155,51.2,CRYPTO,IN,0.891,1,1
TXN_00005098,USR_012011,9.62,GAMING,IN,0.257,1,1
TXN_00005099,USR_001250,201.13,RESTAURANT,US,0.845,0,0
TXN_00005100,USR_048606,36.27,GAMING,CA,0.605,1,0
TXN_00005101,USR_006648,29.2,AIRLINE,FR,0.164,1,1
TXN_00005102,USR_016923,46.41,AIRLINE,IN,0.655,1,0
TXN_00005103,USR_005721,205.27,HOTEL,CA,0.279,1,0
TXN_00005104,USR_026243,41.84,HOTEL,US,0.647,0,0
TXN_00005105,USR_003701,34.61,ELECTRONICS,DE,0.724,1,0
TXN_00005106,USR_033817,157.98,CRYPTO,SG,0.152,1,0
TXN_00005107,USR_030141,293.96,RETAIL,AU,0.47,1,0
TXN_00005108,USR_037741,144.91,GAMING,US,0.94,0,1
TXN_00005109,USR_043193,7.81,CRYPTO,BR,0.227,1,0
TXN_00005110,USR_027670,101.66,GROCERY,JP,0.175,1,0
TXN_00005111,USR_040521,34.19,RESTAURANT,US,0.268,0,0
TXN_00005112,USR_006157,268.32,CRYPTO,CA,0.727,1,0
TXN_00005113,USR_009525,229.16,RESTAURANT,IN,0.955,1,1
TXN_00005114,USR_045679,5.33,RETAIL,GB,0.25,1,0
TXN_00005115,USR_006652,52.25,CRYPTO,BR,0.558,1,0
TXN_00005116,USR_004389,41.37,AIRLINE,BR,0.835,1,0
TXN_00005117,USR_004620,133.0,CRYPTO,SG,0.296,1,0
TXN_00005118,USR_005820,194.99,HOTEL,FR,0.046,1,0
TXN_00005119,USR_039574,177.82,GROCERY,AU,0.657,1,0
TXN_00005120,USR_026500,37.67,CRYPTO,US,0.645,0,0
TXN_00005121,USR_047029,93.39,ELECTRONICS,FR,0.054,1,0
TXN_00005122,USR_012182,36.02,RESTAURANT,FR,0.336,1,0
TXN_00005123,USR_045298,138.52,AIRLINE,DE,0.442,1,0
TXN_00005124,USR_007347,159.06,HOTEL,DE,0.171,1,0
TXN_00005125,USR_042700,16.34,ELECTRONICS,US,0.634,0,0
TXN_00005126,USR_032061,292.67,AIRLINE,DE,0.238,1,0
TXN_00005127,USR_045371,53.8,HOTEL,SG,0.206,1,0
TXN_00005128,USR_044809,238.59,CRYPTO,DE,0.34,1,0
TXN_00005129,USR_036464,55.41,GROCERY,CA,0.136,1,0
TXN_00005130,USR_016201,74.4,RETAIL,JP,0.873,1,1
TXN_00005131,USR_041991,35.57,GAMING,BR,0.308,1,1
TXN_00005132,USR_046114,270.86,RESTAURANT,JP,0.092,1,0
TXN_00005133,USR_045275,9.35,HOTEL,IN,0.793,1,0
TXN_00005134,USR_033509,245.12,RESTAURANT,CA,0.411,1,0
TXN_00005135,USR_047614,7.22,AIRLINE,SG,0.424,1,0
TXN_00005136,USR_016508,19.16,AIRLINE,JP,0.9,1,1
TXN_00005137,USR_044720,297.6,GAMING,BR,0.985,1,1
TXN_00005138,USR_006535,61.1,GROCERY,AU,0.792,1,0
TXN_00005139,USR_043424,47.87,ELECTRONICS,IN,0.757,1,0
TXN_00005140,USR_007563,97.17,GROCERY,BR,0.874,1,1
TXN_00005141,USR_020101,5.51,RETAIL,CA,0.949,1,1
TXN_00005142,USR_012549,11.93,AIRLINE,SG,0.126,1,0
TXN_00005143,USR_032786,111.0,GROCERY,JP,0.013,1,0
TXN_00005144,USR_019026,128.21,GAMING,IN,0.637,1,0
TXN_00005145,USR_025273,249.23,AIRLINE,SG,0.548,1,0
TXN_00005146,USR_012411,83.33,GROCERY,AU,0.195,1,0
TXN_00005147,USR_014610,12.84,CRYPTO,CA,0.837,1,0
TXN_00005148,USR_045349,15.56,AIRLINE,GB,0.969,1,1
TXN_00005149,USR_008014,117.42,HOTEL,SG,0.476,1,0
TXN_00005150,USR_012550,38.79,RESTAURANT,DE,0.679,1,0
TXN_00005151,USR_025290,36.25,ELECTRONICS,US,0.725,0,0
TXN_00005152,USR_019416,33.25,GAMING,BR,0.085,1,0
TXN_00005153,USR_049224,48.58,HOTEL,BR,0.903,1,1
TXN_00005154,USR_023460,178.08,HOTEL,JP,0.719,1,0
TXN_00005155,USR_034448,514.29,RESTAURANT,JP,0.371,1,0
TXN_00005156,USR_031015,119.52,GAMING,FR,0.846,1,0
TXN_00005157,USR_022351,30.43,RETAIL,JP,0.455,1,0
TXN_00005158,USR_038968,6.77,ELECTRONICS,JP,0.272,1,0
TXN_00005159,USR_011808,72.4,AIRLINE,JP,0.271,1,0
TXN_00005160,USR_010387,158.55,RESTAURANT,GB,0.691,1,0
TXN_00005161,USR_041205,14.89,GROCERY,FR,0.431,1,0
TXN_00005162,USR_019261,32.87,GAMING,IN,0.515,1,0
TXN_00005163,USR_023904,77.06,RESTAURANT,AU,0.576,1,0
TXN_00005164,USR_009461,180.34,RESTAURANT,SG,0.249,1,0
TXN_00005165,USR_008478,50.46,GAMING,IN,0.018,1,0
TXN_00005166,USR_044425,536.55,ELECTRONICS,US,0.444,0,0
TXN_00005167,USR_022780,16.82,GROCERY,AU,0.637,1,0
TXN_00005168,USR_048740,222.81,RETAIL,CA,0.387,1,0
TXN_00005169,USR_013436,106.85,GAMING,JP,0.952,1,1
TXN_00005170,USR_035324,45.27,CRYPTO,AU,0.1,1,0
TXN_00005171,USR_023426,6.9,ELECTRONICS,AU,0.292,1,0
TXN_00005172,USR_011216,10.35,CRYPTO,JP,0.263,1,0
TXN_00005173,USR_015433,20.11,RETAIL,US,0.97,0,1
TXN_00005174,USR_020051,15.14,HOTEL,DE,0.031,1,0
TXN_00005175,USR_036137,92.43,ELECTRONICS,IN,0.31,1,0
TXN_00005176,USR_042800,25.6,CRYPTO,DE,0.352,1,0
TXN_00005177,USR_030574,46.85,GAMING,IN,0.152,1,1
TXN_00005178,USR_021297,129.69,CRYPTO,BR,0.67,1,0
TXN_00005179,USR_018516,20.5,HOTEL,GB,0.28,1,0
TXN_00005180,USR_046720,180.87,RESTAURANT,AU,0.632,1,0
TXN_00005181,USR_030454,58.8,RESTAURANT,DE,0.322,1,0
TXN_00005182,USR_042013,57.83,RETAIL,CA,0.39,1,0
TXN_00005183,USR_032588,32.85,RETAIL,JP,0.064,1,0
TXN_00005184,USR_048536,141.97,RESTAURANT,SG,0.916,1,1
TXN_00005185,USR_014666,194.41,RETAIL,BR,0.939,1,1
TXN_00005186,USR_026781,10.38,GROCERY,GB,0.099,1,0
TXN_00005187,USR_017805,26.16,HOTEL,GB,0.696,1,0
TXN_00005188,USR_021053,8.57,GAMING,IN,0.551,1,0
TXN_00005189,USR_007339,38.53,RESTAURANT,BR,0.094,1,0
TXN_00005190,USR_015361,48.34,AIRLINE,US,0.833,0,0
TXN_00005191,USR_031623,43.8,ELECTRONICS,CA,0.451,1,0
TXN_00005192,USR_016028,23.72,AIRLINE,AU,0.072,1,0
TXN_00005193,USR_049710,12.98,RESTAURANT,DE,0.697,1,0
TXN_00005194,USR_006108,12.34,HOTEL,SG,0.692,1,0
TXN_00005195,USR_022361,409.75,HOTEL,IN,0.839,1,0
TXN_00005196,USR_006619,32.76,GAMING,IN,0.205,1,0
TXN_00005197,USR_020991,7.61,ELECTRONICS,SG,0.445,1,0
TXN_00005198,USR_034460,12.22,GAMING,CA,0.566,1,0
TXN_00005199,USR_011519,110.43,GROCERY,GB,0.699,1,0
TXN_00005200,USR_031002,20.96,RETAIL,FR,0.67,1,0
TXN_00005201,USR_045644,79.6,CRYPTO,US,0.711,0,0
TXN_00005202,USR_010267,43.7,CRYPTO,CA,0.612,1,0
TXN_00005203,USR_014604,9.12,RETAIL,BR,0.953,1,1
TXN_00005204,USR_024703,48.04,GROCERY,CA,0.097,1,0
TXN_00005205,USR_040087,159.38,GROCERY,SG,0.776,1,0
TXN_00005206,USR_049334,7.71,RESTAURANT,BR,0.929,1,1
TXN_00005207,USR_022786,99.37,ELECTRONICS,US,0.643,0,0
TXN_00005208,USR_019226,315.28,RETAIL,CA,0.78,1,0
TXN_00005209,USR_035007,112.07,AIRLINE,BR,0.237,1,0
TXN_00005210,USR_048787,35.9,CRYPTO,DE,0.33,1,0
TXN_00005211,USR_007324,53.94,CRYPTO,IN,0.228,1,0
TXN_00005212,USR_032269,11.11,CRYPTO,BR,0.07,1,0
TXN_00005213,USR_044229,96.12,RETAIL,IN,0.816,1,0
TXN_00005214,USR_021360,89.97,GROCERY,GB,0.893,1,1
TXN_00005215,USR_022861,66.49,RETAIL,IN,0.551,1,0
TXN_00005216,USR_038475,12.33,GAMING,GB,0.833,1,0
TXN_00005217,USR_016683,29.83,RESTAURANT,BR,0.285,1,0
TXN_00005218,USR_047190,99.38,ELECTRONICS,US,0.072,0,0
TXN_00005219,USR_045416,160.0,CRYPTO,JP,0.222,1,0
TXN_00005220,USR_026352,322.38,RETAIL,BR,0.167,1,0
TXN_00005221,USR_040208,266.41,ELECTRONICS,GB,0.634,1,0
TXN_00005222,USR_024450,116.45,GROCERY,GB,0.346,1,0
TXN_00005223,USR_021540,246.25,ELECTRONICS,FR,0.397,1,0
TXN_00005224,USR_001421,114.46,ELECTRONICS,JP,0.672,1,0
TXN_00005225,USR_001221,257.48,HOTEL,GB,0.372,1,0
TXN_00005226,USR_016034,174.25,GAMING,US,0.319,0,0
TXN_00005227,USR_007173,42.61,CRYPTO,SG,0.101,1,0
TXN_00005228,USR_020868,126.61,RETAIL,IN,0.828,1,0
TXN_00005229,USR_024627,26.86,ELECTRONICS,CA,0.054,1,0
TXN_00005230,USR_022977,113.94,AIRLINE,US,0.188,0,0
TXN_00005231,USR_039678,7.97,ELECTRONICS,IN,0.767,1,0
TXN_00005232,USR_013293,92.92,GAMING,US,0.154,0,0
TXN_00005233,USR_028377,13.97,RETAIL,SG,0.786,1,0
TXN_00005234,USR_044100,50.92,GROCERY,US,0.391,0,0
TXN_00005235,USR_014674,38.38,HOTEL,JP,0.58,1,0
TXN_00005236,USR_012517,229.5,GROCERY,SG,0.711,1,0
TXN_00005237,USR_038069,428.16,CRYPTO,CA,0.156,1,0
TXN_00005238,USR_021008,91.32,GAMING,DE,0.198,1,0
TXN_00005239,USR_040147,125.48,AIRLINE,FR,0.612,1,0
TXN_00005240,USR_039519,356.03,GROCERY,DE,0.878,1,1
TXN_00005241,USR_030062,53.96,GROCERY,IN,0.522,1,0
TXN_00005242,USR_047984,237.32,GAMING,JP,0.125,1,0
TXN_00005243,USR_041313,25.58,RESTAURANT,AU,0.507,1,0
TXN_00005244,USR_014011,17.8,RETAIL,GB,0.045,1,0
TXN_00005245,USR_031388,78.08,AIRLINE,AU,0.076,1,0
TXN_00005246,USR_046713,371.38,RESTAURANT,FR,0.979,1,1
TXN_00005247,USR_041428,154.33,RESTAURANT,AU,0.654,1,0
TXN_00005248,USR_012428,136.16,CRYPTO,CA,0.169,1,0
TXN_00005249,USR_048270,139.29,GROCERY,CA,0.448,1,0
TXN_00005250,USR_001040,46.88,CRYPTO,DE,0.047,1,0
TXN_00005251,USR_043604,194.91,AIRLINE,GB,0.481,1,0
TXN_00005252,USR_031176,195.69,HOTEL,CA,0.549,1,0
TXN_00005253,USR_041454,10.29,GAMING,FR,0.106,1,0
TXN_00005254,USR_024127,201.12,CRYPTO,DE,0.78,1,0
TXN_00005255,USR_025356,80.95,AIRLINE,CA,0.47,1,0
TXN_00005256,USR_020828,89.12,CRYPTO,US,0.899,0,1
TXN_00005257,USR_037423,455.91,RETAIL,SG,0.838,1,0
TXN_00005258,USR_044493,48.14,GAMING,IN,0.701,1,0
TXN_00005259,USR_010000,195.32,HOTEL,DE,0.732,1,0
TXN_00005260,USR_031655,35.56,GAMING,IN,0.522,1,0
TXN_00005261,USR_043860,10.11,HOTEL,CA,0.419,1,0
TXN_00005262,USR_032868,26.32,CRYPTO,FR,0.558,1,0
TXN_00005263,USR_005663,66.1,RESTAURANT,BR,0.373,1,0
TXN_00005264,USR_030504,79.78,HOTEL,US,0.877,0,1
TXN_00005265,USR_026474,138.18,RETAIL,FR,0.284,1,0
TXN_00005266,USR_027160,168.57,GROCERY,AU,0.788,1,1
TXN_00005267,USR_028960,178.86,RESTAURANT,IN,0.872,1,1
TXN_00005268,USR_048065,91.17,RETAIL,FR,0.369,1,0
TXN_00005269,USR_033072,53.14,ELECTRONICS,BR,0.493,1,0
TXN_00005270,USR_042275,48.69,GAMING,AU,0.782,1,0
TXN_00005271,USR_028498,50.4,RESTAURANT,GB,0.84,1,0
TXN_00005272,USR_020054,54.34,AIRLINE,JP,0.516,1,0
TXN_00005273,USR_041306,53.22,GROCERY,US,0.443,0,0
TXN_00005274,USR_048375,83.47,RESTAURANT,BR,0.642,1,0
TXN_00005275,USR_044347,11.03,ELECTRONICS,CA,0.275,1,0
TXN_00005276,USR_002775,27.11,GROCERY,CA,0.272,1,0
TXN_00005277,USR_043033,56.8,ELECTRONICS,US,0.69,0,0
TXN_00005278,USR_035480,73.48,CRYPTO,GB,0.636,1,0
TXN_00005279,USR_027589,20.16,GAMING,US,0.609,0,0
TXN_00005280,USR_013635,141.85,RETAIL,FR,0.239,1,0
TXN_00005281,USR_045016,100.04,CRYPTO,BR,0.352,1,0
TXN_00005282,USR_014104,9.92,HOTEL,DE,0.156,1,0
TXN_00005283,USR_010477,178.7,HOTEL,SG,0.387,1,0
TXN_00005284,USR_043929,324.66,AIRLINE,IN,0.028,1,0
TXN_00005285,USR_015845,250.9,RESTAURANT,DE,0.838,1,1
TXN_00005286,USR_015468,65.11,GAMING,AU,0.326,1,0
TXN_00005287,USR_005145,23.5,HOTEL,SG,0.628,1,0
TXN_00005288,USR_037110,10.17,GAMING,AU,0.515,1,0
TXN_00005289,USR_007018,258.99,ELECTRONICS,AU,0.431,1,0
TXN_00005290,USR_016803,392.81,HOTEL,GB,0.416,1,0
TXN_00005291,USR_049482,248.98,RESTAURANT,SG,0.506,1,0
TXN_00005292,USR_004093,76.74,RETAIL,JP,0.752,1,0
TXN_00005293,USR_043531,568.53,ELECTRONICS,JP,0.115,1,0
TXN_00005294,USR_038052,182.71,RETAIL,GB,0.756,1,0
TXN_00005295,USR_028898,37.62,CRYPTO,SG,0.048,1,0
TXN_00005296,USR_008119,108.88,CRYPTO,IN,0.4,1,0
TXN_00005297,USR_013236,70.25,RETAIL,DE,0.265,1,0
TXN_00005298,USR_015304,139.49,HOTEL,US,0.761,0,0
TXN_00005299,USR_002447,112.73,AIRLINE,SG,0.183,1,1
TXN_00005300,USR_017733,189.29,GAMING,AU,0.781,1,0
TXN_00005301,USR_043622,54.95,RETAIL,US,0.205,0,0
TXN_00005302,USR_047806,85.34,GROCERY,IN,0.692,1,0
TXN_00005303,USR_024863,29.49,CRYPTO,SG,0.419,1,1
TXN_00005304,USR_029645,110.41,GROCERY,IN,0.98,1,1
TXN_00005305,USR_027548,158.49,RETAIL,SG,0.783,1,0
TXN_00005306,USR_039529,91.65,ELECTRONICS,IN,0.221,1,0
TXN_00005307,USR_011073,22.97,CRYPTO,US,0.677,0,1
TXN_00005308,USR_021253,7.53,RESTAURANT,DE,0.351,1,0
TXN_00005309,USR_042453,56.53,RESTAURANT,DE,0.271,1,0
TXN_00005310,USR_048822,163.99,RESTAURANT,DE,0.758,1,0
TXN_00005311,USR_030645,340.17,RETAIL,SG,0.555,1,0
TXN_00005312,USR_001553,208.91,RESTAURANT,SG,0.366,1,0
TXN_00005313,USR_024408,24.23,ELECTRONICS,JP,0.981,1,1
TXN_00005314,USR_019169,81.05,RETAIL,FR,0.081,1,0
TXN_00005315,USR_007002,36.11,HOTEL,BR,0.816,1,0
TXN_00005316,USR_044466,7.46,RESTAURANT,DE,0.886,1,1
TXN_00005317,USR_005116,85.75,ELECTRONICS,CA,0.343,1,0
TXN_00005318,USR_022200,34.13,AIRLINE,SG,0.317,1,0
TXN_00005319,USR_029582,159.48,RESTAURANT,SG,0.344,1,0
TXN_00005320,USR_019339,17.0,CRYPTO,BR,0.735,1,1
TXN_00005321,USR_008092,176.54,GROCERY,IN,0.554,1,0
TXN_00005322,USR_018486,21.57,RETAIL,CA,0.982,1,1
TXN_00005323,USR_043650,70.05,RESTAURANT,GB,0.985,1,1
TXN_00005324,USR_042962,49.78,RETAIL,GB,0.299,1,0
TXN_00005325,USR_033129,143.64,ELECTRONICS,SG,0.213,1,0
TXN_00005326,USR_033354,12.69,AIRLINE,US,0.254,0,0
TXN_00005327,USR_013291,6.12,RETAIL,AU,0.535,1,0
TXN_00005328,USR_037292,14.73,RESTAURANT,IN,0.367,1,0
TXN_00005329,USR_042333,31.47,GAMING,BR,0.06,1,0
TXN_00005330,USR_025748,8.63,GAMING,GB,0.841,1,0
TXN_00005331,USR_032718,368.65,AIRLINE,DE,0.129,1,0
TXN_00005332,USR_007647,138.21,AIRLINE,DE,0.541,1,0
TXN_00005333,USR_026856,104.72,GROCERY,BR,0.723,1,0
TXN_00005334,USR_004973,16.62,RETAIL,SG,0.127,1,0
TXN_00005335,USR_016006,36.36,RESTAURANT,US,0.861,0,1
TXN_00005336,USR_013307,250.83,AIRLINE,IN,0.703,1,0
TXN_00005337,USR_020612,86.97,ELECTRONICS,SG,0.795,1,0
TXN_00005338,USR_001805,13.21,CRYPTO,US,0.091,0,0
TXN_00005339,USR_039991,26.06,GROCERY,IN,0.97,1,1
TXN_00005340,USR_047289,94.67,GAMING,SG,0.989,1,1
TXN_00005341,USR_001571,681.03,GROCERY,DE,0.131,1,0
TXN_00005342,USR_020446,10.74,RESTAURANT,GB,0.083,1,0
TXN_00005343,USR_043162,83.04,CRYPTO,CA,0.552,1,0
TXN_00005344,USR_024814,56.98,AIRLINE,US,0.965,0,1
TXN_00005345,USR_033971,71.96,HOTEL,IN,0.862,1,1
TXN_00005346,USR_042905,18.95,AIRLINE,IN,0.073,1,0
TXN_00005347,USR_025630,347.6,HOTEL,BR,0.103,1,0
TXN_00005348,USR_018694,165.23,HOTEL,CA,0.955,1,1
TXN_00005349,USR_038643,36.88,ELECTRONICS,SG,0.605,1,0
TXN_00005350,USR_036676,13.5,HOTEL,IN,0.605,1,0
TXN_00005351,USR_014422,353.03,HOTEL,GB,0.323,1,0
TXN_00005352,USR_034864,358.56,GROCERY,AU,0.626,1,0
TXN_00005353,USR_048775,104.57,ELECTRONICS,US,0.664,0,0
TXN_00005354,USR_012007,29.25,RESTAURANT,DE,0.9,1,1
TXN_00005355,USR_033601,60.1,ELECTRONICS,AU,0.927,1,1
TXN_00005356,USR_029926,28.34,HOTEL,IN,0.842,1,0
TXN_00005357,USR_011469,27.88,CRYPTO,FR,0.484,1,0
TXN_00005358,USR_033104,9.34,HOTEL,BR,0.215,1,1
TXN_00005359,USR_020252,36.21,CRYPTO,AU,0.043,1,0
TXN_00005360,USR_032184,197.19,RETAIL,SG,0.76,1,0
TXN_00005361,USR_025215,61.0,CRYPTO,US,0.605,0,0
TXN_00005362,USR_029330,99.16,HOTEL,IN,0.24,1,0
TXN_00005363,USR_039501,20.85,AIRLINE,JP,0.794,1,0
TXN_00005364,USR_014934,45.82,AIRLINE,IN,0.476,1,0
TXN_00005365,USR_018433,39.39,RETAIL,JP,0.524,1,0
TXN_00005366,USR_006599,96.98,CRYPTO,JP,0.769,1,1
TXN_00005367,USR_030041,143.6,GROCERY,BR,0.704,1,0
TXN_00005368,USR_034047,101.17,GAMING,SG,0.93,1,1
TXN_00005369,USR_035149,123.63,ELECTRONICS,JP,0.318,1,0
TXN_00005370,USR_012721,553.0,GROCERY,DE,0.724,1,0
TXN_00005371,USR_009858,76.44,ELECTRONICS,CA,0.19,1,0
TXN_00005372,USR_001186,23.28,RESTAURANT,SG,0.174,1,0
TXN_00005373,USR_004947,214.6,ELECTRONICS,CA,0.011,1,0
TXN_00005374,USR_018546,105.61,GROCERY,FR,0.168,1,0
TXN_00005375,USR_005221,105.38,GAMING,AU,0.94,1,1
TXN_00005376,USR_044515,156.51,GAMING,SG,0.522,1,0
TXN_00005377,USR_034516,123.88,HOTEL,JP,0.539,1,0
TXN_00005378,USR_019598,81.53,GROCERY,SG,0.551,1,0
TXN_00005379,USR_034674,15.84,CRYPTO,US,0.525,0,0
TXN_00005380,USR_027132,21.27,GROCERY,AU,0.572,1,0
TXN_00005381,USR_034484,193.98,CRYPTO,DE,0.657,1,0
TXN_00005382,USR_010318,7.99,CRYPTO,IN,0.948,1,1
TXN_00005383,USR_005019,15.81,ELECTRONICS,IN,0.49,1,0
TXN_00005384,USR_010399,333.58,CRYPTO,BR,0.733,1,0
TXN_00005385,USR_004082,21.44,HOTEL,US,0.963,0,1
TXN_00005386,USR_002321,107.94,CRYPTO,US,0.568,0,0
TXN_00005387,USR_009228,163.67,ELECTRONICS,BR,0.755,1,0
TXN_00005388,USR_011479,66.03,GROCERY,CA,0.416,1,0
TXN_00005389,USR_037939,37.26,HOTEL,US,0.936,0,1
TXN_00005390,USR_041322,110.46,GROCERY,BR,0.237,1,0
TXN_00005391,USR_015647,67.69,HOTEL,US,0.305,0,0
TXN_00005392,USR_035494,128.47,RESTAURANT,CA,0.401,1,0
TXN_00005393,USR_044376,139.92,RETAIL,US,0.918,0,1
TXN_00005394,USR_003113,242.27,HOTEL,IN,0.77,1,0
TXN_00005395,USR_012754,77.37,GAMING,AU,0.807,1,0
TXN_00005396,USR_002181,26.36,ELECTRONICS,GB,0.409,1,0
TXN_00005397,USR_005114,10.89,RETAIL,AU,0.551,1,0
TXN_00005398,USR_023622,163.57,ELECTRONICS,IN,0.091,1,0
TXN_00005399,USR_045194,270.11,CRYPTO,FR,0.268,1,0
TXN_00005400,USR_010280,120.95,CRYPTO,GB,0.494,1,0
TXN_00005401,USR_031708,37.98,CRYPTO,US,0.712,0,0
TXN_00005402,USR_022707,64.79,HOTEL,US,0.368,0,0
TXN_00005403,USR_016827,130.12,ELECTRONICS,CA,0.773,1,0
TXN_00005404,USR_011480,10.19,ELECTRONICS,CA,0.701,1,0
TXN_00005405,USR_010302,146.32,RESTAURANT,IN,0.911,1,1
TXN_00005406,USR_011041,46.14,HOTEL,AU,0.316,1,0
TXN_00005407,USR_026780,178.17,RETAIL,BR,0.378,1,0
TXN_00005408,USR_015843,221.92,HOTEL,AU,0.966,1,1
TXN_00005409,USR_027477,73.06,GAMING,IN,0.806,1,0
TXN_00005410,USR_001805,172.77,RESTAURANT,DE,0.071,1,0
TXN_00005411,USR_020969,185.03,ELECTRONICS,IN,0.175,1,0
TXN_00005412,USR_043965,7.88,RESTAURANT,SG,0.661,1,0
TXN_00005413,USR_043588,106.9,HOTEL,GB,0.601,1,0
TXN_00005414,USR_012413,73.27,RESTAURANT,AU,0.825,1,0
TXN_00005415,USR_002621,53.29,ELECTRONICS,SG,0.125,1,0
TXN_00005416,USR_041162,32.96,CRYPTO,AU,0.988,1,1
TXN_00005417,USR_039520,203.96,RESTAURANT,AU,0.036,1,0
TXN_00005418,USR_013145,29.98,AIRLINE,AU,0.929,1,1
TXN_00005419,USR_027345,23.27,CRYPTO,FR,0.089,1,0
TXN_00005420,USR_004014,290.7,GROCERY,AU,0.261,1,0
TXN_00005421,USR_029039,120.2,ELECTRONICS,BR,0.444,1,0
TXN_00005422,USR_019199,26.77,ELECTRONICS,CA,0.036,1,0
TXN_00005423,USR_024975,80.39,ELECTRONICS,IN,0.822,1,0
TXN_00005424,USR_039271,185.3,AIRLINE,AU,0.242,1,0
TXN_00005425,USR_020801,39.31,GAMING,US,0.304,0,0
TXN_00005426,USR_038320,30.95,CRYPTO,US,0.594,0,0
TXN_00005427,USR_039228,16.86,HOTEL,DE,0.291,1,1
TXN_00005428,USR_046432,9.71,CRYPTO,JP,0.038,1,0
TXN_00005429,USR_043156,144.46,HOTEL,IN,0.886,1,1
TXN_00005430,USR_032650,311.68,HOTEL,CA,0.72,1,0
TXN_00005431,USR_009662,45.39,RESTAURANT,FR,0.222,1,0
TXN_00005432,USR_023790,36.16,CRYPTO,CA,0.53,1,0
TXN_00005433,USR_006913,43.45,GROCERY,IN,0.856,1,1
TXN_00005434,USR_035195,74.07,RETAIL,JP,0.355,1,0
TXN_00005435,USR_030188,38.12,GAMING,IN,0.069,1,0
TXN_00005436,USR_049049,18.74,AIRLINE,GB,0.984,1,1
TXN_00005437,USR_035787,195.44,CRYPTO,DE,0.021,1,0
TXN_00005438,USR_028798,21.78,ELECTRONICS,JP,0.906,1,1
TXN_00005439,USR_034818,169.87,GROCERY,FR,0.937,1,1
TXN_00005440,USR_041084,70.11,GROCERY,US,0.594,0,0
TXN_00005441,USR_039565,66.96,GROCERY,FR,0.164,1,0
TXN_00005442,USR_014792,80.68,RETAIL,GB,0.212,1,0
TXN_00005443,USR_022017,144.15,RESTAURANT,JP,0.879,1,1
TXN_00005444,USR_034036,134.82,ELECTRONICS,GB,0.934,1,1
TXN_00005445,USR_038234,80.33,RESTAURANT,AU,0.534,1,0
TXN_00005446,USR_031701,52.27,GROCERY,SG,0.352,1,0
TXN_00005447,USR_029752,123.7,HOTEL,DE,0.544,1,0
TXN_00005448,USR_019372,31.18,HOTEL,US,0.785,0,0
TXN_00005449,USR_047063,6.4,AIRLINE,FR,0.918,1,1
TXN_00005450,USR_017574,121.73,ELECTRONICS,DE,0.468,1,0
TXN_00005451,USR_004233,106.11,RESTAURANT,GB,0.906,1,1
TXN_00005452,USR_016736,26.46,RETAIL,FR,0.111,1,0
TXN_00005453,USR_045640,103.44,CRYPTO,FR,0.199,1,0
TXN_00005454,USR_002588,31.56,CRYPTO,DE,0.916,1,1
TXN_00005455,USR_010976,20.58,HOTEL,SG,0.417,1,0
TXN_00005456,USR_038216,33.88,RESTAURANT,CA,0.044,1,0
TXN_00005457,USR_036127,15.37,GAMING,GB,0.775,1,0
TXN_00005458,USR_018818,102.95,GROCERY,JP,0.256,1,0
TXN_00005459,USR_038610,76.24,GAMING,US,0.49,0,0
TXN_00005460,USR_032758,114.14,GROCERY,SG,0.215,1,0
TXN_00005461,USR_004786,78.49,GROCERY,DE,0.653,1,0
TXN_00005462,USR_041237,9.31,AIRLINE,DE,0.652,1,0
TXN_00005463,USR_041733,33.44,GROCERY,US,0.583,0,0
TXN_00005464,USR_029057,58.89,CRYPTO,DE,0.306,1,0
TXN_00005465,USR_004869,194.57,ELECTRONICS,BR,0.159,1,0
TXN_00005466,USR_035618,90.73,GROCERY,BR,0.322,1,0
TXN_00005467,USR_036538,75.7,HOTEL,BR,0.315,1,0
TXN_00005468,USR_033379,142.83,ELECTRONICS,IN,0.077,1,0
TXN_00005469,USR_016020,15.91,GROCERY,GB,0.829,1,0
TXN_00005470,USR_030651,121.4,RETAIL,DE,0.201,1,0
TXN_00005471,USR_032322,143.01,GAMING,CA,0.486,1,0
TXN_00005472,USR_021444,90.19,AIRLINE,FR,0.029,1,0
TXN_00005473,USR_020023,7.8,ELECTRONICS,AU,0.346,1,0
TXN_00005474,USR_037249,81.53,AIRLINE,US,0.786,0,0
TXN_00005475,USR_042777,62.06,HOTEL,SG,0.13,1,0
TXN_00005476,USR_005394,66.49,GROCERY,BR,0.325,1,0
TXN_00005477,USR_002142,90.49,ELECTRONICS,GB,0.785,1,0
TXN_00005478,USR_031124,144.02,ELECTRONICS,JP,0.271,1,0
TXN_00005479,USR_007470,166.16,CRYPTO,AU,0.146,1,0
TXN_00005480,USR_008037,49.94,AIRLINE,BR,0.174,1,0
TXN_00005481,USR_008618,12.32,HOTEL,SG,0.584,1,0
TXN_00005482,USR_038841,64.35,CRYPTO,CA,0.526,1,0
TXN_00005483,USR_040689,6.64,HOTEL,US,0.289,0,0
TXN_00005484,USR_011931,12.54,RESTAURANT,FR,0.505,1,0
TXN_00005485,USR_030113,28.63,HOTEL,US,0.565,0,0
TXN_00005486,USR_009402,98.65,ELECTRONICS,CA,0.373,1,0
TXN_00005487,USR_023893,189.68,CRYPTO,IN,0.069,1,0
TXN_00005488,USR_045645,240.77,GROCERY,CA,0.486,1,0
TXN_00005489,USR_010570,30.39,GAMING,FR,0.666,1,0
TXN_00005490,USR_028790,44.57,RETAIL,FR,0.13,1,0
TXN_00005491,USR_047288,46.93,RETAIL,BR,0.086,1,0
TXN_00005492,USR_034309,13.83,GROCERY,DE,0.225,1,0
TXN_00005493,USR_030010,83.32,HOTEL,US,0.107,0,0
TXN_00005494,USR_037498,47.26,CRYPTO,US,0.841,0,0
TXN_00005495,USR_017102,46.35,HOTEL,AU,0.555,1,0
TXN_00005496,USR_002269,261.37,GROCERY,CA,0.621,1,0
TXN_00005497,USR_030124,26.91,AIRLINE,SG,0.133,1,0
TXN_00005498,USR_002665,32.87,CRYPTO,BR,0.037,1,0
TXN_00005499,USR_047730,211.81,RESTAURANT,DE,0.689,1,0
TXN_00005500,USR_006099,473.67,GAMING,AU,0.165,1,0
TXN_00005501,USR_001215,274.37,AIRLINE,AU,0.391,1,0
TXN_00005502,USR_025055,14.29,GROCERY,GB,0.678,1,0
TXN_00005503,USR_042395,73.14,HOTEL,FR,0.455,1,0
TXN_00005504,USR_003186,8.79,RETAIL,SG,0.159,1,0
TXN_00005505,USR_046154,58.92,GAMING,US,0.555,0,0
TXN_00005506,USR_034991,45.37,AIRLINE,JP,0.406,1,0
TXN_00005507,USR_038745,72.81,GAMING,BR,0.843,1,0
TXN_00005508,USR_030934,52.44,GAMING,BR,0.722,1,0
TXN_00005509,USR_029275,60.64,AIRLINE,AU,0.69,1,0
TXN_00005510,USR_023785,5.02,GAMING,SG,0.231,1,1
TXN_00005511,USR_048679,41.13,GROCERY,GB,0.971,1,1
TXN_00005512,USR_002687,141.9,ELECTRONICS,AU,0.794,1,0
TXN_00005513,USR_048235,96.04,RESTAURANT,IN,0.502,1,0
TXN_00005514,USR_012115,28.93,ELECTRONICS,US,0.75,0,0
TXN_00005515,USR_006695,211.64,CRYPTO,CA,0.054,1,0
TXN_00005516,USR_045718,332.91,ELECTRONICS,SG,0.772,1,0
TXN_00005517,USR_012130,194.21,AIRLINE,GB,0.423,1,0
TXN_00005518,USR_037410,182.9,GAMING,GB,0.176,1,0
TXN_00005519,USR_004261,33.63,HOTEL,CA,0.627,1,0
TXN_00005520,USR_038899,142.66,HOTEL,SG,0.627,1,0
TXN_00005521,USR_011967,143.25,AIRLINE,DE,0.173,1,0
TXN_00005522,USR_035697,244.41,CRYPTO,BR,0.435,1,0
TXN_00005523,USR_025870,28.87,AIRLINE,JP,0.401,1,1
TXN_00005524,USR_036642,8.05,CRYPTO,GB,0.907,1,1
TXN_00005525,USR_040779,125.54,HOTEL,JP,0.309,1,0
TXN_00005526,USR_027537,153.52,HOTEL,US,0.723,0,0
TXN_00005527,USR_026152,140.38,ELECTRONICS,DE,0.794,1,0
TXN_00005528,USR_006786,20.73,CRYPTO,CA,0.976,1,1
TXN_00005529,USR_005793,194.8,ELECTRONICS,IN,0.115,1,0
TXN_00005530,USR_039045,180.15,AIRLINE,GB,0.844,1,0
TXN_00005531,USR_024521,10.07,ELECTRONICS,IN,0.641,1,0
TXN_00005532,USR_042229,162.86,RETAIL,BR,0.312,1,0
TXN_00005533,USR_015158,235.26,GROCERY,FR,0.256,1,0
TXN_00005534,USR_031994,140.44,ELECTRONICS,GB,0.49,1,0
TXN_00005535,USR_037324,122.58,RESTAURANT,SG,0.473,1,0
TXN_00005536,USR_043950,38.59,HOTEL,FR,0.159,1,0
TXN_00005537,USR_047762,124.03,CRYPTO,CA,0.642,1,0
TXN_00005538,USR_025834,16.35,AIRLINE,AU,0.789,1,0
TXN_00005539,USR_006614,85.61,RETAIL,IN,0.402,1,0
TXN_00005540,USR_033206,19.99,ELECTRONICS,BR,0.634,1,0
TXN_00005541,USR_016952,33.15,RETAIL,DE,0.795,1,0
TXN_00005542,USR_045508,129.43,CRYPTO,IN,0.273,1,0
TXN_00005543,USR_038482,32.99,CRYPTO,GB,0.691,1,0
TXN_00005544,USR_029463,8.77,AIRLINE,FR,0.518,1,1
TXN_00005545,USR_001587,15.88,AIRLINE,SG,0.433,1,0
TXN_00005546,USR_044656,352.64,AIRLINE,DE,0.303,1,0
TXN_00005547,USR_005234,51.8,RESTAURANT,DE,0.457,1,0
TXN_00005548,USR_004871,64.97,GROCERY,CA,0.675,1,0
TXN_00005549,USR_008663,63.95,RESTAURANT,BR,0.182,1,0
TXN_00005550,USR_023538,26.94,GROCERY,SG,0.391,1,0
TXN_00005551,USR_027346,225.17,GROCERY,CA,0.636,1,0
TXN_00005552,USR_033387,216.2,RETAIL,SG,0.71,1,0
TXN_00005553,USR_041102,92.7,RETAIL,GB,0.8,1,0
TXN_00005554,USR_008494,153.29,RESTAURANT,DE,0.759,1,0
TXN_00005555,USR_034231,125.25,GROCERY,JP,0.463,1,0
TXN_00005556,USR_045596,23.11,HOTEL,FR,0.103,1,0
TXN_00005557,USR_034203,163.16,GAMING,CA,0.146,1,0
TXN_00005558,USR_032276,17.31,ELECTRONICS,IN,0.775,1,0
TXN_00005559,USR_044861,146.15,HOTEL,CA,0.486,1,0
TXN_00005560,USR_031347,60.8,ELECTRONICS,IN,0.335,1,0
TXN_00005561,USR_033092,68.86,GAMING,IN,0.809,1,1
TXN_00005562,USR_030791,227.02,AIRLINE,GB,0.745,1,0
TXN_00005563,USR_040698,81.46,RESTAURANT,JP,0.338,1,0
TXN_00005564,USR_016428,152.26,HOTEL,FR,0.085,1,0
TXN_00005565,USR_037279,395.59,CRYPTO,JP,0.438,1,0
TXN_00005566,USR_018429,6.53,GROCERY,SG,0.295,1,0
TXN_00005567,USR_008506,139.94,CRYPTO,FR,0.677,1,0
TXN_00005568,USR_037361,43.12,ELECTRONICS,SG,0.201,1,0
TXN_00005569,USR_004599,12.05,CRYPTO,CA,0.089,1,0
TXN_00005570,USR_035069,219.37,RETAIL,DE,0.228,1,0
TXN_00005571,USR_015873,119.09,RESTAURANT,DE,0.279,1,0
TXN_00005572,USR_043165,26.56,GROCERY,GB,0.508,1,0
TXN_00005573,USR_048780,9.69,ELECTRONICS,IN,0.367,1,1
TXN_00005574,USR_036174,84.72,GAMING,US,0.046,0,0
TXN_00005575,USR_048985,176.45,ELECTRONICS,SG,0.697,1,0
TXN_00005576,USR_012106,158.52,ELECTRONICS,US,0.629,0,0
TXN_00005577,USR_002214,105.25,CRYPTO,FR,0.672,1,0
TXN_00005578,USR_032133,76.41,RETAIL,FR,0.885,1,1
TXN_00005579,USR_044817,308.34,HOTEL,JP,0.29,1,0
TXN_00005580,USR_010702,97.97,RESTAURANT,BR,0.194,1,0
TXN_00005581,USR_024186,33.64,GROCERY,AU,0.346,1,0
TXN_00005582,USR_025455,91.39,ELECTRONICS,US,0.63,0,0
TXN_00005583,USR_027273,263.15,RETAIL,CA,0.878,1,1
TXN_00005584,USR_033134,54.33,ELECTRONICS,US,0.668,0,0
TXN_00005585,USR_041605,68.85,GROCERY,AU,0.805,1,0
TXN_00005586,USR_040146,6.5,GROCERY,BR,0.142,1,0
TXN_00005587,USR_039287,61.91,RESTAURANT,FR,0.053,1,0
TXN_00005588,USR_046547,136.98,ELECTRONICS,JP,0.79,1,0
TXN_00005589,USR_041216,30.98,HOTEL,DE,0.809,1,0
TXN_00005590,USR_040546,11.42,RESTAURANT,US,0.533,0,0
TXN_00005591,USR_011320,94.66,AIRLINE,CA,0.925,1,1
TXN_00005592,USR_008418,68.15,AIRLINE,DE,0.97,1,1
TXN_00005593,USR_001128,61.01,GAMING,GB,0.149,1,0
TXN_00005594,USR_020434,60.1,AIRLINE,BR,0.854,1,1
TXN_00005595,USR_008135,265.62,GAMING,IN,0.639,1,0
TXN_00005596,USR_038331,112.74,GROCERY,GB,0.78,1,0
TXN_00005597,USR_039943,18.06,HOTEL,US,0.979,0,1
TXN_00005598,USR_020745,55.55,RESTAURANT,BR,0.711,1,0
TXN_00005599,USR_006298,95.88,AIRLINE,IN,0.649,1,0
TXN_00005600,USR_035345,47.44,GAMING,SG,0.311,1,0
TXN_00005601,USR_001445,185.98,GAMING,DE,0.189,1,0
TXN_00005602,USR_028429,134.23,AIRLINE,GB,0.762,1,0
TXN_00005603,USR_034793,35.88,RESTAURANT,IN,0.486,1,0
TXN_00005604,USR_036684,67.59,RESTAURANT,BR,0.196,1,0
TXN_00005605,USR_026096,89.09,RETAIL,AU,0.376,1,1
TXN_00005606,USR_015650,19.88,GAMING,US,0.096,0,0
TXN_00005607,USR_037318,142.32,RESTAURANT,BR,0.581,1,0
TXN_00005608,USR_041891,114.14,HOTEL,DE,0.568,1,0
TXN_00005609,USR_023144,72.78,RETAIL,CA,0.697,1,0
TXN_00005610,USR_010346,267.23,CRYPTO,BR,0.393,1,0
TXN_00005611,USR_045774,31.13,GAMING,US,0.472,0,0
TXN_00005612,USR_041735,178.19,AIRLINE,DE,0.829,1,0
TXN_00005613,USR_036260,101.69,GAMING,AU,0.223,1,0
TXN_00005614,USR_036767,20.14,RESTAURANT,JP,0.242,1,0
TXN_00005615,USR_048051,214.29,GAMING,JP,0.381,1,0
TXN_00005616,USR_047774,161.62,ELECTRONICS,GB,0.438,1,0
TXN_00005617,USR_001348,188.03,RETAIL,SG,0.502,1,0
TXN_00005618,USR_014806,16.16,RESTAURANT,IN,0.033,1,0
TXN_00005619,USR_042352,71.85,RESTAURANT,SG,0.866,1,1
TXN_00005620,USR_013001,139.43,RETAIL,GB,0.352,1,0
TXN_00005621,USR_006626,326.0,ELECTRONICS,US,0.892,0,1
TXN_00005622,USR_021120,93.75,GROCERY,IN,0.293,1,0
TXN_00005623,USR_019670,15.0,ELECTRONICS,DE,0.574,1,0
TXN_00005624,USR_026824,19.29,ELECTRONICS,SG,0.379,1,0
TXN_00005625,USR_043589,86.37,RESTAURANT,DE,0.647,1,0
TXN_00005626,USR_034729,317.07,CRYPTO,JP,0.826,1,0
TXN_00005627,USR_005558,88.41,ELECTRONICS,GB,0.089,1,0
TXN_00005628,USR_030875,40.57,CRYPTO,FR,0.92,1,1
TXN_00005629,USR_040525,125.55,HOTEL,US,0.606,0,0
TXN_00005630,USR_037097,87.49,GROCERY,BR,0.612,1,0
TXN_00005631,USR_049770,22.31,HOTEL,AU,0.287,1,0
TXN_00005632,USR_026244,152.53,HOTEL,AU,0.669,1,0
TXN_00005633,USR_048898,228.27,GAMING,SG,0.405,1,0
TXN_00005634,USR_036483,43.96,AIRLINE,DE,0.16,1,0
TXN_00005635,USR_046125,92.5,ELECTRONICS,DE,0.401,1,0
TXN_00005636,USR_019516,9.12,CRYPTO,DE,0.511,1,0
TXN_00005637,USR_012737,55.41,GROCERY,SG,0.214,1,0
TXN_00005638,USR_033239,188.76,GAMING,IN,0.856,1,1
TXN_00005639,USR_010598,186.77,ELECTRONICS,BR,0.182,1,0
TXN_00005640,USR_047602,206.83,HOTEL,SG,0.47,1,0
TXN_00005641,USR_007301,45.37,HOTEL,AU,0.79,1,0
TXN_00005642,USR_024482,165.2,RETAIL,AU,0.701,1,0
TXN_00005643,USR_009586,155.08,AIRLINE,DE,0.437,1,0
TXN_00005644,USR_041200,227.78,AIRLINE,US,0.452,0,0
TXN_00005645,USR_006162,11.23,RESTAURANT,FR,0.489,1,0
TXN_00005646,USR_033822,206.42,CRYPTO,IN,0.411,1,0
TXN_00005647,USR_047938,218.64,CRYPTO,US,0.248,0,0
TXN_00005648,USR_045119,6.21,RETAIL,GB,0.016,1,0
TXN_00005649,USR_044230,56.87,RESTAURANT,SG,0.796,1,0
TXN_00005650,USR_041308,26.29,RESTAURANT,GB,0.276,1,0
TXN_00005651,USR_049633,38.66,GROCERY,SG,0.164,1,0
TXN_00005652,USR_009954,120.96,HOTEL,AU,0.381,1,1
TXN_00005653,USR_043866,203.69,AIRLINE,CA,0.15,1,0
TXN_00005654,USR_022888,87.31,AIRLINE,DE,0.199,1,0
TXN_00005655,USR_049050,157.15,HOTEL,DE,0.475,1,0
TXN_00005656,USR_022628,63.62,RESTAURANT,IN,0.779,1,0
TXN_00005657,USR_022155,282.34,RESTAURANT,US,0.63,0,0
TXN_00005658,USR_014294,394.35,GAMING,US,0.11,0,0
TXN_00005659,USR_019177,31.87,HOTEL,GB,0.185,1,0
TXN_00005660,USR_010067,430.54,RETAIL,US,0.173,0,0
TXN_00005661,USR_021986,49.47,GAMING,IN,0.107,1,0
TXN_00005662,USR_026122,136.28,RESTAURANT,IN,0.232,1,0
TXN_00005663,USR_025696,31.83,AIRLINE,BR,0.584,1,0
TXN_00005664,USR_004745,137.23,GROCERY,FR,0.747,1,0
TXN_00005665,USR_033288,166.96,CRYPTO,US,0.839,0,0
TXN_00005666,USR_009387,129.29,GROCERY,DE,0.121,1,0
TXN_00005667,USR_041475,28.72,ELECTRONICS,SG,0.219,1,0
TXN_00005668,USR_036586,53.78,CRYPTO,FR,0.076,1,0
TXN_00005669,USR_044833,55.44,AIRLINE,SG,0.707,1,0
TXN_00005670,USR_038020,8.9,RETAIL,GB,0.256,1,0
TXN_00005671,USR_030456,124.99,RESTAURANT,US,0.119,0,0
TXN_00005672,USR_029484,132.14,GAMING,US,0.823,0,0
TXN_00005673,USR_022163,57.59,GAMING,FR,0.443,1,0
TXN_00005674,USR_001804,114.22,HOTEL,DE,0.407,1,0
TXN_00005675,USR_034231,130.91,AIRLINE,BR,0.615,1,0
TXN_00005676,USR_003825,107.98,AIRLINE,GB,0.254,1,0
TXN_00005677,USR_020750,7.84,GROCERY,IN,0.282,1,0
TXN_00005678,USR_005454,10.52,RESTAURANT,JP,0.871,1,1
TXN_00005679,USR_008684,165.67,RESTAURANT,FR,0.9,1,1
TXN_00005680,USR_044043,84.1,RESTAURANT,IN,0.418,1,0
TXN_00005681,USR_038960,21.41,GROCERY,BR,0.514,1,0
TXN_00005682,USR_024310,94.68,RETAIL,DE,0.47,1,0
TXN_00005683,USR_020413,181.54,CRYPTO,DE,0.648,1,0
TXN_00005684,USR_016743,163.02,HOTEL,GB,0.729,1,0
TXN_00005685,USR_021711,16.2,ELECTRONICS,BR,0.861,1,1
TXN_00005686,USR_022445,40.91,ELECTRONICS,BR,0.384,1,0
TXN_00005687,USR_034954,105.19,GROCERY,BR,0.594,1,0
TXN_00005688,USR_048135,221.54,RESTAURANT,DE,0.443,1,0
TXN_00005689,USR_027316,90.71,RESTAURANT,IN,0.238,1,0
TXN_00005690,USR_001208,30.48,ELECTRONICS,SG,0.777,1,0
TXN_00005691,USR_020388,13.01,ELECTRONICS,FR,0.641,1,0
TXN_00005692,USR_025103,53.3,GROCERY,CA,0.421,1,0
TXN_00005693,USR_001105,110.94,ELECTRONICS,IN,0.603,1,0
TXN_00005694,USR_015431,14.98,CRYPTO,GB,0.487,1,0
TXN_00005695,USR_045144,39.69,CRYPTO,US,0.81,0,0
TXN_00005696,USR_047644,414.5,RETAIL,BR,0.528,1,0
TXN_00005697,USR_034345,65.21,GROCERY,AU,0.828,1,0
TXN_00005698,USR_029945,193.4,ELECTRONICS,DE,0.027,1,0
TXN_00005699,USR_006057,128.83,ELECTRONICS,GB,0.575,1,0
TXN_00005700,USR_036294,22.74,GAMING,FR,0.79,1,0
TXN_00005701,USR_049406,87.57,GROCERY,DE,0.54,1,0
TXN_00005702,USR_008931,91.48,RESTAURANT,AU,0.398,1,0
TXN_00005703,USR_005147,5.18,GROCERY,BR,0.23,1,0
TXN_00005704,USR_008221,235.67,GROCERY,CA,0.089,1,0
TXN_00005705,USR_021987,94.4,RETAIL,DE,0.75,1,0
TXN_00005706,USR_029607,314.31,RETAIL,IN,0.442,1,0
TXN_00005707,USR_004002,81.08,GAMING,FR,0.337,1,0
TXN_00005708,USR_030578,38.57,AIRLINE,GB,0.714,1,0
TXN_00005709,USR_038333,109.05,RETAIL,BR,0.081,1,0
TXN_00005710,USR_049815,26.51,GAMING,BR,0.583,1,0
TXN_00005711,USR_042413,72.62,ELECTRONICS,US,0.073,0,0
TXN_00005712,USR_041291,45.86,GROCERY,CA,0.063,1,0
TXN_00005713,USR_028939,47.78,HOTEL,AU,0.083,1,0
TXN_00005714,USR_013861,6.77,HOTEL,JP,0.888,1,1
TXN_00005715,USR_042298,13.55,GAMING,IN,0.628,1,0
TXN_00005716,USR_026532,188.16,HOTEL,CA,0.413,1,0
TXN_00005717,USR_038193,79.39,HOTEL,CA,0.019,1,0
TXN_00005718,USR_032408,119.18,GROCERY,BR,0.294,1,0
TXN_00005719,USR_004444,37.03,GAMING,SG,0.853,1,1
TXN_00005720,USR_022679,35.49,GAMING,DE,0.838,1,1
TXN_00005721,USR_022438,35.41,ELECTRONICS,FR,0.461,1,0
TXN_00005722,USR_019621,40.01,ELECTRONICS,GB,0.059,1,0
TXN_00005723,USR_014155,14.5,RESTAURANT,FR,0.76,1,0
TXN_00005724,USR_033340,82.22,RETAIL,AU,0.947,1,1
TXN_00005725,USR_033075,22.43,HOTEL,BR,0.484,1,0
TXN_00005726,USR_038538,50.43,GAMING,DE,0.673,1,0
TXN_00005727,USR_037441,22.0,GAMING,CA,0.617,1,0
TXN_00005728,USR_020154,39.11,RETAIL,JP,0.546,1,0
TXN_00005729,USR_020409,151.35,AIRLINE,IN,0.45,1,0
TXN_00005730,USR_016843,63.75,CRYPTO,FR,0.039,1,0
TXN_00005731,USR_028791,69.95,GROCERY,AU,0.072,1,0
TXN_00005732,USR_011664,61.55,ELECTRONICS,IN,0.69,1,0
TXN_00005733,USR_036665,10.32,HOTEL,DE,0.88,1,1
TXN_00005734,USR_036689,141.68,CRYPTO,GB,0.209,1,0
TXN_00005735,USR_049815,5.94,CRYPTO,SG,0.982,1,1
TXN_00005736,USR_037139,146.84,HOTEL,SG,0.974,1,1
TXN_00005737,USR_041456,38.88,GROCERY,JP,0.952,1,1
TXN_00005738,USR_047898,20.76,GAMING,FR,0.407,1,0
TXN_00005739,USR_049143,79.86,RETAIL,BR,0.724,1,0
TXN_00005740,USR_044681,66.79,RESTAURANT,JP,0.908,1,1
TXN_00005741,USR_041545,64.42,AIRLINE,BR,0.16,1,0
TXN_00005742,USR_047919,99.4,GROCERY,GB,0.782,1,0
TXN_00005743,USR_038808,278.22,CRYPTO,BR,0.777,1,0
TXN_00005744,USR_001085,219.44,ELECTRONICS,DE,0.282,1,0
TXN_00005745,USR_005908,39.91,ELECTRONICS,DE,0.284,1,0
TXN_00005746,USR_034273,33.65,GROCERY,IN,0.6,1,0
TXN_00005747,USR_046661,100.76,AIRLINE,JP,0.676,1,0
TXN_00005748,USR_003982,230.32,CRYPTO,FR,0.987,1,1
TXN_00005749,USR_018558,221.06,AIRLINE,IN,0.068,1,0
TXN_00005750,USR_005019,138.72,CRYPTO,US,0.466,0,0
TXN_00005751,USR_016792,24.07,RESTAURANT,GB,0.727,1,0
TXN_00005752,USR_016618,89.96,CRYPTO,JP,0.655,1,0
TXN_00005753,USR_031728,24.87,CRYPTO,IN,0.335,1,0
TXN_00005754,USR_040879,231.01,RETAIL,GB,0.273,1,0
TXN_00005755,USR_049167,124.9,GROCERY,CA,0.631,1,0
TXN_00005756,USR_001736,106.07,AIRLINE,US,0.944,0,1
TXN_00005757,USR_019032,64.05,CRYPTO,JP,0.335,1,0
TXN_00005758,USR_036228,75.14,GAMING,SG,0.835,1,0
TXN_00005759,USR_027456,46.39,AIRLINE,BR,0.969,1,1
TXN_00005760,USR_023607,45.33,ELECTRONICS,AU,0.815,1,0
TXN_00005761,USR_013772,194.07,RETAIL,GB,0.554,1,0
TXN_00005762,USR_049826,25.74,HOTEL,SG,0.776,1,0
TXN_00005763,USR_006524,144.99,RETAIL,AU,0.238,1,0
TXN_00005764,USR_023305,119.75,RETAIL,AU,0.954,1,1
TXN_00005765,USR_003317,30.06,HOTEL,FR,0.972,1,1
TXN_00005766,USR_028843,9.94,CRYPTO,CA,0.592,1,0
TXN_00005767,USR_037649,96.1,ELECTRONICS,US,0.836,0,0
TXN_00005768,USR_045807,69.06,HOTEL,JP,0.531,1,0
TXN_00005769,USR_012875,32.8,HOTEL,IN,0.657,1,0
TXN_00005770,USR_012663,187.32,AIRLINE,CA,0.252,1,0
TXN_00005771,USR_013647,12.71,CRYPTO,AU,0.865,1,1
TXN_00005772,USR_020327,87.56,AIRLINE,DE,0.395,1,0
TXN_00005773,USR_006324,187.41,AIRLINE,BR,0.88,1,1
TXN_00005774,USR_049407,10.69,GAMING,AU,0.097,1,0
TXN_00005775,USR_029867,68.3,GAMING,IN,0.875,1,1
TXN_00005776,USR_003143,193.32,AIRLINE,CA,0.3,1,0
TXN_00005777,USR_002968,184.03,HOTEL,FR,0.752,1,0
TXN_00005778,USR_030542,126.92,HOTEL,US,0.883,0,1
TXN_00005779,USR_049802,72.05,HOTEL,FR,0.218,1,1
TXN_00005780,USR_043514,144.49,ELECTRONICS,SG,0.337,1,0
TXN_00005781,USR_028606,238.52,RESTAURANT,FR,0.456,1,0
TXN_00005782,USR_019355,11.23,GAMING,DE,0.252,1,0
TXN_00005783,USR_039384,49.59,AIRLINE,FR,0.043,1,0
TXN_00005784,USR_027771,176.33,RESTAURANT,AU,0.966,1,1
TXN_00005785,USR_012726,66.65,GAMING,JP,0.194,1,0
TXN_00005786,USR_018318,43.11,CRYPTO,FR,0.458,1,0
TXN_00005787,USR_039088,15.29,RETAIL,AU,0.737,1,0
TXN_00005788,USR_008143,148.61,HOTEL,JP,0.514,1,0
TXN_00005789,USR_031719,265.49,RETAIL,FR,0.595,1,0
TXN_00005790,USR_010414,36.13,GROCERY,US,0.435,0,0
TXN_00005791,USR_003660,40.81,GAMING,CA,0.078,1,0
TXN_00005792,USR_011821,254.09,GROCERY,IN,0.32,1,0
TXN_00005793,USR_023469,91.86,CRYPTO,IN,0.055,1,0
TXN_00005794,USR_007081,133.99,AIRLINE,CA,0.06,1,0
TXN_00005795,USR_049039,7.29,HOTEL,CA,0.252,1,0
TXN_00005796,USR_016805,19.37,RESTAURANT,SG,0.776,1,0
TXN_00005797,USR_019370,148.29,GROCERY,GB,0.888,1,1
TXN_00005798,USR_038828,20.99,AIRLINE,AU,0.683,1,0
TXN_00005799,USR_036571,89.01,GROCERY,JP,0.856,1,1
TXN_00005800,USR_003571,145.81,RETAIL,CA,0.69,1,0
TXN_00005801,USR_019181,30.85,AIRLINE,FR,0.582,1,0
TXN_00005802,USR_021578,177.05,HOTEL,IN,0.344,1,0
TXN_00005803,USR_006740,170.92,GAMING,AU,0.977,1,1
TXN_00005804,USR_012709,170.81,ELECTRONICS,FR,0.388,1,0
TXN_00005805,USR_014522,16.75,RESTAURANT,CA,0.929,1,1
TXN_00005806,USR_010570,31.09,HOTEL,SG,0.294,1,0
TXN_00005807,USR_008786,243.93,CRYPTO,JP,0.954,1,1
TXN_00005808,USR_032774,57.41,RESTAURANT,GB,0.98,1,1
TXN_00005809,USR_028697,28.11,HOTEL,US,0.863,0,1
TXN_00005810,USR_030507,120.26,RETAIL,AU,0.394,1,0
TXN_00005811,USR_042070,120.65,HOTEL,JP,0.43,1,0
TXN_00005812,USR_021200,18.93,GAMING,IN,0.453,1,0
TXN_00005813,USR_006810,5.66,CRYPTO,GB,0.519,1,0
TXN_00005814,USR_017604,6.19,RESTAURANT,SG,0.656,1,0
TXN_00005815,USR_025868,166.26,CRYPTO,US,0.779,0,0
TXN_00005816,USR_035857,48.69,GROCERY,JP,0.444,1,0
TXN_00005817,USR_023521,12.91,RETAIL,DE,0.162,1,0
TXN_00005818,USR_045226,301.24,RETAIL,DE,0.089,1,0
TXN_00005819,USR_045961,110.14,RETAIL,BR,0.421,1,0
TXN_00005820,USR_038347,108.56,HOTEL,CA,0.301,1,0
TXN_00005821,USR_030270,120.35,RESTAURANT,FR,0.415,1,0
TXN_00005822,USR_031466,24.86,GAMING,DE,0.719,1,0
TXN_00005823,USR_045088,78.68,HOTEL,FR,0.781,1,0
TXN_00005824,USR_033728,18.76,AIRLINE,SG,0.423,1,0
TXN_00005825,USR_040229,77.32,ELECTRONICS,US,0.725,0,0
TXN_00005826,USR_028705,47.83,HOTEL,CA,0.275,1,1
TXN_00005827,USR_034595,59.78,HOTEL,IN,0.956,1,1
TXN_00005828,USR_009606,177.57,HOTEL,IN,0.558,1,0
TXN_00005829,USR_012061,77.19,RETAIL,US,0.027,0,0
TXN_00005830,USR_010339,17.08,RETAIL,GB,0.86,1,1
TXN_00005831,USR_045307,139.34,RETAIL,DE,0.19,1,0
TXN_00005832,USR_039887,57.54,GAMING,SG,0.702,1,0
TXN_00005833,USR_049314,87.54,RESTAURANT,GB,0.143,1,0
TXN_00005834,USR_030103,28.11,GROCERY,GB,0.809,1,0
TXN_00005835,USR_021731,12.24,ELECTRONICS,US,0.109,0,0
TXN_00005836,USR_005567,20.64,AIRLINE,SG,0.319,1,0
TXN_00005837,USR_037936,27.69,AIRLINE,IN,0.448,1,0
TXN_00005838,USR_028533,291.12,HOTEL,BR,0.362,1,0
TXN_00005839,USR_026120,197.2,GAMING,DE,0.623,1,0
TXN_00005840,USR_021526,378.6,GAMING,DE,0.306,1,0
TXN_00005841,USR_031584,24.42,RESTAURANT,FR,0.22,1,0
TXN_00005842,USR_037963,99.44,AIRLINE,DE,0.953,1,1
TXN_00005843,USR_022235,182.85,CRYPTO,JP,0.845,1,0
TXN_00005844,USR_044848,18.39,ELECTRONICS,BR,0.042,1,0
TXN_00005845,USR_036896,39.83,GROCERY,AU,0.955,1,1
TXN_00005846,USR_044378,259.82,CRYPTO,FR,0.282,1,0
TXN_00005847,USR_024829,10.43,AIRLINE,US,0.953,0,1
TXN_00005848,USR_019012,43.66,CRYPTO,US,0.267,0,0
TXN_00005849,USR_010674,36.95,ELECTRONICS,AU,0.715,1,0
TXN_00005850,USR_034573,150.49,RETAIL,BR,0.181,1,0
TXN_00005851,USR_044767,77.16,ELECTRONICS,SG,0.313,1,0
TXN_00005852,USR_041683,71.19,GROCERY,GB,0.016,1,0
TXN_00005853,USR_031124,136.87,GAMING,AU,0.235,1,0
TXN_00005854,USR_043602,194.04,GAMING,IN,0.152,1,0
TXN_00005855,USR_023184,227.15,GAMING,DE,0.856,1,1
TXN_00005856,USR_006488,29.29,GROCERY,US,0.022,0,0
TXN_00005857,USR_001248,173.98,GROCERY,GB,0.183,1,0
TXN_00005858,USR_038233,144.25,GAMING,BR,0.381,1,0
TXN_00005859,USR_046385,40.44,RETAIL,DE,0.183,1,0
TXN_00005860,USR_019910,82.15,GROCERY,CA,0.588,1,0
TXN_00005861,USR_039693,441.64,CRYPTO,BR,0.275,1,0
TXN_00005862,USR_018704,82.0,GROCERY,IN,0.196,1,0
TXN_00005863,USR_043506,152.73,RETAIL,JP,0.798,1,0
TXN_00005864,USR_002490,76.99,GROCERY,AU,0.925,1,1
TXN_00005865,USR_020691,34.57,AIRLINE,CA,0.337,1,1
TXN_00005866,USR_040649,5.41,RESTAURANT,BR,0.396,1,0
TXN_00005867,USR_009649,151.59,HOTEL,DE,0.863,1,1
TXN_00005868,USR_049125,48.52,CRYPTO,GB,0.076,1,0
TXN_00005869,USR_024202,102.63,ELECTRONICS,IN,0.641,1,0
TXN_00005870,USR_031694,106.92,HOTEL,FR,0.87,1,1
TXN_00005871,USR_007704,14.77,RESTAURANT,IN,0.562,1,0
TXN_00005872,USR_037723,23.9,RETAIL,IN,0.255,1,0
TXN_00005873,USR_005410,222.65,RESTAURANT,AU,0.382,1,0
TXN_00005874,USR_002975,131.3,GROCERY,GB,0.179,1,0
TXN_00005875,USR_035066,66.85,RETAIL,IN,0.305,1,0
TXN_00005876,USR_049778,33.15,ELECTRONICS,US,0.375,0,0
TXN_00005877,USR_026072,34.88,RETAIL,JP,0.592,1,0
TXN_00005878,USR_008403,16.83,RETAIL,BR,0.173,1,0
TXN_00005879,USR_047460,99.73,RETAIL,BR,0.56,1,0
TXN_00005880,USR_042745,102.09,ELECTRONICS,CA,0.76,1,0
TXN_00005881,USR_017109,142.37,GROCERY,JP,0.888,1,1
TXN_00005882,USR_028466,30.94,ELECTRONICS,IN,0.132,1,0
TXN_00005883,USR_019928,17.01,GAMING,AU,0.108,1,0
TXN_00005884,USR_037481,179.95,HOTEL,JP,0.258,1,0
TXN_00005885,USR_021814,10.23,ELECTRONICS,GB,0.757,1,0
TXN_00005886,USR_027617,98.44,CRYPTO,AU,0.975,1,1
TXN_00005887,USR_027653,41.52,HOTEL,IN,0.742,1,0
TXN_00005888,USR_017490,96.09,GAMING,US,0.211,0,0
TXN_00005889,USR_043323,51.64,GAMING,IN,0.519,1,0
TXN_00005890,USR_013341,19.02,GAMING,IN,0.247,1,0
TXN_00005891,USR_006423,196.57,HOTEL,JP,0.585,1,0
TXN_00005892,USR_001643,34.82,RETAIL,DE,0.708,1,0
TXN_00005893,USR_036778,325.73,ELECTRONICS,FR,0.346,1,0
TXN_00005894,USR_019647,127.24,ELECTRONICS,JP,0.892,1,1
TXN_00005895,USR_040340,57.61,GAMING,IN,0.329,1,0
TXN_00005896,USR_045952,7.59,GAMING,AU,0.826,1,0
TXN_00005897,USR_014868,290.29,AIRLINE,US,0.443,0,0
TXN_00005898,USR_041864,155.24,HOTEL,GB,0.171,1,0
TXN_00005899,USR_019322,18.98,AIRLINE,AU,0.914,1,1
TXN_00005900,USR_040874,96.54,RESTAURANT,CA,0.885,1,1
TXN_00005901,USR_015426,25.51,HOTEL,DE,0.49,1,0
TXN_00005902,USR_040849,171.86,RETAIL,JP,0.453,1,0
TXN_00005903,USR_030944,213.1,HOTEL,AU,0.255,1,0
TXN_00005904,USR_041289,15.49,GAMING,US,0.724,0,0
TXN_00005905,USR_028991,17.38,GAMING,CA,0.985,1,1
TXN_00005906,USR_017893,250.64,ELECTRONICS,SG,0.855,1,1
TXN_00005907,USR_039398,81.34,RESTAURANT,SG,0.625,1,0
TXN_00005908,USR_010542,68.41,HOTEL,AU,0.617,1,0
TXN_00005909,USR_012707,45.57,GROCERY,JP,0.618,1,0
TXN_00005910,USR_014609,139.68,RETAIL,IN,0.819,1,0
TXN_00005911,USR_034378,40.35,GAMING,IN,0.868,1,1
TXN_00005912,USR_039267,7.68,HOTEL,AU,0.307,1,0
TXN_00005913,USR_007793,25.69,RESTAURANT,CA,0.102,1,0
TXN_00005914,USR_049935,79.76,ELECTRONICS,DE,0.501,1,0
TXN_00005915,USR_007041,38.61,HOTEL,SG,0.764,1,0
TXN_00005916,USR_029706,15.67,HOTEL,US,0.663,0,0
TXN_00005917,USR_045324,45.4,AIRLINE,GB,0.656,1,0
TXN_00005918,USR_029668,17.16,RESTAURANT,US,0.645,0,0
TXN_00005919,USR_008227,113.75,AIRLINE,US,0.974,0,1
TXN_00005920,USR_022852,117.96,RETAIL,SG,0.456,1,0
TXN_00005921,USR_018772,102.71,RETAIL,GB,0.739,1,0
TXN_00005922,USR_016415,113.77,ELECTRONICS,CA,0.348,1,0
TXN_00005923,USR_029547,67.36,RETAIL,GB,0.857,1,1
TXN_00005924,USR_035239,135.43,CRYPTO,JP,0.159,1,0
TXN_00005925,USR_022902,26.44,HOTEL,US,0.927,0,1
TXN_00005926,USR_023865,164.52,ELECTRONICS,FR,0.454,1,0
TXN_00005927,USR_046844,39.24,CRYPTO,AU,0.779,1,0
TXN_00005928,USR_028597,179.27,GAMING,GB,0.748,1,0
TXN_00005929,USR_036166,134.37,AIRLINE,BR,0.884,1,1
TXN_00005930,USR_020588,92.88,HOTEL,GB,0.507,1,0
TXN_00005931,USR_019526,267.81,RESTAURANT,US,0.894,0,1
TXN_00005932,USR_007647,51.84,CRYPTO,BR,0.946,1,1
TXN_00005933,USR_046793,117.57,GROCERY,GB,0.468,1,0
TXN_00005934,USR_018914,94.12,RETAIL,DE,0.89,1,1
TXN_00005935,USR_037275,165.38,GROCERY,SG,0.754,1,0
TXN_00005936,USR_006510,16.61,AIRLINE,IN,0.394,1,0
TXN_00005937,USR_007493,261.04,AIRLINE,SG,0.293,1,0
TXN_00005938,USR_004190,104.53,CRYPTO,DE,0.096,1,0
TXN_00005939,USR_010341,93.45,RESTAURANT,GB,0.034,1,0
TXN_00005940,USR_004041,129.5,GROCERY,AU,0.364,1,0
TXN_00005941,USR_049735,19.18,RETAIL,AU,0.164,1,0
TXN_00005942,USR_023893,99.04,ELECTRONICS,BR,0.8,1,0
TXN_00005943,USR_003490,32.93,AIRLINE,US,0.252,0,0
TXN_00005944,USR_005460,148.15,GAMING,IN,0.529,1,0
TXN_00005945,USR_026957,14.62,ELECTRONICS,SG,0.037,1,0
TXN_00005946,USR_046104,77.28,RETAIL,DE,0.631,1,0
TXN_00005947,USR_014046,124.06,ELECTRONICS,SG,0.179,1,0
TXN_00005948,USR_044841,61.9,AIRLINE,IN,0.563,1,0
TXN_00005949,USR_005830,129.99,GROCERY,JP,0.152,1,0
TXN_00005950,USR_023061,11.72,AIRLINE,FR,0.988,1,1
TXN_00005951,USR_015081,294.41,HOTEL,GB,0.827,1,0
TXN_00005952,USR_006868,154.27,HOTEL,SG,0.564,1,0
TXN_00005953,USR_042361,68.0,RESTAURANT,AU,0.433,1,0
TXN_00005954,USR_016579,6.72,RETAIL,BR,0.337,1,0
TXN_00005955,USR_001547,41.63,RETAIL,DE,0.194,1,0
TXN_00005956,USR_013129,41.58,GROCERY,DE,0.564,1,0
TXN_00005957,USR_026992,60.52,RETAIL,US,0.308,0,0
TXN_00005958,USR_029362,42.41,GROCERY,IN,0.854,1,1
TXN_00005959,USR_039659,61.76,AIRLINE,JP,0.049,1,0
TXN_00005960,USR_039623,142.66,RETAIL,SG,0.781,1,0
TXN_00005961,USR_042888,45.91,AIRLINE,BR,0.152,1,0
TXN_00005962,USR_027595,239.11,RESTAURANT,IN,0.599,1,0
TXN_00005963,USR_034483,64.33,GAMING,SG,0.05,1,0
TXN_00005964,USR_049305,76.96,RESTAURANT,AU,0.135,1,0
TXN_00005965,USR_002332,551.78,ELECTRONICS,US,0.162,0,0
TXN_00005966,USR_009347,201.14,RETAIL,JP,0.4,1,0
TXN_00005967,USR_033352,5.67,CRYPTO,US,0.02,0,0
TXN_00005968,USR_031685,149.06,HOTEL,GB,0.909,1,1
TXN_00005969,USR_042175,83.36,GROCERY,JP,0.127,1,0
TXN_00005970,USR_023732,203.09,RETAIL,SG,0.321,1,0
TXN_00005971,USR_031040,10.18,RESTAURANT,IN,0.556,1,0
TXN_00005972,USR_026349,293.75,CRYPTO,CA,0.706,1,0
TXN_00005973,USR_015812,23.73,RESTAURANT,SG,0.197,1,0
TXN_00005974,USR_033496,98.34,AIRLINE,BR,0.011,1,0
TXN_00005975,USR_005378,103.37,GAMING,BR,0.146,1,0
TXN_00005976,USR_033061,296.43,RESTAURANT,US,0.952,0,1
TXN_00005977,USR_026617,26.84,CRYPTO,FR,0.368,1,0
TXN_00005978,USR_001999,57.87,RESTAURANT,DE,0.599,1,0
TXN_00005979,USR_015481,192.56,RESTAURANT,DE,0.721,1,0
TXN_00005980,USR_018707,41.65,CRYPTO,SG,0.202,1,0
TXN_00005981,USR_004436,72.96,CRYPTO,BR,0.153,1,0
TXN_00005982,USR_007284,90.49,GROCERY,BR,0.111,1,0
TXN_00005983,USR_029969,111.3,RESTAURANT,GB,0.302,1,0
TXN_00005984,USR_012765,141.32,GAMING,BR,0.915,1,1
TXN_00005985,USR_013736,35.12,GROCERY,SG,0.273,1,0
TXN_00005986,USR_004573,309.65,RETAIL,CA,0.303,1,0
TXN_00005987,USR_037536,115.29,AIRLINE,FR,0.277,1,0
TXN_00005988,USR_004258,30.14,GAMING,CA,0.71,1,0
TXN_00005989,USR_006794,11.19,AIRLINE,US,0.489,0,0
TXN_00005990,USR_041624,46.21,RESTAURANT,BR,0.156,1,0
TXN_00005991,USR_003181,49.33,GROCERY,GB,0.237,1,0
TXN_00005992,USR_007661,34.69,RETAIL,GB,0.876,1,1
TXN_00005993,USR_049769,268.85,GAMING,JP,0.16,1,0
TXN_00005994,USR_024101,125.09,CRYPTO,DE,0.775,1,0
TXN_00005995,USR_040982,208.83,RESTAURANT,CA,0.28,1,0
TXN_00005996,USR_037116,42.84,GROCERY,CA,0.537,1,0
TXN_00005997,USR_005823,90.41,GROCERY,FR,0.141,1,0
TXN_00005998,USR_036136,34.65,ELECTRONICS,BR,0.807,1,0
TXN_00005999,USR_017287,129.74,RESTAURANT,AU,0.475,1,0
TXN_00006000,USR_017913,116.01,RETAIL,GB,0.629,1,0
TXN_00006001,USR_043536,111.43,ELECTRONICS,FR,0.301,1,0
TXN_00006002,USR_021599,13.19,HOTEL,DE,0.871,1,1
TXN_00006003,USR_025901,59.04,RESTAURANT,SG,0.923,1,1
TXN_00006004,USR_033298,22.8,GROCERY,US,0.951,0,1
TXN_00006005,USR_033947,104.03,RETAIL,IN,0.749,1,0
TXN_00006006,USR_023898,49.38,RESTAURANT,GB,0.723,1,0
TXN_00006007,USR_015643,37.49,GROCERY,JP,0.968,1,1
TXN_00006008,USR_013312,201.52,GAMING,GB,0.192,1,0
TXN_00006009,USR_039343,30.76,GAMING,IN,0.16,1,0
TXN_00006010,USR_026907,59.15,CRYPTO,SG,0.307,1,0
TXN_00006011,USR_032595,214.72,RESTAURANT,CA,0.155,1,0
TXN_00006012,USR_023163,69.26,RESTAURANT,FR,0.931,1,1
TXN_00006013,USR_001050,312.07,RESTAURANT,FR,0.366,1,0
TXN_00006014,USR_043483,84.44,ELECTRONICS,AU,0.194,1,0
TXN_00006015,USR_026483,81.45,HOTEL,IN,0.597,1,0
TXN_00006016,USR_028765,107.55,GAMING,AU,0.141,1,0
TXN_00006017,USR_038986,53.03,ELECTRONICS,JP,0.146,1,0
TXN_00006018,USR_042914,11.07,RESTAURANT,CA,0.742,1,0
TXN_00006019,USR_022289,133.47,ELECTRONICS,AU,0.113,1,0
TXN_00006020,USR_024910,193.05,ELECTRONICS,JP,0.906,1,1
TXN_00006021,USR_039850,50.59,GROCERY,BR,0.655,1,0
TXN_00006022,USR_016297,11.46,RETAIL,JP,0.644,1,0
TXN_00006023,USR_035623,87.75,GROCERY,GB,0.888,1,1
TXN_00006024,USR_042179,18.69,HOTEL,CA,0.167,1,0
TXN_00006025,USR_006250,44.64,CRYPTO,IN,0.961,1,1
TXN_00006026,USR_047892,82.64,RETAIL,JP,0.502,1,0
TXN_00006027,USR_014415,257.63,GAMING,DE,0.934,1,1
TXN_00006028,USR_018344,151.44,ELECTRONICS,AU,0.313,1,0
TXN_00006029,USR_016522,86.73,HOTEL,SG,0.327,1,0
TXN_00006030,USR_003377,107.98,CRYPTO,AU,0.981,1,1
TXN_00006031,USR_002246,24.62,ELECTRONICS,JP,0.905,1,1
TXN_00006032,USR_035103,66.28,AIRLINE,SG,0.924,1,1
TXN_00006033,USR_029078,94.81,CRYPTO,FR,0.875,1,1
TXN_00006034,USR_020797,38.07,HOTEL,AU,0.968,1,1
TXN_00006035,USR_001801,34.97,GAMING,DE,0.836,1,0
TXN_00006036,USR_006558,172.62,HOTEL,GB,0.617,1,0
TXN_00006037,USR_001660,182.96,GAMING,IN,0.761,1,0
TXN_00006038,USR_034411,253.56,CRYPTO,CA,0.669,1,0
TXN_00006039,USR_043728,45.42,GAMING,DE,0.02,1,0
TXN_00006040,USR_043432,34.88,RESTAURANT,DE,0.207,1,0
TXN_00006041,USR_008880,22.27,ELECTRONICS,AU,0.791,1,0
TXN_00006042,USR_045866,23.0,CRYPTO,GB,0.739,1,0
TXN_00006043,USR_016204,211.29,RESTAURANT,US,0.212,0,0
TXN_00006044,USR_041583,76.41,RESTAURANT,GB,0.388,1,0
TXN_00006045,USR_010939,47.17,CRYPTO,AU,0.651,1,1
TXN_00006046,USR_034138,90.36,AIRLINE,FR,0.14,1,0
TXN_00006047,USR_016079,238.04,CRYPTO,BR,0.364,1,0
TXN_00006048,USR_038042,67.54,CRYPTO,IN,0.782,1,0
TXN_00006049,USR_013885,110.07,GROCERY,US,0.17,0,1
TXN_00006050,USR_016359,58.31,RESTAURANT,GB,0.437,1,0
TXN_00006051,USR_041490,78.24,CRYPTO,IN,0.443,1,0
TXN_00006052,USR_001829,110.92,ELECTRONICS,DE,0.084,1,0
TXN_00006053,USR_027036,76.9,GROCERY,DE,0.356,1,0
TXN_00006054,USR_023214,56.02,GAMING,DE,0.321,1,0
TXN_00006055,USR_010484,42.28,GROCERY,BR,0.818,1,0
TXN_00006056,USR_027521,13.13,AIRLINE,JP,0.205,1,0
TXN_00006057,USR_034729,251.18,HOTEL,IN,0.112,1,0
TXN_00006058,USR_028916,35.22,AIRLINE,FR,0.588,1,0
TXN_00006059,USR_028813,228.51,ELECTRONICS,GB,0.768,1,0
TXN_00006060,USR_005442,19.8,GAMING,AU,0.722,1,0
TXN_00006061,USR_032633,35.07,CRYPTO,JP,0.392,1,0
TXN_00006062,USR_004866,38.35,GROCERY,AU,0.613,1,0
TXN_00006063,USR_046239,136.8,RESTAURANT,JP,0.5,1,1
TXN_00006064,USR_046703,67.09,RESTAURANT,GB,0.811,1,0
TXN_00006065,USR_047498,97.34,AIRLINE,JP,0.565,1,0
TXN_00006066,USR_033481,121.86,RESTAURANT,JP,0.868,1,1
TXN_00006067,USR_004177,142.63,GAMING,US,0.648,0,0
TXN_00006068,USR_043067,384.85,HOTEL,FR,0.032,1,0
TXN_00006069,USR_040096,63.63,AIRLINE,DE,0.22,1,0
TXN_00006070,USR_007181,6.52,CRYPTO,AU,0.845,1,0
TXN_00006071,USR_028370,134.8,CRYPTO,JP,0.892,1,1
TXN_00006072,USR_040655,40.84,RESTAURANT,CA,0.615,1,0
TXN_00006073,USR_044133,331.13,AIRLINE,AU,0.459,1,0
TXN_00006074,USR_010051,258.09,RETAIL,FR,0.426,1,0
TXN_00006075,USR_040678,83.07,HOTEL,IN,0.413,1,0
TXN_00006076,USR_024308,183.95,HOTEL,BR,0.159,1,0
TXN_00006077,USR_002478,27.15,CRYPTO,JP,0.012,1,0
TXN_00006078,USR_042606,29.02,AIRLINE,JP,0.846,1,0
TXN_00006079,USR_013810,335.44,RETAIL,FR,0.115,1,0
TXN_00006080,USR_048316,151.94,AIRLINE,FR,0.203,1,0
TXN_00006081,USR_048310,137.4,RESTAURANT,CA,0.536,1,0
TXN_00006082,USR_022498,131.61,CRYPTO,CA,0.304,1,0
TXN_00006083,USR_015317,108.61,CRYPTO,CA,0.844,1,0
TXN_00006084,USR_040913,172.2,ELECTRONICS,CA,0.71,1,0
TXN_00006085,USR_005024,34.45,GAMING,AU,0.377,1,0
TXN_00006086,USR_039999,67.08,AIRLINE,FR,0.454,1,0
TXN_00006087,USR_018990,58.17,ELECTRONICS,IN,0.324,1,0
TXN_00006088,USR_035219,272.85,GROCERY,SG,0.16,1,0
TXN_00006089,USR_036829,114.23,HOTEL,DE,0.614,1,0
TXN_00006090,USR_031041,146.58,AIRLINE,CA,0.522,1,0
TXN_00006091,USR_048448,335.7,AIRLINE,GB,0.563,1,0
TXN_00006092,USR_018543,55.11,GROCERY,IN,0.271,1,0
TXN_00006093,USR_011548,160.27,GAMING,JP,0.621,1,0
TXN_00006094,USR_016355,114.76,AIRLINE,DE,0.953,1,1
TXN_00006095,USR_028876,71.82,AIRLINE,IN,0.17,1,0
TXN_00006096,USR_012309,19.55,GROCERY,JP,0.894,1,1
TXN_00006097,USR_024220,87.55,AIRLINE,CA,0.048,1,0
TXN_00006098,USR_044621,12.62,CRYPTO,US,0.438,0,0
TXN_00006099,USR_033140,77.3,GROCERY,SG,0.17,1,0
TXN_00006100,USR_009345,70.77,ELECTRONICS,SG,0.11,1,0
TXN_00006101,USR_037427,18.0,GROCERY,SG,0.897,1,1
TXN_00006102,USR_046840,87.77,GROCERY,GB,0.287,1,0
TXN_00006103,USR_021650,134.38,RETAIL,BR,0.813,1,0
TXN_00006104,USR_005138,54.85,RETAIL,IN,0.315,1,0
TXN_00006105,USR_011960,62.52,ELECTRONICS,AU,0.757,1,0
TXN_00006106,USR_015825,114.8,HOTEL,SG,0.586,1,0
TXN_00006107,USR_039579,96.06,GROCERY,IN,0.183,1,0
TXN_00006108,USR_043092,155.87,AIRLINE,GB,0.329,1,0
TXN_00006109,USR_011339,55.63,GROCERY,JP,0.12,1,0
TXN_00006110,USR_019559,72.18,AIRLINE,AU,0.301,1,0
TXN_00006111,USR_006983,260.07,AIRLINE,AU,0.102,1,0
TXN_00006112,USR_007234,188.65,HOTEL,US,0.042,0,0
TXN_00006113,USR_009945,5.85,AIRLINE,AU,0.489,1,0
TXN_00006114,USR_007271,98.82,ELECTRONICS,DE,0.696,1,0
TXN_00006115,USR_017806,17.11,RETAIL,CA,0.653,1,0
TXN_00006116,USR_041303,186.21,RETAIL,IN,0.754,1,0
TXN_00006117,USR_044730,10.89,RESTAURANT,GB,0.309,1,0
TXN_00006118,USR_015208,17.15,CRYPTO,DE,0.024,1,0
TXN_00006119,USR_044396,27.72,CRYPTO,FR,0.541,1,0
TXN_00006120,USR_041988,506.62,AIRLINE,GB,0.429,1,0
TXN_00006121,USR_046882,354.82,AIRLINE,DE,0.562,1,0
TXN_00006122,USR_025349,227.87,AIRLINE,BR,0.024,1,0
TXN_00006123,USR_022568,45.12,RESTAURANT,SG,0.301,1,0
TXN_00006124,USR_025814,60.7,AIRLINE,JP,0.905,1,1
TXN_00006125,USR_029696,37.39,CRYPTO,US,0.393,0,0
TXN_00006126,USR_038456,78.33,GROCERY,US,0.711,0,0
TXN_00006127,USR_018194,181.99,RETAIL,CA,0.707,1,0
TXN_00006128,USR_024635,217.16,RESTAURANT,SG,0.922,1,1
TXN_00006129,USR_003064,357.18,GROCERY,SG,0.384,1,0
TXN_00006130,USR_023682,56.47,GROCERY,JP,0.881,1,1
TXN_00006131,USR_009484,108.18,RETAIL,SG,0.221,1,0
TXN_00006132,USR_007572,196.93,CRYPTO,DE,0.418,1,0
TXN_00006133,USR_025527,503.99,RETAIL,IN,0.26,1,0
TXN_00006134,USR_015734,110.66,HOTEL,BR,0.863,1,1
TXN_00006135,USR_008427,91.7,ELECTRONICS,GB,0.71,1,0
TXN_00006136,USR_016097,76.56,HOTEL,US,0.496,0,0
TXN_00006137,USR_003910,6.07,RESTAURANT,CA,0.211,1,0
TXN_00006138,USR_005194,55.41,RETAIL,US,0.058,0,0
TXN_00006139,USR_042975,262.65,RESTAURANT,BR,0.257,1,0
TXN_00006140,USR_035992,104.92,GAMING,AU,0.378,1,1
TXN_00006141,USR_032453,503.07,ELECTRONICS,IN,0.972,1,1
TXN_00006142,USR_001161,7.85,RETAIL,US,0.65,0,0
TXN_00006143,USR_011285,123.19,GROCERY,DE,0.605,1,0
TXN_00006144,USR_018844,297.01,ELECTRONICS,JP,0.075,1,0
TXN_00006145,USR_031320,96.4,RESTAURANT,BR,0.69,1,0
TXN_00006146,USR_001919,9.45,ELECTRONICS,DE,0.144,1,0
TXN_00006147,USR_014358,140.32,RESTAURANT,CA,0.817,1,0
TXN_00006148,USR_023820,14.55,HOTEL,AU,0.099,1,0
TXN_00006149,USR_009965,182.87,GROCERY,FR,0.059,1,0
TXN_00006150,USR_046885,72.69,GAMING,SG,0.281,1,0
TXN_00006151,USR_025975,68.08,GAMING,GB,0.078,1,0
TXN_00006152,USR_005468,31.77,AIRLINE,IN,0.367,1,0
TXN_00006153,USR_039566,25.21,GROCERY,BR,0.071,1,0
TXN_00006154,USR_037922,19.46,RETAIL,GB,0.635,1,0
TXN_00006155,USR_027407,117.3,AIRLINE,IN,0.046,1,0
TXN_00006156,USR_022104,31.2,ELECTRONICS,IN,0.354,1,0
TXN_00006157,USR_027043,17.68,RETAIL,BR,0.965,1,1
TXN_00006158,USR_018328,49.81,ELECTRONICS,DE,0.795,1,0
TXN_00006159,USR_041370,12.44,HOTEL,FR,0.664,1,0
TXN_00006160,USR_044286,16.09,AIRLINE,GB,0.898,1,1
TXN_00006161,USR_046777,40.84,AIRLINE,BR,0.035,1,0
TXN_00006162,USR_019106,59.76,RESTAURANT,SG,0.939,1,1
TXN_00006163,USR_020645,31.54,RETAIL,BR,0.406,1,0
TXN_00006164,USR_004042,72.19,HOTEL,CA,0.757,1,0
TXN_00006165,USR_012331,54.0,AIRLINE,GB,0.655,1,0
TXN_00006166,USR_025890,61.91,GAMING,AU,0.152,1,0
TXN_00006167,USR_029821,135.43,CRYPTO,BR,0.183,1,0
TXN_00006168,USR_013703,103.89,AIRLINE,FR,0.848,1,0
TXN_00006169,USR_001210,32.11,RETAIL,US,0.952,0,1
TXN_00006170,USR_006864,346.95,CRYPTO,JP,0.54,1,0
TXN_00006171,USR_027249,20.06,RESTAURANT,BR,0.21,1,0
TXN_00006172,USR_031022,130.3,AIRLINE,SG,0.699,1,0
TXN_00006173,USR_042402,250.6,HOTEL,DE,0.026,1,0
TXN_00006174,USR_035343,35.0,ELECTRONICS,CA,0.924,1,1
TXN_00006175,USR_025582,238.91,RESTAURANT,BR,0.262,1,0
TXN_00006176,USR_002093,70.92,GAMING,FR,0.552,1,0
TXN_00006177,USR_036438,38.3,ELECTRONICS,SG,0.535,1,0
TXN_00006178,USR_017717,108.12,GROCERY,BR,0.09,1,0
TXN_00006179,USR_022064,26.44,GAMING,BR,0.64,1,0
TXN_00006180,USR_036547,43.38,RESTAURANT,BR,0.671,1,0
TXN_00006181,USR_030540,184.15,RESTAURANT,IN,0.648,1,0
TXN_00006182,USR_027484,36.04,RETAIL,US,0.204,0,0
TXN_00006183,USR_044755,772.22,GAMING,FR,0.773,1,1
TXN_00006184,USR_029017,282.38,HOTEL,CA,0.413,1,0
TXN_00006185,USR_010830,11.45,GAMING,AU,0.695,1,0
TXN_00006186,USR_042496,303.68,RETAIL,IN,0.805,1,0
TXN_00006187,USR_013350,27.12,HOTEL,US,0.472,0,0
TXN_00006188,USR_013581,452.13,HOTEL,IN,0.487,1,0
TXN_00006189,USR_039561,381.82,GAMING,CA,0.969,1,1
TXN_00006190,USR_002961,44.95,RETAIL,DE,0.031,1,0
TXN_00006191,USR_042848,132.64,GROCERY,US,0.277,0,0
TXN_00006192,USR_049019,112.68,GAMING,FR,0.399,1,0
TXN_00006193,USR_007513,7.64,HOTEL,AU,0.562,1,0
TXN_00006194,USR_038391,187.48,RETAIL,IN,0.637,1,0
TXN_00006195,USR_017849,80.97,RESTAURANT,FR,0.345,1,0
TXN_00006196,USR_011401,44.17,ELECTRONICS,FR,0.087,1,0
TXN_00006197,USR_037938,56.84,AIRLINE,AU,0.797,1,0
TXN_00006198,USR_048051,95.7,GAMING,IN,0.588,1,0
TXN_00006199,USR_042545,267.24,ELECTRONICS,AU,0.446,1,0
TXN_00006200,USR_038037,94.56,GROCERY,AU,0.679,1,0
TXN_00006201,USR_028618,146.93,RETAIL,AU,0.018,1,1
TXN_00006202,USR_017080,10.55,GROCERY,GB,0.421,1,0
TXN_00006203,USR_013771,77.25,HOTEL,IN,0.326,1,0
TXN_00006204,USR_020922,7.04,AIRLINE,GB,0.299,1,0
TXN_00006205,USR_049075,92.77,HOTEL,IN,0.74,1,0
TXN_00006206,USR_021994,127.84,GAMING,CA,0.299,1,0
TXN_00006207,USR_013689,17.64,AIRLINE,IN,0.408,1,0
TXN_00006208,USR_013261,241.99,AIRLINE,CA,0.441,1,0
TXN_00006209,USR_006627,413.64,AIRLINE,DE,0.983,1,1
TXN_00006210,USR_024115,46.4,RETAIL,FR,0.128,1,0
TXN_00006211,USR_030973,50.98,CRYPTO,DE,0.389,1,0
TXN_00006212,USR_042712,45.52,HOTEL,FR,0.388,1,0
TXN_00006213,USR_019366,13.85,HOTEL,CA,0.35,1,0
TXN_00006214,USR_014453,46.61,GAMING,JP,0.898,1,1
TXN_00006215,USR_010127,116.07,ELECTRONICS,CA,0.497,1,0
TXN_00006216,USR_034475,192.54,AIRLINE,SG,0.861,1,1
TXN_00006217,USR_023334,463.82,CRYPTO,BR,0.121,1,0
TXN_00006218,USR_002848,98.85,RETAIL,FR,0.628,1,0
TXN_00006219,USR_003424,40.13,AIRLINE,IN,0.622,1,0
TXN_00006220,USR_026821,71.14,HOTEL,FR,0.627,1,0
TXN_00006221,USR_045128,89.29,GROCERY,FR,0.887,1,1
TXN_00006222,USR_003823,60.78,HOTEL,IN,0.909,1,1
TXN_00006223,USR_035945,81.89,ELECTRONICS,CA,0.398,1,0
TXN_00006224,USR_014448,75.46,AIRLINE,BR,0.519,1,0
TXN_00006225,USR_027201,14.86,GROCERY,JP,0.651,1,0
TXN_00006226,USR_013580,229.91,HOTEL,SG,0.98,1,1
TXN_00006227,USR_002842,74.59,AIRLINE,GB,0.692,1,0
TXN_00006228,USR_044089,290.07,RESTAURANT,IN,0.196,1,0
TXN_00006229,USR_006580,76.65,RETAIL,CA,0.328,1,0
TXN_00006230,USR_003878,50.26,AIRLINE,AU,0.97,1,1
TXN_00006231,USR_044934,77.34,AIRLINE,CA,0.129,1,0
TXN_00006232,USR_019641,75.7,RESTAURANT,BR,0.227,1,0
TXN_00006233,USR_020527,10.58,ELECTRONICS,US,0.645,0,0
TXN_00006234,USR_028036,50.41,GAMING,GB,0.595,1,0
TXN_00006235,USR_040664,14.66,ELECTRONICS,GB,0.761,1,0
TXN_00006236,USR_009836,102.43,CRYPTO,BR,0.057,1,0
TXN_00006237,USR_008211,25.84,GROCERY,AU,0.07,1,0
TXN_00006238,USR_022318,163.11,GAMING,CA,0.831,1,0
TXN_00006239,USR_039083,72.25,RETAIL,FR,0.279,1,0
TXN_00006240,USR_037492,112.09,AIRLINE,AU,0.316,1,0
TXN_00006241,USR_009969,42.87,GAMING,BR,0.039,1,0
TXN_00006242,USR_039627,12.75,HOTEL,DE,0.246,1,0
TXN_00006243,USR_013673,50.21,GROCERY,SG,0.519,1,0
TXN_00006244,USR_006004,41.85,GROCERY,AU,0.73,1,0
TXN_00006245,USR_031885,26.17,GAMING,DE,0.82,1,0
TXN_00006246,USR_031280,265.37,GROCERY,IN,0.16,1,0
TXN_00006247,USR_048323,34.43,CRYPTO,GB,0.476,1,0
TXN_00006248,USR_010960,6.44,RETAIL,DE,0.518,1,0
TXN_00006249,USR_049254,271.05,AIRLINE,DE,0.252,1,0
TXN_00006250,USR_036282,8.38,GAMING,CA,0.282,1,0
TXN_00006251,USR_003124,116.51,CRYPTO,DE,0.387,1,0
TXN_00006252,USR_022541,260.37,AIRLINE,IN,0.846,1,0
TXN_00006253,USR_035909,6.96,AIRLINE,SG,0.933,1,1
TXN_00006254,USR_008530,55.15,AIRLINE,FR,0.885,1,1
TXN_00006255,USR_043420,7.58,GAMING,US,0.778,0,0
TXN_00006256,USR_032913,279.27,ELECTRONICS,DE,0.335,1,0
TXN_00006257,USR_001148,11.92,RESTAURANT,JP,0.456,1,0
TXN_00006258,USR_021505,182.59,RETAIL,FR,0.613,1,0
TXN_00006259,USR_034052,34.16,GROCERY,JP,0.104,1,0
TXN_00006260,USR_007431,71.75,ELECTRONICS,DE,0.702,1,0
TXN_00006261,USR_021970,103.92,ELECTRONICS,IN,0.264,1,0
TXN_00006262,USR_030512,53.26,RETAIL,IN,0.798,1,0
TXN_00006263,USR_036733,5.01,ELECTRONICS,AU,0.948,1,1
TXN_00006264,USR_021945,29.19,RETAIL,IN,0.022,1,0
TXN_00006265,USR_039114,18.52,CRYPTO,CA,0.802,1,0
TXN_00006266,USR_018421,18.78,RESTAURANT,IN,0.982,1,1
TXN_00006267,USR_026184,69.07,ELECTRONICS,BR,0.925,1,1
TXN_00006268,USR_005825,95.8,RETAIL,JP,0.487,1,0
TXN_00006269,USR_006180,38.24,RESTAURANT,AU,0.436,1,0
TXN_00006270,USR_043459,49.5,CRYPTO,FR,0.45,1,0
TXN_00006271,USR_046503,136.55,GAMING,GB,0.115,1,0
TXN_00006272,USR_002730,83.15,AIRLINE,SG,0.138,1,0
TXN_00006273,USR_042458,64.91,GROCERY,AU,0.463,1,0
TXN_00006274,USR_033084,91.03,GAMING,IN,0.983,1,1
TXN_00006275,USR_016404,89.74,RETAIL,BR,0.639,1,0
TXN_00006276,USR_023448,102.81,HOTEL,AU,0.387,1,0
TXN_00006277,USR_014717,9.51,RESTAURANT,BR,0.631,1,0
TXN_00006278,USR_043706,179.43,RETAIL,JP,0.821,1,0
TXN_00006279,USR_016650,177.93,GAMING,JP,0.97,1,1
TXN_00006280,USR_046073,89.58,RETAIL,GB,0.293,1,0
TXN_00006281,USR_043023,16.64,CRYPTO,BR,0.15,1,0
TXN_00006282,USR_010327,33.42,GAMING,DE,0.069,1,0
TXN_00006283,USR_035187,404.53,GAMING,DE,0.174,1,0
TXN_00006284,USR_012619,66.66,AIRLINE,US,0.824,0,0
TXN_00006285,USR_031512,42.54,RESTAURANT,FR,0.278,1,0
TXN_00006286,USR_035990,17.33,GROCERY,SG,0.904,1,1
TXN_00006287,USR_029437,175.48,ELECTRONICS,GB,0.799,1,0
TXN_00006288,USR_037470,246.05,ELECTRONICS,CA,0.592,1,0
TXN_00006289,USR_032542,59.64,CRYPTO,IN,0.706,1,0
TXN_00006290,USR_016850,348.56,GROCERY,JP,0.15,1,0
TXN_00006291,USR_032732,80.93,HOTEL,JP,0.075,1,0
TXN_00006292,USR_009544,16.62,GROCERY,DE,0.263,1,0
TXN_00006293,USR_024428,30.95,AIRLINE,SG,0.181,1,0
TXN_00006294,USR_002382,123.22,HOTEL,US,0.66,0,0
TXN_00006295,USR_006537,35.49,AIRLINE,GB,0.719,1,0
TXN_00006296,USR_005559,80.85,HOTEL,FR,0.145,1,0
TXN_00006297,USR_030352,36.98,CRYPTO,FR,0.03,1,0
TXN_00006298,USR_032292,80.81,HOTEL,SG,0.776,1,0
TXN_00006299,USR_039513,15.95,AIRLINE,US,0.309,0,0
TXN_00006300,USR_043597,135.21,AIRLINE,IN,0.273,1,0
TXN_00006301,USR_010176,123.96,RETAIL,DE,0.096,1,0
TXN_00006302,USR_032271,9.24,CRYPTO,DE,0.753,1,0
TXN_00006303,USR_015124,431.34,GAMING,US,0.909,0,1
TXN_00006304,USR_016027,66.45,ELECTRONICS,FR,0.709,1,0
TXN_00006305,USR_034798,12.39,ELECTRONICS,SG,0.037,1,0
TXN_00006306,USR_005792,95.16,HOTEL,DE,0.253,1,0
TXN_00006307,USR_037795,109.11,HOTEL,JP,0.116,1,0
TXN_00006308,USR_026373,73.72,HOTEL,FR,0.282,1,0
TXN_00006309,USR_007821,60.46,RESTAURANT,GB,0.2,1,0
TXN_00006310,USR_034714,17.89,RETAIL,GB,0.524,1,0
TXN_00006311,USR_020703,107.18,CRYPTO,DE,0.69,1,0
TXN_00006312,USR_038387,94.65,RETAIL,BR,0.069,1,0
TXN_00006313,USR_030335,20.06,ELECTRONICS,IN,0.351,1,0
TXN_00006314,USR_002387,31.04,RESTAURANT,US,0.462,0,0
TXN_00006315,USR_015389,22.78,CRYPTO,IN,0.109,1,0
TXN_00006316,USR_039451,143.84,CRYPTO,SG,0.804,1,0
TXN_00006317,USR_003586,106.84,GAMING,FR,0.592,1,0
TXN_00006318,USR_024861,24.64,AIRLINE,SG,0.352,1,0
TXN_00006319,USR_005631,123.69,GAMING,DE,0.746,1,0
TXN_00006320,USR_020612,107.55,AIRLINE,GB,0.297,1,0
TXN_00006321,USR_026353,50.08,GAMING,GB,0.474,1,0
TXN_00006322,USR_025287,39.24,CRYPTO,FR,0.419,1,0
TXN_00006323,USR_042143,35.31,AIRLINE,IN,0.832,1,0
TXN_00006324,USR_048572,159.38,RETAIL,AU,0.906,1,1
TXN_00006325,USR_049141,121.4,GROCERY,FR,0.511,1,0
TXN_00006326,USR_035000,128.11,GAMING,AU,0.531,1,0
TXN_00006327,USR_011203,146.53,AIRLINE,AU,0.688,1,0
TXN_00006328,USR_009848,428.56,GROCERY,CA,0.141,1,0
TXN_00006329,USR_049324,96.74,ELECTRONICS,SG,0.408,1,0
TXN_00006330,USR_021780,15.52,HOTEL,FR,0.162,1,0
TXN_00006331,USR_012407,26.89,GAMING,JP,0.652,1,0
TXN_00006332,USR_049988,54.36,RESTAURANT,US,0.438,0,0
TXN_00006333,USR_019037,12.1,HOTEL,FR,0.871,1,1
TXN_00006334,USR_019210,160.12,HOTEL,FR,0.156,1,0
TXN_00006335,USR_035774,7.62,ELECTRONICS,SG,0.322,1,0
TXN_00006336,USR_020188,237.83,RESTAURANT,GB,0.942,1,1
TXN_00006337,USR_046189,37.28,RETAIL,FR,0.659,1,0
TXN_00006338,USR_001358,69.89,CRYPTO,FR,0.022,1,0
TXN_00006339,USR_011528,61.87,ELECTRONICS,CA,0.461,1,0
TXN_00006340,USR_005510,12.86,RESTAURANT,CA,0.3,1,0
TXN_00006341,USR_039144,72.52,CRYPTO,US,0.593,0,0
TXN_00006342,USR_047076,79.39,CRYPTO,FR,0.356,1,1
TXN_00006343,USR_029654,121.08,ELECTRONICS,JP,0.684,1,0
TXN_00006344,USR_023600,7.15,HOTEL,FR,0.767,1,0
TXN_00006345,USR_030565,57.47,CRYPTO,AU,0.17,1,0
TXN_00006346,USR_026750,33.27,GAMING,BR,0.642,1,0
TXN_00006347,USR_012969,131.67,ELECTRONICS,SG,0.218,1,0
TXN_00006348,USR_047506,170.01,HOTEL,US,0.265,0,0
TXN_00006349,USR_049368,43.83,HOTEL,FR,0.894,1,1
TXN_00006350,USR_016895,132.54,GAMING,DE,0.391,1,0
TXN_00006351,USR_039353,76.97,RETAIL,CA,0.66,1,0
TXN_00006352,USR_006427,91.26,GROCERY,GB,0.694,1,0
TXN_00006353,USR_020974,398.02,GAMING,GB,0.335,1,0
TXN_00006354,USR_019156,108.4,RESTAURANT,JP,0.917,1,1
TXN_00006355,USR_015243,128.37,GAMING,CA,0.834,1,0
TXN_00006356,USR_038681,165.39,GAMING,DE,0.299,1,0
TXN_00006357,USR_013627,186.6,AIRLINE,JP,0.174,1,0
TXN_00006358,USR_030938,24.99,HOTEL,GB,0.034,1,0
TXN_00006359,USR_036826,32.44,GAMING,CA,0.119,1,0
TXN_00006360,USR_039272,87.83,RESTAURANT,CA,0.529,1,0
TXN_00006361,USR_015954,179.62,CRYPTO,AU,0.695,1,0
TXN_00006362,USR_017433,51.42,GROCERY,BR,0.082,1,1
TXN_00006363,USR_045755,36.53,HOTEL,AU,0.687,1,0
TXN_00006364,USR_029431,223.28,GAMING,FR,0.522,1,0
TXN_00006365,USR_041744,7.6,GAMING,DE,0.361,1,0
TXN_00006366,USR_026882,28.12,GROCERY,JP,0.479,1,0
TXN_00006367,USR_016783,169.22,RETAIL,US,0.333,0,1
TXN_00006368,USR_019579,121.35,RETAIL,AU,0.013,1,0
TXN_00006369,USR_038948,59.74,GAMING,JP,0.143,1,0
TXN_00006370,USR_043431,72.8,GAMING,CA,0.917,1,1
TXN_00006371,USR_030421,62.46,AIRLINE,CA,0.03,1,0
TXN_00006372,USR_022181,5.53,RESTAURANT,US,0.905,0,1
TXN_00006373,USR_040069,16.18,HOTEL,DE,0.101,1,0
TXN_00006374,USR_029635,140.81,GAMING,FR,0.328,1,0
TXN_00006375,USR_036826,102.52,CRYPTO,SG,0.496,1,0
TXN_00006376,USR_013321,66.72,RESTAURANT,DE,0.887,1,1
TXN_00006377,USR_011178,101.36,CRYPTO,AU,0.851,1,1
TXN_00006378,USR_040225,190.04,ELECTRONICS,GB,0.783,1,0
TXN_00006379,USR_028403,194.45,HOTEL,US,0.976,0,1
TXN_00006380,USR_011603,42.52,CRYPTO,SG,0.052,1,0
TXN_00006381,USR_023586,317.82,ELECTRONICS,FR,0.572,1,0
TXN_00006382,USR_015381,227.44,GAMING,FR,0.179,1,0
TXN_00006383,USR_007363,13.81,CRYPTO,FR,0.38,1,0
TXN_00006384,USR_019248,27.64,RESTAURANT,FR,0.03,1,1
TXN_00006385,USR_049155,69.84,GROCERY,FR,0.18,1,0
TXN_00006386,USR_045923,88.6,ELECTRONICS,AU,0.185,1,0
TXN_00006387,USR_008622,135.34,CRYPTO,DE,0.601,1,0
TXN_00006388,USR_025311,69.37,AIRLINE,US,0.612,0,0
TXN_00006389,USR_026902,139.72,AIRLINE,AU,0.308,1,0
TXN_00006390,USR_024660,287.15,CRYPTO,IN,0.049,1,0
TXN_00006391,USR_038527,267.94,CRYPTO,SG,0.609,1,0
TXN_00006392,USR_031427,12.71,ELECTRONICS,GB,0.24,1,0
TXN_00006393,USR_027926,35.93,ELECTRONICS,IN,0.763,1,0
TXN_00006394,USR_048940,251.87,AIRLINE,US,0.023,0,0
TXN_00006395,USR_018585,26.34,GROCERY,CA,0.96,1,1
TXN_00006396,USR_043821,9.95,ELECTRONICS,AU,0.93,1,1
TXN_00006397,USR_010732,113.74,RESTAURANT,JP,0.611,1,0
TXN_00006398,USR_004293,316.39,RESTAURANT,AU,0.189,1,0
TXN_00006399,USR_020911,172.21,RETAIL,AU,0.12,1,0
TXN_00006400,USR_034636,113.11,RETAIL,IN,0.687,1,0
TXN_00006401,USR_043165,7.11,CRYPTO,AU,0.082,1,0
TXN_00006402,USR_042557,42.87,AIRLINE,FR,0.926,1,1
TXN_00006403,USR_032584,153.82,GAMING,SG,0.616,1,0
TXN_00006404,USR_049123,46.22,RETAIL,US,0.479,0,0
TXN_00006405,USR_033466,87.69,CRYPTO,AU,0.297,1,0
TXN_00006406,USR_032110,302.22,HOTEL,GB,0.481,1,0
TXN_00006407,USR_039251,277.35,RESTAURANT,AU,0.169,1,0
TXN_00006408,USR_002134,136.68,GROCERY,IN,0.029,1,0
TXN_00006409,USR_031620,66.69,RETAIL,BR,0.679,1,0
TXN_00006410,USR_006075,128.02,ELECTRONICS,AU,0.092,1,0
TXN_00006411,USR_007708,287.22,GROCERY,FR,0.253,1,0
TXN_00006412,USR_020535,25.94,GAMING,CA,0.524,1,0
TXN_00006413,USR_047951,192.77,ELECTRONICS,AU,0.048,1,0
TXN_00006414,USR_034849,29.14,CRYPTO,GB,0.508,1,0
TXN_00006415,USR_044022,8.79,AIRLINE,CA,0.822,1,0
TXN_00006416,USR_048570,734.0,RESTAURANT,JP,0.845,1,0
TXN_00006417,USR_030209,232.69,RESTAURANT,FR,0.245,1,1
TXN_00006418,USR_009180,238.14,GAMING,CA,0.489,1,0
TXN_00006419,USR_031577,185.5,GAMING,BR,0.12,1,0
TXN_00006420,USR_046459,232.45,GROCERY,SG,0.835,1,0
TXN_00006421,USR_045232,42.6,ELECTRONICS,GB,0.03,1,0
TXN_00006422,USR_016897,45.56,RESTAURANT,AU,0.333,1,0
TXN_00006423,USR_009200,188.17,RESTAURANT,FR,0.223,1,0
TXN_00006424,USR_031588,42.59,RESTAURANT,GB,0.542,1,0
TXN_00006425,USR_012638,10.13,CRYPTO,DE,0.823,1,0
TXN_00006426,USR_030173,145.7,RETAIL,AU,0.144,1,0
TXN_00006427,USR_029562,56.73,CRYPTO,CA,0.922,1,1
TXN_00006428,USR_012028,13.83,HOTEL,AU,0.738,1,0
TXN_00006429,USR_006300,27.27,HOTEL,BR,0.596,1,0
TXN_00006430,USR_017838,48.91,GROCERY,JP,0.386,1,0
TXN_00006431,USR_003564,79.81,ELECTRONICS,AU,0.124,1,0
TXN_00006432,USR_013021,90.81,RETAIL,BR,0.889,1,1
TXN_00006433,USR_003360,62.18,HOTEL,US,0.642,0,0
TXN_00006434,USR_026402,344.98,HOTEL,IN,0.154,1,0
TXN_00006435,USR_041149,166.09,AIRLINE,FR,0.176,1,0
TXN_00006436,USR_027143,34.81,AIRLINE,IN,0.917,1,1
TXN_00006437,USR_028767,59.26,HOTEL,BR,0.131,1,0
TXN_00006438,USR_006974,233.4,RESTAURANT,JP,0.776,1,0
TXN_00006439,USR_043062,57.52,AIRLINE,IN,0.468,1,0
TXN_00006440,USR_031832,207.76,HOTEL,JP,0.802,1,0
TXN_00006441,USR_012009,57.38,GROCERY,CA,0.53,1,0
TXN_00006442,USR_034038,136.42,CRYPTO,DE,0.495,1,0
TXN_00006443,USR_030129,5.85,GAMING,AU,0.089,1,0
TXN_00006444,USR_045923,143.72,CRYPTO,US,0.273,0,0
TXN_00006445,USR_006403,12.74,GROCERY,CA,0.577,1,0
TXN_00006446,USR_018360,70.13,CRYPTO,CA,0.605,1,0
TXN_00006447,USR_012916,41.93,AIRLINE,FR,0.105,1,0
TXN_00006448,USR_014128,107.07,ELECTRONICS,JP,0.661,1,1
TXN_00006449,USR_036252,35.96,RETAIL,CA,0.881,1,1
TXN_00006450,USR_014247,9.46,HOTEL,DE,0.868,1,1
TXN_00006451,USR_048291,130.02,HOTEL,SG,0.65,1,0
TXN_00006452,USR_045966,58.31,AIRLINE,GB,0.838,1,0
TXN_00006453,USR_026506,321.37,GAMING,DE,0.802,1,0
TXN_00006454,USR_036769,93.64,AIRLINE,FR,0.933,1,1
TXN_00006455,USR_033777,95.34,GAMING,US,0.464,0,0
TXN_00006456,USR_039600,114.11,RETAIL,GB,0.104,1,0
TXN_00006457,USR_047523,142.38,HOTEL,US,0.962,0,1
TXN_00006458,USR_015643,267.75,CRYPTO,AU,0.49,1,0
TXN_00006459,USR_001626,472.77,AIRLINE,US,0.51,0,0
TXN_00006460,USR_013435,11.54,AIRLINE,GB,0.158,1,0
TXN_00006461,USR_038333,209.78,ELECTRONICS,BR,0.705,1,0
TXN_00006462,USR_015573,122.66,AIRLINE,JP,0.118,1,0
TXN_00006463,USR_024378,42.15,ELECTRONICS,FR,0.971,1,1
TXN_00006464,USR_016018,20.88,ELECTRONICS,FR,0.681,1,0
TXN_00006465,USR_039183,48.01,RESTAURANT,AU,0.6,1,0
TXN_00006466,USR_042882,407.12,RETAIL,CA,0.632,1,0
TXN_00006467,USR_035545,6.32,RESTAURANT,DE,0.983,1,1
TXN_00006468,USR_043291,78.69,RETAIL,JP,0.888,1,1
TXN_00006469,USR_018119,65.39,ELECTRONICS,CA,0.143,1,0
TXN_00006470,USR_013455,190.31,ELECTRONICS,CA,0.03,1,0
TXN_00006471,USR_034055,57.74,RESTAURANT,JP,0.197,1,0
TXN_00006472,USR_013467,287.41,GAMING,BR,0.596,1,1
TXN_00006473,USR_033513,74.95,RESTAURANT,DE,0.927,1,1
TXN_00006474,USR_008274,48.38,GROCERY,IN,0.313,1,0
TXN_00006475,USR_010887,14.49,GROCERY,CA,0.036,1,0
TXN_00006476,USR_026846,117.98,RESTAURANT,AU,0.556,1,0
TXN_00006477,USR_016957,231.61,HOTEL,IN,0.117,1,0
TXN_00006478,USR_018304,29.07,CRYPTO,US,0.42,0,0
TXN_00006479,USR_015667,57.88,GROCERY,IN,0.531,1,0
TXN_00006480,USR_042947,62.89,GROCERY,BR,0.039,1,0
TXN_00006481,USR_025321,9.08,HOTEL,CA,0.588,1,0
TXN_00006482,USR_025506,42.35,ELECTRONICS,JP,0.957,1,1
TXN_00006483,USR_015246,48.62,GAMING,US,0.063,0,0
TXN_00006484,USR_002582,16.54,RESTAURANT,BR,0.599,1,0
TXN_00006485,USR_042669,103.02,GROCERY,CA,0.987,1,1
TXN_00006486,USR_032285,37.28,AIRLINE,AU,0.113,1,0
TXN_00006487,USR_014031,83.3,GROCERY,AU,0.601,1,0
TXN_00006488,USR_010792,10.41,AIRLINE,GB,0.758,1,0
TXN_00006489,USR_022876,144.24,ELECTRONICS,BR,0.955,1,1
TXN_00006490,USR_009238,19.92,GROCERY,FR,0.502,1,0
TXN_00006491,USR_024009,41.66,HOTEL,CA,0.271,1,0
TXN_00006492,USR_041410,307.24,RETAIL,IN,0.723,1,0
TXN_00006493,USR_018284,193.83,GAMING,JP,0.487,1,0
TXN_00006494,USR_002268,18.54,AIRLINE,GB,0.56,1,0
TXN_00006495,USR_017508,52.62,HOTEL,CA,0.722,1,0
TXN_00006496,USR_049295,124.38,RETAIL,GB,0.556,1,0
TXN_00006497,USR_032220,19.53,AIRLINE,BR,0.149,1,0
TXN_00006498,USR_017039,64.64,GROCERY,US,0.448,0,0
TXN_00006499,USR_034719,8.03,GROCERY,FR,0.181,1,0
TXN_00006500,USR_018332,41.85,ELECTRONICS,SG,0.25,1,0
TXN_00006501,USR_018017,20.85,RESTAURANT,DE,0.155,1,0
TXN_00006502,USR_042499,133.03,CRYPTO,DE,0.103,1,0
TXN_00006503,USR_028394,8.89,RESTAURANT,US,0.773,0,0
TXN_00006504,USR_008398,64.1,RESTAURANT,FR,0.193,1,0
TXN_00006505,USR_026698,15.9,GROCERY,AU,0.521,1,0
TXN_00006506,USR_046918,121.63,ELECTRONICS,IN,0.913,1,1
TXN_00006507,USR_016006,102.23,AIRLINE,BR,0.428,1,0
TXN_00006508,USR_024998,9.82,HOTEL,JP,0.922,1,1
TXN_00006509,USR_009229,148.53,ELECTRONICS,GB,0.867,1,1
TXN_00006510,USR_046214,493.76,GAMING,SG,0.517,1,0
TXN_00006511,USR_013517,110.51,CRYPTO,GB,0.061,1,0
TXN_00006512,USR_014623,175.93,GAMING,JP,0.689,1,0
TXN_00006513,USR_039523,34.77,RESTAURANT,US,0.929,0,1
TXN_00006514,USR_048217,62.29,RESTAURANT,CA,0.515,1,0
TXN_00006515,USR_001047,214.04,GAMING,BR,0.05,1,0
TXN_00006516,USR_048381,124.23,GROCERY,FR,0.644,1,0
TXN_00006517,USR_039111,134.78,RETAIL,AU,0.853,1,1
TXN_00006518,USR_018351,59.77,HOTEL,IN,0.864,1,1
TXN_00006519,USR_030354,9.68,ELECTRONICS,AU,0.88,1,1
TXN_00006520,USR_049161,144.5,RETAIL,GB,0.61,1,0
TXN_00006521,USR_010853,30.2,GAMING,FR,0.36,1,0
TXN_00006522,USR_040255,57.24,HOTEL,DE,0.71,1,0
TXN_00006523,USR_044529,13.51,RESTAURANT,FR,0.04,1,0
TXN_00006524,USR_003660,88.73,RETAIL,DE,0.815,1,0
TXN_00006525,USR_042266,21.76,HOTEL,BR,0.432,1,0
TXN_00006526,USR_016660,15.31,RESTAURANT,SG,0.906,1,1
TXN_00006527,USR_039887,360.44,HOTEL,SG,0.383,1,0
TXN_00006528,USR_002256,165.4,AIRLINE,FR,0.256,1,0
TXN_00006529,USR_014564,424.43,GAMING,CA,0.794,1,0
TXN_00006530,USR_011448,143.49,HOTEL,US,0.169,0,0
TXN_00006531,USR_030274,269.8,AIRLINE,US,0.156,0,0
TXN_00006532,USR_016911,7.51,AIRLINE,FR,0.438,1,0
TXN_00006533,USR_031940,42.7,RESTAURANT,FR,0.883,1,1
TXN_00006534,USR_047281,92.59,RETAIL,DE,0.718,1,0
TXN_00006535,USR_029403,29.89,RETAIL,BR,0.061,1,0
TXN_00006536,USR_046359,91.8,GROCERY,US,0.727,0,0
TXN_00006537,USR_001129,138.93,GROCERY,SG,0.088,1,0
TXN_00006538,USR_003166,109.22,CRYPTO,FR,0.746,1,0
TXN_00006539,USR_018136,205.21,HOTEL,AU,0.53,1,0
TXN_00006540,USR_021871,198.8,CRYPTO,JP,0.949,1,1
TXN_00006541,USR_001920,16.45,CRYPTO,GB,0.851,1,1
TXN_00006542,USR_043771,89.11,HOTEL,AU,0.089,1,0
TXN_00006543,USR_006531,67.84,HOTEL,JP,0.203,1,0
TXN_00006544,USR_022380,158.67,ELECTRONICS,AU,0.827,1,0
TXN_00006545,USR_049777,17.22,RETAIL,SG,0.796,1,0
TXN_00006546,USR_001164,71.5,GAMING,SG,0.384,1,0
TXN_00006547,USR_027732,134.71,GAMING,FR,0.191,1,0
TXN_00006548,USR_030661,50.37,CRYPTO,DE,0.99,1,1
TXN_00006549,USR_044947,46.68,RESTAURANT,FR,0.919,1,1
TXN_00006550,USR_028613,245.38,AIRLINE,AU,0.708,1,0
TXN_00006551,USR_047446,276.65,GAMING,US,0.252,0,0
TXN_00006552,USR_008701,22.79,GROCERY,SG,0.878,1,1
TXN_00006553,USR_042344,63.7,RESTAURANT,FR,0.963,1,1
TXN_00006554,USR_020693,19.13,GAMING,JP,0.66,1,0
TXN_00006555,USR_012261,55.73,HOTEL,BR,0.473,1,0
TXN_00006556,USR_044762,115.84,RETAIL,JP,0.502,1,0
TXN_00006557,USR_006120,227.86,AIRLINE,DE,0.731,1,0
TXN_00006558,USR_046262,8.67,ELECTRONICS,IN,0.875,1,1
TXN_00006559,USR_005638,13.19,RETAIL,IN,0.125,1,0
TXN_00006560,USR_018265,786.26,AIRLINE,SG,0.109,1,0
TXN_00006561,USR_002180,23.21,GROCERY,CA,0.063,1,0
TXN_00006562,USR_016633,102.08,CRYPTO,AU,0.829,1,0
TXN_00006563,USR_039368,89.5,AIRLINE,CA,0.409,1,1
TXN_00006564,USR_025613,6.93,ELECTRONICS,BR,0.582,1,0
TXN_00006565,USR_008431,86.82,CRYPTO,DE,0.907,1,1
TXN_00006566,USR_037477,71.18,AIRLINE,IN,0.22,1,0
TXN_00006567,USR_012230,5.58,RETAIL,BR,0.697,1,0
TXN_00006568,USR_042023,62.98,AIRLINE,AU,0.736,1,0
TXN_00006569,USR_022051,56.34,HOTEL,GB,0.125,1,0
TXN_00006570,USR_008735,76.35,ELECTRONICS,GB,0.716,1,0
TXN_00006571,USR_006415,50.07,GAMING,FR,0.278,1,0
TXN_00006572,USR_019113,15.99,AIRLINE,BR,0.667,1,0
TXN_00006573,USR_026790,111.45,AIRLINE,DE,0.495,1,0
TXN_00006574,USR_016576,77.39,HOTEL,GB,0.858,1,1
TXN_00006575,USR_049303,231.9,ELECTRONICS,IN,0.205,1,0
TXN_00006576,USR_049307,287.75,RESTAURANT,AU,0.939,1,1
TXN_00006577,USR_004225,118.25,RESTAURANT,DE,0.416,1,0
TXN_00006578,USR_001824,62.13,CRYPTO,DE,0.205,1,0
TXN_00006579,USR_035348,5.74,HOTEL,FR,0.49,1,0
TXN_00006580,USR_025030,178.22,GAMING,AU,0.557,1,0
TXN_00006581,USR_033760,99.51,ELECTRONICS,SG,0.389,1,0
TXN_00006582,USR_030218,75.31,CRYPTO,GB,0.752,1,0
TXN_00006583,USR_007938,12.68,RETAIL,GB,0.772,1,0
TXN_00006584,USR_018695,94.58,RESTAURANT,AU,0.062,1,0
TXN_00006585,USR_022629,27.7,RETAIL,DE,0.727,1,0
TXN_00006586,USR_025338,72.52,CRYPTO,IN,0.857,1,1
TXN_00006587,USR_020268,151.71,ELECTRONICS,SG,0.556,1,0
TXN_00006588,USR_043210,7.0,AIRLINE,JP,0.722,1,0
TXN_00006589,USR_038310,52.67,GAMING,GB,0.179,1,0
TXN_00006590,USR_002227,29.13,HOTEL,DE,0.491,1,0
TXN_00006591,USR_001852,204.56,GAMING,AU,0.824,1,0
TXN_00006592,USR_008944,96.74,HOTEL,AU,0.738,1,0
TXN_00006593,USR_017128,60.49,RETAIL,US,0.309,0,0
TXN_00006594,USR_049016,188.92,AIRLINE,DE,0.159,1,0
TXN_00006595,USR_009584,174.09,CRYPTO,GB,0.66,1,0
TXN_00006596,USR_045898,41.65,RESTAURANT,DE,0.29,1,0
TXN_00006597,USR_007337,85.02,ELECTRONICS,DE,0.684,1,0
TXN_00006598,USR_048577,73.96,GAMING,SG,0.267,1,0
TXN_00006599,USR_027035,33.52,CRYPTO,BR,0.652,1,0
TXN_00006600,USR_012357,129.43,CRYPTO,DE,0.637,1,0
TXN_00006601,USR_021491,147.4,ELECTRONICS,IN,0.669,1,0
TXN_00006602,USR_021483,206.36,CRYPTO,DE,0.826,1,0
TXN_00006603,USR_025930,40.81,CRYPTO,CA,0.047,1,0
TXN_00006604,USR_027515,168.35,RETAIL,US,0.974,0,1
TXN_00006605,USR_008888,17.13,RETAIL,AU,0.305,1,0
TXN_00006606,USR_009112,144.27,CRYPTO,AU,0.667,1,0
TXN_00006607,USR_035409,444.62,AIRLINE,SG,0.333,1,0
TXN_00006608,USR_027111,6.84,RESTAURANT,IN,0.074,1,0
TXN_00006609,USR_009234,210.3,HOTEL,AU,0.498,1,0
TXN_00006610,USR_044598,33.55,AIRLINE,JP,0.523,1,0
TXN_00006611,USR_007967,68.02,RESTAURANT,IN,0.843,1,0
TXN_00006612,USR_026948,96.2,RESTAURANT,US,0.072,0,0
TXN_00006613,USR_037561,298.57,ELECTRONICS,US,0.242,0,0
TXN_00006614,USR_021110,46.75,GAMING,BR,0.07,1,0
TXN_00006615,USR_016665,35.24,HOTEL,JP,0.481,1,0
TXN_00006616,USR_035025,456.61,GAMING,JP,0.247,1,0
TXN_00006617,USR_035929,45.13,RETAIL,FR,0.466,1,0
TXN_00006618,USR_015646,22.83,GROCERY,DE,0.961,1,1
TXN_00006619,USR_048287,26.31,GROCERY,CA,0.056,1,0
TXN_00006620,USR_029118,137.93,HOTEL,FR,0.745,1,0
TXN_00006621,USR_003075,139.28,ELECTRONICS,FR,0.306,1,0
TXN_00006622,USR_035222,311.37,GROCERY,IN,0.178,1,0
TXN_00006623,USR_041569,18.67,AIRLINE,JP,0.223,1,0
TXN_00006624,USR_020978,42.92,AIRLINE,US,0.91,0,1
TXN_00006625,USR_002208,187.99,HOTEL,BR,0.738,1,0
TXN_00006626,USR_029984,155.53,HOTEL,SG,0.033,1,0
TXN_00006627,USR_023573,46.37,CRYPTO,US,0.257,0,0
TXN_00006628,USR_025976,215.94,HOTEL,JP,0.918,1,1
TXN_00006629,USR_030798,51.97,RESTAURANT,IN,0.92,1,1
TXN_00006630,USR_032001,371.02,GROCERY,FR,0.979,1,1
TXN_00006631,USR_008957,211.84,AIRLINE,CA,0.952,1,1
TXN_00006632,USR_012535,311.39,ELECTRONICS,IN,0.697,1,0
TXN_00006633,USR_013296,20.51,GAMING,CA,0.723,1,0
TXN_00006634,USR_001743,65.9,CRYPTO,BR,0.58,1,1
TXN_00006635,USR_005152,38.56,CRYPTO,BR,0.404,1,0
TXN_00006636,USR_049313,91.13,RETAIL,SG,0.18,1,0
TXN_00006637,USR_034482,27.96,HOTEL,BR,0.42,1,0
TXN_00006638,USR_044366,43.4,ELECTRONICS,BR,0.599,1,0
TXN_00006639,USR_035643,58.02,GROCERY,SG,0.747,1,0
TXN_00006640,USR_030152,115.05,HOTEL,CA,0.378,1,0
TXN_00006641,USR_049140,106.19,GAMING,FR,0.288,1,0
TXN_00006642,USR_033114,86.21,RETAIL,US,0.978,0,1
TXN_00006643,USR_019437,463.31,RETAIL,US,0.607,0,0
TXN_00006644,USR_022703,45.84,AIRLINE,GB,0.944,1,1
TXN_00006645,USR_031192,168.96,ELECTRONICS,DE,0.501,1,0
TXN_00006646,USR_016991,291.35,GAMING,DE,0.79,1,0
TXN_00006647,USR_041584,14.94,RESTAURANT,SG,0.026,1,0
TXN_00006648,USR_035306,10.79,GROCERY,GB,0.809,1,0
TXN_00006649,USR_033507,19.97,AIRLINE,BR,0.796,1,0
TXN_00006650,USR_010210,44.29,GROCERY,IN,0.721,1,0
TXN_00006651,USR_014308,106.3,GROCERY,JP,0.297,1,0
TXN_00006652,USR_007013,37.48,RESTAURANT,GB,0.234,1,0
TXN_00006653,USR_035424,145.8,RESTAURANT,DE,0.409,1,0
TXN_00006654,USR_039102,243.39,CRYPTO,FR,0.237,1,0
TXN_00006655,USR_049997,49.13,RESTAURANT,FR,0.184,1,0
TXN_00006656,USR_005480,28.76,ELECTRONICS,BR,0.044,1,0
TXN_00006657,USR_014642,97.85,ELECTRONICS,US,0.358,0,0
TXN_00006658,USR_030554,47.98,GROCERY,AU,0.71,1,0
TXN_00006659,USR_039952,54.66,HOTEL,IN,0.516,1,0
TXN_00006660,USR_040983,145.76,ELECTRONICS,AU,0.113,1,0
TXN_00006661,USR_026265,161.85,AIRLINE,SG,0.842,1,0
TXN_00006662,USR_039662,220.07,CRYPTO,FR,0.789,1,0
TXN_00006663,USR_011222,232.21,RETAIL,FR,0.748,1,0
TXN_00006664,USR_049517,61.53,GAMING,GB,0.127,1,0
TXN_00006665,USR_003903,6.44,ELECTRONICS,SG,0.258,1,1
TXN_00006666,USR_034486,69.44,AIRLINE,GB,0.366,1,0
TXN_00006667,USR_041439,10.0,AIRLINE,FR,0.922,1,1
TXN_00006668,USR_018252,47.97,HOTEL,DE,0.568,1,0
TXN_00006669,USR_029220,121.36,GROCERY,CA,0.362,1,0
TXN_00006670,USR_039754,91.31,AIRLINE,US,0.337,0,0
TXN_00006671,USR_018363,16.52,CRYPTO,US,0.604,0,0
TXN_00006672,USR_035824,192.32,RETAIL,CA,0.679,1,0
TXN_00006673,USR_031896,263.89,ELECTRONICS,GB,0.608,1,0
TXN_00006674,USR_018645,72.78,HOTEL,SG,0.829,1,0
TXN_00006675,USR_046981,9.19,GROCERY,AU,0.312,1,0
TXN_00006676,USR_024987,250.96,RETAIL,GB,0.496,1,0
TXN_00006677,USR_042532,31.3,RESTAURANT,BR,0.569,1,1
TXN_00006678,USR_020516,14.19,ELECTRONICS,AU,0.142,1,0
TXN_00006679,USR_024679,16.11,ELECTRONICS,AU,0.297,1,0
TXN_00006680,USR_017194,81.73,HOTEL,AU,0.16,1,0
TXN_00006681,USR_015551,261.37,GAMING,DE,0.127,1,0
TXN_00006682,USR_049465,264.2,GAMING,DE,0.674,1,0
TXN_00006683,USR_031170,14.84,CRYPTO,GB,0.722,1,0
TXN_00006684,USR_038008,85.45,GAMING,FR,0.435,1,0
TXN_00006685,USR_001633,237.85,CRYPTO,GB,0.4,1,0
TXN_00006686,USR_037852,51.43,AIRLINE,GB,0.493,1,0
TXN_00006687,USR_039232,20.03,CRYPTO,CA,0.714,1,0
TXN_00006688,USR_022277,11.35,AIRLINE,JP,0.321,1,0
TXN_00006689,USR_006281,72.07,RESTAURANT,AU,0.867,1,1
TXN_00006690,USR_011400,86.41,CRYPTO,IN,0.817,1,0
TXN_00006691,USR_047166,253.5,GROCERY,AU,0.958,1,1
TXN_00006692,USR_016159,133.42,AIRLINE,US,0.136,0,0
TXN_00006693,USR_031541,85.18,AIRLINE,IN,0.158,1,0
TXN_00006694,USR_040372,22.75,AIRLINE,DE,0.871,1,1
TXN_00006695,USR_035886,359.72,HOTEL,BR,0.597,1,0
TXN_00006696,USR_046963,31.18,RESTAURANT,AU,0.877,1,1
TXN_00006697,USR_028209,16.6,RESTAURANT,JP,0.275,1,0
TXN_00006698,USR_016007,286.58,AIRLINE,FR,0.27,1,0
TXN_00006699,USR_042158,27.74,AIRLINE,GB,0.277,1,0
TXN_00006700,USR_043268,46.96,GROCERY,DE,0.588,1,0
TXN_00006701,USR_030915,26.5,ELECTRONICS,DE,0.083,1,0
TXN_00006702,USR_010219,264.75,GROCERY,JP,0.908,1,1
TXN_00006703,USR_014554,75.81,RESTAURANT,IN,0.425,1,0
TXN_00006704,USR_040162,125.94,RETAIL,AU,0.74,1,0
TXN_00006705,USR_042070,97.04,GROCERY,IN,0.421,1,0
TXN_00006706,USR_033319,213.26,RETAIL,BR,0.57,1,0
TXN_00006707,USR_028570,91.29,CRYPTO,JP,0.068,1,0
TXN_00006708,USR_022272,85.7,ELECTRONICS,AU,0.397,1,0
TXN_00006709,USR_033603,156.69,RESTAURANT,US,0.535,0,0
TXN_00006710,USR_031440,43.36,CRYPTO,IN,0.211,1,0
TXN_00006711,USR_002560,98.99,RETAIL,CA,0.869,1,1
TXN_00006712,USR_033555,210.79,RETAIL,IN,0.837,1,0
TXN_00006713,USR_005103,38.03,HOTEL,CA,0.577,1,0
TXN_00006714,USR_042771,43.85,GROCERY,US,0.624,0,0
TXN_00006715,USR_013087,142.08,AIRLINE,GB,0.699,1,0
TXN_00006716,USR_046950,81.46,GAMING,DE,0.787,1,0
TXN_00006717,USR_014975,88.52,CRYPTO,AU,0.881,1,1
TXN_00006718,USR_034195,233.04,ELECTRONICS,US,0.777,0,0
TXN_00006719,USR_040457,22.82,RESTAURANT,BR,0.113,1,0
TXN_00006720,USR_019431,173.49,RESTAURANT,AU,0.76,1,0
TXN_00006721,USR_010625,78.9,ELECTRONICS,US,0.278,0,0
TXN_00006722,USR_022670,18.46,CRYPTO,US,0.672,0,0
TXN_00006723,USR_043195,45.13,RETAIL,IN,0.87,1,1
TXN_00006724,USR_036511,10.75,CRYPTO,US,0.5,0,0
TXN_00006725,USR_030489,82.06,RESTAURANT,CA,0.659,1,0
TXN_00006726,USR_013680,181.44,HOTEL,GB,0.731,1,0
TXN_00006727,USR_033586,124.36,RESTAURANT,DE,0.446,1,0
TXN_00006728,USR_027110,47.62,GROCERY,US,0.906,0,1
TXN_00006729,USR_042981,20.59,GAMING,IN,0.895,1,1
TXN_00006730,USR_030787,29.58,AIRLINE,IN,0.032,1,0
TXN_00006731,USR_027588,118.87,HOTEL,AU,0.949,1,1
TXN_00006732,USR_049807,137.37,GAMING,GB,0.645,1,0
TXN_00006733,USR_044675,281.73,GAMING,JP,0.433,1,0
TXN_00006734,USR_041747,96.13,RESTAURANT,JP,0.211,1,0
TXN_00006735,USR_023457,215.63,RESTAURANT,US,0.951,0,1
TXN_00006736,USR_002614,402.3,RESTAURANT,BR,0.494,1,0
TXN_00006737,USR_006831,83.52,RETAIL,IN,0.411,1,0
TXN_00006738,USR_036294,62.45,RESTAURANT,CA,0.639,1,0
TXN_00006739,USR_030217,49.94,CRYPTO,GB,0.051,1,0
TXN_00006740,USR_029479,135.76,GROCERY,US,0.969,0,1
TXN_00006741,USR_015584,22.03,GROCERY,JP,0.865,1,1
TXN_00006742,USR_032700,143.42,AIRLINE,FR,0.769,1,0
TXN_00006743,USR_009596,204.83,GAMING,JP,0.016,1,1
TXN_00006744,USR_025591,18.52,CRYPTO,US,0.886,0,1
TXN_00006745,USR_048975,101.41,HOTEL,US,0.347,0,0
TXN_00006746,USR_010795,416.27,RETAIL,AU,0.539,1,0
TXN_00006747,USR_026791,25.56,ELECTRONICS,SG,0.904,1,1
TXN_00006748,USR_014227,43.38,RETAIL,AU,0.759,1,0
TXN_00006749,USR_040848,28.23,AIRLINE,GB,0.939,1,1
TXN_00006750,USR_028725,69.4,AIRLINE,SG,0.494,1,0
TXN_00006751,USR_029497,66.66,AIRLINE,FR,0.049,1,0
TXN_00006752,USR_040306,160.12,GAMING,BR,0.811,1,0
TXN_00006753,USR_026973,10.91,GAMING,FR,0.918,1,1
TXN_00006754,USR_022822,7.85,ELECTRONICS,BR,0.906,1,1
TXN_00006755,USR_012077,51.75,HOTEL,JP,0.149,1,0
TXN_00006756,USR_027903,45.19,ELECTRONICS,CA,0.03,1,0
TXN_00006757,USR_047240,116.76,GAMING,JP,0.543,1,0
TXN_00006758,USR_002798,5.89,ELECTRONICS,US,0.059,0,0
TXN_00006759,USR_021093,114.53,HOTEL,FR,0.229,1,0
TXN_00006760,USR_011673,104.98,GROCERY,US,0.98,0,1
TXN_00006761,USR_018389,73.73,RESTAURANT,DE,0.763,1,0
TXN_00006762,USR_031287,23.46,GROCERY,IN,0.865,1,1
TXN_00006763,USR_033463,103.16,GAMING,US,0.781,0,0
TXN_00006764,USR_012237,14.16,GAMING,CA,0.564,1,0
TXN_00006765,USR_043036,141.02,CRYPTO,US,0.056,0,0
TXN_00006766,USR_011648,83.87,HOTEL,BR,0.237,1,0
TXN_00006767,USR_038708,173.42,GAMING,JP,0.787,1,0
TXN_00006768,USR_029606,16.41,HOTEL,DE,0.303,1,0
TXN_00006769,USR_007661,29.47,RESTAURANT,JP,0.704,1,0
TXN_00006770,USR_013211,13.34,AIRLINE,DE,0.882,1,1
TXN_00006771,USR_002087,28.92,GROCERY,FR,0.779,1,0
TXN_00006772,USR_018208,32.4,RESTAURANT,AU,0.539,1,0
TXN_00006773,USR_013519,6.54,RESTAURANT,US,0.152,0,0
TXN_00006774,USR_047780,30.63,RESTAURANT,GB,0.391,1,0
TXN_00006775,USR_040489,57.26,GAMING,IN,0.264,1,0
TXN_00006776,USR_035100,173.11,GAMING,JP,0.339,1,0
TXN_00006777,USR_018624,72.9,CRYPTO,IN,0.732,1,0
TXN_00006778,USR_018409,135.29,HOTEL,AU,0.115,1,0
TXN_00006779,USR_029875,410.75,HOTEL,SG,0.677,1,0
TXN_00006780,USR_033022,11.14,GROCERY,SG,0.043,1,0
TXN_00006781,USR_002945,58.46,GROCERY,US,0.603,0,0
TXN_00006782,USR_019869,245.16,CRYPTO,AU,0.797,1,0
TXN_00006783,USR_026554,45.21,AIRLINE,CA,0.624,1,0
TXN_00006784,USR_011788,358.09,RETAIL,DE,0.847,1,0
TXN_00006785,USR_041472,208.25,RETAIL,IN,0.295,1,0
TXN_00006786,USR_037375,12.74,HOTEL,IN,0.969,1,1
TXN_00006787,USR_040297,209.26,CRYPTO,IN,0.831,1,0
TXN_00006788,USR_011798,44.53,ELECTRONICS,SG,0.566,1,0
TXN_00006789,USR_001946,91.98,AIRLINE,GB,0.237,1,0
TXN_00006790,USR_037658,113.66,GAMING,GB,0.802,1,0
TXN_00006791,USR_031302,26.8,GAMING,GB,0.105,1,0
TXN_00006792,USR_045313,27.36,AIRLINE,JP,0.911,1,1
TXN_00006793,USR_018825,101.03,AIRLINE,JP,0.483,1,0
TXN_00006794,USR_015095,7.49,ELECTRONICS,FR,0.987,1,1
TXN_00006795,USR_039052,72.05,CRYPTO,GB,0.08,1,0
TXN_00006796,USR_031506,35.17,GROCERY,BR,0.704,1,0
TXN_00006797,USR_024446,154.77,RETAIL,SG,0.609,1,0
TXN_00006798,USR_019050,5.42,GAMING,AU,0.319,1,0
TXN_00006799,USR_021703,43.63,ELECTRONICS,IN,0.261,1,0
TXN_00006800,USR_001722,132.64,RETAIL,US,0.49,0,0
TXN_00006801,USR_046789,231.91,AIRLINE,JP,0.706,1,0
TXN_00006802,USR_030833,38.21,ELECTRONICS,DE,0.121,1,0
TXN_00006803,USR_001816,5.72,HOTEL,BR,0.438,1,0
TXN_00006804,USR_049913,14.19,CRYPTO,SG,0.26,1,0
TXN_00006805,USR_034045,205.15,GAMING,CA,0.157,1,0
TXN_00006806,USR_045214,425.23,GAMING,DE,0.279,1,0
TXN_00006807,USR_027289,69.9,AIRLINE,CA,0.054,1,0
TXN_00006808,USR_009227,72.94,AIRLINE,AU,0.652,1,0
TXN_00006809,USR_048860,369.36,GAMING,GB,0.255,1,0
TXN_00006810,USR_014162,90.69,RESTAURANT,FR,0.254,1,0
TXN_00006811,USR_025996,22.51,GROCERY,JP,0.072,1,0
TXN_00006812,USR_035589,9.7,RETAIL,DE,0.269,1,0
TXN_00006813,USR_018920,113.97,HOTEL,FR,0.064,1,0
TXN_00006814,USR_023175,56.92,HOTEL,CA,0.553,1,0
TXN_00006815,USR_027993,164.37,GROCERY,IN,0.208,1,0
TXN_00006816,USR_046441,8.88,RESTAURANT,DE,0.48,1,0
TXN_00006817,USR_047900,137.74,ELECTRONICS,DE,0.425,1,0
TXN_00006818,USR_015833,102.6,CRYPTO,JP,0.905,1,1
TXN_00006819,USR_036289,58.52,CRYPTO,SG,0.378,1,0
TXN_00006820,USR_047532,184.92,AIRLINE,FR,0.509,1,0
TXN_00006821,USR_029557,18.14,RETAIL,CA,0.7,1,0
TXN_00006822,USR_043827,26.51,ELECTRONICS,BR,0.285,1,0
TXN_00006823,USR_047323,23.23,GROCERY,AU,0.612,1,0
TXN_00006824,USR_034327,276.22,GROCERY,DE,0.737,1,0
TXN_00006825,USR_026374,246.38,GAMING,FR,0.053,1,0
TXN_00006826,USR_039829,182.43,RESTAURANT,CA,0.25,1,0
TXN_00006827,USR_008243,26.86,GROCERY,CA,0.798,1,0
TXN_00006828,USR_026353,113.26,RESTAURANT,BR,0.335,1,0
TXN_00006829,USR_036809,151.08,AIRLINE,FR,0.709,1,0
TXN_00006830,USR_039753,12.61,RESTAURANT,JP,0.306,1,0
TXN_00006831,USR_018883,40.02,HOTEL,US,0.02,0,0
TXN_00006832,USR_033023,8.83,RETAIL,SG,0.527,1,0
TXN_00006833,USR_033466,40.82,AIRLINE,JP,0.484,1,0
TXN_00006834,USR_007289,262.15,GROCERY,IN,0.635,1,0
TXN_00006835,USR_025160,14.34,GROCERY,GB,0.332,1,0
TXN_00006836,USR_006852,8.51,RETAIL,US,0.756,0,0
TXN_00006837,USR_027987,5.11,ELECTRONICS,GB,0.628,1,0
TXN_00006838,USR_034209,24.22,GAMING,BR,0.822,1,0
TXN_00006839,USR_019242,263.85,RETAIL,GB,0.973,1,1
TXN_00006840,USR_014137,18.84,HOTEL,BR,0.279,1,0
TXN_00006841,USR_027232,12.18,RESTAURANT,AU,0.419,1,0
TXN_00006842,USR_027273,123.63,AIRLINE,IN,0.337,1,0
TXN_00006843,USR_029693,217.46,GAMING,BR,0.885,1,1
TXN_00006844,USR_028700,35.77,RESTAURANT,AU,0.862,1,1
TXN_00006845,USR_016974,581.76,RESTAURANT,AU,0.036,1,0
TXN_00006846,USR_001203,40.83,HOTEL,AU,0.892,1,1
TXN_00006847,USR_019184,28.13,RESTAURANT,JP,0.395,1,0
TXN_00006848,USR_006753,426.72,RETAIL,DE,0.416,1,0
TXN_00006849,USR_040311,232.77,HOTEL,BR,0.315,1,0
TXN_00006850,USR_008226,106.92,RETAIL,BR,0.397,1,0
TXN_00006851,USR_001448,79.54,RESTAURANT,AU,0.217,1,0
TXN_00006852,USR_026389,120.5,RESTAURANT,DE,0.055,1,0
TXN_00006853,USR_022142,27.78,ELECTRONICS,FR,0.291,1,0
TXN_00006854,USR_028268,13.68,HOTEL,BR,0.692,1,0
TXN_00006855,USR_023891,42.3,RESTAURANT,AU,0.214,1,0
TXN_00006856,USR_043678,32.84,RESTAURANT,IN,0.646,1,0
TXN_00006857,USR_021262,72.53,RETAIL,DE,0.479,1,0
TXN_00006858,USR_040610,92.81,RESTAURANT,JP,0.277,1,0
TXN_00006859,USR_003962,399.74,RETAIL,AU,0.18,1,0
TXN_00006860,USR_029047,40.32,GAMING,AU,0.853,1,1
TXN_00006861,USR_028699,72.79,GROCERY,AU,0.83,1,0
TXN_00006862,USR_038445,98.35,ELECTRONICS,BR,0.619,1,0
TXN_00006863,USR_020848,154.9,RETAIL,DE,0.589,1,0
TXN_00006864,USR_016998,36.58,HOTEL,IN,0.791,1,0
TXN_00006865,USR_030186,64.78,GROCERY,JP,0.51,1,0
TXN_00006866,USR_020067,22.37,HOTEL,CA,0.161,1,0
TXN_00006867,USR_005505,83.58,RESTAURANT,GB,0.337,1,0
TXN_00006868,USR_008574,25.63,RESTAURANT,IN,0.498,1,0
TXN_00006869,USR_037199,70.83,GAMING,JP,0.927,1,1
TXN_00006870,USR_047561,22.98,GAMING,FR,0.433,1,0
TXN_00006871,USR_041602,41.45,GROCERY,AU,0.463,1,0
TXN_00006872,USR_033351,32.08,AIRLINE,GB,0.083,1,0
TXN_00006873,USR_008327,130.36,AIRLINE,JP,0.907,1,1
TXN_00006874,USR_043034,35.3,RESTAURANT,CA,0.015,1,0
TXN_00006875,USR_024771,124.11,AIRLINE,AU,0.797,1,0
TXN_00006876,USR_035934,13.03,ELECTRONICS,IN,0.577,1,0
TXN_00006877,USR_004799,374.67,GAMING,FR,0.936,1,1
TXN_00006878,USR_035525,114.55,GAMING,JP,0.668,1,0
TXN_00006879,USR_012495,8.62,ELECTRONICS,GB,0.348,1,0
TXN_00006880,USR_028039,8.24,CRYPTO,SG,0.333,1,0
TXN_00006881,USR_020574,133.65,RETAIL,US,0.159,0,0
TXN_00006882,USR_029316,30.64,GAMING,US,0.272,0,0
TXN_00006883,USR_014032,370.4,AIRLINE,AU,0.601,1,0
TXN_00006884,USR_005450,108.04,HOTEL,BR,0.752,1,0
TXN_00006885,USR_019171,147.04,RETAIL,CA,0.09,1,0
TXN_00006886,USR_026803,8.5,GAMING,CA,0.77,1,1
TXN_00006887,USR_027053,116.61,CRYPTO,FR,0.576,1,0
TXN_00006888,USR_013217,131.9,ELECTRONICS,AU,0.313,1,0
TXN_00006889,USR_020968,45.71,AIRLINE,BR,0.487,1,0
TXN_00006890,USR_038047,40.76,ELECTRONICS,JP,0.334,1,0
TXN_00006891,USR_035650,215.38,GROCERY,AU,0.843,1,0
TXN_00006892,USR_016920,47.72,HOTEL,SG,0.271,1,0
TXN_00006893,USR_004650,131.2,HOTEL,BR,0.223,1,0
TXN_00006894,USR_034717,12.03,GROCERY,AU,0.905,1,1
TXN_00006895,USR_008142,187.31,RESTAURANT,JP,0.727,1,0
TXN_00006896,USR_046997,91.61,CRYPTO,GB,0.19,1,0
TXN_00006897,USR_013174,141.18,GAMING,SG,0.609,1,0
TXN_00006898,USR_035428,41.58,GROCERY,CA,0.279,1,0
TXN_00006899,USR_019523,325.1,HOTEL,GB,0.857,1,1
TXN_00006900,USR_012015,79.6,GROCERY,SG,0.857,1,1
TXN_00006901,USR_015936,13.54,GROCERY,FR,0.681,1,0
TXN_00006902,USR_018908,57.25,RETAIL,GB,0.691,1,0
TXN_00006903,USR_001535,120.78,ELECTRONICS,IN,0.624,1,0
TXN_00006904,USR_009795,6.78,AIRLINE,BR,0.037,1,0
TXN_00006905,USR_016563,38.97,CRYPTO,US,0.053,0,0
TXN_00006906,USR_001824,155.4,RESTAURANT,JP,0.252,1,0
TXN_00006907,USR_003612,133.17,GROCERY,JP,0.137,1,0
TXN_00006908,USR_029714,87.07,RESTAURANT,GB,0.316,1,0
TXN_00006909,USR_024754,15.69,RETAIL,DE,0.622,1,0
TXN_00006910,USR_034712,257.43,GROCERY,CA,0.867,1,1
TXN_00006911,USR_033776,6.05,RESTAURANT,US,0.493,0,0
TXN_00006912,USR_017172,163.42,HOTEL,US,0.644,0,0
TXN_00006913,USR_049952,42.93,GROCERY,FR,0.887,1,1
TXN_00006914,USR_046145,323.32,CRYPTO,DE,0.01,1,0
TXN_00006915,USR_034750,293.02,AIRLINE,SG,0.174,1,0
TXN_00006916,USR_041771,160.38,GAMING,US,0.031,0,0
TXN_00006917,USR_004733,133.39,GROCERY,FR,0.921,1,1
TXN_00006918,USR_008471,93.48,ELECTRONICS,BR,0.691,1,0
TXN_00006919,USR_034529,62.32,ELECTRONICS,FR,0.67,1,0
TXN_00006920,USR_028302,110.43,HOTEL,JP,0.216,1,0
TXN_00006921,USR_005479,124.27,RESTAURANT,JP,0.562,1,0
TXN_00006922,USR_044332,83.78,AIRLINE,BR,0.025,1,0
TXN_00006923,USR_038746,14.17,RESTAURANT,CA,0.499,1,0
TXN_00006924,USR_015965,8.84,HOTEL,CA,0.153,1,0
TXN_00006925,USR_003062,146.1,RESTAURANT,BR,0.396,1,0
TXN_00006926,USR_023876,19.57,RESTAURANT,IN,0.875,1,1
TXN_00006927,USR_040963,153.07,CRYPTO,JP,0.916,1,1
TXN_00006928,USR_019861,234.94,ELECTRONICS,JP,0.427,1,0
TXN_00006929,USR_041951,159.5,GAMING,DE,0.121,1,0
TXN_00006930,USR_020599,30.12,RESTAURANT,JP,0.725,1,0
TXN_00006931,USR_030956,100.55,RETAIL,CA,0.53,1,0
TXN_00006932,USR_012519,9.09,HOTEL,IN,0.377,1,0
TXN_00006933,USR_046995,148.29,GAMING,SG,0.284,1,0
TXN_00006934,USR_029058,5.96,AIRLINE,AU,0.654,1,0
TXN_00006935,USR_049969,76.33,GROCERY,JP,0.766,1,0
TXN_00006936,USR_025337,284.03,CRYPTO,CA,0.392,1,0
TXN_00006937,USR_046200,26.49,GAMING,GB,0.93,1,1
TXN_00006938,USR_038170,73.64,GAMING,US,0.375,0,0
TXN_00006939,USR_044932,154.67,RETAIL,GB,0.275,1,0
TXN_00006940,USR_028232,66.95,RETAIL,AU,0.021,1,0
TXN_00006941,USR_046325,147.34,RETAIL,BR,0.054,1,0
TXN_00006942,USR_047192,102.54,GROCERY,IN,0.064,1,0
TXN_00006943,USR_030821,103.99,CRYPTO,CA,0.651,1,0
TXN_00006944,USR_045218,126.21,AIRLINE,BR,0.305,1,0
TXN_00006945,USR_022395,22.1,GAMING,BR,0.752,1,0
TXN_00006946,USR_006173,298.26,RETAIL,JP,0.775,1,0
TXN_00006947,USR_029703,236.11,GAMING,JP,0.805,1,0
TXN_00006948,USR_006239,276.57,RETAIL,CA,0.862,1,1
TXN_00006949,USR_007018,12.52,AIRLINE,IN,0.444,1,0
TXN_00006950,USR_023893,118.6,ELECTRONICS,FR,0.906,1,1
TXN_00006951,USR_035766,30.3,ELECTRONICS,GB,0.547,1,1
TXN_00006952,USR_024822,289.75,RETAIL,JP,0.771,1,0
TXN_00006953,USR_040110,111.41,AIRLINE,US,0.223,0,0
TXN_00006954,USR_016351,24.92,AIRLINE,US,0.193,0,0
TXN_00006955,USR_028134,170.34,GAMING,FR,0.91,1,1
TXN_00006956,USR_048913,174.94,AIRLINE,US,0.885,0,1
TXN_00006957,USR_003773,120.47,AIRLINE,DE,0.584,1,0
TXN_00006958,USR_006263,69.15,GROCERY,GB,0.511,1,0
TXN_00006959,USR_036058,82.11,GROCERY,BR,0.492,1,0
TXN_00006960,USR_032812,69.68,GAMING,IN,0.911,1,1
TXN_00006961,USR_006083,322.97,GAMING,BR,0.421,1,0
TXN_00006962,USR_010933,33.34,GAMING,BR,0.411,1,0
TXN_00006963,USR_020441,21.47,HOTEL,CA,0.217,1,0
TXN_00006964,USR_015515,116.3,CRYPTO,CA,0.092,1,0
TXN_00006965,USR_026182,30.16,HOTEL,US,0.419,0,0
TXN_00006966,USR_013712,69.26,CRYPTO,BR,0.839,1,0
TXN_00006967,USR_041273,15.03,GROCERY,SG,0.569,1,0
TXN_00006968,USR_001162,111.01,GAMING,IN,0.827,1,0
TXN_00006969,USR_031168,22.48,GROCERY,FR,0.441,1,0
TXN_00006970,USR_025557,178.62,CRYPTO,SG,0.47,1,0
TXN_00006971,USR_018786,463.0,ELECTRONICS,GB,0.723,1,0
TXN_00006972,USR_010101,69.8,HOTEL,US,0.277,0,0
TXN_00006973,USR_036926,223.01,GROCERY,AU,0.182,1,0
TXN_00006974,USR_029564,71.73,HOTEL,DE,0.929,1,1
TXN_00006975,USR_044086,50.15,ELECTRONICS,CA,0.865,1,1
TXN_00006976,USR_049381,235.11,RESTAURANT,CA,0.107,1,0
TXN_00006977,USR_042092,148.73,GAMING,AU,0.374,1,0
TXN_00006978,USR_019417,84.25,RESTAURANT,SG,0.566,1,0
TXN_00006979,USR_043035,43.07,HOTEL,JP,0.636,1,0
TXN_00006980,USR_026950,57.87,CRYPTO,CA,0.539,1,0
TXN_00006981,USR_001552,12.06,GAMING,JP,0.951,1,1
TXN_00006982,USR_031924,15.15,ELECTRONICS,IN,0.715,1,0
TXN_00006983,USR_019255,493.62,GAMING,SG,0.321,1,0
TXN_00006984,USR_004438,80.07,CRYPTO,BR,0.499,1,0
TXN_00006985,USR_021485,26.55,ELECTRONICS,FR,0.691,1,0
TXN_00006986,USR_035344,294.82,CRYPTO,AU,0.95,1,1
TXN_00006987,USR_010760,15.1,CRYPTO,AU,0.087,1,0
TXN_00006988,USR_011849,9.12,ELECTRONICS,JP,0.115,1,0
TXN_00006989,USR_010316,37.75,RETAIL,FR,0.446,1,0
TXN_00006990,USR_034859,249.16,GROCERY,JP,0.983,1,1
TXN_00006991,USR_037143,195.09,GROCERY,SG,0.365,1,0
TXN_00006992,USR_036605,123.19,ELECTRONICS,DE,0.378,1,0
TXN_00006993,USR_028853,39.39,RETAIL,GB,0.489,1,0
TXN_00006994,USR_019017,37.33,HOTEL,FR,0.189,1,0
TXN_00006995,USR_002591,145.88,GROCERY,JP,0.304,1,0
TXN_00006996,USR_020731,25.66,GAMING,IN,0.039,1,0
TXN_00006997,USR_035683,211.12,HOTEL,JP,0.548,1,0
TXN_00006998,USR_031416,84.82,HOTEL,US,0.868,0,1
TXN_00006999,USR_025888,88.99,GROCERY,JP,0.812,1,0
TXN_00007000,USR_031373,147.42,RESTAURANT,US,0.917,0,1
TXN_00007001,USR_045738,101.53,RESTAURANT,AU,0.492,1,0
TXN_00007002,USR_042051,119.48,GROCERY,AU,0.276,1,1
TXN_00007003,USR_041656,98.8,ELECTRONICS,US,0.198,0,0
TXN_00007004,USR_023783,40.48,HOTEL,AU,0.045,1,0
TXN_00007005,USR_021303,114.87,AIRLINE,BR,0.266,1,0
TXN_00007006,USR_046184,48.02,GROCERY,JP,0.704,1,0
TXN_00007007,USR_035533,284.53,CRYPTO,AU,0.138,1,0
TXN_00007008,USR_016843,98.11,AIRLINE,JP,0.667,1,0
TXN_00007009,USR_009448,29.92,AIRLINE,DE,0.58,1,1
TXN_00007010,USR_003125,19.77,GROCERY,AU,0.378,1,0
TXN_00007011,USR_026190,134.98,RETAIL,JP,0.566,1,0
TXN_00007012,USR_007051,9.61,RESTAURANT,DE,0.333,1,0
TXN_00007013,USR_011208,210.87,ELECTRONICS,SG,0.368,1,0
TXN_00007014,USR_037517,43.0,ELECTRONICS,AU,0.238,1,0
TXN_00007015,USR_007650,54.44,CRYPTO,CA,0.294,1,0
TXN_00007016,USR_032520,21.05,RETAIL,US,0.078,0,0
TXN_00007017,USR_035602,31.09,ELECTRONICS,IN,0.822,1,0
TXN_00007018,USR_014977,141.54,GROCERY,JP,0.043,1,0
TXN_00007019,USR_004382,24.63,ELECTRONICS,CA,0.946,1,1
TXN_00007020,USR_017903,9.22,AIRLINE,DE,0.784,1,0
TXN_00007021,USR_047667,174.58,GAMING,BR,0.044,1,0
TXN_00007022,USR_014530,115.41,HOTEL,IN,0.583,1,0
TXN_00007023,USR_016674,58.04,AIRLINE,US,0.913,0,1
TXN_00007024,USR_018543,126.94,GAMING,US,0.978,0,1
TXN_00007025,USR_042738,168.9,HOTEL,JP,0.369,1,0
TXN_00007026,USR_024729,52.99,HOTEL,JP,0.116,1,0
TXN_00007027,USR_047687,108.98,CRYPTO,BR,0.543,1,0
TXN_00007028,USR_002072,67.68,RETAIL,GB,0.141,1,0
TXN_00007029,USR_033993,70.32,CRYPTO,BR,0.93,1,1
TXN_00007030,USR_045435,11.39,RETAIL,DE,0.062,1,0
TXN_00007031,USR_017389,39.41,RETAIL,SG,0.578,1,0
TXN_00007032,USR_029546,88.9,HOTEL,IN,0.015,1,0
TXN_00007033,USR_042623,321.94,RETAIL,FR,0.206,1,0
TXN_00007034,USR_035178,28.3,CRYPTO,AU,0.228,1,0
TXN_00007035,USR_033133,136.43,GROCERY,GB,0.87,1,1
TXN_00007036,USR_042966,110.06,CRYPTO,CA,0.302,1,0
TXN_00007037,USR_030226,19.06,ELECTRONICS,BR,0.635,1,0
TXN_00007038,USR_002374,18.57,RESTAURANT,GB,0.812,1,0
TXN_00007039,USR_034353,56.35,CRYPTO,CA,0.068,1,0
TXN_00007040,USR_023287,56.96,GAMING,US,0.519,0,0
TXN_00007041,USR_046061,42.55,RETAIL,AU,0.72,1,0
TXN_00007042,USR_042069,118.44,AIRLINE,CA,0.583,1,0
TXN_00007043,USR_025747,91.96,GAMING,AU,0.123,1,0
TXN_00007044,USR_023935,101.95,AIRLINE,IN,0.512,1,0
TXN_00007045,USR_001673,113.02,HOTEL,DE,0.287,1,0
TXN_00007046,USR_029020,28.36,ELECTRONICS,AU,0.486,1,0
TXN_00007047,USR_044794,37.5,RETAIL,BR,0.741,1,0
TXN_00007048,USR_021144,577.89,HOTEL,SG,0.643,1,0
TXN_00007049,USR_005038,104.96,GROCERY,DE,0.559,1,0
TXN_00007050,USR_024333,274.72,CRYPTO,GB,0.852,1,1
TXN_00007051,USR_039152,14.12,AIRLINE,IN,0.319,1,0
TXN_00007052,USR_047670,100.85,RETAIL,FR,0.013,1,0
TXN_00007053,USR_039001,62.08,AIRLINE,SG,0.885,1,1
TXN_00007054,USR_037687,151.05,GROCERY,JP,0.341,1,0
TXN_00007055,USR_028199,26.78,GROCERY,FR,0.051,1,0
TXN_00007056,USR_012324,54.46,HOTEL,DE,0.111,1,0
TXN_00007057,USR_012362,152.51,GAMING,US,0.139,0,0
TXN_00007058,USR_007985,42.04,GROCERY,CA,0.016,1,0
TXN_00007059,USR_021895,208.69,GAMING,AU,0.879,1,1
TXN_00007060,USR_008262,309.39,CRYPTO,US,0.175,0,0
TXN_00007061,USR_004279,338.79,AIRLINE,FR,0.216,1,0
TXN_00007062,USR_016371,67.6,RETAIL,CA,0.802,1,0
TXN_00007063,USR_003728,302.62,CRYPTO,JP,0.93,1,1
TXN_00007064,USR_049264,47.19,CRYPTO,CA,0.152,1,0
TXN_00007065,USR_042221,79.72,GAMING,AU,0.66,1,0
TXN_00007066,USR_039619,209.28,GAMING,CA,0.18,1,0
TXN_00007067,USR_007187,476.8,CRYPTO,AU,0.761,1,0
TXN_00007068,USR_044732,20.37,RETAIL,BR,0.207,1,0
TXN_00007069,USR_006187,144.21,GROCERY,IN,0.942,1,1
TXN_00007070,USR_040899,16.86,HOTEL,SG,0.055,1,0
TXN_00007071,USR_014275,149.27,RESTAURANT,IN,0.903,1,1
TXN_00007072,USR_017590,159.33,ELECTRONICS,FR,0.544,1,0
TXN_00007073,USR_002039,100.32,RETAIL,JP,0.45,1,0
TXN_00007074,USR_040688,77.03,RETAIL,CA,0.907,1,1
TXN_00007075,USR_040682,402.04,HOTEL,JP,0.696,1,0
TXN_00007076,USR_030932,7.09,RETAIL,CA,0.463,1,0
TXN_00007077,USR_003068,251.08,RETAIL,AU,0.676,1,0
TXN_00007078,USR_009193,113.66,ELECTRONICS,IN,0.663,1,0
TXN_00007079,USR_011818,77.2,AIRLINE,CA,0.595,1,0
TXN_00007080,USR_013235,45.29,GROCERY,DE,0.953,1,1
TXN_00007081,USR_017503,401.28,ELECTRONICS,BR,0.102,1,0
TXN_00007082,USR_019299,27.33,GROCERY,BR,0.491,1,0
TXN_00007083,USR_024049,140.46,GAMING,CA,0.315,1,0
TXN_00007084,USR_042534,120.8,HOTEL,FR,0.834,1,0
TXN_00007085,USR_012197,100.26,ELECTRONICS,BR,0.514,1,0
TXN_00007086,USR_013658,26.2,ELECTRONICS,AU,0.842,1,0
TXN_00007087,USR_011784,21.67,AIRLINE,JP,0.289,1,0
TXN_00007088,USR_022787,57.3,ELECTRONICS,GB,0.508,1,0
TXN_00007089,USR_013901,602.78,RESTAURANT,US,0.354,0,0
TXN_00007090,USR_006931,22.71,HOTEL,JP,0.441,1,0
TXN_00007091,USR_024266,65.38,RETAIL,US,0.114,0,0
TXN_00007092,USR_033026,68.43,RESTAURANT,US,0.243,0,0
TXN_00007093,USR_028152,143.74,RETAIL,AU,0.676,1,0
TXN_00007094,USR_024914,14.18,RESTAURANT,SG,0.071,1,0
TXN_00007095,USR_021316,218.86,AIRLINE,GB,0.678,1,0
TXN_00007096,USR_025642,119.23,GAMING,IN,0.474,1,0
TXN_00007097,USR_038235,94.91,GROCERY,AU,0.299,1,0
TXN_00007098,USR_039701,190.95,AIRLINE,BR,0.959,1,1
TXN_00007099,USR_033039,23.26,CRYPTO,DE,0.666,1,0
TXN_00007100,USR_022245,10.66,GAMING,US,0.096,0,0
TXN_00007101,USR_013447,180.82,RESTAURANT,CA,0.909,1,1
TXN_00007102,USR_047622,359.35,HOTEL,JP,0.215,1,0
TXN_00007103,USR_011095,365.49,ELECTRONICS,DE,0.911,1,1
TXN_00007104,USR_012097,41.24,CRYPTO,GB,0.507,1,0
TXN_00007105,USR_038085,293.97,GAMING,FR,0.683,1,0
TXN_00007106,USR_009679,138.32,RETAIL,CA,0.88,1,1
TXN_00007107,USR_028984,36.9,HOTEL,US,0.171,0,0
TXN_00007108,USR_005459,17.9,CRYPTO,JP,0.29,1,0
TXN_00007109,USR_012693,6.78,RESTAURANT,CA,0.726,1,0
TXN_00007110,USR_043790,24.42,RETAIL,SG,0.955,1,1
TXN_00007111,USR_011714,109.09,RETAIL,JP,0.295,1,0
TXN_00007112,USR_034445,166.97,AIRLINE,CA,0.035,1,0
TXN_00007113,USR_048734,149.34,HOTEL,US,0.821,0,0
TXN_00007114,USR_016240,66.38,RETAIL,IN,0.683,1,0
TXN_00007115,USR_032768,27.14,CRYPTO,IN,0.734,1,0
TXN_00007116,USR_003803,57.58,CRYPTO,US,0.676,0,0
TXN_00007117,USR_020961,132.96,GROCERY,CA,0.303,1,1
TXN_00007118,USR_036402,5.05,GAMING,SG,0.431,1,0
TXN_00007119,USR_041567,113.09,AIRLINE,SG,0.579,1,0
TXN_00007120,USR_011947,147.0,CRYPTO,US,0.616,0,0
TXN_00007121,USR_026247,7.8,AIRLINE,US,0.27,0,0
TXN_00007122,USR_035898,35.99,GROCERY,BR,0.885,1,1
TXN_00007123,USR_047205,133.66,HOTEL,JP,0.053,1,0
TXN_00007124,USR_016973,132.07,ELECTRONICS,BR,0.171,1,0
TXN_00007125,USR_041936,35.04,HOTEL,GB,0.627,1,0
TXN_00007126,USR_024160,442.87,AIRLINE,BR,0.256,1,0
TXN_00007127,USR_006105,7.84,GROCERY,CA,0.163,1,0
TXN_00007128,USR_037804,59.48,HOTEL,DE,0.832,1,0
TXN_00007129,USR_036740,34.16,CRYPTO,CA,0.615,1,0
TXN_00007130,USR_028028,15.69,GAMING,CA,0.906,1,1
TXN_00007131,USR_002261,47.19,ELECTRONICS,CA,0.435,1,0
TXN_00007132,USR_008279,118.67,CRYPTO,JP,0.29,1,0
TXN_00007133,USR_047888,19.84,HOTEL,AU,0.777,1,0
TXN_00007134,USR_024554,62.63,AIRLINE,CA,0.351,1,0
TXN_00007135,USR_008723,168.23,ELECTRONICS,BR,0.427,1,0
TXN_00007136,USR_032525,74.36,GROCERY,SG,0.766,1,0
TXN_00007137,USR_032414,45.25,RESTAURANT,SG,0.411,1,0
TXN_00007138,USR_048257,54.63,GAMING,US,0.718,0,0
TXN_00007139,USR_032685,174.07,GAMING,US,0.694,0,0
TXN_00007140,USR_025037,28.71,HOTEL,SG,0.803,1,0
TXN_00007141,USR_042388,286.25,HOTEL,DE,0.342,1,0
TXN_00007142,USR_036850,103.64,AIRLINE,CA,0.586,1,0
TXN_00007143,USR_013560,95.3,GAMING,AU,0.388,1,0
TXN_00007144,USR_016963,203.11,ELECTRONICS,JP,0.126,1,0
TXN_00007145,USR_011933,23.98,RESTAURANT,US,0.83,0,0
TXN_00007146,USR_002055,82.44,RETAIL,CA,0.508,1,0
TXN_00007147,USR_001969,47.48,RETAIL,US,0.558,0,0
TXN_00007148,USR_031413,112.93,RESTAURANT,IN,0.504,1,0
TXN_00007149,USR_048075,281.25,GROCERY,AU,0.266,1,0
TXN_00007150,USR_025816,61.91,HOTEL,US,0.164,0,0
TXN_00007151,USR_013671,149.87,AIRLINE,CA,0.018,1,0
TXN_00007152,USR_003996,16.14,HOTEL,IN,0.771,1,0
TXN_00007153,USR_016164,244.67,HOTEL,GB,0.356,1,0
TXN_00007154,USR_034970,60.24,HOTEL,SG,0.365,1,0
TXN_00007155,USR_027944,20.11,ELECTRONICS,BR,0.574,1,0
TXN_00007156,USR_002677,254.29,GROCERY,JP,0.977,1,1
TXN_00007157,USR_045682,217.06,GROCERY,IN,0.441,1,0
TXN_00007158,USR_026109,151.03,GAMING,DE,0.476,1,0
TXN_00007159,USR_029598,46.42,AIRLINE,JP,0.435,1,0
TXN_00007160,USR_037403,205.73,HOTEL,BR,0.874,1,1
TXN_00007161,USR_035407,11.49,RESTAURANT,DE,0.458,1,0
TXN_00007162,USR_005996,312.51,ELECTRONICS,CA,0.942,1,1
TXN_00007163,USR_019158,26.66,HOTEL,IN,0.244,1,0
TXN_00007164,USR_034555,7.68,CRYPTO,FR,0.138,1,0
TXN_00007165,USR_012710,69.57,GAMING,GB,0.228,1,0
TXN_00007166,USR_045606,10.22,HOTEL,CA,0.972,1,1
TXN_00007167,USR_039322,43.18,GROCERY,CA,0.554,1,0
TXN_00007168,USR_018932,31.92,CRYPTO,CA,0.634,1,0
TXN_00007169,USR_027770,21.77,RETAIL,SG,0.812,1,0
TXN_00007170,USR_018958,160.68,AIRLINE,DE,0.026,1,0
TXN_00007171,USR_035148,39.62,RETAIL,FR,0.319,1,0
TXN_00007172,USR_007446,24.01,HOTEL,AU,0.865,1,1
TXN_00007173,USR_008941,48.7,RESTAURANT,BR,0.024,1,0
TXN_00007174,USR_032732,135.31,GROCERY,GB,0.214,1,0
TXN_00007175,USR_048816,131.78,AIRLINE,IN,0.414,1,0
TXN_00007176,USR_028642,52.37,HOTEL,FR,0.388,1,0
TXN_00007177,USR_040741,10.37,HOTEL,GB,0.188,1,0
TXN_00007178,USR_046143,18.97,CRYPTO,JP,0.824,1,0
TXN_00007179,USR_042840,79.86,HOTEL,CA,0.142,1,0
TXN_00007180,USR_032415,68.34,RESTAURANT,CA,0.654,1,0
TXN_00007181,USR_030916,12.47,AIRLINE,SG,0.175,1,0
TXN_00007182,USR_018369,49.31,ELECTRONICS,FR,0.688,1,0
TXN_00007183,USR_010108,52.74,AIRLINE,JP,0.972,1,1
TXN_00007184,USR_024972,26.92,ELECTRONICS,US,0.38,0,0
TXN_00007185,USR_033355,157.72,GROCERY,DE,0.526,1,0
TXN_00007186,USR_027338,8.68,RETAIL,JP,0.838,1,0
TXN_00007187,USR_036194,250.97,AIRLINE,DE,0.969,1,1
TXN_00007188,USR_045008,82.44,RETAIL,JP,0.692,1,0
TXN_00007189,USR_021113,215.46,HOTEL,US,0.092,0,0
TXN_00007190,USR_012149,111.66,HOTEL,FR,0.215,1,0
TXN_00007191,USR_009500,11.1,AIRLINE,FR,0.413,1,0
TXN_00007192,USR_033280,11.95,RESTAURANT,DE,0.881,1,1
TXN_00007193,USR_002355,80.72,GROCERY,JP,0.539,1,0
TXN_00007194,USR_005742,29.59,GROCERY,GB,0.176,1,0
TXN_00007195,USR_029775,37.56,CRYPTO,GB,0.085,1,0
TXN_00007196,USR_006370,136.35,ELECTRONICS,AU,0.145,1,0
TXN_00007197,USR_031366,62.73,ELECTRONICS,SG,0.735,1,0
TXN_00007198,USR_003645,54.74,RETAIL,AU,0.799,1,0
TXN_00007199,USR_011120,113.16,GROCERY,CA,0.26,1,0
TXN_00007200,USR_047343,26.4,RESTAURANT,SG,0.302,1,0
TXN_00007201,USR_037600,8.52,HOTEL,JP,0.515,1,0
TXN_00007202,USR_013135,215.01,CRYPTO,SG,0.731,1,0
TXN_00007203,USR_025738,98.66,CRYPTO,IN,0.533,1,0
TXN_00007204,USR_021301,124.34,RETAIL,JP,0.698,1,0
TXN_00007205,USR_036005,33.47,AIRLINE,US,0.554,0,0
TXN_00007206,USR_001567,67.49,RETAIL,AU,0.359,1,0
TXN_00007207,USR_015153,39.58,CRYPTO,JP,0.117,1,0
TXN_00007208,USR_032609,118.21,GROCERY,JP,0.583,1,0
TXN_00007209,USR_040074,7.82,RETAIL,GB,0.89,1,1
TXN_00007210,USR_005568,51.21,ELECTRONICS,DE,0.749,1,0
TXN_00007211,USR_035966,77.68,HOTEL,AU,0.347,1,0
TXN_00007212,USR_008573,224.93,HOTEL,CA,0.033,1,0
TXN_00007213,USR_026082,119.06,GAMING,DE,0.4,1,0
TXN_00007214,USR_027108,32.47,GROCERY,GB,0.485,1,0
TXN_00007215,USR_028806,9.64,RETAIL,DE,0.166,1,0
TXN_00007216,USR_039464,33.63,HOTEL,GB,0.359,1,0
TXN_00007217,USR_009962,21.73,CRYPTO,SG,0.931,1,1
TXN_00007218,USR_006192,243.08,GROCERY,AU,0.809,1,0
TXN_00007219,USR_008675,93.53,ELECTRONICS,DE,0.29,1,0
TXN_00007220,USR_023530,57.9,GAMING,JP,0.297,1,0
TXN_00007221,USR_009286,86.44,HOTEL,GB,0.951,1,1
TXN_00007222,USR_035109,29.56,GROCERY,US,0.455,0,0
TXN_00007223,USR_038677,165.01,GAMING,GB,0.29,1,0
TXN_00007224,USR_041739,74.99,RETAIL,IN,0.898,1,1
TXN_00007225,USR_022597,28.89,ELECTRONICS,BR,0.757,1,0
TXN_00007226,USR_015944,30.37,GROCERY,DE,0.35,1,0
TXN_00007227,USR_039799,250.75,GAMING,JP,0.611,1,0
TXN_00007228,USR_031404,23.47,HOTEL,CA,0.676,1,0
TXN_00007229,USR_027754,6.59,RETAIL,US,0.68,0,0
TXN_00007230,USR_046067,55.78,RETAIL,IN,0.833,1,0
TXN_00007231,USR_049154,22.16,RESTAURANT,BR,0.583,1,0
TXN_00007232,USR_016759,223.4,RETAIL,BR,0.968,1,1
TXN_00007233,USR_037282,132.18,CRYPTO,IN,0.288,1,0
TXN_00007234,USR_008532,54.84,GROCERY,IN,0.051,1,0
TXN_00007235,USR_013777,20.27,ELECTRONICS,FR,0.28,1,0
TXN_00007236,USR_027701,39.55,RESTAURANT,GB,0.97,1,1
TXN_00007237,USR_044759,170.35,AIRLINE,GB,0.578,1,0
TXN_00007238,USR_029086,30.11,HOTEL,AU,0.537,1,0
TXN_00007239,USR_016994,37.83,GROCERY,AU,0.094,1,0
TXN_00007240,USR_013063,20.85,HOTEL,BR,0.224,1,0
TXN_00007241,USR_023669,27.53,RESTAURANT,DE,0.82,1,0
TXN_00007242,USR_038012,68.71,HOTEL,GB,0.088,1,0
TXN_00007243,USR_041085,54.12,GROCERY,CA,0.839,1,0
TXN_00007244,USR_039029,30.66,RETAIL,IN,0.384,1,0
TXN_00007245,USR_033913,138.8,ELECTRONICS,FR,0.625,1,0
TXN_00007246,USR_022347,108.27,GROCERY,CA,0.912,1,1
TXN_00007247,USR_007625,64.37,GROCERY,US,0.91,0,1
TXN_00007248,USR_034800,104.32,GAMING,IN,0.194,1,0
TXN_00007249,USR_012261,22.71,GROCERY,BR,0.195,1,0
TXN_00007250,USR_012567,156.94,RESTAURANT,FR,0.263,1,0
TXN_00007251,USR_030751,69.13,RESTAURANT,FR,0.141,1,0
TXN_00007252,USR_040422,15.83,RESTAURANT,JP,0.317,1,0
TXN_00007253,USR_047308,85.04,CRYPTO,AU,0.705,1,0
TXN_00007254,USR_029125,30.81,HOTEL,BR,0.353,1,0
TXN_00007255,USR_014748,79.27,AIRLINE,SG,0.777,1,0
TXN_00007256,USR_020156,119.14,CRYPTO,CA,0.156,1,0
TXN_00007257,USR_032394,216.3,RETAIL,SG,0.06,1,0
TXN_00007258,USR_049860,45.27,CRYPTO,IN,0.629,1,0
TXN_00007259,USR_042843,40.48,ELECTRONICS,IN,0.138,1,0
TXN_00007260,USR_011947,10.76,HOTEL,US,0.174,0,0
TXN_00007261,USR_022997,176.58,RESTAURANT,AU,0.773,1,0
TXN_00007262,USR_031992,232.14,GROCERY,AU,0.825,1,0
TXN_00007263,USR_036970,25.96,AIRLINE,DE,0.285,1,0
TXN_00007264,USR_044414,8.22,RETAIL,DE,0.302,1,0
TXN_00007265,USR_047698,28.97,RETAIL,SG,0.352,1,0
TXN_00007266,USR_021315,270.8,AIRLINE,IN,0.108,1,0
TXN_00007267,USR_011518,207.82,HOTEL,FR,0.985,1,1
TXN_00007268,USR_026876,119.72,AIRLINE,FR,0.517,1,0
TXN_00007269,USR_034293,190.91,RESTAURANT,GB,0.102,1,0
TXN_00007270,USR_046224,64.02,GROCERY,AU,0.204,1,0
TXN_00007271,USR_020073,12.33,RESTAURANT,AU,0.174,1,0
TXN_00007272,USR_013987,129.09,ELECTRONICS,GB,0.805,1,0
TXN_00007273,USR_020544,76.39,RESTAURANT,US,0.708,0,0
TXN_00007274,USR_017989,272.89,HOTEL,CA,0.689,1,0
TXN_00007275,USR_020809,8.35,ELECTRONICS,GB,0.436,1,0
TXN_00007276,USR_044699,82.84,ELECTRONICS,IN,0.541,1,0
TXN_00007277,USR_007736,191.38,GROCERY,BR,0.837,1,0
TXN_00007278,USR_038758,76.36,AIRLINE,DE,0.154,1,0
TXN_00007279,USR_022832,49.36,GAMING,SG,0.195,1,0
TXN_00007280,USR_034502,5.55,GROCERY,GB,0.928,1,1
TXN_00007281,USR_001714,425.75,AIRLINE,JP,0.421,1,0
TXN_00007282,USR_014239,147.6,RETAIL,SG,0.827,1,0
TXN_00007283,USR_020465,53.24,RETAIL,JP,0.318,1,0
TXN_00007284,USR_025290,145.06,GAMING,CA,0.858,1,1
TXN_00007285,USR_006113,157.85,RETAIL,GB,0.491,1,0
TXN_00007286,USR_003931,89.35,ELECTRONICS,FR,0.772,1,0
TXN_00007287,USR_013816,198.9,HOTEL,DE,0.789,1,0
TXN_00007288,USR_028820,27.76,RETAIL,FR,0.947,1,1
TXN_00007289,USR_011329,23.98,ELECTRONICS,US,0.956,0,1
TXN_00007290,USR_013089,147.42,AIRLINE,IN,0.11,1,0
TXN_00007291,USR_008517,14.14,AIRLINE,GB,0.068,1,0
TXN_00007292,USR_045746,14.14,HOTEL,FR,0.062,1,0
TXN_00007293,USR_005287,139.52,GROCERY,BR,0.229,1,0
TXN_00007294,USR_016178,148.02,RETAIL,CA,0.576,1,0
TXN_00007295,USR_011896,24.49,AIRLINE,CA,0.126,1,0
TXN_00007296,USR_025752,5.26,GAMING,FR,0.954,1,1
TXN_00007297,USR_046355,46.18,CRYPTO,DE,0.97,1,1
TXN_00007298,USR_015358,124.06,CRYPTO,JP,0.046,1,0
TXN_00007299,USR_007814,63.24,ELECTRONICS,AU,0.054,1,0
TXN_00007300,USR_012888,443.07,GAMING,FR,0.288,1,0
TXN_00007301,USR_034682,233.81,GROCERY,DE,0.978,1,1
TXN_00007302,USR_024220,49.75,RETAIL,AU,0.961,1,1
TXN_00007303,USR_034153,41.55,CRYPTO,DE,0.281,1,0
TXN_00007304,USR_018221,44.22,RESTAURANT,US,0.108,0,0
TXN_00007305,USR_010141,8.56,GAMING,GB,0.673,1,0
TXN_00007306,USR_049257,265.79,GROCERY,DE,0.684,1,0
TXN_00007307,USR_034219,16.39,AIRLINE,DE,0.75,1,0
TXN_00007308,USR_031077,17.72,AIRLINE,JP,0.599,1,0
TXN_00007309,USR_022749,92.0,GROCERY,AU,0.31,1,0
TXN_00007310,USR_013336,20.94,RETAIL,JP,0.881,1,1
TXN_00007311,USR_039953,31.58,ELECTRONICS,SG,0.379,1,0
TXN_00007312,USR_036712,8.85,GAMING,US,0.246,0,0
TXN_00007313,USR_044127,176.27,ELECTRONICS,BR,0.53,1,0
TXN_00007314,USR_043887,178.37,AIRLINE,JP,0.827,1,0
TXN_00007315,USR_009108,149.01,RESTAURANT,SG,0.558,1,0
TXN_00007316,USR_010683,10.06,RESTAURANT,AU,0.069,1,0
TXN_00007317,USR_049733,26.96,GROCERY,SG,0.786,1,0
TXN_00007318,USR_022377,98.39,GAMING,CA,0.292,1,0
TXN_00007319,USR_011384,340.63,RETAIL,SG,0.716,1,0
TXN_00007320,USR_046860,340.46,GAMING,FR,0.97,1,1
TXN_00007321,USR_031176,84.26,AIRLINE,IN,0.158,1,0
TXN_00007322,USR_041149,36.45,CRYPTO,IN,0.112,1,0
TXN_00007323,USR_007765,304.04,CRYPTO,FR,0.542,1,1
TXN_00007324,USR_009289,7.63,GROCERY,CA,0.18,1,0
TXN_00007325,USR_006747,185.28,RETAIL,GB,0.677,1,0
TXN_00007326,USR_046307,28.11,ELECTRONICS,FR,0.472,1,0
TXN_00007327,USR_035322,7.17,RETAIL,IN,0.09,1,0
TXN_00007328,USR_003912,118.87,RETAIL,FR,0.886,1,1
TXN_00007329,USR_041023,251.04,HOTEL,FR,0.317,1,0
TXN_00007330,USR_021526,46.05,RESTAURANT,SG,0.677,1,0
TXN_00007331,USR_023113,140.99,HOTEL,IN,0.307,1,0
TXN_00007332,USR_006831,71.47,ELECTRONICS,AU,0.821,1,1
TXN_00007333,USR_042472,16.95,GROCERY,SG,0.576,1,0
TXN_00007334,USR_045650,116.62,HOTEL,GB,0.244,1,0
TXN_00007335,USR_035651,208.2,HOTEL,IN,0.765,1,0
TXN_00007336,USR_023057,272.88,RETAIL,CA,0.963,1,1
TXN_00007337,USR_010944,273.23,GROCERY,AU,0.026,1,0
TXN_00007338,USR_019443,8.36,ELECTRONICS,BR,0.947,1,1
TXN_00007339,USR_001575,294.16,RETAIL,IN,0.586,1,0
TXN_00007340,USR_040424,46.38,GROCERY,FR,0.474,1,0
TXN_00007341,USR_009607,48.74,RETAIL,SG,0.254,1,0
TXN_00007342,USR_045861,72.97,GAMING,SG,0.536,1,0
TXN_00007343,USR_045878,71.81,GROCERY,FR,0.015,1,1
TXN_00007344,USR_031676,106.62,ELECTRONICS,AU,0.135,1,0
TXN_00007345,USR_023003,35.67,CRYPTO,AU,0.734,1,0
TXN_00007346,USR_045993,45.85,AIRLINE,IN,0.551,1,0
TXN_00007347,USR_030484,165.4,RESTAURANT,AU,0.555,1,0
TXN_00007348,USR_017514,356.55,RETAIL,DE,0.143,1,0
TXN_00007349,USR_001125,251.0,RESTAURANT,GB,0.527,1,0
TXN_00007350,USR_002266,455.83,RETAIL,BR,0.31,1,0
TXN_00007351,USR_038644,79.62,HOTEL,DE,0.62,1,1
TXN_00007352,USR_001551,25.0,ELECTRONICS,IN,0.174,1,0
TXN_00007353,USR_037933,79.99,RESTAURANT,GB,0.413,1,0
TXN_00007354,USR_031766,54.42,HOTEL,US,0.909,0,1
TXN_00007355,USR_016098,380.85,ELECTRONICS,GB,0.545,1,0
TXN_00007356,USR_040148,167.96,HOTEL,FR,0.656,1,0
TXN_00007357,USR_044541,29.81,GROCERY,FR,0.781,1,0
TXN_00007358,USR_009036,108.6,GAMING,BR,0.52,1,0
TXN_00007359,USR_041915,153.97,HOTEL,BR,0.888,1,1
TXN_00007360,USR_032172,30.13,HOTEL,DE,0.434,1,0
TXN_00007361,USR_010423,10.89,ELECTRONICS,CA,0.374,1,0
TXN_00007362,USR_029214,112.08,RETAIL,IN,0.98,1,1
TXN_00007363,USR_017972,83.69,GROCERY,SG,0.988,1,1
TXN_00007364,USR_005607,32.0,GROCERY,JP,0.591,1,0
TXN_00007365,USR_026683,23.25,ELECTRONICS,SG,0.032,1,0
TXN_00007366,USR_014849,45.91,AIRLINE,SG,0.309,1,0
TXN_00007367,USR_035889,172.68,ELECTRONICS,AU,0.93,1,1
TXN_00007368,USR_006867,96.06,AIRLINE,SG,0.252,1,0
TXN_00007369,USR_010673,113.64,AIRLINE,JP,0.321,1,1
TXN_00007370,USR_038021,38.2,GAMING,GB,0.599,1,0
TXN_00007371,USR_048203,48.87,HOTEL,AU,0.548,1,0
TXN_00007372,USR_019847,204.42,CRYPTO,SG,0.527,1,0
TXN_00007373,USR_022953,141.28,RESTAURANT,BR,0.176,1,0
TXN_00007374,USR_023336,133.37,RETAIL,SG,0.383,1,0
TXN_00007375,USR_036512,134.52,CRYPTO,AU,0.752,1,0
TXN_00007376,USR_037393,84.08,AIRLINE,IN,0.792,1,0
TXN_00007377,USR_001530,5.86,RESTAURANT,FR,0.123,1,1
TXN_00007378,USR_044495,76.64,AIRLINE,BR,0.242,1,0
TXN_00007379,USR_007870,114.41,CRYPTO,AU,0.988,1,1
TXN_00007380,USR_026447,39.29,ELECTRONICS,BR,0.129,1,0
TXN_00007381,USR_027070,129.76,GAMING,SG,0.912,1,1
TXN_00007382,USR_032674,151.26,ELECTRONICS,BR,0.201,1,0
TXN_00007383,USR_029151,221.52,GAMING,IN,0.674,1,0
TXN_00007384,USR_017824,41.82,GAMING,SG,0.523,1,1
TXN_00007385,USR_047669,18.27,GAMING,SG,0.793,1,0
TXN_00007386,USR_042513,6.58,HOTEL,US,0.236,0,0
TXN_00007387,USR_029138,63.33,CRYPTO,BR,0.072,1,0
TXN_00007388,USR_040989,68.68,AIRLINE,CA,0.01,1,0
TXN_00007389,USR_034753,11.61,GROCERY,BR,0.458,1,0
TXN_00007390,USR_012227,73.72,ELECTRONICS,CA,0.775,1,0
TXN_00007391,USR_016872,150.58,AIRLINE,DE,0.753,1,0
TXN_00007392,USR_019154,190.81,HOTEL,DE,0.622,1,0
TXN_00007393,USR_008626,299.73,RESTAURANT,GB,0.675,1,1
TXN_00007394,USR_016794,15.46,GROCERY,CA,0.517,1,0
TXN_00007395,USR_009499,24.48,AIRLINE,AU,0.697,1,0
TXN_00007396,USR_022204,131.46,GROCERY,JP,0.718,1,0
TXN_00007397,USR_005769,142.34,AIRLINE,SG,0.164,1,0
TXN_00007398,USR_025458,40.88,HOTEL,US,0.23,0,0
TXN_00007399,USR_033514,9.17,ELECTRONICS,FR,0.78,1,0
TXN_00007400,USR_020169,108.52,AIRLINE,JP,0.539,1,1
TXN_00007401,USR_047711,222.08,GROCERY,SG,0.113,1,0
TXN_00007402,USR_034969,60.67,HOTEL,GB,0.208,1,0
TXN_00007403,USR_037302,185.15,RESTAURANT,IN,0.847,1,0
TXN_00007404,USR_021644,24.91,ELECTRONICS,JP,0.539,1,0
TXN_00007405,USR_010990,61.63,AIRLINE,AU,0.456,1,0
TXN_00007406,USR_022751,108.37,AIRLINE,IN,0.87,1,1
TXN_00007407,USR_019561,122.83,GROCERY,IN,0.756,1,0
TXN_00007408,USR_011370,49.4,GAMING,CA,0.805,1,0
TXN_00007409,USR_042510,87.29,CRYPTO,BR,0.034,1,0
TXN_00007410,USR_036636,99.11,GROCERY,FR,0.138,1,0
TXN_00007411,USR_014336,878.93,HOTEL,FR,0.642,1,0
TXN_00007412,USR_036020,40.9,GAMING,IN,0.066,1,0
TXN_00007413,USR_048068,30.58,ELECTRONICS,DE,0.601,1,0
TXN_00007414,USR_037880,6.63,GROCERY,FR,0.267,1,1
TXN_00007415,USR_010511,30.65,HOTEL,AU,0.967,1,1
TXN_00007416,USR_005893,35.98,RESTAURANT,IN,0.491,1,0
TXN_00007417,USR_040466,50.56,HOTEL,DE,0.061,1,0
TXN_00007418,USR_045481,64.8,GROCERY,SG,0.104,1,0
TXN_00007419,USR_020240,9.28,HOTEL,AU,0.387,1,0
TXN_00007420,USR_047661,71.02,ELECTRONICS,BR,0.302,1,0
TXN_00007421,USR_046931,78.09,GAMING,JP,0.671,1,0
TXN_00007422,USR_008342,91.33,RETAIL,BR,0.757,1,0
TXN_00007423,USR_032945,120.97,HOTEL,FR,0.965,1,1
TXN_00007424,USR_034325,130.95,RESTAURANT,JP,0.049,1,0
TXN_00007425,USR_030335,164.62,RESTAURANT,GB,0.855,1,1
TXN_00007426,USR_019022,133.11,CRYPTO,US,0.633,0,0
TXN_00007427,USR_047397,39.8,ELECTRONICS,GB,0.561,1,0
TXN_00007428,USR_022208,53.86,GROCERY,SG,0.84,1,0
TXN_00007429,USR_044821,109.27,HOTEL,IN,0.681,1,0
TXN_00007430,USR_008619,631.46,RETAIL,AU,0.265,1,0
TXN_00007431,USR_038306,53.35,GROCERY,AU,0.071,1,0
TXN_00007432,USR_006249,62.15,ELECTRONICS,DE,0.568,1,0
TXN_00007433,USR_035551,137.35,GAMING,SG,0.22,1,0
TXN_00007434,USR_047201,35.33,ELECTRONICS,AU,0.645,1,0
TXN_00007435,USR_019602,54.33,GROCERY,CA,0.683,1,0
TXN_00007436,USR_046061,100.21,AIRLINE,CA,0.661,1,0
TXN_00007437,USR_043830,77.65,RETAIL,BR,0.556,1,0
TXN_00007438,USR_046413,232.32,GAMING,IN,0.597,1,0
TXN_00007439,USR_015126,101.16,CRYPTO,GB,0.831,1,0
TXN_00007440,USR_016590,118.82,AIRLINE,DE,0.033,1,0
TXN_00007441,USR_033796,73.63,AIRLINE,BR,0.256,1,0
TXN_00007442,USR_022291,151.96,ELECTRONICS,JP,0.063,1,0
TXN_00007443,USR_040660,125.26,RETAIL,BR,0.283,1,0
TXN_00007444,USR_015290,33.05,GROCERY,IN,0.742,1,0
TXN_00007445,USR_043389,190.23,HOTEL,GB,0.363,1,0
TXN_00007446,USR_008804,22.12,ELECTRONICS,GB,0.554,1,0
TXN_00007447,USR_008979,253.9,ELECTRONICS,GB,0.369,1,0
TXN_00007448,USR_029822,18.31,AIRLINE,FR,0.628,1,0
TXN_00007449,USR_014615,177.1,ELECTRONICS,BR,0.482,1,0
TXN_00007450,USR_006429,18.99,CRYPTO,SG,0.171,1,0
TXN_00007451,USR_035129,25.09,CRYPTO,GB,0.863,1,1
TXN_00007452,USR_007417,142.49,GROCERY,CA,0.342,1,0
TXN_00007453,USR_045873,82.69,CRYPTO,JP,0.633,1,0
TXN_00007454,USR_014879,105.12,RESTAURANT,CA,0.491,1,0
TXN_00007455,USR_024469,74.19,GROCERY,CA,0.127,1,0
TXN_00007456,USR_035416,123.43,RETAIL,JP,0.479,1,0
TXN_00007457,USR_004337,79.9,ELECTRONICS,GB,0.206,1,0
TXN_00007458,USR_018956,178.97,AIRLINE,US,0.349,0,0
TXN_00007459,USR_009376,208.99,HOTEL,AU,0.637,1,0
TXN_00007460,USR_012678,106.09,CRYPTO,DE,0.755,1,0
TXN_00007461,USR_005788,80.19,GROCERY,US,0.196,0,0
TXN_00007462,USR_002550,28.19,HOTEL,IN,0.567,1,0
TXN_00007463,USR_046669,101.85,RESTAURANT,BR,0.278,1,0
TXN_00007464,USR_018191,37.83,CRYPTO,FR,0.103,1,0
TXN_00007465,USR_010537,229.98,HOTEL,IN,0.977,1,1
TXN_00007466,USR_013466,59.13,ELECTRONICS,SG,0.785,1,0
TXN_00007467,USR_017578,51.25,CRYPTO,BR,0.724,1,0
TXN_00007468,USR_034922,339.88,GROCERY,JP,0.204,1,0
TXN_00007469,USR_014073,180.75,RETAIL,FR,0.816,1,0
TXN_00007470,USR_018054,82.24,AIRLINE,BR,0.367,1,0
TXN_00007471,USR_009445,33.81,HOTEL,FR,0.88,1,1
TXN_00007472,USR_020402,130.65,CRYPTO,JP,0.66,1,0
TXN_00007473,USR_008191,42.11,CRYPTO,FR,0.248,1,0
TXN_00007474,USR_007832,217.46,GAMING,GB,0.361,1,0
TXN_00007475,USR_029505,141.95,HOTEL,AU,0.322,1,0
TXN_00007476,USR_012009,42.82,RETAIL,DE,0.425,1,0
TXN_00007477,USR_012287,60.95,RETAIL,DE,0.293,1,0
TXN_00007478,USR_007162,206.19,HOTEL,FR,0.728,1,0
TXN_00007479,USR_003222,37.14,HOTEL,BR,0.51,1,0
TXN_00007480,USR_049268,139.05,GAMING,BR,0.616,1,0
TXN_00007481,USR_010002,382.03,HOTEL,IN,0.312,1,0
TXN_00007482,USR_046961,56.5,AIRLINE,JP,0.538,1,0
TXN_00007483,USR_004154,78.2,GROCERY,BR,0.776,1,0
TXN_00007484,USR_003861,75.38,RESTAURANT,SG,0.172,1,0
TXN_00007485,USR_009215,150.28,ELECTRONICS,IN,0.159,1,0
TXN_00007486,USR_044026,21.24,GROCERY,US,0.266,0,0
TXN_00007487,USR_044916,68.64,CRYPTO,DE,0.311,1,0
TXN_00007488,USR_041693,20.91,CRYPTO,IN,0.594,1,0
TXN_00007489,USR_023820,56.25,GROCERY,GB,0.655,1,0
TXN_00007490,USR_029882,354.65,AIRLINE,AU,0.22,1,0
TXN_00007491,USR_017656,159.59,GROCERY,SG,0.667,1,0
TXN_00007492,USR_028194,93.12,AIRLINE,IN,0.902,1,1
TXN_00007493,USR_030311,9.21,GROCERY,BR,0.933,1,1
TXN_00007494,USR_031848,89.7,RESTAURANT,SG,0.192,1,0
TXN_00007495,USR_020065,7.39,CRYPTO,IN,0.636,1,0
TXN_00007496,USR_019727,209.6,CRYPTO,GB,0.02,1,0
TXN_00007497,USR_020321,254.7,HOTEL,DE,0.389,1,0
TXN_00007498,USR_022927,82.39,ELECTRONICS,JP,0.184,1,0
TXN_00007499,USR_035181,58.35,AIRLINE,JP,0.504,1,0
TXN_00007500,USR_038362,63.38,RESTAURANT,AU,0.794,1,0
TXN_00007501,USR_006635,104.01,GAMING,GB,0.583,1,0
TXN_00007502,USR_020615,33.96,RETAIL,BR,0.193,1,0
TXN_00007503,USR_033680,342.72,CRYPTO,US,0.58,0,0
TXN_00007504,USR_021922,64.62,HOTEL,CA,0.768,1,0
TXN_00007505,USR_040795,35.6,RETAIL,BR,0.399,1,0
TXN_00007506,USR_002130,74.66,ELECTRONICS,CA,0.227,1,0
TXN_00007507,USR_038052,173.13,RESTAURANT,GB,0.418,1,0
TXN_00007508,USR_032909,13.99,RETAIL,IN,0.3,1,0
TXN_00007509,USR_039301,197.33,ELECTRONICS,FR,0.86,1,1
TXN_00007510,USR_004998,188.59,CRYPTO,CA,0.768,1,0
TXN_00007511,USR_040758,147.12,CRYPTO,SG,0.082,1,0
TXN_00007512,USR_007112,32.76,AIRLINE,AU,0.471,1,0
TXN_00007513,USR_020150,50.31,HOTEL,BR,0.946,1,1
TXN_00007514,USR_035473,19.01,RETAIL,AU,0.88,1,1
TXN_00007515,USR_039224,102.27,ELECTRONICS,BR,0.832,1,0
TXN_00007516,USR_025732,103.65,HOTEL,BR,0.696,1,0
TXN_00007517,USR_037724,63.35,GROCERY,AU,0.756,1,0
TXN_00007518,USR_041818,161.42,ELECTRONICS,CA,0.816,1,0
TXN_00007519,USR_019773,192.93,ELECTRONICS,DE,0.527,1,0
TXN_00007520,USR_046815,94.05,ELECTRONICS,JP,0.406,1,0
TXN_00007521,USR_015298,37.37,RESTAURANT,CA,0.211,1,0
TXN_00007522,USR_025578,79.13,HOTEL,IN,0.132,1,0
TXN_00007523,USR_049600,73.77,RESTAURANT,GB,0.455,1,0
TXN_00007524,USR_021679,13.37,ELECTRONICS,GB,0.201,1,0
TXN_00007525,USR_029319,55.27,RESTAURANT,IN,0.95,1,1
TXN_00007526,USR_047099,15.71,ELECTRONICS,JP,0.944,1,1
TXN_00007527,USR_043900,10.63,CRYPTO,JP,0.356,1,0
TXN_00007528,USR_034720,8.32,CRYPTO,AU,0.528,1,0
TXN_00007529,USR_009711,74.04,GAMING,FR,0.428,1,0
TXN_00007530,USR_049953,260.52,ELECTRONICS,US,0.294,0,0
TXN_00007531,USR_013693,258.18,ELECTRONICS,BR,0.253,1,0
TXN_00007532,USR_024286,95.52,HOTEL,CA,0.733,1,0
TXN_00007533,USR_007018,33.05,GROCERY,DE,0.222,1,0
TXN_00007534,USR_044665,31.22,HOTEL,JP,0.91,1,1
TXN_00007535,USR_039510,280.5,CRYPTO,CA,0.204,1,0
TXN_00007536,USR_002040,8.31,ELECTRONICS,GB,0.701,1,0
TXN_00007537,USR_043642,77.56,GROCERY,AU,0.275,1,0
TXN_00007538,USR_043204,324.77,HOTEL,GB,0.771,1,0
TXN_00007539,USR_004950,184.05,CRYPTO,IN,0.271,1,0
TXN_00007540,USR_026784,47.32,GAMING,JP,0.348,1,0
TXN_00007541,USR_007041,91.33,ELECTRONICS,AU,0.257,1,0
TXN_00007542,USR_008218,45.84,RESTAURANT,AU,0.322,1,0
TXN_00007543,USR_006084,140.73,RESTAURANT,SG,0.268,1,0
TXN_00007544,USR_049125,157.22,GROCERY,JP,0.687,1,0
TXN_00007545,USR_029701,68.67,RETAIL,CA,0.045,1,0
TXN_00007546,USR_019128,191.03,RETAIL,CA,0.402,1,0
TXN_00007547,USR_013760,45.91,RETAIL,US,0.943,0,1
TXN_00007548,USR_032780,108.84,RETAIL,BR,0.84,1,0
TXN_00007549,USR_031442,100.4,RESTAURANT,BR,0.494,1,0
TXN_00007550,USR_021506,45.36,GAMING,US,0.095,0,0
TXN_00007551,USR_012735,5.72,HOTEL,CA,0.093,1,0
TXN_00007552,USR_024677,80.18,GAMING,US,0.521,0,0
TXN_00007553,USR_006053,57.15,HOTEL,SG,0.466,1,0
TXN_00007554,USR_002931,31.23,RESTAURANT,AU,0.932,1,1
TXN_00007555,USR_042096,58.3,ELECTRONICS,SG,0.508,1,0
TXN_00007556,USR_013159,381.98,HOTEL,FR,0.76,1,0
TXN_00007557,USR_014634,42.12,RETAIL,SG,0.946,1,1
TXN_00007558,USR_043264,258.11,AIRLINE,DE,0.292,1,0
TXN_00007559,USR_025626,191.15,ELECTRONICS,GB,0.813,1,0
TXN_00007560,USR_010336,44.97,RESTAURANT,BR,0.151,1,0
TXN_00007561,USR_005268,87.14,GROCERY,FR,0.483,1,0
TXN_00007562,USR_028992,190.04,CRYPTO,CA,0.095,1,0
TXN_00007563,USR_017507,392.88,HOTEL,FR,0.23,1,0
TXN_00007564,USR_042399,39.83,RETAIL,JP,0.605,1,0
TXN_00007565,USR_047872,12.51,RESTAURANT,DE,0.137,1,0
TXN_00007566,USR_027457,88.41,CRYPTO,CA,0.267,1,0
TXN_00007567,USR_010938,67.01,CRYPTO,GB,0.89,1,1
TXN_00007568,USR_049139,92.15,HOTEL,US,0.679,0,0
TXN_00007569,USR_021522,28.5,CRYPTO,AU,0.844,1,0
TXN_00007570,USR_005309,100.66,GAMING,CA,0.195,1,0
TXN_00007571,USR_003061,90.17,HOTEL,SG,0.509,1,0
TXN_00007572,USR_032878,108.53,ELECTRONICS,BR,0.055,1,0
TXN_00007573,USR_018488,52.62,ELECTRONICS,CA,0.491,1,0
TXN_00007574,USR_035908,32.65,CRYPTO,DE,0.745,1,0
TXN_00007575,USR_001206,10.37,ELECTRONICS,IN,0.027,1,0
TXN_00007576,USR_031719,8.15,RESTAURANT,AU,0.067,1,0
TXN_00007577,USR_036500,102.25,HOTEL,JP,0.213,1,0
TXN_00007578,USR_048002,309.58,ELECTRONICS,SG,0.677,1,0
TXN_00007579,USR_019789,160.76,ELECTRONICS,FR,0.246,1,0
TXN_00007580,USR_024710,70.2,RESTAURANT,IN,0.014,1,0
TXN_00007581,USR_036856,408.24,GAMING,CA,0.022,1,0
TXN_00007582,USR_042585,88.91,HOTEL,GB,0.043,1,0
TXN_00007583,USR_007559,140.35,RESTAURANT,DE,0.414,1,0
TXN_00007584,USR_012086,15.78,GAMING,US,0.595,0,0
TXN_00007585,USR_037481,31.25,ELECTRONICS,IN,0.112,1,0
TXN_00007586,USR_035555,128.24,GROCERY,DE,0.908,1,1
TXN_00007587,USR_044093,168.59,RETAIL,CA,0.765,1,0
TXN_00007588,USR_005213,130.45,CRYPTO,AU,0.324,1,0
TXN_00007589,USR_047961,110.72,ELECTRONICS,US,0.959,0,1
TXN_00007590,USR_012302,127.03,GROCERY,GB,0.343,1,0
TXN_00007591,USR_020893,52.81,RETAIL,AU,0.201,1,0
TXN_00007592,USR_036140,69.13,GROCERY,CA,0.352,1,0
TXN_00007593,USR_003699,88.18,GROCERY,DE,0.753,1,0
TXN_00007594,USR_001250,215.48,RETAIL,AU,0.774,1,0
TXN_00007595,USR_011432,69.75,GAMING,FR,0.685,1,0
TXN_00007596,USR_008304,100.07,GAMING,DE,0.969,1,1
TXN_00007597,USR_028792,101.82,GAMING,IN,0.64,1,0
TXN_00007598,USR_019214,9.74,AIRLINE,AU,0.852,1,1
TXN_00007599,USR_040316,107.24,RETAIL,GB,0.729,1,0
TXN_00007600,USR_023799,51.21,RETAIL,US,0.342,0,0
TXN_00007601,USR_001605,33.34,RESTAURANT,JP,0.122,1,0
TXN_00007602,USR_036555,27.97,CRYPTO,CA,0.906,1,1
TXN_00007603,USR_030573,25.0,AIRLINE,BR,0.913,1,1
TXN_00007604,USR_036516,94.31,GROCERY,SG,0.682,1,0
TXN_00007605,USR_031709,38.21,RESTAURANT,DE,0.039,1,0
TXN_00007606,USR_046107,13.27,CRYPTO,BR,0.42,1,0
TXN_00007607,USR_009009,121.87,ELECTRONICS,SG,0.764,1,0
TXN_00007608,USR_032753,50.01,ELECTRONICS,IN,0.821,1,0
TXN_00007609,USR_004275,142.85,CRYPTO,JP,0.878,1,1
TXN_00007610,USR_022811,40.17,GAMING,BR,0.72,1,0
TXN_00007611,USR_012254,197.61,RESTAURANT,CA,0.927,1,1
TXN_00007612,USR_022736,285.69,RETAIL,GB,0.323,1,0
TXN_00007613,USR_048108,39.9,HOTEL,BR,0.505,1,0
TXN_00007614,USR_009847,58.77,CRYPTO,AU,0.192,1,0
TXN_00007615,USR_035069,77.64,HOTEL,GB,0.351,1,0
TXN_00007616,USR_040221,64.3,GROCERY,BR,0.616,1,0
TXN_00007617,USR_023132,195.19,ELECTRONICS,DE,0.035,1,0
TXN_00007618,USR_007304,232.71,ELECTRONICS,GB,0.505,1,0
TXN_00007619,USR_026151,95.3,CRYPTO,BR,0.728,1,0
TXN_00007620,USR_007611,24.62,RESTAURANT,GB,0.726,1,0
TXN_00007621,USR_016552,5.31,RESTAURANT,JP,0.221,1,0
TXN_00007622,USR_015003,89.52,CRYPTO,JP,0.597,1,0
TXN_00007623,USR_028984,45.15,GROCERY,CA,0.556,1,0
TXN_00007624,USR_005376,25.09,ELECTRONICS,IN,0.262,1,0
TXN_00007625,USR_048078,43.24,HOTEL,AU,0.451,1,0
TXN_00007626,USR_028867,351.85,AIRLINE,CA,0.558,1,0
TXN_00007627,USR_014474,140.88,ELECTRONICS,FR,0.984,1,1
TXN_00007628,USR_027585,131.73,GROCERY,AU,0.559,1,0
TXN_00007629,USR_046886,27.59,GROCERY,IN,0.786,1,0
TXN_00007630,USR_018554,21.17,ELECTRONICS,US,0.209,0,0
TXN_00007631,USR_043491,35.06,RETAIL,BR,0.718,1,0
TXN_00007632,USR_001419,154.22,GAMING,BR,0.048,1,0
TXN_00007633,USR_036966,179.09,HOTEL,AU,0.73,1,0
TXN_00007634,USR_023397,72.77,GAMING,DE,0.777,1,0
TXN_00007635,USR_003261,7.89,GROCERY,JP,0.067,1,0
TXN_00007636,USR_013777,22.64,RETAIL,CA,0.762,1,0
TXN_00007637,USR_049104,28.47,GAMING,US,0.265,0,0
TXN_00007638,USR_001004,8.97,RETAIL,AU,0.311,1,0
TXN_00007639,USR_035167,124.82,RETAIL,IN,0.208,1,0
TXN_00007640,USR_019380,16.58,CRYPTO,DE,0.145,1,0
TXN_00007641,USR_018607,20.74,AIRLINE,CA,0.426,1,0
TXN_00007642,USR_015274,85.9,RESTAURANT,SG,0.388,1,0
TXN_00007643,USR_033324,52.33,HOTEL,SG,0.491,1,0
TXN_00007644,USR_002482,18.12,GROCERY,FR,0.29,1,0
TXN_00007645,USR_033242,113.2,RETAIL,IN,0.214,1,0
TXN_00007646,USR_042883,47.14,RETAIL,IN,0.723,1,0
TXN_00007647,USR_049541,140.16,HOTEL,IN,0.957,1,1
TXN_00007648,USR_013921,7.36,RETAIL,AU,0.493,1,0
TXN_00007649,USR_030976,111.75,CRYPTO,SG,0.804,1,0
TXN_00007650,USR_001403,245.36,AIRLINE,SG,0.495,1,0
TXN_00007651,USR_036645,28.07,HOTEL,BR,0.469,1,0
TXN_00007652,USR_020508,50.35,GROCERY,GB,0.026,1,0
TXN_00007653,USR_022817,170.74,CRYPTO,JP,0.932,1,1
TXN_00007654,USR_048913,28.23,RESTAURANT,DE,0.343,1,0
TXN_00007655,USR_043455,13.09,HOTEL,SG,0.292,1,0
TXN_00007656,USR_016863,114.7,GROCERY,GB,0.662,1,0
TXN_00007657,USR_006662,10.52,AIRLINE,US,0.824,0,0
TXN_00007658,USR_044207,176.78,GAMING,AU,0.59,1,0
TXN_00007659,USR_026890,175.2,GAMING,CA,0.785,1,0
TXN_00007660,USR_021231,88.85,RESTAURANT,DE,0.472,1,0
TXN_00007661,USR_032063,147.33,RESTAURANT,GB,0.933,1,1
TXN_00007662,USR_013633,55.65,GROCERY,DE,0.381,1,0
TXN_00007663,USR_020023,54.69,GAMING,US,0.918,0,1
TXN_00007664,USR_023383,203.52,CRYPTO,US,0.889,0,1
TXN_00007665,USR_003238,132.32,RESTAURANT,FR,0.35,1,0
TXN_00007666,USR_017155,136.75,GAMING,AU,0.038,1,0
TXN_00007667,USR_042194,126.47,GROCERY,BR,0.48,1,0
TXN_00007668,USR_022868,18.51,GAMING,FR,0.293,1,0
TXN_00007669,USR_039509,228.78,CRYPTO,BR,0.827,1,0
TXN_00007670,USR_012864,60.17,RESTAURANT,FR,0.747,1,0
TXN_00007671,USR_033227,123.02,GAMING,JP,0.79,1,0
TXN_00007672,USR_004751,22.32,ELECTRONICS,SG,0.075,1,0
TXN_00007673,USR_046404,87.24,RETAIL,CA,0.494,1,0
TXN_00007674,USR_001515,160.11,GAMING,SG,0.888,1,1
TXN_00007675,USR_002815,148.1,ELECTRONICS,US,0.37,0,0
TXN_00007676,USR_006493,9.7,GAMING,AU,0.495,1,0
TXN_00007677,USR_007893,69.13,RETAIL,BR,0.553,1,1
TXN_00007678,USR_027050,10.11,ELECTRONICS,JP,0.165,1,0
TXN_00007679,USR_040550,358.82,GAMING,AU,0.445,1,0
TXN_00007680,USR_011173,163.11,RESTAURANT,FR,0.784,1,0
TXN_00007681,USR_022936,180.01,GROCERY,JP,0.226,1,0
TXN_00007682,USR_006040,110.18,RETAIL,BR,0.109,1,0
TXN_00007683,USR_043281,201.09,ELECTRONICS,CA,0.201,1,0
TXN_00007684,USR_035370,25.61,ELECTRONICS,DE,0.198,1,0
TXN_00007685,USR_020160,286.94,GROCERY,IN,0.536,1,0
TXN_00007686,USR_026339,104.97,GROCERY,IN,0.028,1,0
TXN_00007687,USR_018511,229.54,RETAIL,CA,0.312,1,1
TXN_00007688,USR_034568,101.22,HOTEL,SG,0.191,1,0
TXN_00007689,USR_035556,98.42,ELECTRONICS,JP,0.911,1,1
TXN_00007690,USR_037208,9.96,AIRLINE,AU,0.744,1,0
TXN_00007691,USR_010432,156.62,AIRLINE,JP,0.703,1,0
TXN_00007692,USR_017412,48.57,HOTEL,DE,0.061,1,0
TXN_00007693,USR_008393,107.39,AIRLINE,JP,0.311,1,0
TXN_00007694,USR_038633,163.44,AIRLINE,GB,0.401,1,0
TXN_00007695,USR_041805,351.04,ELECTRONICS,SG,0.123,1,0
TXN_00007696,USR_035198,21.22,ELECTRONICS,IN,0.081,1,0
TXN_00007697,USR_041271,31.45,RETAIL,FR,0.982,1,1
TXN_00007698,USR_026637,20.52,RETAIL,FR,0.399,1,0
TXN_00007699,USR_029527,65.08,GROCERY,SG,0.983,1,1
TXN_00007700,USR_002598,81.65,RETAIL,JP,0.331,1,0
TXN_00007701,USR_024135,111.84,RETAIL,FR,0.036,1,0
TXN_00007702,USR_021526,443.34,ELECTRONICS,IN,0.909,1,1
TXN_00007703,USR_049356,31.55,RESTAURANT,BR,0.158,1,0
TXN_00007704,USR_031607,361.38,GROCERY,GB,0.404,1,0
TXN_00007705,USR_028591,431.51,AIRLINE,JP,0.472,1,0
TXN_00007706,USR_016689,220.28,GAMING,IN,0.094,1,0
TXN_00007707,USR_016701,24.9,RESTAURANT,US,0.058,0,0
TXN_00007708,USR_003571,216.93,RESTAURANT,GB,0.773,1,0
TXN_00007709,USR_022809,298.75,HOTEL,DE,0.35,1,0
TXN_00007710,USR_048677,50.29,AIRLINE,CA,0.081,1,0
TXN_00007711,USR_030206,36.08,GROCERY,GB,0.145,1,0
TXN_00007712,USR_036295,138.63,GROCERY,JP,0.491,1,0
TXN_00007713,USR_027576,77.2,HOTEL,BR,0.792,1,0
TXN_00007714,USR_027824,19.44,RESTAURANT,AU,0.266,1,0
TXN_00007715,USR_022918,19.8,GAMING,DE,0.949,1,1
TXN_00007716,USR_034680,43.75,AIRLINE,DE,0.254,1,0
TXN_00007717,USR_012842,110.66,RETAIL,US,0.332,0,0
TXN_00007718,USR_020010,299.89,RETAIL,DE,0.565,1,0
TXN_00007719,USR_036294,32.77,GAMING,US,0.203,0,0
TXN_00007720,USR_025747,66.32,RESTAURANT,US,0.814,0,0
TXN_00007721,USR_002983,192.32,AIRLINE,FR,0.116,1,0
TXN_00007722,USR_033423,152.0,GAMING,JP,0.258,1,0
TXN_00007723,USR_045374,174.79,ELECTRONICS,SG,0.049,1,0
TXN_00007724,USR_037015,5.06,RETAIL,DE,0.157,1,0
TXN_00007725,USR_045001,140.61,AIRLINE,BR,0.28,1,0
TXN_00007726,USR_018640,39.59,HOTEL,CA,0.406,1,0
TXN_00007727,USR_049532,153.61,GROCERY,IN,0.944,1,1
TXN_00007728,USR_047165,9.91,ELECTRONICS,US,0.262,0,0
TXN_00007729,USR_026220,82.46,RESTAURANT,IN,0.528,1,0
TXN_00007730,USR_029394,140.39,RETAIL,FR,0.794,1,0
TXN_00007731,USR_031405,238.37,RESTAURANT,AU,0.115,1,0
TXN_00007732,USR_049859,101.28,ELECTRONICS,IN,0.635,1,0
TXN_00007733,USR_030247,182.17,GAMING,AU,0.027,1,0
TXN_00007734,USR_035536,156.32,ELECTRONICS,US,0.213,0,0
TXN_00007735,USR_033540,65.48,CRYPTO,GB,0.5,1,0
TXN_00007736,USR_049265,182.75,ELECTRONICS,AU,0.591,1,0
TXN_00007737,USR_040107,106.74,CRYPTO,JP,0.379,1,0
TXN_00007738,USR_011779,68.44,RETAIL,JP,0.168,1,0
TXN_00007739,USR_029371,154.21,AIRLINE,AU,0.173,1,0
TXN_00007740,USR_011321,11.83,ELECTRONICS,DE,0.233,1,0
TXN_00007741,USR_031920,92.3,CRYPTO,FR,0.225,1,0
TXN_00007742,USR_018264,146.69,GAMING,FR,0.805,1,0
TXN_00007743,USR_018364,37.61,GROCERY,SG,0.594,1,0
TXN_00007744,USR_048020,264.22,AIRLINE,CA,0.733,1,1
TXN_00007745,USR_025754,17.1,GAMING,DE,0.456,1,0
TXN_00007746,USR_005583,64.92,RETAIL,BR,0.155,1,0
TXN_00007747,USR_045952,50.86,ELECTRONICS,SG,0.428,1,0
TXN_00007748,USR_047334,7.43,AIRLINE,GB,0.032,1,0
TXN_00007749,USR_010154,383.9,ELECTRONICS,SG,0.218,1,0
TXN_00007750,USR_022379,124.77,GROCERY,BR,0.599,1,0
TXN_00007751,USR_033059,43.44,GROCERY,CA,0.275,1,0
TXN_00007752,USR_038518,110.57,ELECTRONICS,DE,0.093,1,0
TXN_00007753,USR_037804,8.93,HOTEL,CA,0.263,1,0
TXN_00007754,USR_046044,174.52,CRYPTO,JP,0.965,1,1
TXN_00007755,USR_009074,50.14,GAMING,AU,0.108,1,0
TXN_00007756,USR_012411,104.76,HOTEL,CA,0.539,1,0
TXN_00007757,USR_012894,33.92,CRYPTO,DE,0.797,1,0
TXN_00007758,USR_047835,87.0,RETAIL,SG,0.513,1,0
TXN_00007759,USR_005233,101.6,GROCERY,SG,0.372,1,0
TXN_00007760,USR_043121,105.96,GROCERY,BR,0.618,1,0
TXN_00007761,USR_039608,160.6,RESTAURANT,IN,0.925,1,1
TXN_00007762,USR_025985,228.44,GAMING,DE,0.134,1,0
TXN_00007763,USR_006546,14.74,ELECTRONICS,FR,0.064,1,0
TXN_00007764,USR_032694,87.94,ELECTRONICS,SG,0.095,1,0
TXN_00007765,USR_019883,17.85,CRYPTO,CA,0.711,1,0
TXN_00007766,USR_011766,27.52,ELECTRONICS,IN,0.057,1,0
TXN_00007767,USR_006231,148.36,HOTEL,JP,0.049,1,0
TXN_00007768,USR_020058,247.2,AIRLINE,SG,0.832,1,0
TXN_00007769,USR_040592,59.81,HOTEL,SG,0.164,1,0
TXN_00007770,USR_006887,29.84,RESTAURANT,US,0.483,0,0
TXN_00007771,USR_026517,22.11,CRYPTO,CA,0.032,1,0
TXN_00007772,USR_045035,77.35,HOTEL,DE,0.682,1,0
TXN_00007773,USR_048417,106.65,CRYPTO,SG,0.342,1,0
TXN_00007774,USR_047425,40.12,GROCERY,BR,0.717,1,0
TXN_00007775,USR_042605,61.68,GROCERY,FR,0.632,1,0
TXN_00007776,USR_034820,262.6,GROCERY,AU,0.412,1,0
TXN_00007777,USR_021947,80.43,RETAIL,AU,0.56,1,0
TXN_00007778,USR_025889,90.6,RETAIL,GB,0.765,1,0
TXN_00007779,USR_030106,55.47,HOTEL,SG,0.144,1,0
TXN_00007780,USR_033331,71.82,GROCERY,DE,0.495,1,0
TXN_00007781,USR_001517,137.24,ELECTRONICS,AU,0.39,1,0
TXN_00007782,USR_003133,304.54,RETAIL,FR,0.239,1,0
TXN_00007783,USR_040404,230.68,ELECTRONICS,BR,0.638,1,0
TXN_00007784,USR_014494,128.47,RESTAURANT,BR,0.961,1,1
TXN_00007785,USR_048257,108.26,GROCERY,US,0.585,0,0
TXN_00007786,USR_028761,64.71,CRYPTO,GB,0.053,1,0
TXN_00007787,USR_006401,49.34,ELECTRONICS,IN,0.15,1,0
TXN_00007788,USR_049162,87.03,ELECTRONICS,IN,0.319,1,0
TXN_00007789,USR_020506,7.32,GROCERY,AU,0.139,1,0
TXN_00007790,USR_012255,7.88,AIRLINE,JP,0.548,1,0
TXN_00007791,USR_017155,13.49,RESTAURANT,CA,0.622,1,0
TXN_00007792,USR_026193,56.92,HOTEL,BR,0.121,1,0
TXN_00007793,USR_034873,76.58,ELECTRONICS,BR,0.42,1,0
TXN_00007794,USR_041923,225.71,RETAIL,IN,0.034,1,0
TXN_00007795,USR_026839,68.9,RETAIL,IN,0.853,1,1
TXN_00007796,USR_049747,8.32,CRYPTO,JP,0.942,1,1
TXN_00007797,USR_044231,357.34,RESTAURANT,FR,0.063,1,0
TXN_00007798,USR_049240,27.29,CRYPTO,FR,0.039,1,0
TXN_00007799,USR_025541,343.86,ELECTRONICS,BR,0.492,1,0
TXN_00007800,USR_001618,62.96,GAMING,AU,0.571,1,0
TXN_00007801,USR_023847,34.5,CRYPTO,FR,0.903,1,1
TXN_00007802,USR_029171,43.51,GAMING,BR,0.482,1,0
TXN_00007803,USR_049459,33.34,GAMING,IN,0.925,1,1
TXN_00007804,USR_009681,28.26,ELECTRONICS,SG,0.661,1,0
TXN_00007805,USR_015978,66.58,CRYPTO,FR,0.672,1,0
TXN_00007806,USR_042595,24.68,GROCERY,SG,0.385,1,0
TXN_00007807,USR_020702,80.68,GAMING,GB,0.6,1,0
TXN_00007808,USR_048408,19.03,ELECTRONICS,DE,0.668,1,0
TXN_00007809,USR_017683,18.07,CRYPTO,JP,0.898,1,1
TXN_00007810,USR_048844,380.55,HOTEL,US,0.203,0,0
TXN_00007811,USR_025312,50.99,CRYPTO,SG,0.841,1,0
TXN_00007812,USR_032561,140.05,RETAIL,IN,0.671,1,0
TXN_00007813,USR_007005,68.77,CRYPTO,AU,0.656,1,0
TXN_00007814,USR_011765,20.25,HOTEL,AU,0.635,1,0
TXN_00007815,USR_014428,141.29,ELECTRONICS,GB,0.171,1,0
TXN_00007816,USR_013622,251.21,RETAIL,AU,0.183,1,0
TXN_00007817,USR_018322,76.03,GAMING,JP,0.845,1,0
TXN_00007818,USR_015298,44.2,RETAIL,IN,0.173,1,0
TXN_00007819,USR_001074,185.06,RETAIL,BR,0.932,1,1
TXN_00007820,USR_048552,229.08,HOTEL,GB,0.841,1,0
TXN_00007821,USR_015953,279.14,CRYPTO,JP,0.403,1,0
TXN_00007822,USR_049885,22.25,AIRLINE,DE,0.545,1,0
TXN_00007823,USR_005038,80.04,RETAIL,BR,0.074,1,0
TXN_00007824,USR_031739,9.64,AIRLINE,FR,0.739,1,0
TXN_00007825,USR_041749,6.46,HOTEL,JP,0.359,1,0
TXN_00007826,USR_012838,24.37,RESTAURANT,CA,0.296,1,0
TXN_00007827,USR_015906,265.55,ELECTRONICS,FR,0.554,1,0
TXN_00007828,USR_031617,46.29,RETAIL,IN,0.198,1,0
TXN_00007829,USR_001031,172.05,GROCERY,US,0.67,0,0
TXN_00007830,USR_020819,149.42,CRYPTO,US,0.515,0,0
TXN_00007831,USR_022937,162.17,GROCERY,FR,0.378,1,0
TXN_00007832,USR_024893,185.62,RETAIL,SG,0.734,1,0
TXN_00007833,USR_012300,149.53,AIRLINE,US,0.234,0,0
TXN_00007834,USR_043902,21.86,GAMING,DE,0.212,1,0
TXN_00007835,USR_038051,284.79,GAMING,BR,0.069,1,0
TXN_00007836,USR_046566,466.9,RETAIL,BR,0.817,1,0
TXN_00007837,USR_012370,38.23,AIRLINE,SG,0.73,1,0
TXN_00007838,USR_034947,40.99,ELECTRONICS,DE,0.946,1,1
TXN_00007839,USR_013583,204.79,ELECTRONICS,FR,0.652,1,0
TXN_00007840,USR_036125,39.92,CRYPTO,SG,0.846,1,0
TXN_00007841,USR_015614,21.92,GAMING,SG,0.269,1,0
TXN_00007842,USR_037254,106.24,AIRLINE,DE,0.017,1,0
TXN_00007843,USR_045871,106.46,HOTEL,GB,0.732,1,0
TXN_00007844,USR_045330,42.37,HOTEL,JP,0.457,1,0
TXN_00007845,USR_048920,100.89,AIRLINE,FR,0.122,1,0
TXN_00007846,USR_039870,566.82,RESTAURANT,AU,0.787,1,0
TXN_00007847,USR_023832,24.81,HOTEL,FR,0.544,1,0
TXN_00007848,USR_036654,47.26,RETAIL,IN,0.978,1,1
TXN_00007849,USR_031982,53.84,CRYPTO,GB,0.407,1,0
TXN_00007850,USR_034987,89.6,CRYPTO,SG,0.844,1,0
TXN_00007851,USR_017597,279.42,RETAIL,DE,0.178,1,0
TXN_00007852,USR_029805,24.05,GAMING,JP,0.061,1,0
TXN_00007853,USR_016318,176.09,GAMING,US,0.084,0,0
TXN_00007854,USR_002159,303.02,GROCERY,CA,0.473,1,0
TXN_00007855,USR_024319,162.23,RESTAURANT,DE,0.787,1,0
TXN_00007856,USR_008260,50.93,RESTAURANT,FR,0.025,1,0
TXN_00007857,USR_033667,43.79,ELECTRONICS,SG,0.53,1,0
TXN_00007858,USR_013818,27.58,RESTAURANT,US,0.876,0,1
TXN_00007859,USR_002250,57.64,GROCERY,AU,0.2,1,0
TXN_00007860,USR_033939,86.79,GROCERY,GB,0.793,1,0
TXN_00007861,USR_049676,107.46,HOTEL,CA,0.049,1,0
TXN_00007862,USR_013692,15.48,GAMING,US,0.377,0,0
TXN_00007863,USR_020809,151.27,GROCERY,JP,0.306,1,0
TXN_00007864,USR_015113,14.52,GAMING,BR,0.858,1,1
TXN_00007865,USR_025319,11.26,RESTAURANT,JP,0.793,1,0
TXN_00007866,USR_044427,83.85,AIRLINE,FR,0.351,1,0
TXN_00007867,USR_047215,389.53,ELECTRONICS,BR,0.881,1,1
TXN_00007868,USR_034945,133.25,HOTEL,BR,0.257,1,0
TXN_00007869,USR_011407,88.53,RESTAURANT,GB,0.102,1,0
TXN_00007870,USR_006275,84.68,RETAIL,GB,0.267,1,0
TXN_00007871,USR_046133,79.99,RETAIL,SG,0.09,1,0
TXN_00007872,USR_046876,29.38,RETAIL,IN,0.74,1,0
TXN_00007873,USR_013663,63.8,HOTEL,JP,0.621,1,0
TXN_00007874,USR_009209,38.22,CRYPTO,DE,0.981,1,1
TXN_00007875,USR_035403,11.34,RETAIL,DE,0.086,1,0
TXN_00007876,USR_012103,27.18,AIRLINE,IN,0.069,1,0
TXN_00007877,USR_039613,26.4,CRYPTO,BR,0.041,1,0
TXN_00007878,USR_039857,111.58,ELECTRONICS,SG,0.855,1,1
TXN_00007879,USR_028661,16.23,RESTAURANT,AU,0.831,1,0
TXN_00007880,USR_044824,6.25,GAMING,CA,0.176,1,0
TXN_00007881,USR_044676,25.68,ELECTRONICS,DE,0.41,1,0
TXN_00007882,USR_031031,176.7,RESTAURANT,DE,0.197,1,0
TXN_00007883,USR_035167,59.65,AIRLINE,IN,0.637,1,0
TXN_00007884,USR_013555,6.45,AIRLINE,DE,0.684,1,0
TXN_00007885,USR_043932,70.97,RESTAURANT,JP,0.857,1,1
TXN_00007886,USR_014266,59.85,HOTEL,BR,0.157,1,0
TXN_00007887,USR_012720,133.67,AIRLINE,BR,0.187,1,0
TXN_00007888,USR_010928,221.45,RESTAURANT,CA,0.963,1,1
TXN_00007889,USR_015473,335.48,CRYPTO,JP,0.746,1,0
TXN_00007890,USR_002011,113.24,RESTAURANT,JP,0.078,1,0
TXN_00007891,USR_005521,27.82,GROCERY,IN,0.858,1,1
TXN_00007892,USR_006843,109.77,AIRLINE,AU,0.198,1,0
TXN_00007893,USR_011647,41.86,RETAIL,GB,0.042,1,0
TXN_00007894,USR_020150,129.61,GROCERY,DE,0.064,1,0
TXN_00007895,USR_023741,29.02,GAMING,US,0.425,0,0
TXN_00007896,USR_029907,232.94,ELECTRONICS,IN,0.075,1,0
TXN_00007897,USR_014158,17.99,RETAIL,SG,0.889,1,1
TXN_00007898,USR_001982,5.31,HOTEL,IN,0.38,1,0
TXN_00007899,USR_004492,58.29,RESTAURANT,US,0.219,0,0
TXN_00007900,USR_041063,15.01,HOTEL,CA,0.939,1,1
TXN_00007901,USR_042627,7.48,GROCERY,AU,0.017,1,0
TXN_00007902,USR_038279,128.26,RETAIL,AU,0.425,1,0
TXN_00007903,USR_021994,265.62,RETAIL,BR,0.34,1,0
TXN_00007904,USR_023455,87.08,RETAIL,US,0.347,0,0
TXN_00007905,USR_006137,47.76,RESTAURANT,BR,0.619,1,0
TXN_00007906,USR_020480,30.21,GAMING,JP,0.451,1,0
TXN_00007907,USR_020226,53.47,HOTEL,FR,0.79,1,0
TXN_00007908,USR_018525,302.04,AIRLINE,SG,0.244,1,0
TXN_00007909,USR_002920,5.12,RETAIL,GB,0.867,1,1
TXN_00007910,USR_039586,87.45,GROCERY,BR,0.819,1,0
TXN_00007911,USR_046491,185.29,HOTEL,GB,0.535,1,0
TXN_00007912,USR_026817,134.58,GAMING,IN,0.815,1,0
TXN_00007913,USR_018192,321.2,RESTAURANT,IN,0.083,1,0
TXN_00007914,USR_022795,18.18,RETAIL,US,0.946,0,1
TXN_00007915,USR_039893,88.74,RESTAURANT,US,0.079,0,0
TXN_00007916,USR_044136,30.52,CRYPTO,GB,0.88,1,1
TXN_00007917,USR_043952,146.12,HOTEL,CA,0.108,1,0
TXN_00007918,USR_040046,54.09,RESTAURANT,CA,0.844,1,0
TXN_00007919,USR_028821,13.53,RESTAURANT,CA,0.441,1,0
TXN_00007920,USR_012686,8.92,ELECTRONICS,GB,0.107,1,0
TXN_00007921,USR_020355,8.25,HOTEL,CA,0.379,1,0
TXN_00007922,USR_031272,7.47,RESTAURANT,JP,0.65,1,0
TXN_00007923,USR_012722,24.94,AIRLINE,AU,0.1,1,0
TXN_00007924,USR_014178,377.31,RETAIL,US,0.45,0,0
TXN_00007925,USR_006301,37.56,RETAIL,DE,0.54,1,0
TXN_00007926,USR_027873,153.08,GAMING,FR,0.24,1,0
TXN_00007927,USR_023062,76.06,GROCERY,BR,0.131,1,0
TXN_00007928,USR_013456,259.65,RETAIL,GB,0.146,1,0
TXN_00007929,USR_027543,173.72,ELECTRONICS,JP,0.287,1,0
TXN_00007930,USR_006967,62.44,HOTEL,BR,0.294,1,0
TXN_00007931,USR_005708,47.75,GAMING,SG,0.885,1,1
TXN_00007932,USR_016706,12.77,RESTAURANT,AU,0.193,1,0
TXN_00007933,USR_009100,65.75,AIRLINE,US,0.118,0,0
TXN_00007934,USR_031983,94.93,GAMING,GB,0.595,1,0
TXN_00007935,USR_024647,63.25,AIRLINE,BR,0.048,1,0
TXN_00007936,USR_018562,102.25,RESTAURANT,BR,0.146,1,0
TXN_00007937,USR_004932,90.75,GAMING,JP,0.721,1,0
TXN_00007938,USR_023657,20.09,CRYPTO,GB,0.313,1,0
TXN_00007939,USR_045384,48.57,RESTAURANT,DE,0.587,1,0
TXN_00007940,USR_013858,157.45,ELECTRONICS,GB,0.439,1,0
TXN_00007941,USR_003226,127.92,RETAIL,GB,0.953,1,1
TXN_00007942,USR_014718,178.71,GAMING,JP,0.856,1,1
TXN_00007943,USR_043976,57.62,HOTEL,JP,0.454,1,0
TXN_00007944,USR_012704,252.08,RETAIL,US,0.702,0,0
TXN_00007945,USR_038789,172.7,ELECTRONICS,US,0.32,0,0
TXN_00007946,USR_021287,27.68,RETAIL,GB,0.531,1,0
TXN_00007947,USR_008790,7.26,CRYPTO,IN,0.464,1,0
TXN_00007948,USR_041541,42.39,GAMING,JP,0.078,1,0
TXN_00007949,USR_024428,35.51,RESTAURANT,CA,0.925,1,1
TXN_00007950,USR_020387,45.51,HOTEL,AU,0.282,1,0
TXN_00007951,USR_026100,27.3,GROCERY,US,0.944,0,1
TXN_00007952,USR_042468,82.64,HOTEL,SG,0.757,1,0
TXN_00007953,USR_019387,13.95,GROCERY,US,0.692,0,0
TXN_00007954,USR_038530,69.05,CRYPTO,AU,0.69,1,0
TXN_00007955,USR_006708,43.51,ELECTRONICS,CA,0.524,1,0
TXN_00007956,USR_012085,8.01,GROCERY,IN,0.636,1,0
TXN_00007957,USR_043484,27.51,RESTAURANT,AU,0.083,1,0
TXN_00007958,USR_030233,73.57,GROCERY,FR,0.514,1,0
TXN_00007959,USR_010568,214.61,RETAIL,BR,0.405,1,0
TXN_00007960,USR_022127,153.68,ELECTRONICS,DE,0.584,1,0
TXN_00007961,USR_027890,314.74,HOTEL,FR,0.862,1,1
TXN_00007962,USR_044727,55.07,HOTEL,FR,0.012,1,0
TXN_00007963,USR_030847,81.39,GAMING,AU,0.065,1,0
TXN_00007964,USR_041613,51.1,ELECTRONICS,FR,0.616,1,0
TXN_00007965,USR_026118,39.62,AIRLINE,GB,0.383,1,0
TXN_00007966,USR_024748,161.67,ELECTRONICS,IN,0.843,1,0
TXN_00007967,USR_011206,258.57,GAMING,US,0.043,0,0
TXN_00007968,USR_012764,23.49,GAMING,DE,0.334,1,0
TXN_00007969,USR_035407,66.83,HOTEL,GB,0.538,1,0
TXN_00007970,USR_008622,27.03,GAMING,FR,0.921,1,1
TXN_00007971,USR_036143,89.33,HOTEL,AU,0.344,1,0
TXN_00007972,USR_025471,200.95,GROCERY,CA,0.075,1,0
TXN_00007973,USR_016963,31.76,GAMING,AU,0.695,1,0
TXN_00007974,USR_013691,36.84,CRYPTO,IN,0.852,1,1
TXN_00007975,USR_047347,94.55,ELECTRONICS,BR,0.915,1,1
TXN_00007976,USR_007493,56.82,CRYPTO,JP,0.391,1,0
TXN_00007977,USR_014600,70.6,RETAIL,JP,0.341,1,0
TXN_00007978,USR_012703,59.31,ELECTRONICS,AU,0.258,1,0
TXN_00007979,USR_002682,195.05,GROCERY,SG,0.872,1,1
TXN_00007980,USR_020525,147.55,CRYPTO,DE,0.566,1,0
TXN_00007981,USR_024921,151.28,GROCERY,US,0.095,0,0
TXN_00007982,USR_042194,71.1,RESTAURANT,DE,0.713,1,0
TXN_00007983,USR_049224,20.33,RETAIL,SG,0.075,1,0
TXN_00007984,USR_017824,56.5,ELECTRONICS,BR,0.84,1,0
TXN_00007985,USR_025602,117.76,HOTEL,IN,0.128,1,0
TXN_00007986,USR_016524,18.57,RETAIL,FR,0.082,1,0
TXN_00007987,USR_023213,136.05,ELECTRONICS,DE,0.132,1,0
TXN_00007988,USR_040127,24.16,AIRLINE,US,0.847,0,0
TXN_00007989,USR_008685,89.15,GAMING,AU,0.656,1,0
TXN_00007990,USR_040922,138.42,CRYPTO,US,0.061,0,0
TXN_00007991,USR_014589,237.31,GAMING,IN,0.811,1,0
TXN_00007992,USR_039448,121.86,RETAIL,DE,0.751,1,0
TXN_00007993,USR_011503,8.29,HOTEL,JP,0.068,1,0
TXN_00007994,USR_031003,168.61,GROCERY,FR,0.092,1,0
TXN_00007995,USR_045192,142.21,RESTAURANT,JP,0.024,1,0
TXN_00007996,USR_047833,81.08,GROCERY,GB,0.303,1,0
TXN_00007997,USR_010514,91.12,CRYPTO,IN,0.664,1,0
TXN_00007998,USR_042033,27.76,GROCERY,DE,0.526,1,0
TXN_00007999,USR_005853,12.46,GAMING,US,0.112,0,0
TXN_00008000,USR_022872,14.42,RESTAURANT,JP,0.59,1,0
